"Column1","Column2","Column3","Column4","Column5"
"401102","PARAFUSO M4 X 8 CH. PH MET - ZI","701027","PARAFUSO M4 X 8 CH. PH MET - BRUTO","1"
"701027","PARAFUSO M4 X 8 CH. PH MET - BRUTO","202015","AR. BTC RECOZIDO RETREFILADO C/ ALUMINIO","0,000947"
"701044","CHAPA DE FIXAÇÃO CILINDRO DUPLO FECH PV - BRUTO","201073","CZN 1,95 x 1200 N7008 ZC Z100 CT","0,037"
"701076","NARIZ CILINDRO PV200 - BRUTO","211018","ZAMAC","0,01"
"701077","TRATOR MAÇANETA PV - BRUTO","211018","ZAMAC","0,018388"
"701078","VERGALHÃO QUADRADO 8MM PV - BRUTO","211018","ZAMAC","0,019568000000000002"
"701079","LINGUETA ZAMAC - BRUTO","211018","ZAMAC","0,065"
"701080","LUVA DO ARIETE 10MM - BRUTO","202007","BARRA Ø 7/16"" X 3M","0,001596"
"701081","DISPOSITIVO DE MEMORIA FECHO PV - BRUTO","211018","ZAMAC","0,000828"
"701082","TRAVA MAIOR FECHO PV - BRUTO","211018","ZAMAC","0,012964999999999999"
"701083","TRAVA MENOR FECHO PV - BRUTO","211018","ZAMAC","0,0039"
"701084","CAIXA DO FECHO - BRUTO","211018","ZAMAC","0,059"
"701085","ROTOR DO FECHO - BRUTO","211018","ZAMAC","0,027"
"701086","TAMPA DO FECHO DE METAL - BRUTO","201012","CHAPA AÇO SAE1006 - 1,2 X 1200 X 2000MM","0,009439999999999999"
"701090","NARIZ CILINDRO PVR - BRUTO","211018","ZAMAC","0,01"
"701092","FUNDO ZAMAC LINGUETA PVRF2E - BRUTO","211018","ZAMAC","0,254"
"701183","TESTEIRA DO FECHO - BRUTO","201044","CHAPA AÇO SAE1006 - 2,0 X 1200 X 2000MM","0,06"
"701200","PINO DA CAIXINHA DO FECHO - BRUTO","202039","AÇO RED TREF DIN 11SMnPb30 4.00 NBR 8647","0,001535"
"701226","CHAPA C/ PUXADOR PV200F1I - BRUTO","201027","CHAPA INOX 304L 2000 X 1250 X 1,50MM POLIDO 2F PVC AZ","0,09"
"701227","CHAPA C/ PUXADOR PV200R2I - CROMADA","201027","CHAPA INOX 304L 2000 X 1250 X 1,50MM POLIDO 2F PVC AZ","0,08"
"701228","CHAPA C/ PUXADOR PV200R1I - CROMADA","201027","CHAPA INOX 304L 2000 X 1250 X 1,50MM POLIDO 2F PVC AZ","0,144"
"701229","CHAPA BATENTE PV200RF1I","201028","CHAPA INOX 304L 2000 X 1250 X 1,20MM POLIDO 2F PVC AZ","0,076"
"701230","TERMINAL DE LATÃO DO SOQUETE - BRUTO","201042","CHAPA LATÃO MD 0,4MM x 600MM x 1200MM","0,0001655"
"701263","FRENTE GR. AL FECHO - BRUTO","201056","PERFIL AL SOL 7 STLF-0232","0,029"
"704002","FUNDO FECHO PV R/F 2E - BRUTO","211018","ZAMAC","0,255"
"707003","TAMBOR DO CILINDRO P/ FECHADURA PV - BRUTO","211018","ZAMAC","0,019"
"707019","BUCHA REDONDA FECHADURA PV - BRUTO","211018","ZAMAC","0,00641"
"707020","CANHÃO DO CILINDRO FECHADURA PV - BRUTO","211018","ZAMAC","0,01474"
"707022","MAÇANETA BOLA - BRUTO","203004","LINGOTE DE ALUMINIO LIGA 306","0,077"
"707023","MAÇANETA ALAVANCA - BRUTO","203004","LINGOTE DE ALUMINIO LIGA 306","0,091"
"707029","FUNDO ALUMINIO LINGUETA PV200RF2I - BRUTO","203004","LINGOTE DE ALUMINIO LIGA 306","0,117"
"707030","FUNDO ALUMINIO FECHO PV200RF2I - BRUTO","203004","LINGOTE DE ALUMINIO LIGA 306","0,077"
"707031","FUNDO ALUMINIO LINGUETA PV200RF1I/E - BRUTO","203004","LINGOTE DE ALUMINIO LIGA 306","0,118"
"708017","CORPO DO ARIETE 4,76 X 29MM - BRUTO","202019","12L14 RED 4,76 TREF","0,003"
"708018","CORPO DO ARIETE 4,76 X 29MM C/ DIAM 1,6MM - ZINCADO","708017","CORPO DO ARIETE 4,76 X 29MM - BRUTO","1"
"708019","EIXO DO ROTOR - BRUTO","202039","AÇO RED TREF DIN 11SMnPb30 4.00 NBR 8647","0,005364"
"708021","LUVA DO ARIETE 10MM - ZINCADO","701080","LUVA DO ARIETE 10MM - BRUTO","1"
"710001","ACABAMENTO MAÇANETA BOLA - BRUTO","301005","NYLON PA 6 VIRGEM 30%FV COR NATURAL PF-1006 CQ -NAT","0,00396"
"801132","ARGOLA DA CHAVE","202050","ARAME ACO DIN 17223 CL.B 1.00MM","0,000687"
"801208","EIXO DO ROTOR - ZINCADO","708019","EIXO DO ROTOR - ZINCADO","1"
"801240","PINO DA CAIXINHA DO FECHO - ZINCADO","701200","PINO DA CAIXINHA DO FECHO - BRUTO","1"
"804406","ESPACADOR PARA FECHADURA 2 CILINDROS","301040","PECA ACRILICO CAST 210 X 297 X 2 MM LISA FM390","0,0028318903318903317"
"805076","ALUMINIO FECHADURA PV 200","201040","PERFIL AL SOL 5 STLF-0234","0,047"
"805085","CHAPA DE FIXAÇÃO CILINDRO DUPLO FECH PV - ZINCADA","701044","CHAPA DE FIXAÇÃO CILINDRO DUPLO FECH PV - BRUTO","1"
"805087","NARIZ CILINDRO PV200","211018","ZAMAC","0,01"
"805088","NARIZ CILINDRO PVR","701090","NARIZ CILINDRO PVR - BRUTO","1"
"805089","BASE FIXAÇÃO MAÇANETA","201073","CZN 1,95 x 1200 N7008 ZC Z100 CT","0,034459000000000004"
"806001","CHAPA PUXADOR PV200R2I P/ 1 OU 2 CILINDROS (MAIOR)","201027","CHAPA INOX 304L 2000 X 1250 X 1,50MM POLIDO 2F PVC AZ","0,134"
"806002","FUNDO ZAMAC LINGUETA PVRF2E - BRANCO","510019","TINTA BRANCO POLIESTER TEXTURIZADO B-3910","0,006"
"806002","FUNDO ZAMAC LINGUETA PVRF2E - BRANCO","701092","FUNDO ZAMAC LINGUETA PVRF2E - BRUTO","1"
"806004","CHAPA FECHO PVR2I - CROMADA","201027","CHAPA INOX 304L 2000 X 1250 X 1,50MM POLIDO 2F PVC AZ","0,07"
"806005","CHAPA PUXADOR PV200F2E P/ 1 OU 2 CILINDROS (MAIOR)","201027","CHAPA INOX 304L 2000 X 1250 X 1,50MM POLIDO 2F PVC AZ","0,156"
"806006","FUNDO ALUMINIO LINGUETA PV200RF1I/E - PRETO","510028","TINTA PRETO POLIESTER TEXTURIZADO P-3901","0,003"
"806006","FUNDO ALUMINIO LINGUETA PV200RF1I/E - PRETO","707031","FUNDO ALUMINIO LINGUETA PV200RF1I/E - BRUTO","1"
"806006","FUNDO ALUMINIO LINGUETA PV200RF1I/E - PRETO","510028","TINTA PRETO POLIESTER TEXTURIZADO P-3901","0,001"
"806007","CHAPA S/ PUXADOR PVF2I - CROMADO","201027","CHAPA INOX 304L 2000 X 1250 X 1,50MM POLIDO 2F PVC AZ","0,152"
"806008","CHAPA PUXADOR PV200R2E P/ 1 OU 2 CILINDROS (MAIOR)","201027","CHAPA INOX 304L 2000 X 1250 X 1,50MM POLIDO 2F PVC AZ","0,158"
"806009","CHAPA PUXADOR PV200F1I/E P/ 1 OU 2 CILINDROS (MAIOR) - PRETO","806035","CHAPA PUXADOR PV200F1I/E P/ 1 OU 2 CILINDROS (MAIOR)","0,142"
"806009","CHAPA PUXADOR PV200F1I/E P/ 1 OU 2 CILINDROS (MAIOR) - PRETO","510028","TINTA PRETO POLIESTER TEXTURIZADO P-3901","0,001"
"806010","CHAPA FECHO PV200F2I - PRETA","806086","CHAPA FECHO PV200F2I - CROMADA","1"
"806010","CHAPA FECHO PV200F2I - PRETA","510028","TINTA PRETO POLIESTER TEXTURIZADO P-3901","0,001"
"806011","FUNDO ZAMAC LINGUETA PVRF2E - CINZA","510022","TINTA CINZA GRAFITE POLIESTER TEXTURIZADO C-3920","0,006"
"806011","FUNDO ZAMAC LINGUETA PVRF2E - CINZA","701092","FUNDO ZAMAC LINGUETA PVRF2E - BRUTO","1"
"806012","CHAPA FECHO PVF2I BRANCA","806086","CHAPA FECHO PV200F2I - CROMADA","1"
"806012","CHAPA FECHO PVF2I BRANCA","510019","TINTA BRANCO POLIESTER TEXTURIZADO B-3910","0,002"
"806013","CHAPA BATENTE PV200RF1E - PRETO","806036","CHAPA BATENTE PV200RF1E - CROMADO","1"
"806013","CHAPA BATENTE PV200RF1E - PRETO","510028","TINTA PRETO POLIESTER TEXTURIZADO P-3901","0,001"
"806015","CHAPA BATENTE PV200RF1I - BRANCO","806031","CHAPA BATENTE PV200RF1I - CROMADO","1"
"806015","CHAPA BATENTE PV200RF1I - BRANCO","510019","TINTA BRANCO POLIESTER TEXTURIZADO B-3910","0,001"
"806016","CHAPA FECHO PVR2E - CROMADA","201027","CHAPA INOX 304L 2000 X 1250 X 1,50MM POLIDO 2F PVC AZ","0,077"
"806017","CHAPA FECHO PVR2E - PRETA","806016","CHAPA FECHO PVR2E - CROMADA","1"
"806017","CHAPA FECHO PVR2E - PRETA","510028","TINTA PRETO POLIESTER TEXTURIZADO P-3901","0,001"
"806018","CHAPA FECHO PVR2E BRANCA","806016","CHAPA FECHO PVR2E - CROMADA","1"
"806018","CHAPA FECHO PVR2E BRANCA","510019","TINTA BRANCO POLIESTER TEXTURIZADO B-3910","0,001"
"806019","CHAPA S/ PUXADOR PV200R2I - CROMADO","201027","CHAPA INOX 304L 2000 X 1250 X 1,50MM POLIDO 2F PVC AZ","0,144"
"806021","CHAPA C/ PUXADOR PV200F1I - BRANCO","806028","CHAPA S/ PUXADOR PV200F1I - CROMADO","1"
"806021","CHAPA C/ PUXADOR PV200F1I - BRANCO","510019","TINTA BRANCO POLIESTER TEXTURIZADO B-3910","0,001"
"806022","CHAPA FECHO PVF2E - CROMADA","201028","CHAPA INOX 304L 2000 X 1250 X 1,20MM POLIDO 2F PVC AZ","0,07"
"806023","CHAPA FECHO PVF2E - PRETA","806022","CHAPA FECHO PVF2E - CROMADA","1"
"806023","CHAPA FECHO PVF2E - PRETA","510028","TINTA PRETO POLIESTER TEXTURIZADO P-3901","0,001"
"806024","CHAPA FECHO PVF2E BRANCA","806022","CHAPA FECHO PVF2E - CROMADA","1"
"806024","CHAPA FECHO PVF2E BRANCA","510019","TINTA BRANCO POLIESTER TEXTURIZADO B-3910","0,001"
"806025","CHAPA PUXADOR PV200RF1I P/ 1 OU 2 CILINDROS (MENOR)","201027","CHAPA INOX 304L 2000 X 1250 X 1,50MM POLIDO 2F PVC AZ","0,093"
"806028","CHAPA S/ PUXADOR PVF1I - CROMADO","201027","CHAPA INOX 304L 2000 X 1250 X 1,50MM POLIDO 2F PVC AZ","0,09"
"806031","CHAPA BATENTE PV200RF1I - CROMADO","201028","CHAPA INOX 304L 2000 X 1250 X 1,20MM POLIDO 2F PVC AZ","0,074"
"806032","FUNDO FECHO PV R/F 2E - PRETO","510028","TINTA PRETO POLIESTER TEXTURIZADO P-3901","0,005"
"806032","FUNDO FECHO PV R/F 2E - PRETO","704002","FUNDO FECHO PV R/F 2E - BRUTO","1"
"806033","FUNDO ZAMAC LINGUETA PVRF2E - PRETO","510028","TINTA PRETO POLIESTER TEXTURIZADO P-3901","0,006"
"806033","FUNDO ZAMAC LINGUETA PVRF2E - PRETO","806081","FUNDO ZAMAC LINGUETA PVRF2E - CROMADA","1"
"806034","MAÇANETA ALAVANCA - PRETA","510028","TINTA PRETO POLIESTER TEXTURIZADO P-3901","0,001"
"806034","MAÇANETA ALAVANCA - PRETA","707023","MAÇANETA ALAVANCA - BRUTO","1"
"806035","CHAPA PUXADOR PV200F1I/E P/ 1 OU 2 CILINDROS (MAIOR)","201027","CHAPA INOX 304L 2000 X 1250 X 1,50MM POLIDO 2F PVC AZ","0,142"
"806036","CHAPA BATENTE PV200RF1E - CROMADO","201028","CHAPA INOX 304L 2000 X 1250 X 1,20MM POLIDO 2F PVC AZ","0,058"
"806037","CHAPA BATENTE EXTERNO PV200RF1E - BRANCO","806036","CHAPA BATENTE PV200RF1E - CROMADO","1"
"806037","CHAPA BATENTE EXTERNO PV200RF1E - BRANCO","510019","TINTA BRANCO POLIESTER TEXTURIZADO B-3910","0,001"
"806038","ALUMINIO FECHADURA PV200 C/2 CIL","201040","PERFIL AL SOL 5 STLF-0234","0,046"
"806039","FRENTE ALUMINIO LING. C/2 CIL. BRANCA","806038","ALUMINIO FECHADURA PV200 C/2 CIL","0,048"
"806039","FRENTE ALUMINIO LING. C/2 CIL. BRANCA","510019","TINTA BRANCO POLIESTER TEXTURIZADO B-3910","0,001"
"806040","FRENTE ALUMINIO LING. C/2 CIL. PV - PRETA","806038","ALUMINIO FECHADURA PV200 C/2 CIL","0,048"
"806040","FRENTE ALUMINIO LING. C/2 CIL. PV - PRETA","510028","TINTA PRETO POLIESTER TEXTURIZADO P-3901","0,001"
"806041","FRENTE AL PQ. FECHO","201056","PERFIL AL SOL 7 STLF-0232","0,029"
"806042","ALUMINIO FECHADURA PVRF2E","201056","PERFIL AL SOL 7 STLF-0232","0,047"
"806043","FRENTE AL LINGUETA PV - PRETA","806042","ALUMINIO FECHADURA PVRF2E","1"
"806043","FRENTE AL LINGUETA PV - PRETA","510028","TINTA PRETO POLIESTER TEXTURIZADO P-3901","0,001"
"806044","FRENTE AL LINGUETA BRANCA","806042","ALUMINIO FECHADURA PVRF2E","1"
"806044","FRENTE AL LINGUETA BRANCA","510019","TINTA BRANCO POLIESTER TEXTURIZADO B-3910","0,001"
"806045","ALUMINIO DO BATENTE PVRF2E","201056","PERFIL AL SOL 7 STLF-0232","0,03"
"806046","FRENTE GR. AL FECHO - PRETA","701263","FRENTE GR. AL FECHO - BRUTO","0,029"
"806046","FRENTE GR. AL FECHO - PRETA","510028","TINTA PRETO POLIESTER TEXTURIZADO P-3901","0,001"
"806047","FRENTE GR. AL FECHO BRANCA","701263","FRENTE GR. AL FECHO - BRUTO","0,029"
"806047","FRENTE GR. AL FECHO BRANCA","510019","TINTA BRANCO POLIESTER TEXTURIZADO B-3910","0,002"
"806048","FRENTE AL PQ. FECHO BRANCA","701263","FRENTE GR. AL FECHO - BRUTO","0,029"
"806048","FRENTE AL PQ. FECHO BRANCA","510019","TINTA BRANCO POLIESTER TEXTURIZADO B-3910","0,001"
"806049","CHAPA BATENTE PV200RF1I - PRETO","806031","CHAPA BATENTE PV200RF1I - CROMADO","1"
"806049","CHAPA BATENTE PV200RF1I - PRETO","510028","TINTA PRETO POLIESTER TEXTURIZADO P-3901","0,001"
"806050","FUNDO ALUMINIO LINGUETA PV200RF2I BRANCA","510019","TINTA BRANCO POLIESTER TEXTURIZADO B-3910","0,001"
"806050","FUNDO ALUMINIO LINGUETA PV200RF2I BRANCA","707029","FUNDO ALUMINIO LINGUETA PV200RF2I - BRUTO","1"
"806051","FUNDO ALUMINIO LINGUETA PV200RF2I - PRETA","510028","TINTA PRETO POLIESTER TEXTURIZADO P-3901","0,002"
"806051","FUNDO ALUMINIO LINGUETA PV200RF2I - PRETA","707029","FUNDO ALUMINIO LINGUETA PV200RF2I - BRUTO","1"
"806052","CHAPA PUXADOR PV200F2I P/ 1 OU 2 CILINDROS (MAIOR)","201027","CHAPA INOX 304L 2000 X 1250 X 1,50MM POLIDO 2F PVC AZ","0,128"
"806053","FUNDO ALUMINIO FECHO PV200RF2I - PRETA","510028","TINTA PRETO POLIESTER TEXTURIZADO P-3901","0,002"
"806053","FUNDO ALUMINIO FECHO PV200RF2I - PRETA","707030","FUNDO ALUMINIO FECHO PV200RF2I - BRUTO","1"
"806054","CHAPA PUXADOR PV200RF2I P/ 1 OU 2 CILINDROS (MENOR)","201027","CHAPA INOX 304L 2000 X 1250 X 1,50MM POLIDO 2F PVC AZ","0,112"
"806055","CHAPA PUXADOR PV200R1I/E P/ 1 OU 2 CILINDROS (MAIOR)","201027","CHAPA INOX 304L 2000 X 1250 X 1,50MM POLIDO 2F PVC AZ","0,144"
"806058","CHAPA PUXADOR PV200RF2I P/ 1 OU 2 CILINDROS (MENOR) - PRETO","806052","CHAPA PUXADOR PV200F2I P/ 1 OU 2 CILINDROS (MAIOR)","0,112"
"806058","CHAPA PUXADOR PV200RF2I P/ 1 OU 2 CILINDROS (MENOR) - PRETO","510028","TINTA PRETO POLIESTER TEXTURIZADO P-3901","0,001"
"806059","CHAPA PUXADOR PV200F2I P/ 1 OU 2 CILINDROS (MAIOR) - PRETO","806054","CHAPA PUXADOR PV200RF2I P/ 1 OU 2 CILINDROS (MENOR)","0,128"
"806059","CHAPA PUXADOR PV200F2I P/ 1 OU 2 CILINDROS (MAIOR) - PRETO","510028","TINTA PRETO POLIESTER TEXTURIZADO P-3901","0,001"
"806060","CHAPA PUXADOR PV200R1I/E P/ 1 OU 2 CILINDROS (MAIOR) - BRANCO","806055","CHAPA PUXADOR PV200R1I/E P/ 1 OU 2 CILINDROS (MAIOR)","0,144"
"806060","CHAPA PUXADOR PV200R1I/E P/ 1 OU 2 CILINDROS (MAIOR) - BRANCO","510019","TINTA BRANCO POLIESTER TEXTURIZADO B-3910","0,0005"
"806061","CHAPA PUXADOR PV200RF2I P/ 1 OU 2 CILINDROS (MENOR) BRANCA","806054","CHAPA PUXADOR PV200RF2I P/ 1 OU 2 CILINDROS (MENOR)","0,112"
"806061","CHAPA PUXADOR PV200RF2I P/ 1 OU 2 CILINDROS (MENOR) BRANCA","510019","TINTA BRANCO POLIESTER TEXTURIZADO B-3910","0,001"
"806062","CHAPA PUXADOR PV200R2I P/ 1 OU 2 CILINDROS (MAIOR) BRANCA","806001","CHAPA PUXADOR PV200R2I P/ 1 OU 2 CILINDROS (MAIOR)","0,134"
"806062","CHAPA PUXADOR PV200R2I P/ 1 OU 2 CILINDROS (MAIOR) BRANCA","510019","TINTA BRANCO POLIESTER TEXTURIZADO B-3910","0,001"
"806063","CHAPA PUXADOR PV200R2I P/ 1 OU 2 CILINDROS (MAIOR) - PRETO","806001","CHAPA PUXADOR PV200R2I P/ 1 OU 2 CILINDROS (MAIOR)","0,112"
"806063","CHAPA PUXADOR PV200R2I P/ 1 OU 2 CILINDROS (MAIOR) - PRETO","510028","TINTA PRETO POLIESTER TEXTURIZADO P-3901","0,001"
"806064","CHAPA PUXADOR PV200F2E P/ 1 OU 2 CILINDROS (MAIOR) - PRETO","806005","CHAPA PUXADOR PVF2E P/ 1 OU 2 CILINDROS (MAIOR)","0,156"
"806064","CHAPA PUXADOR PV200F2E P/ 1 OU 2 CILINDROS (MAIOR) - PRETO","510028","TINTA PRETO POLIESTER TEXTURIZADO P-3901","0,001"
"806065","CHAPA PUXADOR PV200F2E P/ 1 OU 2 CILINDROS (MAIOR) BRANCA","510019","TINTA BRANCO POLIESTER TEXTURIZADO B-3910","0,001"
"806065","CHAPA PUXADOR PV200F2E P/ 1 OU 2 CILINDROS (MAIOR) BRANCA","806092","CHAPA PUXADOR PV200F2E P/ 1 OU 2 CILINDROS (MAIOR) - CROMADA BRANCA","1"
"806066","CHAPA S/ PUXADOR PV200F1I - PRETO","806028","CHAPA S/ PUXADOR PV200F1I - CROMADO","1"
"806066","CHAPA S/ PUXADOR PV200F1I - PRETO","510028","TINTA PRETO POLIESTER TEXTURIZADO P-3901","0,001"
"806067","CHAPA C/ PUXADOR PV200F2I - BRANCO","806093","CHAPA C/ PUXADOR PV200F2I - CROMADA","1"
"806067","CHAPA C/ PUXADOR PV200F2I - BRANCO","510019","TINTA BRANCO POLIESTER TEXTURIZADO B-3910","0,001"
"806068","FUNDO ALUMINIO FECHO PV200RF2I BRANCA","510019","TINTA BRANCO POLIESTER TEXTURIZADO B-3910","0,002"
"806068","FUNDO ALUMINIO FECHO PV200RF2I BRANCA","707030","FUNDO ALUMINIO FECHO PV200RF2I - BRUTO","1"
"806069","CHAPA C/ PUXADOR PV200F2I - PRETO","510028","TINTA PRETO POLIESTER TEXTURIZADO P-3901","0,001"
"806069","CHAPA C/ PUXADOR PV200F2I - PRETO","806093","CHAPA C/ PUXADOR PV200F2I - CROMADA","1"
"806070","FRENTE AL PQ. FECHO PV - PRETA","806094","FRENTE AL PQ. FECHO PV - CROMADA","1"
"806070","FRENTE AL PQ. FECHO PV - PRETA","510028","TINTA PRETO POLIESTER TEXTURIZADO P-3901","0,001"
"806071","CHAPA PUXADOR PV200R1I/E P/ 1 OU 2 CILINDROS (MAIOR) - PRETO","806055","CHAPA PUXADOR PV200R1I/E P/ 1 OU 2 CILINDROS (MAIOR)","1"
"806071","CHAPA PUXADOR PV200R1I/E P/ 1 OU 2 CILINDROS (MAIOR) - PRETO","510028","TINTA PRETO POLIESTER TEXTURIZADO P-3901","0,0005"
"806072","CHAPA S/ PUXADOR PV200R2I BRANCA","701227","CHAPA C/ PUXADOR PV200R2I - CROMADA","1"
"806072","CHAPA S/ PUXADOR PV200R2I BRANCA","510019","TINTA BRANCO POLIESTER TEXTURIZADO B-3910","0,001"
"806073","CHAPA S/ PUXADOR PV200R1I BRANCA","701228","CHAPA C/ PUXADOR PV200R1I - CROMADA","1"
"806073","CHAPA S/ PUXADOR PV200R1I BRANCA","510019","TINTA BRANCO POLIESTER TEXTURIZADO B-3910","0,001"
"806074","CHAPA C/ PUXADOR PV200R1I - PRETO","701228","CHAPA C/ PUXADOR PV200R1I - CROMADA","1"
"806074","CHAPA C/ PUXADOR PV200R1I - PRETO","510028","TINTA PRETO POLIESTER TEXTURIZADO P-3901","0,001"
"806075","CHAPA C/ PUXADOR PV200R2I - PRETO","701227","CHAPA C/ PUXADOR PV200R2I - CROMADA","1"
"806075","CHAPA C/ PUXADOR PV200R2I - PRETO","510028","TINTA PRETO POLIESTER TEXTURIZADO P-3901","0,001"
"806076","CHAPA FECHO PVR2I - PRETA","806095","CHAPA FECHO PVR2I - CROMADA","1"
"806076","CHAPA FECHO PVR2I - PRETA","510028","TINTA PRETO POLIESTER TEXTURIZADO P-3901","0,001"
"806077","FUNDO FECHO PV R/F 2E - CROMADA","704002","FUNDO FECHO PV R/F 2E - BRUTO","1"
"806078","FUNDO FECHO PV R/F 2E - BRANCO","510019","TINTA BRANCO POLIESTER TEXTURIZADO B-3910","0,005"
"806078","FUNDO FECHO PV R/F 2E - BRANCO","704002","FUNDO FECHO PV R/F 2E - BRUTO","1"
"806079","CHAPA PUXADOR PV200R2E P/ 1 OU 2 CILINDROS (MAIOR) BRANCA","806079","CHAPA PUXADOR PV200R2E P/ 1 OU 2 CILINDROS (MAIOR) BRANCA","1"
"806079","CHAPA PUXADOR PV200R2E P/ 1 OU 2 CILINDROS (MAIOR) BRANCA","510019","TINTA BRANCO POLIESTER TEXTURIZADO B-3910","0,001"
"806080","CHAPA PUXADOR PV200R2E P/ 1 OU 2 CILINDROS (MAIOR) - PRETO","806096","CHAPA PUXADOR PV200R2E P/ 1 OU 2 CILINDROS (MAIOR) - CROMADA","1"
"806080","CHAPA PUXADOR PV200R2E P/ 1 OU 2 CILINDROS (MAIOR) - PRETO","510028","TINTA PRETO POLIESTER TEXTURIZADO P-3901","0,001"
"806081","FUNDO ZAMAC LINGUETA PVRF2E - CROMADA","701092","FUNDO ZAMAC LINGUETA PVRF2E - BRUTO","1"
"806082","TERMINAL DE LATÃO DO SOQUETE","701230","TERMINAL DE LATÃO DO SOQUETE - BRUTO","1"
"806084","CHAPA FECHO PVR2I - BRANCA","806095","CHAPA FECHO PVR2I - CROMADA","1"
"806084","CHAPA FECHO PVR2I - BRANCA","510019","TINTA BRANCO POLIESTER TEXTURIZADO B-3910","0,001"
"806086","CHAPA FECHO PV200F2I - CROMADA","201028","CHAPA INOX 304L 2000 X 1250 X 1,20MM POLIDO 2F PVC AZ","0,07"
"806087","ALUMINIO DO BATENTE PV200RF2I","201040","PERFIL AL SOL 5 STLF-0234","0,029"
"806089","FRENTE AL LINGUETA PV - PRETA","510028","TINTA PRETO POLIESTER TEXTURIZADO P-3901","0,001"
"806089","FRENTE AL LINGUETA PV - PRETA","201056","PERFIL AL SOL 7 STLF-0232","0,048"
"806090","FRENTE AL LINGUETA PVR - BRANCA","510019","TINTA BRANCO POLIESTER TEXTURIZADO B-3910","0,001"
"806091","ALUMINIO FECHADURA C/2CIL PVRF2E","201056","PERFIL AL SOL 7 STLF-0232","0,046"
"806092","CHAPA PUXADOR PV200F2E P/ 1 OU 2 CILINDROS (MAIOR) - CROMADA BRANCA","201027","CHAPA INOX 304L 2000 X 1250 X 1,50MM POLIDO 2F PVC AZ","0,156"
"806093","CHAPA C/ PUXADOR PV200F2I - CROMADA","201027","CHAPA INOX 304L 2000 X 1250 X 1,50MM POLIDO 2F PVC AZ","0,152"
"806094","FRENTE AL PQ. FECHO PV - CROMADA","201056","PERFIL AL SOL 7 STLF-0232","0,029"
"806095","CHAPA FECHO PVR2I - CROMADA","201027","CHAPA INOX 304L 2000 X 1250 X 1,50MM POLIDO 2F PVC AZ","0,07"
"806096","CHAPA PUXADOR PV200R2E P/ 1 OU 2 CILINDROS (MAIOR) - CROMADA","201027","CHAPA INOX 304L 2000 X 1250 X 1,50MM POLIDO 2F PVC AZ","0,156"
"806097","FRENTE AL LINGUETA PV - CROMADA","201056","PERFIL AL SOL 7 STLF-0232","0,048"
"806098","FRENTE AL LINGUETA PVR - CROMADA","201056","PERFIL AL SOL 7 STLF-0232","0,048"
"806099","BATENTE FECHADURA ELETRÔNICA H20","201028","CHAPA INOX 304L 2000 X 1250 X 1,20MM POLIDO 2F PVC AZ","0,023"
"807002","TRAVA MENOR FECHO PV","701083","TRAVA MENOR FECHO PV - BRUTO","1"
"807003","TRAVA MAIOR FECHO PV","701082","TRAVA MAIOR FECHO PV - BRUTO","1"
"807049","DISPOSITIVO DE MEMORIA FECHO PV","701081","DISPOSITIVO DE MEMORIA FECHO PV - BRUTO","1"
"807052","MAÇANETA BOLA - CROMADA","707022","MAÇANETA BOLA - BRUTO","1"
"807053","BUCHA REDONDA FECHADURA PV - CROMADA","707019","BUCHA REDONDA FECHADURA PV - BRUTO","1"
"807054","MAÇANETA BOLA - BRANCA","510019","TINTA BRANCO POLIESTER TEXTURIZADO B-3910","0,001"
"807054","MAÇANETA BOLA - BRANCA","707022","MAÇANETA BOLA - BRUTO","1"
"807055","MAÇANETA BOLA - PRETA","510028","TINTA PRETO POLIESTER TEXTURIZADO P-3901","0,001"
"807055","MAÇANETA BOLA - PRETA","707022","MAÇANETA BOLA - BRUTO","1"
"807056","MAÇANETA ALAVANCA - CROMADA","707023","MAÇANETA ALAVANCA - BRUTO","1"
"807057","MAÇANETA ALAVANCA - BRANCA","510019","TINTA BRANCO POLIESTER TEXTURIZADO B-3910","0,001"
"807057","MAÇANETA ALAVANCA - BRANCA","707023","MAÇANETA ALAVANCA - BRUTO","1"
"807069","LINGUETA ZAMAC","701079","LINGUETA ZAMAC - BRUTO","1"
"807077","FUNDO FECHO PV R/F 2E - CINZA","510022","TINTA CINZA GRAFITE POLIESTER TEXTURIZADO C-3920","0,005"
"807077","FUNDO FECHO PV R/F 2E - CINZA","704002","FUNDO FECHO PV R/F 2E - BRUTO","1"
"807088","ROTOR DO FECHO","701085","ROTOR DO FECHO - BRUTO","1"
"807090","FUNDO ALUMINIO LINGUETA PV200RF2I - CINZA","510022","TINTA CINZA GRAFITE POLIESTER TEXTURIZADO C-3920","0,002"
"807090","FUNDO ALUMINIO LINGUETA PV200RF2I - CINZA","707029","FUNDO ALUMINIO LINGUETA PV200RF2I - BRUTO","1"
"807094","FUNDO ALUMINIO FECHO PV200RF2I - CINZA","510022","TINTA CINZA GRAFITE POLIESTER TEXTURIZADO C-3920","0,002"
"807094","FUNDO ALUMINIO FECHO PV200RF2I - CINZA","707030","FUNDO ALUMINIO FECHO PV200RF2I - BRUTO","1"
"807098","FUNDO ALUMINIO LINGUETA PV200RF1I/E - CINZA","510022","TINTA CINZA GRAFITE POLIESTER TEXTURIZADO C-3920","0,003"
"807098","FUNDO ALUMINIO LINGUETA PV200RF1I/E - CINZA","707031","FUNDO ALUMINIO LINGUETA PV200RF1I/E - BRUTO","1"
"807099","FUNDO ALUMINIO LINGUETA PV200RF1I/E - BRANCO","510019","TINTA BRANCO POLIESTER TEXTURIZADO B-3910","0,003"
"807099","FUNDO ALUMINIO LINGUETA PV200RF1I/E - BRANCO","707031","FUNDO ALUMINIO LINGUETA PV200RF1I/E - BRUTO","1"
"807101","CAIXA DO FECHO","211018","ZAMAC","0,059"
"807102","BLINDAGEM DO FECHO","201034","CHAPA 0,45 GALVALUME","0,004"
"807103","TESTEIRA DO FECHO","510022","TINTA CINZA GRAFITE POLIESTER TEXTURIZADO C-3920","0,00107142857"
"807103","TESTEIRA DO FECHO","701183","TESTEIRA DO FECHO - BRUTO","1"
"807105","TRATOR MAÇANETA PV","211018","ZAMAC","0,018388"
"807106","TAMPA DO FECHO DE METAL - ZINCADO","701086","TAMPA DO FECHO DE METAL - BRUTO","1"
"807138","VERGALHÃO QUADRADO 8MM PV - ZINCADO","211018","ZAMAC","0,019568000000000002"
"807153","MIOLO GRANDE COM RASGO DA FECHADURA PV - CROMADO","707020","CANHÃO DO CILINDRO FECHADURA PV - BRUTO","1"
"807154","TAMBOR DO CILINDRO P/ FECHADURA PV - CROMADO","707003","TAMBOR DO CILINDRO P/ FECHADURA PV - BRUTO","1"
"810035","ACABAMENTO MAÇANETA BOLA - CROMADO","710001","ACABAMENTO MAÇANETA BOLA - BRUTO","1"
"1110145","ENCOSTO PARA CHAPA DO BATENTE - PV200R1E / F1E","804212","ENCOSTO PARA CHAPA DO BATENTE PV","1"
"1110145","ENCOSTO PARA CHAPA DO BATENTE - PV200R1E / F1E","811310","ETIQUETA ADES. COUCHE 33MM X 21MM X 03 CAR","1"
"1110145","ENCOSTO PARA CHAPA DO BATENTE - PV200R1E / F1E","811505","SACO PLASTICO TRANSPARENTE 14CM X 9CM","1"
"1110145","ENCOSTO PARA CHAPA DO BATENTE - PV200R1E / F1E","401089","PARAFUSO MET M3 X 8MM CH PHS ZI","2"
"1201001","FECHADURA AGL PV200R1I - CZ","810035","ACABAMENTO MAÇANETA BOLA - CROMADO","1"
"1201001","FECHADURA AGL PV200R1I - CZ","804323","ACABAMENTO RECORTE PV","1"
"1201001","FECHADURA AGL PV200R1I - CZ","811700","CAIXA FECHADURA ELETRICA P/ PORTAS DE VIDRO AGL 13,2 X 11,7 X 11,4","1"
"1201001","FECHADURA AGL PV200R1I - CZ","811681","AGL SOLAPA PORTA VIDRO 10,5 X 29,5 - CALÇO PV200","1"
"1201001","FECHADURA AGL PV200R1I - CZ","804210","ARRUELA MAÇANETA PV","1"
"1201001","FECHADURA AGL PV200R1I - CZ","805089","BASE FIXAÇÃO MAÇANETA","1"
"1201001","FECHADURA AGL PV200R1I - CZ","807102","BLINDAGEM DO FECHO","1"
"1201001","FECHADURA AGL PV200R1I - CZ","804324","BLOQUEIO DE CARTÃO PV","1"
"1201001","FECHADURA AGL PV200R1I - CZ","807053","BUCHA REDONDA FECHADURA PV -CROMADA","2"
"1201001","FECHADURA AGL PV200R1I - CZ","701084","CAIXA DO FECHO - BRUTO","1"
"1201001","FECHADURA AGL PV200R1I - CZ","804321","CARRETEL DO FECHO","1"
"1201001","FECHADURA AGL PV200R1I - CZ","806031","CHAPA BATENTE PV200RF1I - CROMADO","1"
"1201001","FECHADURA AGL PV200R1I - CZ","806085","CHAPA S/ PUXADOR PV200R1I - CROMADO","1"
"1201001","FECHADURA AGL PV200R1I - CZ","404015","CONJUNTO CILINDRO FECHADURA PORTA DE VIDRO 1 CIL.","1"
"1201001","FECHADURA AGL PV200R1I - CZ","708018","CORPO DO ARIETE 4,76 X 29MM C/ DIAM 1,6MM - ZINCADO","1"
"1201001","FECHADURA AGL PV200R1I - CZ","807049","DISPOSITIVO DE MEMORIA FECHO PV - ZINCADO","1"
"1201001","FECHADURA AGL PV200R1I - CZ","801208","EIXO DO ROTOR - ZINCADO","1"
"1201001","FECHADURA AGL PV200R1I - CZ","811322","ETIQUETA ADES. BOPP 40MM X 40MM  BRANCA Bt759","1"
"1201001","FECHADURA AGL PV200R1I - CZ","811277","ETIQUETA ADES. COUCHE 20MM X 15MM X 04 CAR","1"
"1201001","FECHADURA AGL PV200R1I - CZ","103760","FIO COBRE ESMALTADO 155 TS 30 AWG","0,010787"
"1201001","FECHADURA AGL PV200R1I - CZ","805076","ALUMINIO FECHADURA PV 200","1"
"1201001","FECHADURA AGL PV200R1I - CZ","807098","FUNDO ALUMINIO LINGUETA PV200RF1I/E - CINZA","1"
"1201001","FECHADURA AGL PV200R1I - CZ","807069","LINGUETA DAS FECHADURAS PV","1"
"1201001","FECHADURA AGL PV200R1I - CZ","708021","LUVA DO ARIETE 10MM - ZINCADO","1"
"1201001","FECHADURA AGL PV200R1I - CZ","807052","MAÇANETA BOLA - CROMADA","1"
"1201001","FECHADURA AGL PV200R1I - CZ","403013","MOLA DE RETORNO DA MAÇANETA FECHADURA PV","1"
"1201001","FECHADURA AGL PV200R1I - CZ","403014","MOLA DE RETORNO DA TRAVA MAIOR","1"
"1201001","FECHADURA AGL PV200R1I - CZ","403018","MOLA DE RETORNO DA TRAVA MENOR","1"
"1201001","FECHADURA AGL PV200R1I - CZ","403016","MOLA DE RETORNO DO DISPOSITIVO DE MEMORIA","1"
"1201001","FECHADURA AGL PV200R1I - CZ","403017","MOLA DE RETORNO DO ROTOR","1"
"1201001","FECHADURA AGL PV200R1I - CZ","403025","MOLA DO ARIETE","1"
"1201001","FECHADURA AGL PV200R1I - CZ","403022","MOLA PV200 RETORNO DA LINGUETA","1"
"1201001","FECHADURA AGL PV200R1I - CZ","805087","NARIZ CILINDRO PV200 - ZINCADO","1"
"1201001","FECHADURA AGL PV200R1I - CZ","401034","PARAFUSO PLASTIC 3 X 6 CH. PH - ZI","2"
"1201001","FECHADURA AGL PV200R1I - CZ","401008","PARAFUSO PLASTIC PAN PHILLIPS 3 X 8 ZB","2"
"1201001","FECHADURA AGL PV200R1I - CZ","401002","PARAFUSO 3.5 X 13 A/A CH. PH - ZI","4"
"1201001","FECHADURA AGL PV200R1I - CZ","401100","PARAFUSO M3 X 12 CC. PH - ZI","1"
"1201001","FECHADURA AGL PV200R1I - CZ","401089","PARAFUSO MET M3 X 8MM CH PHS ZI","2"
"1201001","FECHADURA AGL PV200R1I - CZ","401101","PARAFUSO M3.5 X 6 CH. PH - ZI","4"
"1201001","FECHADURA AGL PV200R1I - CZ","401102","PARAFUSO M4 X 8 CH. PH MET - ZI","5"
"1201001","FECHADURA AGL PV200R1I - CZ","401023","PARAFUSO MET M3.5 X 8 CH. PH - ZI","4"
"1201001","FECHADURA AGL PV200R1I - CZ","401083","PF MET CH PHS M4X12MM ZI","2"
"1201001","FECHADURA AGL PV200R1I - CZ","804468","PONTA DO ARIETE 2,55 X 26MM","1"
"1201001","FECHADURA AGL PV200R1I - CZ","807088","ROTOR DO FECHO","1"
"1201001","FECHADURA AGL PV200R1I - CZ","811762","SACO ZIP PADRAO - 05X07","1"
"1201001","FECHADURA AGL PV200R1I - CZ","804428","SOQUETE DO FECHO ELETRICO","1"
"1201001","FECHADURA AGL PV200R1I - CZ","807106","TAMPA DO FECHO DE METAL","1"
"1201001","FECHADURA AGL PV200R1I - CZ","806082","TERMINAL DE LATÃO DO SOQUETE","2"
"1201001","FECHADURA AGL PV200R1I - CZ","807105","TRATOR MAÇANETA PV - ZINCADO","1"
"1201001","FECHADURA AGL PV200R1I - CZ","807003","TRAVA MAIOR FECHO PV","1"
"1201001","FECHADURA AGL PV200R1I - CZ","807002","TRAVA MENOR FECHO PV","1"
"1201001","FECHADURA AGL PV200R1I - CZ","807138","VERGALHÃO QUADRADO 8MM PV - ZINCADO","1"
"1201001","FECHADURA AGL PV200R1I - CZ","801240","PINO DA CAIXINHA DO FECHO - ZINCADO","1"
"1201002","FECHADURA AGL PV200R2I - CZ","810035","ACABAMENTO MAÇANETA BOLA - CROMADO","1"
"1201002","FECHADURA AGL PV200R2I - CZ","804323","ACABAMENTO RECORTE PV","2"
"1201002","FECHADURA AGL PV200R2I - CZ","811700","CAIXA FECHADURA ELETRICA P/ PORTAS DE VIDRO AGL 13,2 X 11,7 X 11,4","1"
"1201002","FECHADURA AGL PV200R2I - CZ","811681","AGL SOLAPA PORTA VIDRO 10,5 X 29,5 - CALÇO PV200","1"
"1201002","FECHADURA AGL PV200R2I - CZ","804210","ARRUELA MAÇANETA PV","1"
"1201002","FECHADURA AGL PV200R2I - CZ","805089","BASE FIXAÇÃO MAÇANETA","1"
"1201002","FECHADURA AGL PV200R2I - CZ","807102","BLINDAGEM DO FECHO","1"
"1201002","FECHADURA AGL PV200R2I - CZ","807053","BUCHA REDONDA FECHADURA PV -CROMADA","4"
"1201002","FECHADURA AGL PV200R2I - CZ","701084","CAIXA DO FECHO - BRUTO","1"
"1201002","FECHADURA AGL PV200R2I - CZ","804321","CARRETEL DO FECHO","1"
"1201002","FECHADURA AGL PV200R2I - CZ","806004","CHAPA FECHO PVR2I - CROMADA","1"
"1201002","FECHADURA AGL PV200R2I - CZ","806019","CHAPA S/ PUXADOR PV200R2I - CROMADO","1"
"1201002","FECHADURA AGL PV200R2I - CZ","404015","CONJUNTO CILINDRO FECHADURA PORTA DE VIDRO 1 CIL.","1"
"1201002","FECHADURA AGL PV200R2I - CZ","708018","CORPO DO ARIETE 4,76 X 29MM C/ DIAM 1,6MM - ZINCADO","1"
"1201002","FECHADURA AGL PV200R2I - CZ","807049","DISPOSITIVO DE MEMORIA FECHO PV - ZINCADO","1"
"1201002","FECHADURA AGL PV200R2I - CZ","801208","EIXO DO ROTOR - ZINCADO","1"
"1201002","FECHADURA AGL PV200R2I - CZ","811322","ETIQUETA ADES. BOPP 40MM X 40MM  BRANCA Bt759","1"
"1201002","FECHADURA AGL PV200R2I - CZ","811277","ETIQUETA ADES. COUCHE 20MM X 15MM X 04 CAR","1"
"1201002","FECHADURA AGL PV200R2I - CZ","811310","ETIQUETA ADES. COUCHE 33MM X 21MM X 03 CAR","1"
"1201002","FECHADURA AGL PV200R2I - CZ","103760","FIO COBRE ESMALTADO 155 TS 30 AWG","0,010787"
"1201002","FECHADURA AGL PV200R2I - CZ","805076","ALUMINIO FECHADURA PV 200","1"
"1201002","FECHADURA AGL PV200R2I - CZ","806087","ALUMINIO DO BATENTE PV200RF2I","1"
"1201002","FECHADURA AGL PV200R2I - CZ","807094","FUNDO ALUMINIO FECHO PV200RF2I - CINZA","1"
"1201002","FECHADURA AGL PV200R2I - CZ","807090","FUNDO ALUMINIO LINGUETA PV200RF2I - CINZA","1"
"1201002","FECHADURA AGL PV200R2I - CZ","807069","LINGUETA DAS FECHADURAS PV","1"
"1201002","FECHADURA AGL PV200R2I - CZ","708021","LUVA DO ARIETE 10MM - ZINCADO","1"
"1201002","FECHADURA AGL PV200R2I - CZ","807052","MAÇANETA BOLA - CROMADA","1"
"1201002","FECHADURA AGL PV200R2I - CZ","403013","MOLA DE RETORNO DA MAÇANETA FECHADURA PV","1"
"1201002","FECHADURA AGL PV200R2I - CZ","403014","MOLA DE RETORNO DA TRAVA MAIOR","1"
"1201002","FECHADURA AGL PV200R2I - CZ","403018","MOLA DE RETORNO DA TRAVA MENOR","1"
"1201002","FECHADURA AGL PV200R2I - CZ","403016","MOLA DE RETORNO DO DISPOSITIVO DE MEMORIA","1"
"1201002","FECHADURA AGL PV200R2I - CZ","403017","MOLA DE RETORNO DO ROTOR","1"
"1201002","FECHADURA AGL PV200R2I - CZ","403025","MOLA DO ARIETE","1"
"1201002","FECHADURA AGL PV200R2I - CZ","403022","MOLA PV200 RETORNO DA LINGUETA","1"
"1201002","FECHADURA AGL PV200R2I - CZ","805087","NARIZ CILINDRO PV200 - ZINCADO","1"
"1201002","FECHADURA AGL PV200R2I - CZ","401034","PARAFUSO PLASTIC 3 X 6 CH. PH - ZI","2"
"1201002","FECHADURA AGL PV200R2I - CZ","401008","PARAFUSO PLASTIC PAN PHILLIPS 3 X 8 ZB","2"
"1201002","FECHADURA AGL PV200R2I - CZ","401100","PARAFUSO M3 X 12 CC. PH - ZI","1"
"1201002","FECHADURA AGL PV200R2I - CZ","401089","PARAFUSO MET M3 X 8MM CH PHS ZI","2"
"1201002","FECHADURA AGL PV200R2I - CZ","401101","PARAFUSO M3.5 X 6 CH. PH - ZI","8"
"1201002","FECHADURA AGL PV200R2I - CZ","401102","PARAFUSO M4 X 8 CH. PH MET - ZI","5"
"1201002","FECHADURA AGL PV200R2I - CZ","401023","PARAFUSO MET M3.5 X 8 CH. PH - ZI","4"
"1201002","FECHADURA AGL PV200R2I - CZ","401083","PF MET CH PHS M4X12MM ZI","4"
"1201002","FECHADURA AGL PV200R2I - CZ","804468","PONTA DO ARIETE 2,55 X 26MM","1"
"1201002","FECHADURA AGL PV200R2I - CZ","807088","ROTOR DO FECHO","1"
"1201002","FECHADURA AGL PV200R2I - CZ","811762","SACO ZIP PADRAO - 05X07","1"
"1201002","FECHADURA AGL PV200R2I - CZ","804428","SOQUETE DO FECHO ELETRICO","1"
"1201002","FECHADURA AGL PV200R2I - CZ","804306","TAMPA PLASTICA DO FECHO","1"
"1201002","FECHADURA AGL PV200R2I - CZ","806082","TERMINAL DE LATÃO DO SOQUETE","2"
"1201002","FECHADURA AGL PV200R2I - CZ","807105","TRATOR MAÇANETA PV - ZINCADO","1"
"1201002","FECHADURA AGL PV200R2I - CZ","807003","TRAVA MAIOR FECHO PV","1"
"1201002","FECHADURA AGL PV200R2I - CZ","807002","TRAVA MENOR FECHO PV","1"
"1201002","FECHADURA AGL PV200R2I - CZ","807138","VERGALHÃO QUADRADO 8MM PV - ZINCADO","1"
"1201002","FECHADURA AGL PV200R2I - CZ","801240","PINO DA CAIXINHA DO FECHO - ZINCADO","1"
"1201003","FECHADURA AGL PV200F1I - CZ","806031","CHAPA BATENTE PV200RF1I - CROMADO","1"
"1201003","FECHADURA AGL PV200F1I - CZ","401002","PARAFUSO 3.5 X 13 A/A CH. PH - ZI","4"
"1201003","FECHADURA AGL PV200F1I - CZ","401008","PARAFUSO PLASTIC PAN PHILLIPS 3 X 8 ZB","2"
"1201003","FECHADURA AGL PV200F1I - CZ","401023","PARAFUSO MET M3.5 X 8 CH. PH - ZI","4"
"1201003","FECHADURA AGL PV200F1I - CZ","401034","PARAFUSO PLASTIC 3 X 6 CH. PH - ZI","2"
"1201003","FECHADURA AGL PV200F1I - CZ","401083","PF MET CH PHS M4X12MM ZI","2"
"1201003","FECHADURA AGL PV200F1I - CZ","401089","PARAFUSO MET M3 X 8MM CH PHS ZI","2"
"1201003","FECHADURA AGL PV200F1I - CZ","401100","PARAFUSO M3 X 12 CC. PH - ZI","1"
"1201003","FECHADURA AGL PV200F1I - CZ","401101","PARAFUSO M3.5 X 6 CH. PH - ZI","4"
"1201003","FECHADURA AGL PV200F1I - CZ","401102","PARAFUSO M4 X 8 CH. PH MET - ZI","5"
"1201003","FECHADURA AGL PV200F1I - CZ","403013","MOLA DE RETORNO DA MAÇANETA FECHADURA PV","1"
"1201003","FECHADURA AGL PV200F1I - CZ","403014","MOLA DE RETORNO DA TRAVA MAIOR","1"
"1201003","FECHADURA AGL PV200F1I - CZ","403016","MOLA DE RETORNO DO DISPOSITIVO DE MEMORIA","1"
"1201003","FECHADURA AGL PV200F1I - CZ","403017","MOLA DE RETORNO DO ROTOR","1"
"1201003","FECHADURA AGL PV200F1I - CZ","403018","MOLA DE RETORNO DA TRAVA MENOR","1"
"1201003","FECHADURA AGL PV200F1I - CZ","403022","MOLA PV200 RETORNO DA LINGUETA","1"
"1201003","FECHADURA AGL PV200F1I - CZ","403025","MOLA DO ARIETE","1"
"1201003","FECHADURA AGL PV200F1I - CZ","404015","CONJUNTO CILINDRO FECHADURA PORTA DE VIDRO 1 CIL.","1"
"1201003","FECHADURA AGL PV200F1I - CZ","708018","CORPO DO ARIETE 4,76 X 29MM C/ DIAM 1,6MM - ZINCADO","1"
"1201003","FECHADURA AGL PV200F1I - CZ","708021","LUVA DO ARIETE 10MM - ZINCADO","1"
"1201003","FECHADURA AGL PV200F1I - CZ","801208","EIXO DO ROTOR - ZINCADO","1"
"1201003","FECHADURA AGL PV200F1I - CZ","804210","ARRUELA MAÇANETA PV","1"
"1201003","FECHADURA AGL PV200F1I - CZ","804321","CARRETEL DO FECHO","1"
"1201003","FECHADURA AGL PV200F1I - CZ","804324","BLOQUEIO DE CARTÃO PV","1"
"1201003","FECHADURA AGL PV200F1I - CZ","804428","SOQUETE DO FECHO ELETRICO","1"
"1201003","FECHADURA AGL PV200F1I - CZ","804468","PONTA DO ARIETE 2,55 X 26MM","1"
"1201003","FECHADURA AGL PV200F1I - CZ","805087","NARIZ CILINDRO PV200 - ZINCADO","1"
"1201003","FECHADURA AGL PV200F1I - CZ","805089","BASE FIXAÇÃO MAÇANETA","1"
"1201003","FECHADURA AGL PV200F1I - CZ","806082","TERMINAL DE LATÃO DO SOQUETE","2"
"1201003","FECHADURA AGL PV200F1I - CZ","807002","TRAVA MENOR FECHO PV","1"
"1201003","FECHADURA AGL PV200F1I - CZ","807003","TRAVA MAIOR FECHO PV","1"
"1201003","FECHADURA AGL PV200F1I - CZ","807049","DISPOSITIVO DE MEMORIA FECHO PV - ZINCADO","1"
"1201003","FECHADURA AGL PV200F1I - CZ","807069","LINGUETA DAS FECHADURAS PV","1"
"1201003","FECHADURA AGL PV200F1I - CZ","807088","ROTOR DO FECHO","1"
"1201003","FECHADURA AGL PV200F1I - CZ","701084","CAIXA DO FECHO - BRUTO","1"
"1201003","FECHADURA AGL PV200F1I - CZ","807102","BLINDAGEM DO FECHO","1"
"1201003","FECHADURA AGL PV200F1I - CZ","807105","TRATOR MAÇANETA PV - ZINCADO","1"
"1201003","FECHADURA AGL PV200F1I - CZ","807106","TAMPA DO FECHO DE METAL","1"
"1201003","FECHADURA AGL PV200F1I - CZ","807138","VERGALHÃO QUADRADO 8MM PV - ZINCADO","1"
"1201003","FECHADURA AGL PV200F1I - CZ","811277","ETIQUETA ADES. COUCHE 20MM X 15MM X 04 CAR","1"
"1201003","FECHADURA AGL PV200F1I - CZ","811310","ETIQUETA ADES. COUCHE 33MM X 21MM X 03 CAR","1"
"1201003","FECHADURA AGL PV200F1I - CZ","811762","SACO ZIP PADRAO - 05X07","1"
"1201003","FECHADURA AGL PV200F1I - CZ","811681","AGL SOLAPA PORTA VIDRO 10,5 X 29,5 - CALÇO PV200","1"
"1201003","FECHADURA AGL PV200F1I - CZ","811700","CAIXA FECHADURA ELETRICA P/ PORTAS DE VIDRO AGL 13,2 X 11,7 X 11,4","1"
"1201003","FECHADURA AGL PV200F1I - CZ","806028","CHAPA S/ PUXADOR PV200F1I - CROMADO","1"
"1201003","FECHADURA AGL PV200F1I - CZ","805076","ALUMINIO FECHADURA PV 200","1"
"1201003","FECHADURA AGL PV200F1I - CZ","807052","MAÇANETA BOLA - CROMADA","1"
"1201003","FECHADURA AGL PV200F1I - CZ","807053","BUCHA REDONDA FECHADURA PV -CROMADA","2"
"1201003","FECHADURA AGL PV200F1I - CZ","810035","ACABAMENTO MAÇANETA BOLA - CROMADO","1"
"1201003","FECHADURA AGL PV200F1I - CZ","811322","ETIQUETA ADES. BOPP 40MM X 40MM  BRANCA Bt759","1"
"1201003","FECHADURA AGL PV200F1I - CZ","807098","FUNDO ALUMINIO LINGUETA PV200RF1I/E - CINZA","1"
"1201003","FECHADURA AGL PV200F1I - CZ","103760","FIO COBRE ESMALTADO 155 TS 30 AWG","0,010787"
"1201003","FECHADURA AGL PV200F1I - CZ","801240","PINO DA CAIXINHA DO FECHO - ZINCADO","1"
"1201004","FECHADURA AGL PV200F2I - CZ","401008","PARAFUSO PLASTIC PAN PHILLIPS 3 X 8 ZB","2"
"1201004","FECHADURA AGL PV200F2I - CZ","401023","PARAFUSO MET M3.5 X 8 CH. PH - ZI","4"
"1201004","FECHADURA AGL PV200F2I - CZ","401034","PARAFUSO PLASTIC 3 X 6 CH. PH - ZI","2"
"1201004","FECHADURA AGL PV200F2I - CZ","401083","PF MET CH PHS M4X12MM ZI","4"
"1201004","FECHADURA AGL PV200F2I - CZ","401089","PARAFUSO MET M3 X 8MM CH PHS ZI","2"
"1201004","FECHADURA AGL PV200F2I - CZ","401100","PARAFUSO M3 X 12 CC. PH - ZI","1"
"1201004","FECHADURA AGL PV200F2I - CZ","401101","PARAFUSO M3.5 X 6 CH. PH - ZI","8"
"1201004","FECHADURA AGL PV200F2I - CZ","401102","PARAFUSO M4 X 8 CH. PH MET - ZI","5"
"1201004","FECHADURA AGL PV200F2I - CZ","403013","MOLA DE RETORNO DA MAÇANETA FECHADURA PV","1"
"1201004","FECHADURA AGL PV200F2I - CZ","403014","MOLA DE RETORNO DA TRAVA MAIOR","1"
"1201004","FECHADURA AGL PV200F2I - CZ","403016","MOLA DE RETORNO DO DISPOSITIVO DE MEMORIA","1"
"1201004","FECHADURA AGL PV200F2I - CZ","403017","MOLA DE RETORNO DO ROTOR","1"
"1201004","FECHADURA AGL PV200F2I - CZ","403018","MOLA DE RETORNO DA TRAVA MENOR","1"
"1201004","FECHADURA AGL PV200F2I - CZ","403022","MOLA PV200 RETORNO DA LINGUETA","1"
"1201004","FECHADURA AGL PV200F2I - CZ","403025","MOLA DO ARIETE","1"
"1201004","FECHADURA AGL PV200F2I - CZ","404015","CONJUNTO CILINDRO FECHADURA PORTA DE VIDRO 1 CIL.","1"
"1201004","FECHADURA AGL PV200F2I - CZ","708018","CORPO DO ARIETE 4,76 X 29MM C/ DIAM 1,6MM - ZINCADO","1"
"1201004","FECHADURA AGL PV200F2I - CZ","708021","LUVA DO ARIETE 10MM - ZINCADO","1"
"1201004","FECHADURA AGL PV200F2I - CZ","801208","EIXO DO ROTOR - ZINCADO","1"
"1201004","FECHADURA AGL PV200F2I - CZ","804210","ARRUELA MAÇANETA PV","1"
"1201004","FECHADURA AGL PV200F2I - CZ","804306","TAMPA PLASTICA DO FECHO","1"
"1201004","FECHADURA AGL PV200F2I - CZ","804321","CARRETEL DO FECHO","1"
"1201004","FECHADURA AGL PV200F2I - CZ","804428","SOQUETE DO FECHO ELETRICO","1"
"1201004","FECHADURA AGL PV200F2I - CZ","804468","PONTA DO ARIETE 2,55 X 26MM","1"
"1201004","FECHADURA AGL PV200F2I - CZ","805087","NARIZ CILINDRO PV200 - ZINCADO","1"
"1201004","FECHADURA AGL PV200F2I - CZ","805089","BASE FIXAÇÃO MAÇANETA","1"
"1201004","FECHADURA AGL PV200F2I - CZ","806007","CHAPA S/ PUXADOR PVF2I - CROMADO","1"
"1201004","FECHADURA AGL PV200F2I - CZ","806082","TERMINAL DE LATÃO DO SOQUETE","2"
"1201004","FECHADURA AGL PV200F2I - CZ","807002","TRAVA MENOR FECHO PV","1"
"1201004","FECHADURA AGL PV200F2I - CZ","807003","TRAVA MAIOR FECHO PV","1"
"1201004","FECHADURA AGL PV200F2I - CZ","807049","DISPOSITIVO DE MEMORIA FECHO PV - ZINCADO","1"
"1201004","FECHADURA AGL PV200F2I - CZ","807069","LINGUETA DAS FECHADURAS PV","1"
"1201004","FECHADURA AGL PV200F2I - CZ","807088","ROTOR DO FECHO","1"
"1201004","FECHADURA AGL PV200F2I - CZ","701084","CAIXA DO FECHO - BRUTO","1"
"1201004","FECHADURA AGL PV200F2I - CZ","807102","BLINDAGEM DO FECHO","1"
"1201004","FECHADURA AGL PV200F2I - CZ","807105","TRATOR MAÇANETA PV - ZINCADO","1"
"1201004","FECHADURA AGL PV200F2I - CZ","807138","VERGALHÃO QUADRADO 8MM PV - ZINCADO","1"
"1201004","FECHADURA AGL PV200F2I - CZ","811310","ETIQUETA ADES. COUCHE 33MM X 21MM X 03 CAR","1"
"1201004","FECHADURA AGL PV200F2I - CZ","811762","SACO ZIP PADRAO - 05X07","1"
"1201004","FECHADURA AGL PV200F2I - CZ","811681","AGL SOLAPA PORTA VIDRO 10,5 X 29,5 - CALÇO PV200","1"
"1201004","FECHADURA AGL PV200F2I - CZ","811700","CAIXA FECHADURA ELETRICA P/ PORTAS DE VIDRO AGL 13,2 X 11,7 X 11,4","1"
"1201004","FECHADURA AGL PV200F2I - CZ","806086","CHAPA FECHO PV200F2I - CROMADA","1"
"1201004","FECHADURA AGL PV200F2I - CZ","807090","FUNDO ALUMINIO LINGUETA PV200RF2I - CINZA","1"
"1201004","FECHADURA AGL PV200F2I - CZ","805076","ALUMINIO FECHADURA PV 200","1"
"1201004","FECHADURA AGL PV200F2I - CZ","806087","ALUMINIO DO BATENTE PV200RF2I","1"
"1201004","FECHADURA AGL PV200F2I - CZ","807052","MAÇANETA BOLA - CROMADA","1"
"1201004","FECHADURA AGL PV200F2I - CZ","807053","BUCHA REDONDA FECHADURA PV -CROMADA","4"
"1201004","FECHADURA AGL PV200F2I - CZ","810035","ACABAMENTO MAÇANETA BOLA - CROMADO","1"
"1201004","FECHADURA AGL PV200F2I - CZ","807094","FUNDO ALUMINIO FECHO PV200RF2I - CINZA","1"
"1201004","FECHADURA AGL PV200F2I - CZ","103760","FIO COBRE ESMALTADO 155 TS 30 AWG","0,010787"
"1201004","FECHADURA AGL PV200F2I - CZ","811322","ETIQUETA ADES. BOPP 40MM X 40MM  BRANCA Bt759","1"
"1201004","FECHADURA AGL PV200F2I - CZ","801240","PINO DA CAIXINHA DO FECHO - ZINCADO","1"
"1201005","FECHADURA AGL PV200R1E - CZ","401002","PARAFUSO 3.5 X 13 A/A CH. PH - ZI","4"
"1201005","FECHADURA AGL PV200R1E - CZ","401008","PARAFUSO PLASTIC PAN PHILLIPS 3 X 8 ZB","2"
"1201005","FECHADURA AGL PV200R1E - CZ","401023","PARAFUSO MET M3.5 X 8 CH. PH - ZI","4"
"1201005","FECHADURA AGL PV200R1E - CZ","401034","PARAFUSO PLASTIC 3 X 6 CH. PH - ZI","2"
"1201005","FECHADURA AGL PV200R1E - CZ","401083","PF MET CH PHS M4X12MM ZI","2"
"1201005","FECHADURA AGL PV200R1E - CZ","401089","PARAFUSO MET M3 X 8MM CH PHS ZI","4"
"1201005","FECHADURA AGL PV200R1E - CZ","401100","PARAFUSO M3 X 12 CC. PH - ZI","1"
"1201005","FECHADURA AGL PV200R1E - CZ","401101","PARAFUSO M3.5 X 6 CH. PH - ZI","4"
"1201005","FECHADURA AGL PV200R1E - CZ","401102","PARAFUSO M4 X 8 CH. PH MET - ZI","5"
"1201005","FECHADURA AGL PV200R1E - CZ","403013","MOLA DE RETORNO DA MAÇANETA FECHADURA PV","1"
"1201005","FECHADURA AGL PV200R1E - CZ","403014","MOLA DE RETORNO DA TRAVA MAIOR","1"
"1201005","FECHADURA AGL PV200R1E - CZ","403016","MOLA DE RETORNO DO DISPOSITIVO DE MEMORIA","1"
"1201005","FECHADURA AGL PV200R1E - CZ","403017","MOLA DE RETORNO DO ROTOR","1"
"1201005","FECHADURA AGL PV200R1E - CZ","403018","MOLA DE RETORNO DA TRAVA MENOR","1"
"1201005","FECHADURA AGL PV200R1E - CZ","403022","MOLA PV200 RETORNO DA LINGUETA","1"
"1201005","FECHADURA AGL PV200R1E - CZ","403025","MOLA DO ARIETE","1"
"1201005","FECHADURA AGL PV200R1E - CZ","404015","CONJUNTO CILINDRO FECHADURA PORTA DE VIDRO 1 CIL.","1"
"1201005","FECHADURA AGL PV200R1E - CZ","708018","CORPO DO ARIETE 4,76 X 29MM C/ DIAM 1,6MM - ZINCADO","1"
"1201005","FECHADURA AGL PV200R1E - CZ","708021","LUVA DO ARIETE 10MM - ZINCADO","1"
"1201005","FECHADURA AGL PV200R1E - CZ","801208","EIXO DO ROTOR - ZINCADO","1"
"1201005","FECHADURA AGL PV200R1E - CZ","804210","ARRUELA MAÇANETA PV","1"
"1201005","FECHADURA AGL PV200R1E - CZ","804212","ENCOSTO PARA CHAPA DO BATENTE PV","1"
"1201005","FECHADURA AGL PV200R1E - CZ","804321","CARRETEL DO FECHO","1"
"1201005","FECHADURA AGL PV200R1E - CZ","804323","ACABAMENTO RECORTE PV","1"
"1201005","FECHADURA AGL PV200R1E - CZ","804428","SOQUETE DO FECHO ELETRICO","1"
"1201005","FECHADURA AGL PV200R1E - CZ","804468","PONTA DO ARIETE 2,55 X 26MM","1"
"1201005","FECHADURA AGL PV200R1E - CZ","805087","NARIZ CILINDRO PV200 - ZINCADO","1"
"1201005","FECHADURA AGL PV200R1E - CZ","805089","BASE FIXAÇÃO MAÇANETA","1"
"1201005","FECHADURA AGL PV200R1E - CZ","806055","CHAPA PUXADOR PV200R1I/E P/ 1 OU 2 CILINDROS (MAIOR)","1"
"1201005","FECHADURA AGL PV200R1E - CZ","806082","TERMINAL DE LATÃO DO SOQUETE","2"
"1201005","FECHADURA AGL PV200R1E - CZ","807002","TRAVA MENOR FECHO PV","1"
"1201005","FECHADURA AGL PV200R1E - CZ","807003","TRAVA MAIOR FECHO PV","1"
"1201005","FECHADURA AGL PV200R1E - CZ","807049","DISPOSITIVO DE MEMORIA FECHO PV - ZINCADO","1"
"1201005","FECHADURA AGL PV200R1E - CZ","807069","LINGUETA DAS FECHADURAS PV","1"
"1201005","FECHADURA AGL PV200R1E - CZ","807088","ROTOR DO FECHO","1"
"1201005","FECHADURA AGL PV200R1E - CZ","701084","CAIXA DO FECHO - BRUTO","1"
"1201005","FECHADURA AGL PV200R1E - CZ","807102","BLINDAGEM DO FECHO","1"
"1201005","FECHADURA AGL PV200R1E - CZ","807105","TRATOR MAÇANETA PV - ZINCADO","1"
"1201005","FECHADURA AGL PV200R1E - CZ","807106","TAMPA DO FECHO DE METAL","1"
"1201005","FECHADURA AGL PV200R1E - CZ","807138","VERGALHÃO QUADRADO 8MM PV - ZINCADO","1"
"1201005","FECHADURA AGL PV200R1E - CZ","811277","ETIQUETA ADES. COUCHE 20MM X 15MM X 04 CAR","1"
"1201005","FECHADURA AGL PV200R1E - CZ","811310","ETIQUETA ADES. COUCHE 33MM X 21MM X 03 CAR","1"
"1201005","FECHADURA AGL PV200R1E - CZ","811762","SACO ZIP PADRAO - 05X07","1"
"1201005","FECHADURA AGL PV200R1E - CZ","811681","AGL SOLAPA PORTA VIDRO 10,5 X 29,5 - CALÇO PV200","1"
"1201005","FECHADURA AGL PV200R1E - CZ","811700","CAIXA FECHADURA ELETRICA P/ PORTAS DE VIDRO AGL 13,2 X 11,7 X 11,4","1"
"1201005","FECHADURA AGL PV200R1E - CZ","806036","CHAPA BATENTE PV200RF1E - CROMADO","1"
"1201005","FECHADURA AGL PV200R1E - CZ","805076","ALUMINIO FECHADURA PV 200","1"
"1201005","FECHADURA AGL PV200R1E - CZ","807053","BUCHA REDONDA FECHADURA PV -CROMADA","2"
"1201005","FECHADURA AGL PV200R1E - CZ","811322","ETIQUETA ADES. BOPP 40MM X 40MM  BRANCA Bt759","1"
"1201005","FECHADURA AGL PV200R1E - CZ","807098","FUNDO ALUMINIO LINGUETA PV200RF1I/E - CINZA","1"
"1201005","FECHADURA AGL PV200R1E - CZ","807056","MAÇANETA ALAVANCA - CROMADA","1"
"1201005","FECHADURA AGL PV200R1E - CZ","103760","FIO COBRE ESMALTADO 155 TS 30 AWG","0,010787"
"1201005","FECHADURA AGL PV200R1E - CZ","801240","PINO DA CAIXINHA DO FECHO - ZINCADO","1"
"1201006","FECHADURA AGL PV200F1E - CZ","401002","PARAFUSO 3.5 X 13 A/A CH. PH - ZI","4"
"1201006","FECHADURA AGL PV200F1E - CZ","401008","PARAFUSO PLASTIC PAN PHILLIPS 3 X 8 ZB","2"
"1201006","FECHADURA AGL PV200F1E - CZ","401023","PARAFUSO MET M3.5 X 8 CH. PH - ZI","4"
"1201006","FECHADURA AGL PV200F1E - CZ","401034","PARAFUSO PLASTIC 3 X 6 CH. PH - ZI","2"
"1201006","FECHADURA AGL PV200F1E - CZ","401083","PF MET CH PHS M4X12MM ZI","2"
"1201006","FECHADURA AGL PV200F1E - CZ","401089","PARAFUSO MET M3 X 8MM CH PHS ZI","4"
"1201006","FECHADURA AGL PV200F1E - CZ","401100","PARAFUSO M3 X 12 CC. PH - ZI","1"
"1201006","FECHADURA AGL PV200F1E - CZ","401101","PARAFUSO M3.5 X 6 CH. PH - ZI","4"
"1201006","FECHADURA AGL PV200F1E - CZ","401102","PARAFUSO M4 X 8 CH. PH MET - ZI","5"
"1201006","FECHADURA AGL PV200F1E - CZ","403013","MOLA DE RETORNO DA MAÇANETA FECHADURA PV","1"
"1201006","FECHADURA AGL PV200F1E - CZ","403014","MOLA DE RETORNO DA TRAVA MAIOR","1"
"1201006","FECHADURA AGL PV200F1E - CZ","403016","MOLA DE RETORNO DO DISPOSITIVO DE MEMORIA","1"
"1201006","FECHADURA AGL PV200F1E - CZ","403017","MOLA DE RETORNO DO ROTOR","1"
"1201006","FECHADURA AGL PV200F1E - CZ","403018","MOLA DE RETORNO DA TRAVA MENOR","1"
"1201006","FECHADURA AGL PV200F1E - CZ","403022","MOLA PV200 RETORNO DA LINGUETA","1"
"1201006","FECHADURA AGL PV200F1E - CZ","403025","MOLA DO ARIETE","1"
"1201006","FECHADURA AGL PV200F1E - CZ","404015","CONJUNTO CILINDRO FECHADURA PORTA DE VIDRO 1 CIL.","1"
"1201006","FECHADURA AGL PV200F1E - CZ","708018","CORPO DO ARIETE 4,76 X 29MM C/ DIAM 1,6MM - ZINCADO","1"
"1201006","FECHADURA AGL PV200F1E - CZ","708021","LUVA DO ARIETE 10MM - ZINCADO","1"
"1201006","FECHADURA AGL PV200F1E - CZ","801208","EIXO DO ROTOR - ZINCADO","1"
"1201006","FECHADURA AGL PV200F1E - CZ","804210","ARRUELA MAÇANETA PV","1"
"1201006","FECHADURA AGL PV200F1E - CZ","804212","ENCOSTO PARA CHAPA DO BATENTE PV","1"
"1201006","FECHADURA AGL PV200F1E - CZ","804321","CARRETEL DO FECHO","1"
"1201006","FECHADURA AGL PV200F1E - CZ","804428","SOQUETE DO FECHO ELETRICO","1"
"1201006","FECHADURA AGL PV200F1E - CZ","804468","PONTA DO ARIETE 2,55 X 26MM","1"
"1201006","FECHADURA AGL PV200F1E - CZ","805087","NARIZ CILINDRO PV200 - ZINCADO","1"
"1201006","FECHADURA AGL PV200F1E - CZ","805089","BASE FIXAÇÃO MAÇANETA","1"
"1201006","FECHADURA AGL PV200F1E - CZ","806035","CHAPA PUXADOR PV200F1I/E P/ 1 OU 2 CILINDROS (MAIOR)","1"
"1201006","FECHADURA AGL PV200F1E - CZ","806082","TERMINAL DE LATÃO DO SOQUETE","2"
"1201006","FECHADURA AGL PV200F1E - CZ","807002","TRAVA MENOR FECHO PV","1"
"1201006","FECHADURA AGL PV200F1E - CZ","807003","TRAVA MAIOR FECHO PV","1"
"1201006","FECHADURA AGL PV200F1E - CZ","807049","DISPOSITIVO DE MEMORIA FECHO PV - ZINCADO","1"
"1201006","FECHADURA AGL PV200F1E - CZ","807069","LINGUETA DAS FECHADURAS PV","1"
"1201006","FECHADURA AGL PV200F1E - CZ","807088","ROTOR DO FECHO","1"
"1201006","FECHADURA AGL PV200F1E - CZ","701084","CAIXA DO FECHO - BRUTO","1"
"1201006","FECHADURA AGL PV200F1E - CZ","807102","BLINDAGEM DO FECHO","1"
"1201006","FECHADURA AGL PV200F1E - CZ","807105","TRATOR MAÇANETA PV - ZINCADO","1"
"1201006","FECHADURA AGL PV200F1E - CZ","807106","TAMPA DO FECHO DE METAL","1"
"1201006","FECHADURA AGL PV200F1E - CZ","807138","VERGALHÃO QUADRADO 8MM PV - ZINCADO","1"
"1201006","FECHADURA AGL PV200F1E - CZ","811277","ETIQUETA ADES. COUCHE 20MM X 15MM X 04 CAR","1"
"1201006","FECHADURA AGL PV200F1E - CZ","811310","ETIQUETA ADES. COUCHE 33MM X 21MM X 03 CAR","1"
"1201006","FECHADURA AGL PV200F1E - CZ","811762","SACO ZIP PADRAO - 05X07","1"
"1201006","FECHADURA AGL PV200F1E - CZ","811681","AGL SOLAPA PORTA VIDRO 10,5 X 29,5 - CALÇO PV200","1"
"1201006","FECHADURA AGL PV200F1E - CZ","811700","CAIXA FECHADURA ELETRICA P/ PORTAS DE VIDRO AGL 13,2 X 11,7 X 11,4","1"
"1201006","FECHADURA AGL PV200F1E - CZ","806036","CHAPA BATENTE PV200RF1E - CROMADO","1"
"1201006","FECHADURA AGL PV200F1E - CZ","805076","ALUMINIO FECHADURA PV 200","1"
"1201006","FECHADURA AGL PV200F1E - CZ","807053","BUCHA REDONDA FECHADURA PV -CROMADA","2"
"1201006","FECHADURA AGL PV200F1E - CZ","811322","ETIQUETA ADES. BOPP 40MM X 40MM  BRANCA Bt759","1"
"1201006","FECHADURA AGL PV200F1E - CZ","807098","FUNDO ALUMINIO LINGUETA PV200RF1I/E - CINZA","1"
"1201006","FECHADURA AGL PV200F1E - CZ","807056","MAÇANETA ALAVANCA - CROMADA","1"
"1201006","FECHADURA AGL PV200F1E - CZ","103760","FIO COBRE ESMALTADO 155 TS 30 AWG","0,010787"
"1201006","FECHADURA AGL PV200F1E - CZ","801240","PINO DA CAIXINHA DO FECHO - ZINCADO","1"
"1201007","FECHADURA AGL PVF2E - CZ","806011","FUNDO ZAMAC LINGUETA PVRF2E - CINZA","1"
"1201007","FECHADURA AGL PVF2E - CZ","401008","PARAFUSO PLASTIC PAN PHILLIPS 3 X 8 ZB","2"
"1201007","FECHADURA AGL PVF2E - CZ","401023","PARAFUSO MET M3.5 X 8 CH. PH - ZI","8"
"1201007","FECHADURA AGL PVF2E - CZ","401034","PARAFUSO PLASTIC 3 X 6 CH. PH - ZI","2"
"1201007","FECHADURA AGL PVF2E - CZ","401083","PF MET CH PHS M4X12MM ZI","4"
"1201007","FECHADURA AGL PVF2E - CZ","401089","PARAFUSO MET M3 X 8MM CH PHS ZI","2"
"1201007","FECHADURA AGL PVF2E - CZ","401100","PARAFUSO M3 X 12 CC. PH - ZI","1"
"1201007","FECHADURA AGL PVF2E - CZ","401101","PARAFUSO M3.5 X 6 CH. PH - ZI","8"
"1201007","FECHADURA AGL PVF2E - CZ","401102","PARAFUSO M4 X 8 CH. PH MET - ZI","1"
"1201007","FECHADURA AGL PVF2E - CZ","403013","MOLA DE RETORNO DA MAÇANETA FECHADURA PV","1"
"1201007","FECHADURA AGL PVF2E - CZ","403014","MOLA DE RETORNO DA TRAVA MAIOR","1"
"1201007","FECHADURA AGL PVF2E - CZ","403016","MOLA DE RETORNO DO DISPOSITIVO DE MEMORIA","1"
"1201007","FECHADURA AGL PVF2E - CZ","403017","MOLA DE RETORNO DO ROTOR","1"
"1201007","FECHADURA AGL PVF2E - CZ","403018","MOLA DE RETORNO DA TRAVA MENOR","1"
"1201007","FECHADURA AGL PVF2E - CZ","403025","MOLA DO ARIETE","1"
"1201007","FECHADURA AGL PVF2E - CZ","404015","CONJUNTO CILINDRO FECHADURA PORTA DE VIDRO 1 CIL.","1"
"1201007","FECHADURA AGL PVF2E - CZ","708018","CORPO DO ARIETE 4,76 X 29MM C/ DIAM 1,6MM - ZINCADO","1"
"1201007","FECHADURA AGL PVF2E - CZ","708021","LUVA DO ARIETE 10MM - ZINCADO","1"
"1201007","FECHADURA AGL PVF2E - CZ","801208","EIXO DO ROTOR - ZINCADO","1"
"1201007","FECHADURA AGL PVF2E - CZ","804321","CARRETEL DO FECHO","1"
"1201007","FECHADURA AGL PVF2E - CZ","804428","SOQUETE DO FECHO ELETRICO","1"
"1201007","FECHADURA AGL PVF2E - CZ","804468","PONTA DO ARIETE 2,55 X 26MM","1"
"1201007","FECHADURA AGL PVF2E - CZ","805088","NARIZ CILINDRO PVR - ZINCADO","1"
"1201007","FECHADURA AGL PVF2E - CZ","805089","BASE FIXAÇÃO MAÇANETA","1"
"1201007","FECHADURA AGL PVF2E - CZ","806005","CHAPA PUXADOR PVF2E P/ 1 OU 2 CILINDROS (MAIOR)","1"
"1201007","FECHADURA AGL PVF2E - CZ","806082","TERMINAL DE LATÃO DO SOQUETE","2"
"1201007","FECHADURA AGL PVF2E - CZ","807002","TRAVA MENOR FECHO PV","1"
"1201007","FECHADURA AGL PVF2E - CZ","807003","TRAVA MAIOR FECHO PV","1"
"1201007","FECHADURA AGL PVF2E - CZ","807049","DISPOSITIVO DE MEMORIA FECHO PV - ZINCADO","1"
"1201007","FECHADURA AGL PVF2E - CZ","807069","LINGUETA DAS FECHADURAS PV","1"
"1201007","FECHADURA AGL PVF2E - CZ","807088","ROTOR DO FECHO","1"
"1201007","FECHADURA AGL PVF2E - CZ","701084","CAIXA DO FECHO - BRUTO","1"
"1201007","FECHADURA AGL PVF2E - CZ","807102","BLINDAGEM DO FECHO","1"
"1201007","FECHADURA AGL PVF2E - CZ","807105","TRATOR MAÇANETA PV - ZINCADO","1"
"1201007","FECHADURA AGL PVF2E - CZ","807106","TAMPA DO FECHO DE METAL","1"
"1201007","FECHADURA AGL PVF2E - CZ","807138","VERGALHÃO QUADRADO 8MM PV - ZINCADO","1"
"1201007","FECHADURA AGL PVF2E - CZ","811277","ETIQUETA ADES. COUCHE 20MM X 15MM X 04 CAR","1"
"1201007","FECHADURA AGL PVF2E - CZ","811310","ETIQUETA ADES. COUCHE 33MM X 21MM X 03 CAR","1"
"1201007","FECHADURA AGL PVF2E - CZ","811762","SACO ZIP PADRAO - 05X07","1"
"1201007","FECHADURA AGL PVF2E - CZ","811681","AGL SOLAPA PORTA VIDRO 10,5 X 29,5 - CALÇO PV200","1"
"1201007","FECHADURA AGL PVF2E - CZ","811700","CAIXA FECHADURA ELETRICA P/ PORTAS DE VIDRO AGL 13,2 X 11,7 X 11,4","1"
"1201007","FECHADURA AGL PVF2E - CZ","806022","CHAPA FECHO PVF2E - CROMADA","1"
"1201007","FECHADURA AGL PVF2E - CZ","807077","FUNDO ZAMAC FECHO PV R/F 2E - CINZA","1"
"1201007","FECHADURA AGL PVF2E - CZ","806042","ALUMINIO FECHADURA PVRF2E","1"
"1201007","FECHADURA AGL PVF2E - CZ","806045","ALUMINIO DO BATENTE PVRF2E","1"
"1201007","FECHADURA AGL PVF2E - CZ","807053","BUCHA REDONDA FECHADURA PV -CROMADA","4"
"1201007","FECHADURA AGL PVF2E - CZ","811322","ETIQUETA ADES. BOPP 40MM X 40MM  BRANCA Bt759","1"
"1201007","FECHADURA AGL PVF2E - CZ","807056","MAÇANETA ALAVANCA - CROMADA","1"
"1201007","FECHADURA AGL PVF2E - CZ","103760","FIO COBRE ESMALTADO 155 TS 30 AWG","0,010787"
"1201007","FECHADURA AGL PVF2E - CZ","801240","PINO DA CAIXINHA DO FECHO - ZINCADO","1"
"1201008","FECHADURA AGL PVR2E - CZ","806011","FUNDO ZAMAC LINGUETA PVRF2E - CINZA","1"
"1201008","FECHADURA AGL PVR2E - CZ","806016","CHAPA FECHO PVR2E - CROMADA","1"
"1201008","FECHADURA AGL PVR2E - CZ","401008","PARAFUSO PLASTIC PAN PHILLIPS 3 X 8 ZB","2"
"1201008","FECHADURA AGL PVR2E - CZ","401023","PARAFUSO MET M3.5 X 8 CH. PH - ZI","8"
"1201008","FECHADURA AGL PVR2E - CZ","401034","PARAFUSO PLASTIC 3 X 6 CH. PH - ZI","2"
"1201008","FECHADURA AGL PVR2E - CZ","401083","PF MET CH PHS M4X12MM ZI","4"
"1201008","FECHADURA AGL PVR2E - CZ","401089","PARAFUSO MET M3 X 8MM CH PHS ZI","2"
"1201008","FECHADURA AGL PVR2E - CZ","401100","PARAFUSO M3 X 12 CC. PH - ZI","1"
"1201008","FECHADURA AGL PVR2E - CZ","401101","PARAFUSO M3.5 X 6 CH. PH - ZI","8"
"1201008","FECHADURA AGL PVR2E - CZ","403013","MOLA DE RETORNO DA MAÇANETA FECHADURA PV","1"
"1201008","FECHADURA AGL PVR2E - CZ","403014","MOLA DE RETORNO DA TRAVA MAIOR","1"
"1201008","FECHADURA AGL PVR2E - CZ","403016","MOLA DE RETORNO DO DISPOSITIVO DE MEMORIA","1"
"1201008","FECHADURA AGL PVR2E - CZ","403017","MOLA DE RETORNO DO ROTOR","1"
"1201008","FECHADURA AGL PVR2E - CZ","403018","MOLA DE RETORNO DA TRAVA MENOR","1"
"1201008","FECHADURA AGL PVR2E - CZ","403025","MOLA DO ARIETE","1"
"1201008","FECHADURA AGL PVR2E - CZ","404015","CONJUNTO CILINDRO FECHADURA PORTA DE VIDRO 1 CIL.","1"
"1201008","FECHADURA AGL PVR2E - CZ","708018","CORPO DO ARIETE 4,76 X 29MM C/ DIAM 1,6MM - ZINCADO","1"
"1201008","FECHADURA AGL PVR2E - CZ","708021","LUVA DO ARIETE 10MM - ZINCADO","1"
"1201008","FECHADURA AGL PVR2E - CZ","801208","EIXO DO ROTOR - ZINCADO","1"
"1201008","FECHADURA AGL PVR2E - CZ","804321","CARRETEL DO FECHO","1"
"1201008","FECHADURA AGL PVR2E - CZ","804323","ACABAMENTO RECORTE PV","2"
"1201008","FECHADURA AGL PVR2E - CZ","804428","SOQUETE DO FECHO ELETRICO","1"
"1201008","FECHADURA AGL PVR2E - CZ","804468","PONTA DO ARIETE 2,55 X 26MM","1"
"1201008","FECHADURA AGL PVR2E - CZ","805088","NARIZ CILINDRO PVR - ZINCADO","1"
"1201008","FECHADURA AGL PVR2E - CZ","805089","BASE FIXAÇÃO MAÇANETA","1"
"1201008","FECHADURA AGL PVR2E - CZ","806008","CHAPA PUXADOR PV200R2E P/ 1 OU 2 CILINDROS (MAIOR)","1"
"1201008","FECHADURA AGL PVR2E - CZ","806082","TERMINAL DE LATÃO DO SOQUETE","2"
"1201008","FECHADURA AGL PVR2E - CZ","807002","TRAVA MENOR FECHO PV","1"
"1201008","FECHADURA AGL PVR2E - CZ","807003","TRAVA MAIOR FECHO PV","1"
"1201008","FECHADURA AGL PVR2E - CZ","807049","DISPOSITIVO DE MEMORIA FECHO PV - ZINCADO","1"
"1201008","FECHADURA AGL PVR2E - CZ","807069","LINGUETA DAS FECHADURAS PV","1"
"1201008","FECHADURA AGL PVR2E - CZ","807088","ROTOR DO FECHO","1"
"1201008","FECHADURA AGL PVR2E - CZ","701084","CAIXA DO FECHO - BRUTO","1"
"1201008","FECHADURA AGL PVR2E - CZ","807102","BLINDAGEM DO FECHO","1"
"1201008","FECHADURA AGL PVR2E - CZ","807105","TRATOR MAÇANETA PV - ZINCADO","1"
"1201008","FECHADURA AGL PVR2E - CZ","807106","TAMPA DO FECHO DE METAL","1"
"1201008","FECHADURA AGL PVR2E - CZ","807138","VERGALHÃO QUADRADO 8MM PV - ZINCADO","1"
"1201008","FECHADURA AGL PVR2E - CZ","811277","ETIQUETA ADES. COUCHE 20MM X 15MM X 04 CAR","1"
"1201008","FECHADURA AGL PVR2E - CZ","811310","ETIQUETA ADES. COUCHE 33MM X 21MM X 03 CAR","1"
"1201008","FECHADURA AGL PVR2E - CZ","811762","SACO ZIP PADRAO - 05X07","1"
"1201008","FECHADURA AGL PVR2E - CZ","811681","AGL SOLAPA PORTA VIDRO 10,5 X 29,5 - CALÇO PV200","1"
"1201008","FECHADURA AGL PVR2E - CZ","811700","CAIXA FECHADURA ELETRICA P/ PORTAS DE VIDRO AGL 13,2 X 11,7 X 11,4","1"
"1201008","FECHADURA AGL PVR2E - CZ","807077","FUNDO ZAMAC FECHO PV R/F 2E - CINZA","1"
"1201008","FECHADURA AGL PVR2E - CZ","806045","ALUMINIO DO BATENTE PVRF2E","1"
"1201008","FECHADURA AGL PVR2E - CZ","806042","ALUMINIO FECHADURA PVRF2E","1"
"1201008","FECHADURA AGL PVR2E - CZ","807053","BUCHA REDONDA FECHADURA PV -CROMADA","4"
"1201008","FECHADURA AGL PVR2E - CZ","811322","ETIQUETA ADES. BOPP 40MM X 40MM  BRANCA Bt759","1"
"1201008","FECHADURA AGL PVR2E - CZ","807056","MAÇANETA ALAVANCA - CROMADA","1"
"1201008","FECHADURA AGL PVR2E - CZ","103760","FIO COBRE ESMALTADO 155 TS 30 AWG","0,010787"
"1201008","FECHADURA AGL PVR2E - CZ","801240","PINO DA CAIXINHA DO FECHO - ZINCADO","1"
"1201008","FECHADURA AGL PVR2E - CZ","403070","MOLA PVR RETORNO DA LINGUETA","1"
"1201009","FECHADURA AGL PV200F1I C/ 2 CIL. - CZ","401008","PARAFUSO PLASTIC PAN PHILLIPS 3 X 8 ZB","2"
"1201009","FECHADURA AGL PV200F1I C/ 2 CIL. - CZ","401023","PARAFUSO MET M3.5 X 8 CH. PH - ZI","10"
"1201009","FECHADURA AGL PV200F1I C/ 2 CIL. - CZ","401034","PARAFUSO PLASTIC 3 X 6 CH. PH - ZI","2"
"1201009","FECHADURA AGL PV200F1I C/ 2 CIL. - CZ","401083","PF MET CH PHS M4X12MM ZI","2"
"1201009","FECHADURA AGL PV200F1I C/ 2 CIL. - CZ","401089","PARAFUSO MET M3 X 8MM CH PHS ZI","4"
"1201009","FECHADURA AGL PV200F1I C/ 2 CIL. - CZ","401101","PARAFUSO M3.5 X 6 CH. PH - ZI","4"
"1201009","FECHADURA AGL PV200F1I C/ 2 CIL. - CZ","401102","PARAFUSO M4 X 8 CH. PH MET - ZI","4"
"1201009","FECHADURA AGL PV200F1I C/ 2 CIL. - CZ","403014","MOLA DE RETORNO DA TRAVA MAIOR","1"
"1201009","FECHADURA AGL PV200F1I C/ 2 CIL. - CZ","403016","MOLA DE RETORNO DO DISPOSITIVO DE MEMORIA","1"
"1201009","FECHADURA AGL PV200F1I C/ 2 CIL. - CZ","403017","MOLA DE RETORNO DO ROTOR","1"
"1201009","FECHADURA AGL PV200F1I C/ 2 CIL. - CZ","403018","MOLA DE RETORNO DA TRAVA MENOR","1"
"1201009","FECHADURA AGL PV200F1I C/ 2 CIL. - CZ","403022","MOLA PV200 RETORNO DA LINGUETA","1"
"1201009","FECHADURA AGL PV200F1I C/ 2 CIL. - CZ","403025","MOLA DO ARIETE","1"
"1201009","FECHADURA AGL PV200F1I C/ 2 CIL. - CZ","404016","CONJUNTO CILINDRO FECHADURA PORTA DE VIDRO 2 CIL.","2"
"1201009","FECHADURA AGL PV200F1I C/ 2 CIL. - CZ","708018","CORPO DO ARIETE 4,76 X 29MM C/ DIAM 1,6MM - ZINCADO","1"
"1201009","FECHADURA AGL PV200F1I C/ 2 CIL. - CZ","708021","LUVA DO ARIETE 10MM - ZINCADO","1"
"1201009","FECHADURA AGL PV200F1I C/ 2 CIL. - CZ","801208","EIXO DO ROTOR - ZINCADO","1"
"1201009","FECHADURA AGL PV200F1I C/ 2 CIL. - CZ","807106","TAMPA DO FECHO DE METAL","1"
"1201009","FECHADURA AGL PV200F1I C/ 2 CIL. - CZ","804321","CARRETEL DO FECHO","1"
"1201009","FECHADURA AGL PV200F1I C/ 2 CIL. - CZ","804406","ESPACADOR PARA FECHADURA 2 CILINDROS","1"
"1201009","FECHADURA AGL PV200F1I C/ 2 CIL. - CZ","804428","SOQUETE DO FECHO ELETRICO","1"
"1201009","FECHADURA AGL PV200F1I C/ 2 CIL. - CZ","804468","PONTA DO ARIETE 2,55 X 26MM","1"
"1201009","FECHADURA AGL PV200F1I C/ 2 CIL. - CZ","805085","CHAPA DE FIXAÇÃO CILINDRO DUPLO FECH PV - ZINCADA","1"
"1201009","FECHADURA AGL PV200F1I C/ 2 CIL. - CZ","805087","NARIZ CILINDRO PV200 - ZINCADO","2"
"1201009","FECHADURA AGL PV200F1I C/ 2 CIL. - CZ","806025","CHAPA PUXADOR PV200RF1IE P/ 1 OU 2 CILINDROS (MENOR)","1"
"1201009","FECHADURA AGL PV200F1I C/ 2 CIL. - CZ","806035","CHAPA PUXADOR PV200F1I/E P/ 1 OU 2 CILINDROS (MAIOR)","1"
"1201009","FECHADURA AGL PV200F1I C/ 2 CIL. - CZ","806082","TERMINAL DE LATÃO DO SOQUETE","2"
"1201009","FECHADURA AGL PV200F1I C/ 2 CIL. - CZ","807002","TRAVA MENOR FECHO PV","1"
"1201009","FECHADURA AGL PV200F1I C/ 2 CIL. - CZ","807003","TRAVA MAIOR FECHO PV","1"
"1201009","FECHADURA AGL PV200F1I C/ 2 CIL. - CZ","807049","DISPOSITIVO DE MEMORIA FECHO PV - ZINCADO","1"
"1201009","FECHADURA AGL PV200F1I C/ 2 CIL. - CZ","807069","LINGUETA DAS FECHADURAS PV","1"
"1201009","FECHADURA AGL PV200F1I C/ 2 CIL. - CZ","807088","ROTOR DO FECHO","1"
"1201009","FECHADURA AGL PV200F1I C/ 2 CIL. - CZ","701084","CAIXA DO FECHO - BRUTO","1"
"1201009","FECHADURA AGL PV200F1I C/ 2 CIL. - CZ","807102","BLINDAGEM DO FECHO","1"
"1201009","FECHADURA AGL PV200F1I C/ 2 CIL. - CZ","811277","ETIQUETA ADES. COUCHE 20MM X 15MM X 04 CAR","1"
"1201009","FECHADURA AGL PV200F1I C/ 2 CIL. - CZ","811310","ETIQUETA ADES. COUCHE 33MM X 21MM X 03 CAR","1"
"1201009","FECHADURA AGL PV200F1I C/ 2 CIL. - CZ","811762","SACO ZIP PADRAO - 05X07","1"
"1201009","FECHADURA AGL PV200F1I C/ 2 CIL. - CZ","811681","AGL SOLAPA PORTA VIDRO 10,5 X 29,5 - CALÇO PV200","1"
"1201009","FECHADURA AGL PV200F1I C/ 2 CIL. - CZ","811700","CAIXA FECHADURA ELETRICA P/ PORTAS DE VIDRO AGL 13,2 X 11,7 X 11,4","1"
"1201009","FECHADURA AGL PV200F1I C/ 2 CIL. - CZ","806031","CHAPA BATENTE PV200RF1I - CROMADO","1"
"1201009","FECHADURA AGL PV200F1I C/ 2 CIL. - CZ","806038","ALUMINIO FECHADURA PV200 C/2 CIL","1"
"1201009","FECHADURA AGL PV200F1I C/ 2 CIL. - CZ","807098","FUNDO ALUMINIO LINGUETA PV200RF1I/E - CINZA","1"
"1201009","FECHADURA AGL PV200F1I C/ 2 CIL. - CZ","807053","BUCHA REDONDA FECHADURA PV -CROMADA","4"
"1201009","FECHADURA AGL PV200F1I C/ 2 CIL. - CZ","811322","ETIQUETA ADES. BOPP 40MM X 40MM  BRANCA Bt759","1"
"1201009","FECHADURA AGL PV200F1I C/ 2 CIL. - CZ","103760","FIO COBRE ESMALTADO 155 TS 30 AWG","0,010787"
"1201009","FECHADURA AGL PV200F1I C/ 2 CIL. - CZ","801240","PINO DA CAIXINHA DO FECHO - ZINCADO","1"
"1201010","FECHADURA AGL PV200R1I C/ 2 CIL","401002","PARAFUSO 3.5 X 13 A/A CH. PH - ZI","4"
"1201010","FECHADURA AGL PV200R1I C/ 2 CIL","401008","PARAFUSO PLASTIC PAN PHILLIPS 3 X 8 ZB","2"
"1201010","FECHADURA AGL PV200R1I C/ 2 CIL","401023","PARAFUSO MET M3.5 X 8 CH. PH - ZI","6"
"1201010","FECHADURA AGL PV200R1I C/ 2 CIL","401034","PARAFUSO PLASTIC 3 X 6 CH. PH - ZI","2"
"1201010","FECHADURA AGL PV200R1I C/ 2 CIL","401083","PF MET CH PHS M4X12MM ZI","2"
"1201010","FECHADURA AGL PV200R1I C/ 2 CIL","401089","PARAFUSO MET M3 X 8MM CH PHS ZI","4"
"1201010","FECHADURA AGL PV200R1I C/ 2 CIL","401101","PARAFUSO M3.5 X 6 CH. PH - ZI","4"
"1201010","FECHADURA AGL PV200R1I C/ 2 CIL","403014","MOLA DE RETORNO DA TRAVA MAIOR","1"
"1201010","FECHADURA AGL PV200R1I C/ 2 CIL","403016","MOLA DE RETORNO DO DISPOSITIVO DE MEMORIA","1"
"1201010","FECHADURA AGL PV200R1I C/ 2 CIL","403017","MOLA DE RETORNO DO ROTOR","1"
"1201010","FECHADURA AGL PV200R1I C/ 2 CIL","403018","MOLA DE RETORNO DA TRAVA MENOR","1"
"1201010","FECHADURA AGL PV200R1I C/ 2 CIL","403022","MOLA PV200 RETORNO DA LINGUETA","1"
"1201010","FECHADURA AGL PV200R1I C/ 2 CIL","403025","MOLA DO ARIETE","1"
"1201010","FECHADURA AGL PV200R1I C/ 2 CIL","404016","CONJUNTO CILINDRO FECHADURA PORTA DE VIDRO 2 CIL.","2"
"1201010","FECHADURA AGL PV200R1I C/ 2 CIL","708018","CORPO DO ARIETE 4,76 X 29MM C/ DIAM 1,6MM - ZINCADO","1"
"1201010","FECHADURA AGL PV200R1I C/ 2 CIL","708021","LUVA DO ARIETE 10MM - ZINCADO","1"
"1201010","FECHADURA AGL PV200R1I C/ 2 CIL","801208","EIXO DO ROTOR - ZINCADO","1"
"1201010","FECHADURA AGL PV200R1I C/ 2 CIL","804321","CARRETEL DO FECHO","1"
"1201010","FECHADURA AGL PV200R1I C/ 2 CIL","804323","ACABAMENTO RECORTE PV","1"
"1201010","FECHADURA AGL PV200R1I C/ 2 CIL","804324","BLOQUEIO DE CARTÃO PV","1"
"1201010","FECHADURA AGL PV200R1I C/ 2 CIL","804406","ESPACADOR PARA FECHADURA 2 CILINDROS","1"
"1201010","FECHADURA AGL PV200R1I C/ 2 CIL","804428","SOQUETE DO FECHO ELETRICO","1"
"1201010","FECHADURA AGL PV200R1I C/ 2 CIL","804468","PONTA DO ARIETE 2,55 X 26MM","1"
"1201010","FECHADURA AGL PV200R1I C/ 2 CIL","805085","CHAPA DE FIXAÇÃO CILINDRO DUPLO FECH PV - ZINCADA","1"
"1201010","FECHADURA AGL PV200R1I C/ 2 CIL","805087","NARIZ CILINDRO PV200 - ZINCADO","2"
"1201010","FECHADURA AGL PV200R1I C/ 2 CIL","806025","CHAPA PUXADOR PV200RF1IE P/ 1 OU 2 CILINDROS (MENOR)","1"
"1201010","FECHADURA AGL PV200R1I C/ 2 CIL","806055","CHAPA PUXADOR PV200R1I/E P/ 1 OU 2 CILINDROS (MAIOR)","1"
"1201010","FECHADURA AGL PV200R1I C/ 2 CIL","806082","TERMINAL DE LATÃO DO SOQUETE","2"
"1201010","FECHADURA AGL PV200R1I C/ 2 CIL","807002","TRAVA MENOR FECHO PV","1"
"1201010","FECHADURA AGL PV200R1I C/ 2 CIL","807003","TRAVA MAIOR FECHO PV","1"
"1201010","FECHADURA AGL PV200R1I C/ 2 CIL","807049","DISPOSITIVO DE MEMORIA FECHO PV - ZINCADO","1"
"1201010","FECHADURA AGL PV200R1I C/ 2 CIL","807069","LINGUETA DAS FECHADURAS PV","1"
"1201010","FECHADURA AGL PV200R1I C/ 2 CIL","807088","ROTOR DO FECHO","1"
"1201010","FECHADURA AGL PV200R1I C/ 2 CIL","701084","CAIXA DO FECHO - BRUTO","1"
"1201010","FECHADURA AGL PV200R1I C/ 2 CIL","807102","BLINDAGEM DO FECHO","1"
"1201010","FECHADURA AGL PV200R1I C/ 2 CIL","807106","TAMPA DO FECHO DE METAL","1"
"1201010","FECHADURA AGL PV200R1I C/ 2 CIL","811277","ETIQUETA ADES. COUCHE 20MM X 15MM X 04 CAR","1"
"1201010","FECHADURA AGL PV200R1I C/ 2 CIL","811310","ETIQUETA ADES. COUCHE 33MM X 21MM X 03 CAR","1"
"1201010","FECHADURA AGL PV200R1I C/ 2 CIL","811762","SACO ZIP PADRAO - 05X07","1"
"1201010","FECHADURA AGL PV200R1I C/ 2 CIL","811681","AGL SOLAPA PORTA VIDRO 10,5 X 29,5 - CALÇO PV200","1"
"1201010","FECHADURA AGL PV200R1I C/ 2 CIL","811700","CAIXA FECHADURA ELETRICA P/ PORTAS DE VIDRO AGL 13,2 X 11,7 X 11,4","1"
"1201010","FECHADURA AGL PV200R1I C/ 2 CIL","806038","ALUMINIO FECHADURA PV200 C/2 CIL","1"
"1201010","FECHADURA AGL PV200R1I C/ 2 CIL","806031","CHAPA BATENTE PV200RF1I - CROMADO","1"
"1201010","FECHADURA AGL PV200R1I C/ 2 CIL","807053","BUCHA REDONDA FECHADURA PV -CROMADA","2"
"1201010","FECHADURA AGL PV200R1I C/ 2 CIL","811322","ETIQUETA ADES. BOPP 40MM X 40MM  BRANCA Bt759","1"
"1201010","FECHADURA AGL PV200R1I C/ 2 CIL","807098","FUNDO ALUMINIO LINGUETA PV200RF1I/E - CINZA","1"
"1201010","FECHADURA AGL PV200R1I C/ 2 CIL","103760","FIO COBRE ESMALTADO 155 TS 30 AWG","0,010787"
"1201010","FECHADURA AGL PV200R1I C/ 2 CIL","801240","PINO DA CAIXINHA DO FECHO - ZINCADO","1"
"1201010","FECHADURA AGL PV200R1I C/ 2 CIL","401102","PARAFUSO M4 X 8 CH. PH MET - ZI","4"
"1201011","FECHADURA AGL PV200R2I C/ 2 CIL","806004","CHAPA FECHO PVR2I - CROMADA","1"
"1201011","FECHADURA AGL PV200R2I C/ 2 CIL","401008","PARAFUSO PLASTIC PAN PHILLIPS 3 X 8 ZB","2"
"1201011","FECHADURA AGL PV200R2I C/ 2 CIL","401023","PARAFUSO MET M3.5 X 8 CH. PH - ZI","6"
"1201011","FECHADURA AGL PV200R2I C/ 2 CIL","401034","PARAFUSO PLASTIC 3 X 6 CH. PH - ZI","2"
"1201011","FECHADURA AGL PV200R2I C/ 2 CIL","401083","PF MET CH PHS M4X12MM ZI","4"
"1201011","FECHADURA AGL PV200R2I C/ 2 CIL","401089","PARAFUSO MET M3 X 8MM CH PHS ZI","4"
"1201011","FECHADURA AGL PV200R2I C/ 2 CIL","401101","PARAFUSO M3.5 X 6 CH. PH - ZI","8"
"1201011","FECHADURA AGL PV200R2I C/ 2 CIL","403014","MOLA DE RETORNO DA TRAVA MAIOR","1"
"1201011","FECHADURA AGL PV200R2I C/ 2 CIL","403016","MOLA DE RETORNO DO DISPOSITIVO DE MEMORIA","1"
"1201011","FECHADURA AGL PV200R2I C/ 2 CIL","403017","MOLA DE RETORNO DO ROTOR","1"
"1201011","FECHADURA AGL PV200R2I C/ 2 CIL","403018","MOLA DE RETORNO DA TRAVA MENOR","1"
"1201011","FECHADURA AGL PV200R2I C/ 2 CIL","403022","MOLA PV200 RETORNO DA LINGUETA","1"
"1201011","FECHADURA AGL PV200R2I C/ 2 CIL","403025","MOLA DO ARIETE","1"
"1201011","FECHADURA AGL PV200R2I C/ 2 CIL","404016","CONJUNTO CILINDRO FECHADURA PORTA DE VIDRO 2 CIL.","2"
"1201011","FECHADURA AGL PV200R2I C/ 2 CIL","708018","CORPO DO ARIETE 4,76 X 29MM C/ DIAM 1,6MM - ZINCADO","1"
"1201011","FECHADURA AGL PV200R2I C/ 2 CIL","708021","LUVA DO ARIETE 10MM - ZINCADO","1"
"1201011","FECHADURA AGL PV200R2I C/ 2 CIL","801208","EIXO DO ROTOR - ZINCADO","1"
"1201011","FECHADURA AGL PV200R2I C/ 2 CIL","804306","TAMPA PLASTICA DO FECHO","1"
"1201011","FECHADURA AGL PV200R2I C/ 2 CIL","804321","CARRETEL DO FECHO","1"
"1201011","FECHADURA AGL PV200R2I C/ 2 CIL","804323","ACABAMENTO RECORTE PV","2"
"1201011","FECHADURA AGL PV200R2I C/ 2 CIL","804406","ESPACADOR PARA FECHADURA 2 CILINDROS","1"
"1201011","FECHADURA AGL PV200R2I C/ 2 CIL","804428","SOQUETE DO FECHO ELETRICO","1"
"1201011","FECHADURA AGL PV200R2I C/ 2 CIL","804468","PONTA DO ARIETE 2,55 X 26MM","1"
"1201011","FECHADURA AGL PV200R2I C/ 2 CIL","805085","CHAPA DE FIXAÇÃO CILINDRO DUPLO FECH PV - ZINCADA","1"
"1201011","FECHADURA AGL PV200R2I C/ 2 CIL","805087","NARIZ CILINDRO PV200 - ZINCADO","2"
"1201011","FECHADURA AGL PV200R2I C/ 2 CIL","806001","CHAPA PUXADOR PV200R2I P/ 1 OU 2 CILINDROS (MAIOR)","1"
"1201011","FECHADURA AGL PV200R2I C/ 2 CIL","806087","ALUMINIO DO BATENTE PV200RF2I","1"
"1201011","FECHADURA AGL PV200R2I C/ 2 CIL","806054","CHAPA PUXADOR PV200RF2I P/ 1 OU 2 CILINDROS (MENOR)","1"
"1201011","FECHADURA AGL PV200R2I C/ 2 CIL","806082","TERMINAL DE LATÃO DO SOQUETE","2"
"1201011","FECHADURA AGL PV200R2I C/ 2 CIL","807002","TRAVA MENOR FECHO PV","1"
"1201011","FECHADURA AGL PV200R2I C/ 2 CIL","807003","TRAVA MAIOR FECHO PV","1"
"1201011","FECHADURA AGL PV200R2I C/ 2 CIL","807049","DISPOSITIVO DE MEMORIA FECHO PV - ZINCADO","1"
"1201011","FECHADURA AGL PV200R2I C/ 2 CIL","807069","LINGUETA DAS FECHADURAS PV","1"
"1201011","FECHADURA AGL PV200R2I C/ 2 CIL","807088","ROTOR DO FECHO","1"
"1201011","FECHADURA AGL PV200R2I C/ 2 CIL","701084","CAIXA DO FECHO - BRUTO","1"
"1201011","FECHADURA AGL PV200R2I C/ 2 CIL","807102","BLINDAGEM DO FECHO","1"
"1201011","FECHADURA AGL PV200R2I C/ 2 CIL","811310","ETIQUETA ADES. COUCHE 33MM X 21MM X 03 CAR","1"
"1201011","FECHADURA AGL PV200R2I C/ 2 CIL","811762","SACO ZIP PADRAO - 05X07","1"
"1201011","FECHADURA AGL PV200R2I C/ 2 CIL","811681","AGL SOLAPA PORTA VIDRO 10,5 X 29,5 - CALÇO PV200","1"
"1201011","FECHADURA AGL PV200R2I C/ 2 CIL","811700","CAIXA FECHADURA ELETRICA P/ PORTAS DE VIDRO AGL 13,2 X 11,7 X 11,4","1"
"1201011","FECHADURA AGL PV200R2I C/ 2 CIL","806038","ALUMINIO FECHADURA PV200 C/2 CIL","1"
"1201011","FECHADURA AGL PV200R2I C/ 2 CIL","807090","FUNDO ALUMINIO LINGUETA PV200RF2I - CINZA","1"
"1201011","FECHADURA AGL PV200R2I C/ 2 CIL","807053","BUCHA REDONDA FECHADURA PV -CROMADA","4"
"1201011","FECHADURA AGL PV200R2I C/ 2 CIL","807094","FUNDO ALUMINIO FECHO PV200RF2I - CINZA","1"
"1201011","FECHADURA AGL PV200R2I C/ 2 CIL","811322","ETIQUETA ADES. BOPP 40MM X 40MM  BRANCA Bt759","1"
"1201011","FECHADURA AGL PV200R2I C/ 2 CIL","103760","FIO COBRE ESMALTADO 155 TS 30 AWG","0,010787"
"1201011","FECHADURA AGL PV200R2I C/ 2 CIL","801240","PINO DA CAIXINHA DO FECHO - ZINCADO","1"
"1201012","FECHADURA AGL PV200F2I C/ 2 CIL. - CZ","401008","PARAFUSO PLASTIC PAN PHILLIPS 3 X 8 ZB","2"
"1201012","FECHADURA AGL PV200F2I C/ 2 CIL. - CZ","401023","PARAFUSO MET M3.5 X 8 CH. PH - ZI","6"
"1201012","FECHADURA AGL PV200F2I C/ 2 CIL. - CZ","401034","PARAFUSO PLASTIC 3 X 6 CH. PH - ZI","2"
"1201012","FECHADURA AGL PV200F2I C/ 2 CIL. - CZ","401083","PF MET CH PHS M4X12MM ZI","4"
"1201012","FECHADURA AGL PV200F2I C/ 2 CIL. - CZ","401089","PARAFUSO MET M3 X 8MM CH PHS ZI","4"
"1201012","FECHADURA AGL PV200F2I C/ 2 CIL. - CZ","401100","PARAFUSO M3 X 12 CC. PH - ZI","1"
"1201012","FECHADURA AGL PV200F2I C/ 2 CIL. - CZ","401101","PARAFUSO M3.5 X 6 CH. PH - ZI","8"
"1201012","FECHADURA AGL PV200F2I C/ 2 CIL. - CZ","401102","PARAFUSO M4 X 8 CH. PH MET - ZI","5"
"1201012","FECHADURA AGL PV200F2I C/ 2 CIL. - CZ","403014","MOLA DE RETORNO DA TRAVA MAIOR","1"
"1201012","FECHADURA AGL PV200F2I C/ 2 CIL. - CZ","403016","MOLA DE RETORNO DO DISPOSITIVO DE MEMORIA","1"
"1201012","FECHADURA AGL PV200F2I C/ 2 CIL. - CZ","403017","MOLA DE RETORNO DO ROTOR","1"
"1201012","FECHADURA AGL PV200F2I C/ 2 CIL. - CZ","403018","MOLA DE RETORNO DA TRAVA MENOR","1"
"1201012","FECHADURA AGL PV200F2I C/ 2 CIL. - CZ","403022","MOLA PV200 RETORNO DA LINGUETA","1"
"1201012","FECHADURA AGL PV200F2I C/ 2 CIL. - CZ","403025","MOLA DO ARIETE","1"
"1201012","FECHADURA AGL PV200F2I C/ 2 CIL. - CZ","404016","CONJUNTO CILINDRO FECHADURA PORTA DE VIDRO 2 CIL.","2"
"1201012","FECHADURA AGL PV200F2I C/ 2 CIL. - CZ","708018","CORPO DO ARIETE 4,76 X 29MM C/ DIAM 1,6MM - ZINCADO","1"
"1201012","FECHADURA AGL PV200F2I C/ 2 CIL. - CZ","708021","LUVA DO ARIETE 10MM - ZINCADO","1"
"1201012","FECHADURA AGL PV200F2I C/ 2 CIL. - CZ","801208","EIXO DO ROTOR - ZINCADO","1"
"1201012","FECHADURA AGL PV200F2I C/ 2 CIL. - CZ","804306","TAMPA PLASTICA DO FECHO","1"
"1201012","FECHADURA AGL PV200F2I C/ 2 CIL. - CZ","804321","CARRETEL DO FECHO","1"
"1201012","FECHADURA AGL PV200F2I C/ 2 CIL. - CZ","804406","ESPACADOR PARA FECHADURA 2 CILINDROS","1"
"1201012","FECHADURA AGL PV200F2I C/ 2 CIL. - CZ","804428","SOQUETE DO FECHO ELETRICO","1"
"1201012","FECHADURA AGL PV200F2I C/ 2 CIL. - CZ","804468","PONTA DO ARIETE 2,55 X 26MM","1"
"1201012","FECHADURA AGL PV200F2I C/ 2 CIL. - CZ","805085","CHAPA DE FIXAÇÃO CILINDRO DUPLO FECH PV - ZINCADA","1"
"1201012","FECHADURA AGL PV200F2I C/ 2 CIL. - CZ","805087","NARIZ CILINDRO PV200 - ZINCADO","2"
"1201012","FECHADURA AGL PV200F2I C/ 2 CIL. - CZ","806022","CHAPA FECHO PVF2E - CROMADA","1"
"1201012","FECHADURA AGL PV200F2I C/ 2 CIL. - CZ","806087","ALUMINIO DO BATENTE PV200RF2I","1"
"1201012","FECHADURA AGL PV200F2I C/ 2 CIL. - CZ","806052","CHAPA PUXADOR PV200F2I P/ 1 OU 2 CILINDROS (MAIOR)","1"
"1201012","FECHADURA AGL PV200F2I C/ 2 CIL. - CZ","806054","CHAPA PUXADOR PV200RF2I P/ 1 OU 2 CILINDROS (MENOR)","1"
"1201012","FECHADURA AGL PV200F2I C/ 2 CIL. - CZ","806082","TERMINAL DE LATÃO DO SOQUETE","2"
"1201012","FECHADURA AGL PV200F2I C/ 2 CIL. - CZ","807002","TRAVA MENOR FECHO PV","1"
"1201012","FECHADURA AGL PV200F2I C/ 2 CIL. - CZ","807003","TRAVA MAIOR FECHO PV","1"
"1201012","FECHADURA AGL PV200F2I C/ 2 CIL. - CZ","807049","DISPOSITIVO DE MEMORIA FECHO PV - ZINCADO","1"
"1201012","FECHADURA AGL PV200F2I C/ 2 CIL. - CZ","807069","LINGUETA DAS FECHADURAS PV","1"
"1201012","FECHADURA AGL PV200F2I C/ 2 CIL. - CZ","807088","ROTOR DO FECHO","1"
"1201012","FECHADURA AGL PV200F2I C/ 2 CIL. - CZ","701084","CAIXA DO FECHO - BRUTO","1"
"1201012","FECHADURA AGL PV200F2I C/ 2 CIL. - CZ","807102","BLINDAGEM DO FECHO","1"
"1201012","FECHADURA AGL PV200F2I C/ 2 CIL. - CZ","811277","ETIQUETA ADES. COUCHE 20MM X 15MM X 04 CAR","1"
"1201012","FECHADURA AGL PV200F2I C/ 2 CIL. - CZ","811310","ETIQUETA ADES. COUCHE 33MM X 21MM X 03 CAR","1"
"1201012","FECHADURA AGL PV200F2I C/ 2 CIL. - CZ","811762","SACO ZIP PADRAO - 05X07","1"
"1201012","FECHADURA AGL PV200F2I C/ 2 CIL. - CZ","811681","AGL SOLAPA PORTA VIDRO 10,5 X 29,5 - CALÇO PV200","1"
"1201012","FECHADURA AGL PV200F2I C/ 2 CIL. - CZ","811700","CAIXA FECHADURA ELETRICA P/ PORTAS DE VIDRO AGL 13,2 X 11,7 X 11,4","1"
"1201012","FECHADURA AGL PV200F2I C/ 2 CIL. - CZ","806038","ALUMINIO FECHADURA PV200 C/2 CIL","1"
"1201012","FECHADURA AGL PV200F2I C/ 2 CIL. - CZ","807090","FUNDO ALUMINIO LINGUETA PV200RF2I - CINZA","1"
"1201012","FECHADURA AGL PV200F2I C/ 2 CIL. - CZ","807053","BUCHA REDONDA FECHADURA PV -CROMADA","2"
"1201012","FECHADURA AGL PV200F2I C/ 2 CIL. - CZ","807094","FUNDO ALUMINIO FECHO PV200RF2I - CINZA","1"
"1201012","FECHADURA AGL PV200F2I C/ 2 CIL. - CZ","811322","ETIQUETA ADES. BOPP 40MM X 40MM  BRANCA Bt759","1"
"1201012","FECHADURA AGL PV200F2I C/ 2 CIL. - CZ","103760","FIO COBRE ESMALTADO 155 TS 30 AWG","0,010787"
"1201012","FECHADURA AGL PV200F2I C/ 2 CIL. - CZ","801240","PINO DA CAIXINHA DO FECHO - ZINCADO","1"
"1201013","FECHADURA AGL PV200R1E - PRETA","401002","PARAFUSO 3.5 X 13 A/A CH. PH - ZI","4"
"1201013","FECHADURA AGL PV200R1E - PRETA","401008","PARAFUSO PLASTIC PAN PHILLIPS 3 X 8 ZB","2"
"1201013","FECHADURA AGL PV200R1E - PRETA","401023","PARAFUSO MET M3.5 X 8 CH. PH - ZI","4"
"1201013","FECHADURA AGL PV200R1E - PRETA","401034","PARAFUSO PLASTIC 3 X 6 CH. PH - ZI","2"
"1201013","FECHADURA AGL PV200R1E - PRETA","401083","PF MET CH PHS M4X12MM ZI","2"
"1201013","FECHADURA AGL PV200R1E - PRETA","401089","PARAFUSO MET M3 X 8MM CH PHS ZI","4"
"1201013","FECHADURA AGL PV200R1E - PRETA","401100","PARAFUSO M3 X 12 CC. PH - ZI","1"
"1201013","FECHADURA AGL PV200R1E - PRETA","401101","PARAFUSO M3.5 X 6 CH. PH - ZI","4"
"1201013","FECHADURA AGL PV200R1E - PRETA","401102","PARAFUSO M4 X 8 CH. PH MET - ZI","5"
"1201013","FECHADURA AGL PV200R1E - PRETA","403013","MOLA DE RETORNO DA MAÇANETA FECHADURA PV","1"
"1201013","FECHADURA AGL PV200R1E - PRETA","403014","MOLA DE RETORNO DA TRAVA MAIOR","1"
"1201013","FECHADURA AGL PV200R1E - PRETA","403016","MOLA DE RETORNO DO DISPOSITIVO DE MEMORIA","1"
"1201013","FECHADURA AGL PV200R1E - PRETA","403017","MOLA DE RETORNO DO ROTOR","1"
"1201013","FECHADURA AGL PV200R1E - PRETA","403018","MOLA DE RETORNO DA TRAVA MENOR","1"
"1201013","FECHADURA AGL PV200R1E - PRETA","403022","MOLA PV200 RETORNO DA LINGUETA","1"
"1201013","FECHADURA AGL PV200R1E - PRETA","403025","MOLA DO ARIETE","1"
"1201013","FECHADURA AGL PV200R1E - PRETA","404015","CONJUNTO CILINDRO FECHADURA PORTA DE VIDRO 1 CIL.","1"
"1201013","FECHADURA AGL PV200R1E - PRETA","708018","CORPO DO ARIETE 4,76 X 29MM C/ DIAM 1,6MM - ZINCADO","1"
"1201013","FECHADURA AGL PV200R1E - PRETA","708021","LUVA DO ARIETE 10MM - ZINCADO","1"
"1201013","FECHADURA AGL PV200R1E - PRETA","801208","EIXO DO ROTOR - ZINCADO","1"
"1201013","FECHADURA AGL PV200R1E - PRETA","804210","ARRUELA MAÇANETA PV","1"
"1201013","FECHADURA AGL PV200R1E - PRETA","804212","ENCOSTO PARA CHAPA DO BATENTE PV","1"
"1201013","FECHADURA AGL PV200R1E - PRETA","804321","CARRETEL DO FECHO","1"
"1201013","FECHADURA AGL PV200R1E - PRETA","804323","ACABAMENTO RECORTE PV","1"
"1201013","FECHADURA AGL PV200R1E - PRETA","804428","SOQUETE DO FECHO ELETRICO","1"
"1201013","FECHADURA AGL PV200R1E - PRETA","804468","PONTA DO ARIETE 2,55 X 26MM","1"
"1201013","FECHADURA AGL PV200R1E - PRETA","805088","NARIZ CILINDRO PVR - ZINCADO","1"
"1201013","FECHADURA AGL PV200R1E - PRETA","805089","BASE FIXAÇÃO MAÇANETA","1"
"1201013","FECHADURA AGL PV200R1E - PRETA","806006","FUNDO ALUMINIO LINGUETA PV200RF1I/E - PRETO","1"
"1201013","FECHADURA AGL PV200R1E - PRETA","806082","TERMINAL DE LATÃO DO SOQUETE","2"
"1201013","FECHADURA AGL PV200R1E - PRETA","807002","TRAVA MENOR FECHO PV","1"
"1201013","FECHADURA AGL PV200R1E - PRETA","807003","TRAVA MAIOR FECHO PV","1"
"1201013","FECHADURA AGL PV200R1E - PRETA","807049","DISPOSITIVO DE MEMORIA FECHO PV - ZINCADO","1"
"1201013","FECHADURA AGL PV200R1E - PRETA","807069","LINGUETA DAS FECHADURAS PV","1"
"1201013","FECHADURA AGL PV200R1E - PRETA","807088","ROTOR DO FECHO","1"
"1201013","FECHADURA AGL PV200R1E - PRETA","701084","CAIXA DO FECHO - BRUTO","1"
"1201013","FECHADURA AGL PV200R1E - PRETA","807102","BLINDAGEM DO FECHO","1"
"1201013","FECHADURA AGL PV200R1E - PRETA","807105","TRATOR MAÇANETA PV - ZINCADO","1"
"1201013","FECHADURA AGL PV200R1E - PRETA","807106","TAMPA DO FECHO DE METAL","1"
"1201013","FECHADURA AGL PV200R1E - PRETA","807138","VERGALHÃO QUADRADO 8MM PV - ZINCADO","1"
"1201013","FECHADURA AGL PV200R1E - PRETA","811277","ETIQUETA ADES. COUCHE 20MM X 15MM X 04 CAR","1"
"1201013","FECHADURA AGL PV200R1E - PRETA","811310","ETIQUETA ADES. COUCHE 33MM X 21MM X 03 CAR","1"
"1201013","FECHADURA AGL PV200R1E - PRETA","811762","SACO ZIP PADRAO - 05X07","1"
"1201013","FECHADURA AGL PV200R1E - PRETA","811681","AGL SOLAPA PORTA VIDRO 10,5 X 29,5 - CALÇO PV200","1"
"1201013","FECHADURA AGL PV200R1E - PRETA","811700","CAIXA FECHADURA ELETRICA P/ PORTAS DE VIDRO AGL 13,2 X 11,7 X 11,4","1"
"1201013","FECHADURA AGL PV200R1E - PRETA","807053","BUCHA REDONDA FECHADURA PV -CROMADA","2"
"1201013","FECHADURA AGL PV200R1E - PRETA","807053","BUCHA REDONDA FECHADURA PV -CROMADA","1"
"1201013","FECHADURA AGL PV200R1E - PRETA","806034","MAÇANETA ALAVANCA - PRETA","1"
"1201013","FECHADURA AGL PV200R1E - PRETA","806089","FRENTE AL LINGUETA PV - PRETA","1"
"1201013","FECHADURA AGL PV200R1E - PRETA","811322","ETIQUETA ADES. BOPP 40MM X 40MM  BRANCA Bt759","1"
"1201013","FECHADURA AGL PV200R1E - PRETA","806013","CHAPA BATENTE PV200RF1E - PRETO","1"
"1201013","FECHADURA AGL PV200R1E - PRETA","806071","CHAPA PUXADOR PV200R1I/E P/ 1 OU 2 CILINDROS (MAIOR) - PRETO","2"
"1201013","FECHADURA AGL PV200R1E - PRETA","103760","FIO COBRE ESMALTADO 155 TS 30 AWG","0,010787"
"1201013","FECHADURA AGL PV200R1E - PRETA","801240","PINO DA CAIXINHA DO FECHO - ZINCADO","1"
"1201014","FECHO ELÉTRICO SEG 12V EX","401002","PARAFUSO 3.5 X 13 A/A CH. PH - ZI","4"
"1201014","FECHO ELÉTRICO SEG 12V EX","401008","PARAFUSO PLASTIC PAN PHILLIPS 3 X 8 ZB","2"
"1201014","FECHO ELÉTRICO SEG 12V EX","401023","PARAFUSO MET M3.5 X 8 CH. PH - ZI","2"
"1201014","FECHO ELÉTRICO SEG 12V EX","401034","PARAFUSO PLASTIC 3 X 6 CH. PH - ZI","2"
"1201014","FECHO ELÉTRICO SEG 12V EX","403014","MOLA DE RETORNO DA TRAVA MAIOR","1"
"1201014","FECHO ELÉTRICO SEG 12V EX","403016","MOLA DE RETORNO DO DISPOSITIVO DE MEMORIA","1"
"1201014","FECHO ELÉTRICO SEG 12V EX","403017","MOLA DE RETORNO DO ROTOR","1"
"1201014","FECHO ELÉTRICO SEG 12V EX","403018","MOLA DE RETORNO DA TRAVA MENOR","1"
"1201014","FECHO ELÉTRICO SEG 12V EX","403025","MOLA DO ARIETE","1"
"1201014","FECHO ELÉTRICO SEG 12V EX","708018","CORPO DO ARIETE 4,76 X 29MM C/ DIAM 1,6MM - ZINCADO","1"
"1201014","FECHO ELÉTRICO SEG 12V EX","708021","LUVA DO ARIETE 10MM - ZINCADO","1"
"1201014","FECHO ELÉTRICO SEG 12V EX","804468","PONTA DO ARIETE 2,55 X 26MM","1"
"1201014","FECHO ELÉTRICO SEG 12V EX","804321","CARRETEL DO FECHO","1"
"1201014","FECHO ELÉTRICO SEG 12V EX","807049","DISPOSITIVO DE MEMORIA FECHO PV - ZINCADO","1"
"1201014","FECHO ELÉTRICO SEG 12V EX","804428","SOQUETE DO FECHO ELETRICO","1"
"1201014","FECHO ELÉTRICO SEG 12V EX","806082","TERMINAL DE LATÃO DO SOQUETE","2"
"1201014","FECHO ELÉTRICO SEG 12V EX","807002","TRAVA MENOR FECHO PV","1"
"1201014","FECHO ELÉTRICO SEG 12V EX","807003","TRAVA MAIOR FECHO PV","1"
"1201014","FECHO ELÉTRICO SEG 12V EX","807088","ROTOR DO FECHO","1"
"1201014","FECHO ELÉTRICO SEG 12V EX","701084","CAIXA DO FECHO - BRUTO","1"
"1201014","FECHO ELÉTRICO SEG 12V EX","807102","BLINDAGEM DO FECHO","1"
"1201014","FECHO ELÉTRICO SEG 12V EX","807103","TESTEIRA DO FECHO CINZA","1"
"1201014","FECHO ELÉTRICO SEG 12V EX","807106","TAMPA DO FECHO DE METAL","1"
"1201014","FECHO ELÉTRICO SEG 12V EX","811277","ETIQUETA ADES. COUCHE 20MM X 15MM X 04 CAR","1"
"1201014","FECHO ELÉTRICO SEG 12V EX","811322","ETIQUETA ADES. BOPP 40MM X 40MM  BRANCA Bt759","1"
"1201014","FECHO ELÉTRICO SEG 12V EX","811530","CAIXA COLORIDA DO FECHO 12V SEG 3,7 X 2,8 X 24,0","1"
"1201014","FECHO ELÉTRICO SEG 12V EX","103760","FIO COBRE ESMALTADO 155 TS 30 AWG","0,010787"
"1201014","FECHO ELÉTRICO SEG 12V EX","801240","PINO DA CAIXINHA DO FECHO - ZINCADO","1"
"1201014","FECHO ELÉTRICO SEG 12V EX","801208","EIXO DO ROTOR - ZINCADO","1"
"1201014","FECHO ELÉTRICO SEG 12V EX","102817","CHAVE SIMPLES VIRGEM AGL - SEM LOGO","2"
"1201018","FECHO ELÉTRICO AGL 12V","401002","PARAFUSO 3.5 X 13 A/A CH. PH - ZI","4"
"1201018","FECHO ELÉTRICO AGL 12V","401008","PARAFUSO PLASTIC PAN PHILLIPS 3 X 8 ZB","2"
"1201018","FECHO ELÉTRICO AGL 12V","401023","PARAFUSO MET M3.5 X 8 CH. PH - ZI","2"
"1201018","FECHO ELÉTRICO AGL 12V","401034","PARAFUSO PLASTIC 3 X 6 CH. PH - ZI","2"
"1201018","FECHO ELÉTRICO AGL 12V","403014","MOLA DE RETORNO DA TRAVA MAIOR","1"
"1201018","FECHO ELÉTRICO AGL 12V","403016","MOLA DE RETORNO DO DISPOSITIVO DE MEMORIA","1"
"1201018","FECHO ELÉTRICO AGL 12V","403017","MOLA DE RETORNO DO ROTOR","1"
"1201018","FECHO ELÉTRICO AGL 12V","403018","MOLA DE RETORNO DA TRAVA MENOR","1"
"1201018","FECHO ELÉTRICO AGL 12V","403025","MOLA DO ARIETE","1"
"1201018","FECHO ELÉTRICO AGL 12V","708018","CORPO DO ARIETE 4,76 X 29MM C/ DIAM 1,6MM - ZINCADO","1"
"1201018","FECHO ELÉTRICO AGL 12V","801208","EIXO DO ROTOR - ZINCADO","1"
"1201018","FECHO ELÉTRICO AGL 12V","708021","LUVA DO ARIETE 10MM - ZINCADO","1"
"1201018","FECHO ELÉTRICO AGL 12V","804468","PONTA DO ARIETE 2,55 X 26MM","1"
"1201018","FECHO ELÉTRICO AGL 12V","804321","CARRETEL DO FECHO","1"
"1201018","FECHO ELÉTRICO AGL 12V","807049","DISPOSITIVO DE MEMORIA FECHO PV - ZINCADO","1"
"1201018","FECHO ELÉTRICO AGL 12V","804428","SOQUETE DO FECHO ELETRICO","1"
"1201018","FECHO ELÉTRICO AGL 12V","806082","TERMINAL DE LATÃO DO SOQUETE","2"
"1201018","FECHO ELÉTRICO AGL 12V","807002","TRAVA MENOR FECHO PV","1"
"1201018","FECHO ELÉTRICO AGL 12V","807003","TRAVA MAIOR FECHO PV","1"
"1201018","FECHO ELÉTRICO AGL 12V","807088","ROTOR DO FECHO","1"
"1201018","FECHO ELÉTRICO AGL 12V","701084","CAIXA DO FECHO - BRUTO","1"
"1201018","FECHO ELÉTRICO AGL 12V","807102","BLINDAGEM DO FECHO","1"
"1201018","FECHO ELÉTRICO AGL 12V","807103","TESTEIRA DO FECHO CINZA","1"
"1201018","FECHO ELÉTRICO AGL 12V","807106","TAMPA DO FECHO DE METAL","1"
"1201018","FECHO ELÉTRICO AGL 12V","811277","ETIQUETA ADES. COUCHE 20MM X 15MM X 04 CAR","1"
"1201018","FECHO ELÉTRICO AGL 12V","811322","ETIQUETA ADES. BOPP 40MM X 40MM  BRANCA Bt759","1"
"1201018","FECHO ELÉTRICO AGL 12V","811736","CAIXA COLORIDA DO FECHO 12V AGL 3,7 X 2,8 X 24,0","1"
"1201018","FECHO ELÉTRICO AGL 12V","103760","FIO COBRE ESMALTADO 155 TS 30 AWG","0,010787"
"1201018","FECHO ELÉTRICO AGL 12V","801240","PINO DA CAIXINHA DO FECHO - ZINCADO","1"
"1201020","FECHADURA AGL PVR2E 2 CILINDROS","806011","FUNDO ZAMAC LINGUETA PVRF2E - CINZA","1"
"1201020","FECHADURA AGL PVR2E 2 CILINDROS","806016","CHAPA FECHO PVR2E - CROMADA","1"
"1201020","FECHADURA AGL PVR2E 2 CILINDROS","401008","PARAFUSO PLASTIC PAN PHILLIPS 3 X 8 ZB","2"
"1201020","FECHADURA AGL PVR2E 2 CILINDROS","401023","PARAFUSO MET M3.5 X 8 CH. PH - ZI","10"
"1201020","FECHADURA AGL PVR2E 2 CILINDROS","401034","PARAFUSO PLASTIC 3 X 6 CH. PH - ZI","2"
"1201020","FECHADURA AGL PVR2E 2 CILINDROS","401083","PF MET CH PHS M4X12MM ZI","4"
"1201020","FECHADURA AGL PVR2E 2 CILINDROS","401089","PARAFUSO MET M3 X 8MM CH PHS ZI","4"
"1201020","FECHADURA AGL PVR2E 2 CILINDROS","401101","PARAFUSO M3.5 X 6 CH. PH - ZI","4"
"1201020","FECHADURA AGL PVR2E 2 CILINDROS","403014","MOLA DE RETORNO DA TRAVA MAIOR","1"
"1201020","FECHADURA AGL PVR2E 2 CILINDROS","403016","MOLA DE RETORNO DO DISPOSITIVO DE MEMORIA","1"
"1201020","FECHADURA AGL PVR2E 2 CILINDROS","403017","MOLA DE RETORNO DO ROTOR","1"
"1201020","FECHADURA AGL PVR2E 2 CILINDROS","403018","MOLA DE RETORNO DA TRAVA MENOR","1"
"1201020","FECHADURA AGL PVR2E 2 CILINDROS","403025","MOLA DO ARIETE","1"
"1201020","FECHADURA AGL PVR2E 2 CILINDROS","404016","CONJUNTO CILINDRO FECHADURA PORTA DE VIDRO 2 CIL.","2"
"1201020","FECHADURA AGL PVR2E 2 CILINDROS","708018","CORPO DO ARIETE 4,76 X 29MM C/ DIAM 1,6MM - ZINCADO","1"
"1201020","FECHADURA AGL PVR2E 2 CILINDROS","708021","LUVA DO ARIETE 10MM - ZINCADO","1"
"1201020","FECHADURA AGL PVR2E 2 CILINDROS","801208","EIXO DO ROTOR - ZINCADO","1"
"1201020","FECHADURA AGL PVR2E 2 CILINDROS","804321","CARRETEL DO FECHO","1"
"1201020","FECHADURA AGL PVR2E 2 CILINDROS","804323","ACABAMENTO RECORTE PV","2"
"1201020","FECHADURA AGL PVR2E 2 CILINDROS","804406","ESPACADOR PARA FECHADURA 2 CILINDROS","1"
"1201020","FECHADURA AGL PVR2E 2 CILINDROS","804428","SOQUETE DO FECHO ELETRICO","1"
"1201020","FECHADURA AGL PVR2E 2 CILINDROS","804468","PONTA DO ARIETE 2,55 X 26MM","1"
"1201020","FECHADURA AGL PVR2E 2 CILINDROS","805085","CHAPA DE FIXAÇÃO CILINDRO DUPLO FECH PV - ZINCADA","1"
"1201020","FECHADURA AGL PVR2E 2 CILINDROS","805088","NARIZ CILINDRO PVR - ZINCADO","2"
"1201020","FECHADURA AGL PVR2E 2 CILINDROS","806008","CHAPA PUXADOR PV200R2E P/ 1 OU 2 CILINDROS (MAIOR)","1"
"1201020","FECHADURA AGL PVR2E 2 CILINDROS","806082","TERMINAL DE LATÃO DO SOQUETE","2"
"1201020","FECHADURA AGL PVR2E 2 CILINDROS","807002","TRAVA MENOR FECHO PV","1"
"1201020","FECHADURA AGL PVR2E 2 CILINDROS","807003","TRAVA MAIOR FECHO PV","1"
"1201020","FECHADURA AGL PVR2E 2 CILINDROS","807049","DISPOSITIVO DE MEMORIA FECHO PV - ZINCADO","1"
"1201020","FECHADURA AGL PVR2E 2 CILINDROS","807069","LINGUETA DAS FECHADURAS PV","1"
"1201020","FECHADURA AGL PVR2E 2 CILINDROS","807088","ROTOR DO FECHO","1"
"1201020","FECHADURA AGL PVR2E 2 CILINDROS","701084","CAIXA DO FECHO - BRUTO","1"
"1201020","FECHADURA AGL PVR2E 2 CILINDROS","807102","BLINDAGEM DO FECHO","1"
"1201020","FECHADURA AGL PVR2E 2 CILINDROS","807106","TAMPA DO FECHO DE METAL","1"
"1201020","FECHADURA AGL PVR2E 2 CILINDROS","811277","ETIQUETA ADES. COUCHE 20MM X 15MM X 04 CAR","1"
"1201020","FECHADURA AGL PVR2E 2 CILINDROS","811310","ETIQUETA ADES. COUCHE 33MM X 21MM X 03 CAR","1"
"1201020","FECHADURA AGL PVR2E 2 CILINDROS","811762","SACO ZIP PADRAO - 05X07","1"
"1201020","FECHADURA AGL PVR2E 2 CILINDROS","811681","AGL SOLAPA PORTA VIDRO 10,5 X 29,5 - CALÇO PV200","1"
"1201020","FECHADURA AGL PVR2E 2 CILINDROS","811700","CAIXA FECHADURA ELETRICA P/ PORTAS DE VIDRO AGL 13,2 X 11,7 X 11,4","1"
"1201020","FECHADURA AGL PVR2E 2 CILINDROS","807077","FUNDO ZAMAC FECHO PV R/F 2E - CINZA","1"
"1201020","FECHADURA AGL PVR2E 2 CILINDROS","806091","ALUMINIO FECHADURA C/2CIL PVRF2E","1"
"1201020","FECHADURA AGL PVR2E 2 CILINDROS","806045","ALUMINIO DO BATENTE PVRF2E","1"
"1201020","FECHADURA AGL PVR2E 2 CILINDROS","807053","BUCHA REDONDA FECHADURA PV -CROMADA","2"
"1201020","FECHADURA AGL PVR2E 2 CILINDROS","811322","ETIQUETA ADES. BOPP 40MM X 40MM  BRANCA Bt759","1"
"1201020","FECHADURA AGL PVR2E 2 CILINDROS","103760","FIO COBRE ESMALTADO 155 TS 30 AWG","0,010787"
"1201020","FECHADURA AGL PVR2E 2 CILINDROS","801240","PINO DA CAIXINHA DO FECHO - ZINCADO","1"
"1201020","FECHADURA AGL PVR2E 2 CILINDROS","403070","MOLA PVR RETORNO DA LINGUETA","1"
"1201021","FECHADURA AGL PVF2E 2 CILINDROS","806011","FUNDO ZAMAC LINGUETA PVRF2E - CINZA","1"
"1201021","FECHADURA AGL PVF2E 2 CILINDROS","806022","CHAPA FECHO PVF2E - CROMADA","1"
"1201021","FECHADURA AGL PVF2E 2 CILINDROS","401002","PARAFUSO 3.5 X 13 A/A CH. PH - ZI","4"
"1201021","FECHADURA AGL PVF2E 2 CILINDROS","401008","PARAFUSO PLASTIC PAN PHILLIPS 3 X 8 ZB","2"
"1201021","FECHADURA AGL PVF2E 2 CILINDROS","401023","PARAFUSO MET M3.5 X 8 CH. PH - ZI","10"
"1201021","FECHADURA AGL PVF2E 2 CILINDROS","401034","PARAFUSO PLASTIC 3 X 6 CH. PH - ZI","2"
"1201021","FECHADURA AGL PVF2E 2 CILINDROS","401083","PF MET CH PHS M4X12MM ZI","4"
"1201021","FECHADURA AGL PVF2E 2 CILINDROS","401089","PARAFUSO MET M3 X 8MM CH PHS ZI","4"
"1201021","FECHADURA AGL PVF2E 2 CILINDROS","401101","PARAFUSO M3.5 X 6 CH. PH - ZI","4"
"1201021","FECHADURA AGL PVF2E 2 CILINDROS","403014","MOLA DE RETORNO DA TRAVA MAIOR","1"
"1201021","FECHADURA AGL PVF2E 2 CILINDROS","403016","MOLA DE RETORNO DO DISPOSITIVO DE MEMORIA","1"
"1201021","FECHADURA AGL PVF2E 2 CILINDROS","403017","MOLA DE RETORNO DO ROTOR","1"
"1201021","FECHADURA AGL PVF2E 2 CILINDROS","403018","MOLA DE RETORNO DA TRAVA MENOR","1"
"1201021","FECHADURA AGL PVF2E 2 CILINDROS","403025","MOLA DO ARIETE","1"
"1201021","FECHADURA AGL PVF2E 2 CILINDROS","404016","CONJUNTO CILINDRO FECHADURA PORTA DE VIDRO 2 CIL.","2"
"1201021","FECHADURA AGL PVF2E 2 CILINDROS","708018","CORPO DO ARIETE 4,76 X 29MM C/ DIAM 1,6MM - ZINCADO","1"
"1201021","FECHADURA AGL PVF2E 2 CILINDROS","708021","LUVA DO ARIETE 10MM - ZINCADO","1"
"1201021","FECHADURA AGL PVF2E 2 CILINDROS","801208","EIXO DO ROTOR - ZINCADO","1"
"1201021","FECHADURA AGL PVF2E 2 CILINDROS","804321","CARRETEL DO FECHO","1"
"1201021","FECHADURA AGL PVF2E 2 CILINDROS","804406","ESPACADOR PARA FECHADURA 2 CILINDROS","1"
"1201021","FECHADURA AGL PVF2E 2 CILINDROS","804428","SOQUETE DO FECHO ELETRICO","1"
"1201021","FECHADURA AGL PVF2E 2 CILINDROS","804468","PONTA DO ARIETE 2,55 X 26MM","1"
"1201021","FECHADURA AGL PVF2E 2 CILINDROS","805085","CHAPA DE FIXAÇÃO CILINDRO DUPLO FECH PV - ZINCADA","1"
"1201021","FECHADURA AGL PVF2E 2 CILINDROS","805088","NARIZ CILINDRO PVR - ZINCADO","2"
"1201021","FECHADURA AGL PVF2E 2 CILINDROS","806008","CHAPA PUXADOR PV200R2E P/ 1 OU 2 CILINDROS (MAIOR)","1"
"1201021","FECHADURA AGL PVF2E 2 CILINDROS","806082","TERMINAL DE LATÃO DO SOQUETE","2"
"1201021","FECHADURA AGL PVF2E 2 CILINDROS","807002","TRAVA MENOR FECHO PV","1"
"1201021","FECHADURA AGL PVF2E 2 CILINDROS","807003","TRAVA MAIOR FECHO PV","1"
"1201021","FECHADURA AGL PVF2E 2 CILINDROS","807049","DISPOSITIVO DE MEMORIA FECHO PV - ZINCADO","1"
"1201021","FECHADURA AGL PVF2E 2 CILINDROS","807069","LINGUETA DAS FECHADURAS PV","1"
"1201021","FECHADURA AGL PVF2E 2 CILINDROS","807077","FUNDO ZAMAC FECHO PV R/F 2E - CINZA","1"
"1201021","FECHADURA AGL PVF2E 2 CILINDROS","807088","ROTOR DO FECHO","1"
"1201021","FECHADURA AGL PVF2E 2 CILINDROS","701084","CAIXA DO FECHO - BRUTO","1"
"1201021","FECHADURA AGL PVF2E 2 CILINDROS","807102","BLINDAGEM DO FECHO","1"
"1201021","FECHADURA AGL PVF2E 2 CILINDROS","807106","TAMPA DO FECHO DE METAL","1"
"1201021","FECHADURA AGL PVF2E 2 CILINDROS","811277","ETIQUETA ADES. COUCHE 20MM X 15MM X 04 CAR","1"
"1201021","FECHADURA AGL PVF2E 2 CILINDROS","811310","ETIQUETA ADES. COUCHE 33MM X 21MM X 03 CAR","1"
"1201021","FECHADURA AGL PVF2E 2 CILINDROS","811762","SACO ZIP PADRAO - 05X07","1"
"1201021","FECHADURA AGL PVF2E 2 CILINDROS","811681","AGL SOLAPA PORTA VIDRO 10,5 X 29,5 - CALÇO PV200","1"
"1201021","FECHADURA AGL PVF2E 2 CILINDROS","811700","CAIXA FECHADURA ELETRICA P/ PORTAS DE VIDRO AGL 13,2 X 11,7 X 11,4","1"
"1201021","FECHADURA AGL PVF2E 2 CILINDROS","806091","ALUMINIO FECHADURA C/2CIL PVRF2E","1"
"1201021","FECHADURA AGL PVF2E 2 CILINDROS","806045","ALUMINIO DO BATENTE PVRF2E","1"
"1201021","FECHADURA AGL PVF2E 2 CILINDROS","807053","BUCHA REDONDA FECHADURA PV -CROMADA","2"
"1201021","FECHADURA AGL PVF2E 2 CILINDROS","811322","ETIQUETA ADES. BOPP 40MM X 40MM  BRANCA Bt759","1"
"1201021","FECHADURA AGL PVF2E 2 CILINDROS","103760","FIO COBRE ESMALTADO 155 TS 30 AWG","0,010787"
"1201021","FECHADURA AGL PVF2E 2 CILINDROS","801240","PINO DA CAIXINHA DO FECHO - ZINCADO","1"
"1201022","FECHADURA PV200R1E 2 CILINDROS","401002","PARAFUSO 3.5 X 13 A/A CH. PH - ZI","4"
"1201022","FECHADURA PV200R1E 2 CILINDROS","401008","PARAFUSO PLASTIC PAN PHILLIPS 3 X 8 ZB","2"
"1201022","FECHADURA PV200R1E 2 CILINDROS","401023","PARAFUSO MET M3.5 X 8 CH. PH - ZI","6"
"1201022","FECHADURA PV200R1E 2 CILINDROS","401034","PARAFUSO PLASTIC 3 X 6 CH. PH - ZI","2"
"1201022","FECHADURA PV200R1E 2 CILINDROS","401083","PF MET CH PHS M4X12MM ZI","2"
"1201022","FECHADURA PV200R1E 2 CILINDROS","401089","PARAFUSO MET M3 X 8MM CH PHS ZI","6"
"1201022","FECHADURA PV200R1E 2 CILINDROS","401101","PARAFUSO M3.5 X 6 CH. PH - ZI","4"
"1201022","FECHADURA PV200R1E 2 CILINDROS","401102","PARAFUSO M4 X 8 CH. PH MET - ZI","4"
"1201022","FECHADURA PV200R1E 2 CILINDROS","403014","MOLA DE RETORNO DA TRAVA MAIOR","1"
"1201022","FECHADURA PV200R1E 2 CILINDROS","403016","MOLA DE RETORNO DO DISPOSITIVO DE MEMORIA","1"
"1201022","FECHADURA PV200R1E 2 CILINDROS","403017","MOLA DE RETORNO DO ROTOR","1"
"1201022","FECHADURA PV200R1E 2 CILINDROS","403018","MOLA DE RETORNO DA TRAVA MENOR","1"
"1201022","FECHADURA PV200R1E 2 CILINDROS","403022","MOLA PV200 RETORNO DA LINGUETA","1"
"1201022","FECHADURA PV200R1E 2 CILINDROS","403025","MOLA DO ARIETE","1"
"1201022","FECHADURA PV200R1E 2 CILINDROS","404016","CONJUNTO CILINDRO FECHADURA PORTA DE VIDRO 2 CIL.","2"
"1201022","FECHADURA PV200R1E 2 CILINDROS","708018","CORPO DO ARIETE 4,76 X 29MM C/ DIAM 1,6MM - ZINCADO","1"
"1201022","FECHADURA PV200R1E 2 CILINDROS","708021","LUVA DO ARIETE 10MM - ZINCADO","1"
"1201022","FECHADURA PV200R1E 2 CILINDROS","801208","EIXO DO ROTOR - ZINCADO","1"
"1201022","FECHADURA PV200R1E 2 CILINDROS","804306","TAMPA PLASTICA DO FECHO","1"
"1201022","FECHADURA PV200R1E 2 CILINDROS","804321","CARRETEL DO FECHO","1"
"1201022","FECHADURA PV200R1E 2 CILINDROS","804406","ESPACADOR PARA FECHADURA 2 CILINDROS","1"
"1201022","FECHADURA PV200R1E 2 CILINDROS","804428","SOQUETE DO FECHO ELETRICO","1"
"1201022","FECHADURA PV200R1E 2 CILINDROS","804468","PONTA DO ARIETE 2,55 X 26MM","1"
"1201022","FECHADURA PV200R1E 2 CILINDROS","805085","CHAPA DE FIXAÇÃO CILINDRO DUPLO FECH PV - ZINCADA","1"
"1201022","FECHADURA PV200R1E 2 CILINDROS","805087","NARIZ CILINDRO PV200 - ZINCADO","2"
"1201022","FECHADURA PV200R1E 2 CILINDROS","806025","CHAPA PUXADOR PV200RF1IE P/ 1 OU 2 CILINDROS (MENOR)","1"
"1201022","FECHADURA PV200R1E 2 CILINDROS","806055","CHAPA PUXADOR PV200R1I/E P/ 1 OU 2 CILINDROS (MAIOR)","2"
"1201022","FECHADURA PV200R1E 2 CILINDROS","806082","TERMINAL DE LATÃO DO SOQUETE","2"
"1201022","FECHADURA PV200R1E 2 CILINDROS","807002","TRAVA MENOR FECHO PV","1"
"1201022","FECHADURA PV200R1E 2 CILINDROS","807003","TRAVA MAIOR FECHO PV","1"
"1201022","FECHADURA PV200R1E 2 CILINDROS","807049","DISPOSITIVO DE MEMORIA FECHO PV - ZINCADO","1"
"1201022","FECHADURA PV200R1E 2 CILINDROS","807069","LINGUETA DAS FECHADURAS PV","1"
"1201022","FECHADURA PV200R1E 2 CILINDROS","807088","ROTOR DO FECHO","1"
"1201022","FECHADURA PV200R1E 2 CILINDROS","701084","CAIXA DO FECHO - BRUTO","1"
"1201022","FECHADURA PV200R1E 2 CILINDROS","807102","BLINDAGEM DO FECHO","1"
"1201022","FECHADURA PV200R1E 2 CILINDROS","811277","ETIQUETA ADES. COUCHE 20MM X 15MM X 04 CAR","1"
"1201022","FECHADURA PV200R1E 2 CILINDROS","811310","ETIQUETA ADES. COUCHE 33MM X 21MM X 03 CAR","1"
"1201022","FECHADURA PV200R1E 2 CILINDROS","811762","SACO ZIP PADRAO - 05X07","1"
"1201022","FECHADURA PV200R1E 2 CILINDROS","811681","AGL SOLAPA PORTA VIDRO 10,5 X 29,5 - CALÇO PV200","1"
"1201022","FECHADURA PV200R1E 2 CILINDROS","811700","CAIXA FECHADURA ELETRICA P/ PORTAS DE VIDRO AGL 13,2 X 11,7 X 11,4","1"
"1201022","FECHADURA PV200R1E 2 CILINDROS","806038","ALUMINIO FECHADURA PV200 C/2 CIL","1"
"1201022","FECHADURA PV200R1E 2 CILINDROS","806036","CHAPA BATENTE PV200RF1E - CROMADO","1"
"1201022","FECHADURA PV200R1E 2 CILINDROS","807053","BUCHA REDONDA FECHADURA PV -CROMADA","2"
"1201022","FECHADURA PV200R1E 2 CILINDROS","811322","ETIQUETA ADES. BOPP 40MM X 40MM  BRANCA Bt759","1"
"1201022","FECHADURA PV200R1E 2 CILINDROS","807098","FUNDO ALUMINIO LINGUETA PV200RF1I/E - CINZA","1"
"1201022","FECHADURA PV200R1E 2 CILINDROS","103760","FIO COBRE ESMALTADO 155 TS 30 AWG","0,010787"
"1201022","FECHADURA PV200R1E 2 CILINDROS","801240","PINO DA CAIXINHA DO FECHO - ZINCADO","1"
"1201023","FECHADURA PV200F1E 2 CILINDROS","401002","PARAFUSO 3.5 X 13 A/A CH. PH - ZI","4"
"1201023","FECHADURA PV200F1E 2 CILINDROS","401008","PARAFUSO PLASTIC PAN PHILLIPS 3 X 8 ZB","2"
"1201023","FECHADURA PV200F1E 2 CILINDROS","401023","PARAFUSO MET M3.5 X 8 CH. PH - ZI","6"
"1201023","FECHADURA PV200F1E 2 CILINDROS","401034","PARAFUSO PLASTIC 3 X 6 CH. PH - ZI","2"
"1201023","FECHADURA PV200F1E 2 CILINDROS","401083","PF MET CH PHS M4X12MM ZI","2"
"1201023","FECHADURA PV200F1E 2 CILINDROS","401089","PARAFUSO MET M3 X 8MM CH PHS ZI","6"
"1201023","FECHADURA PV200F1E 2 CILINDROS","401101","PARAFUSO M3.5 X 6 CH. PH - ZI","4"
"1201023","FECHADURA PV200F1E 2 CILINDROS","401102","PARAFUSO M4 X 8 CH. PH MET - ZI","4"
"1201023","FECHADURA PV200F1E 2 CILINDROS","403014","MOLA DE RETORNO DA TRAVA MAIOR","1"
"1201023","FECHADURA PV200F1E 2 CILINDROS","403016","MOLA DE RETORNO DO DISPOSITIVO DE MEMORIA","1"
"1201023","FECHADURA PV200F1E 2 CILINDROS","403017","MOLA DE RETORNO DO ROTOR","1"
"1201023","FECHADURA PV200F1E 2 CILINDROS","403018","MOLA DE RETORNO DA TRAVA MENOR","1"
"1201023","FECHADURA PV200F1E 2 CILINDROS","403022","MOLA PV200 RETORNO DA LINGUETA","1"
"1201023","FECHADURA PV200F1E 2 CILINDROS","403025","MOLA DO ARIETE","1"
"1201023","FECHADURA PV200F1E 2 CILINDROS","404016","CONJUNTO CILINDRO FECHADURA PORTA DE VIDRO 2 CIL.","2"
"1201023","FECHADURA PV200F1E 2 CILINDROS","708018","CORPO DO ARIETE 4,76 X 29MM C/ DIAM 1,6MM - ZINCADO","1"
"1201023","FECHADURA PV200F1E 2 CILINDROS","708021","LUVA DO ARIETE 10MM - ZINCADO","1"
"1201023","FECHADURA PV200F1E 2 CILINDROS","801208","EIXO DO ROTOR - ZINCADO","1"
"1201023","FECHADURA PV200F1E 2 CILINDROS","804212","ENCOSTO PARA CHAPA DO BATENTE PV","1"
"1201023","FECHADURA PV200F1E 2 CILINDROS","804321","CARRETEL DO FECHO","1"
"1201023","FECHADURA PV200F1E 2 CILINDROS","804406","ESPACADOR PARA FECHADURA 2 CILINDROS","1"
"1201023","FECHADURA PV200F1E 2 CILINDROS","804428","SOQUETE DO FECHO ELETRICO","1"
"1201023","FECHADURA PV200F1E 2 CILINDROS","804468","PONTA DO ARIETE 2,55 X 26MM","1"
"1201023","FECHADURA PV200F1E 2 CILINDROS","805085","CHAPA DE FIXAÇÃO CILINDRO DUPLO FECH PV - ZINCADA","1"
"1201023","FECHADURA PV200F1E 2 CILINDROS","805087","NARIZ CILINDRO PV200 - ZINCADO","2"
"1201023","FECHADURA PV200F1E 2 CILINDROS","806025","CHAPA PUXADOR PV200RF1IE P/ 1 OU 2 CILINDROS (MENOR)","1"
"1201023","FECHADURA PV200F1E 2 CILINDROS","806035","CHAPA PUXADOR PV200F1I/E P/ 1 OU 2 CILINDROS (MAIOR)","2"
"1201023","FECHADURA PV200F1E 2 CILINDROS","806082","TERMINAL DE LATÃO DO SOQUETE","2"
"1201023","FECHADURA PV200F1E 2 CILINDROS","807002","TRAVA MENOR FECHO PV","1"
"1201023","FECHADURA PV200F1E 2 CILINDROS","807003","TRAVA MAIOR FECHO PV","1"
"1201023","FECHADURA PV200F1E 2 CILINDROS","807049","DISPOSITIVO DE MEMORIA FECHO PV - ZINCADO","1"
"1201023","FECHADURA PV200F1E 2 CILINDROS","807069","LINGUETA DAS FECHADURAS PV","1"
"1201023","FECHADURA PV200F1E 2 CILINDROS","807088","ROTOR DO FECHO","1"
"1201023","FECHADURA PV200F1E 2 CILINDROS","701084","CAIXA DO FECHO - BRUTO","1"
"1201023","FECHADURA PV200F1E 2 CILINDROS","807102","BLINDAGEM DO FECHO","1"
"1201023","FECHADURA PV200F1E 2 CILINDROS","807106","TAMPA DO FECHO DE METAL","1"
"1201023","FECHADURA PV200F1E 2 CILINDROS","811277","ETIQUETA ADES. COUCHE 20MM X 15MM X 04 CAR","1"
"1201023","FECHADURA PV200F1E 2 CILINDROS","811310","ETIQUETA ADES. COUCHE 33MM X 21MM X 03 CAR","1"
"1201023","FECHADURA PV200F1E 2 CILINDROS","811762","SACO ZIP PADRAO - 05X07","1"
"1201023","FECHADURA PV200F1E 2 CILINDROS","811681","AGL SOLAPA PORTA VIDRO 10,5 X 29,5 - CALÇO PV200","1"
"1201023","FECHADURA PV200F1E 2 CILINDROS","811700","CAIXA FECHADURA ELETRICA P/ PORTAS DE VIDRO AGL 13,2 X 11,7 X 11,4","1"
"1201023","FECHADURA PV200F1E 2 CILINDROS","806038","ALUMINIO FECHADURA PV200 C/2 CIL","1"
"1201023","FECHADURA PV200F1E 2 CILINDROS","806036","CHAPA BATENTE PV200RF1E - CROMADO","1"
"1201023","FECHADURA PV200F1E 2 CILINDROS","807053","BUCHA REDONDA FECHADURA PV -CROMADA","2"
"1201023","FECHADURA PV200F1E 2 CILINDROS","807053","BUCHA REDONDA FECHADURA PV -CROMADA","1"
"1201023","FECHADURA PV200F1E 2 CILINDROS","811322","ETIQUETA ADES. BOPP 40MM X 40MM  BRANCA Bt759","1"
"1201023","FECHADURA PV200F1E 2 CILINDROS","807098","FUNDO ALUMINIO LINGUETA PV200RF1I/E - CINZA","1"
"1201023","FECHADURA PV200F1E 2 CILINDROS","103760","FIO COBRE ESMALTADO 155 TS 30 AWG","0,010787"
"1201023","FECHADURA PV200F1E 2 CILINDROS","801240","PINO DA CAIXINHA DO FECHO - ZINCADO","1"
"1201024","FECHADURA SEG PVR2E - CZ","806011","FUNDO ZAMAC LINGUETA PVRF2E - CINZA","1"
"1201024","FECHADURA SEG PVR2E - CZ","806016","CHAPA FECHO PVR2E - CROMADA","1"
"1201024","FECHADURA SEG PVR2E - CZ","807077","FUNDO ZAMAC FECHO PV R/F 2E - CINZA","1"
"1201024","FECHADURA SEG PVR2E - CZ","401008","PARAFUSO PLASTIC PAN PHILLIPS 3 X 8 ZB","2"
"1201024","FECHADURA SEG PVR2E - CZ","401023","PARAFUSO MET M3.5 X 8 CH. PH - ZI","8"
"1201024","FECHADURA SEG PVR2E - CZ","401034","PARAFUSO PLASTIC 3 X 6 CH. PH - ZI","2"
"1201024","FECHADURA SEG PVR2E - CZ","401083","PF MET CH PHS M4X12MM ZI","4"
"1201024","FECHADURA SEG PVR2E - CZ","401089","PARAFUSO MET M3 X 8MM CH PHS ZI","2"
"1201024","FECHADURA SEG PVR2E - CZ","401100","PARAFUSO M3 X 12 CC. PH - ZI","1"
"1201024","FECHADURA SEG PVR2E - CZ","401101","PARAFUSO M3.5 X 6 CH. PH - ZI","8"
"1201024","FECHADURA SEG PVR2E - CZ","403013","MOLA DE RETORNO DA MAÇANETA FECHADURA PV","1"
"1201024","FECHADURA SEG PVR2E - CZ","403014","MOLA DE RETORNO DA TRAVA MAIOR","1"
"1201024","FECHADURA SEG PVR2E - CZ","403016","MOLA DE RETORNO DO DISPOSITIVO DE MEMORIA","1"
"1201024","FECHADURA SEG PVR2E - CZ","403017","MOLA DE RETORNO DO ROTOR","1"
"1201024","FECHADURA SEG PVR2E - CZ","403018","MOLA DE RETORNO DA TRAVA MENOR","1"
"1201024","FECHADURA SEG PVR2E - CZ","403025","MOLA DO ARIETE","1"
"1201024","FECHADURA SEG PVR2E - CZ","404015","CONJUNTO CILINDRO FECHADURA PORTA DE VIDRO 1 CIL.","1"
"1201024","FECHADURA SEG PVR2E - CZ","708018","CORPO DO ARIETE 4,76 X 29MM C/ DIAM 1,6MM - ZINCADO","1"
"1201024","FECHADURA SEG PVR2E - CZ","708021","LUVA DO ARIETE 10MM - ZINCADO","1"
"1201024","FECHADURA SEG PVR2E - CZ","801208","EIXO DO ROTOR - ZINCADO","1"
"1201024","FECHADURA SEG PVR2E - CZ","804321","CARRETEL DO FECHO","1"
"1201024","FECHADURA SEG PVR2E - CZ","804323","ACABAMENTO RECORTE PV","2"
"1201024","FECHADURA SEG PVR2E - CZ","804428","SOQUETE DO FECHO ELETRICO","1"
"1201024","FECHADURA SEG PVR2E - CZ","804468","PONTA DO ARIETE 2,55 X 26MM","1"
"1201024","FECHADURA SEG PVR2E - CZ","805088","NARIZ CILINDRO PVR - ZINCADO","1"
"1201024","FECHADURA SEG PVR2E - CZ","805089","BASE FIXAÇÃO MAÇANETA","1"
"1201024","FECHADURA SEG PVR2E - CZ","806008","CHAPA PUXADOR PV200R2E P/ 1 OU 2 CILINDROS (MAIOR)","1"
"1201024","FECHADURA SEG PVR2E - CZ","806082","TERMINAL DE LATÃO DO SOQUETE","2"
"1201024","FECHADURA SEG PVR2E - CZ","807002","TRAVA MENOR FECHO PV","1"
"1201024","FECHADURA SEG PVR2E - CZ","807003","TRAVA MAIOR FECHO PV","1"
"1201024","FECHADURA SEG PVR2E - CZ","807049","DISPOSITIVO DE MEMORIA FECHO PV - ZINCADO","1"
"1201024","FECHADURA SEG PVR2E - CZ","807069","LINGUETA DAS FECHADURAS PV","1"
"1201024","FECHADURA SEG PVR2E - CZ","807088","ROTOR DO FECHO","1"
"1201024","FECHADURA SEG PVR2E - CZ","701084","CAIXA DO FECHO - BRUTO","1"
"1201024","FECHADURA SEG PVR2E - CZ","807102","BLINDAGEM DO FECHO","1"
"1201024","FECHADURA SEG PVR2E - CZ","807105","TRATOR MAÇANETA PV - ZINCADO","1"
"1201024","FECHADURA SEG PVR2E - CZ","807106","TAMPA DO FECHO DE METAL","1"
"1201024","FECHADURA SEG PVR2E - CZ","807138","VERGALHÃO QUADRADO 8MM PV - ZINCADO","1"
"1201024","FECHADURA SEG PVR2E - CZ","811277","ETIQUETA ADES. COUCHE 20MM X 15MM X 04 CAR","1"
"1201024","FECHADURA SEG PVR2E - CZ","811310","ETIQUETA ADES. COUCHE 33MM X 21MM X 03 CAR","1"
"1201024","FECHADURA SEG PVR2E - CZ","811588","CAIXA FECHADURA ELETRICA P/ PORTAS DE VIDRO SEG 10,5 X 29,5","1"
"1201024","FECHADURA SEG PVR2E - CZ","811762","SACO ZIP PADRAO - 05X07","1"
"1201024","FECHADURA SEG PVR2E - CZ","806042","ALUMINIO FECHADURA PVRF2E","1"
"1201024","FECHADURA SEG PVR2E - CZ","806045","ALUMINIO DO BATENTE PVRF2E","1"
"1201024","FECHADURA SEG PVR2E - CZ","807053","BUCHA REDONDA FECHADURA PV -CROMADA","2"
"1201024","FECHADURA SEG PVR2E - CZ","811322","ETIQUETA ADES. BOPP 40MM X 40MM  BRANCA Bt759","1"
"1201024","FECHADURA SEG PVR2E - CZ","807056","MAÇANETA ALAVANCA - CROMADA","1"
"1201024","FECHADURA SEG PVR2E - CZ","103760","FIO COBRE ESMALTADO 155 TS 30 AWG","0,010787"
"1201024","FECHADURA SEG PVR2E - CZ","801240","PINO DA CAIXINHA DO FECHO - ZINCADO","1"
"1201024","FECHADURA SEG PVR2E - CZ","403070","MOLA PVR RETORNO DA LINGUETA","1"
"1201024","FECHADURA SEG PVR2E - CZ","811681","AGL SOLAPA PORTA VIDRO 10,5 X 29,5 - CALÇO PV200","1"
"1201024","FECHADURA SEG PVR2E - CZ","102817","CHAVE SIMPLES VIRGEM AGL - SEM LOGO","2"
"1201025","FECHADURA SEG PV200R1I - CZ","806031","CHAPA BATENTE PV200RF1I - CROMADO","1"
"1201025","FECHADURA SEG PV200R1I - CZ","806019","CHAPA S/ PUXADOR PV200R2I - CROMADO","1"
"1201025","FECHADURA SEG PV200R1I - CZ","401002","PARAFUSO 3.5 X 13 A/A CH. PH - ZI","4"
"1201025","FECHADURA SEG PV200R1I - CZ","401008","PARAFUSO PLASTIC PAN PHILLIPS 3 X 8 ZB","2"
"1201025","FECHADURA SEG PV200R1I - CZ","401023","PARAFUSO MET M3.5 X 8 CH. PH - ZI","4"
"1201025","FECHADURA SEG PV200R1I - CZ","401034","PARAFUSO PLASTIC 3 X 6 CH. PH - ZI","2"
"1201025","FECHADURA SEG PV200R1I - CZ","401083","PF MET CH PHS M4X12MM ZI","2"
"1201025","FECHADURA SEG PV200R1I - CZ","401089","PARAFUSO MET M3 X 8MM CH PHS ZI","2"
"1201025","FECHADURA SEG PV200R1I - CZ","401100","PARAFUSO M3 X 12 CC. PH - ZI","1"
"1201025","FECHADURA SEG PV200R1I - CZ","401101","PARAFUSO M3.5 X 6 CH. PH - ZI","4"
"1201025","FECHADURA SEG PV200R1I - CZ","401102","PARAFUSO M4 X 8 CH. PH MET - ZI","5"
"1201025","FECHADURA SEG PV200R1I - CZ","403013","MOLA DE RETORNO DA MAÇANETA FECHADURA PV","1"
"1201025","FECHADURA SEG PV200R1I - CZ","403014","MOLA DE RETORNO DA TRAVA MAIOR","1"
"1201025","FECHADURA SEG PV200R1I - CZ","403016","MOLA DE RETORNO DO DISPOSITIVO DE MEMORIA","1"
"1201025","FECHADURA SEG PV200R1I - CZ","403017","MOLA DE RETORNO DO ROTOR","1"
"1201025","FECHADURA SEG PV200R1I - CZ","403018","MOLA DE RETORNO DA TRAVA MENOR","1"
"1201025","FECHADURA SEG PV200R1I - CZ","403022","MOLA PV200 RETORNO DA LINGUETA","1"
"1201025","FECHADURA SEG PV200R1I - CZ","403025","MOLA DO ARIETE","1"
"1201025","FECHADURA SEG PV200R1I - CZ","404015","CONJUNTO CILINDRO FECHADURA PORTA DE VIDRO 1 CIL.","1"
"1201025","FECHADURA SEG PV200R1I - CZ","708018","CORPO DO ARIETE 4,76 X 29MM C/ DIAM 1,6MM - ZINCADO","1"
"1201025","FECHADURA SEG PV200R1I - CZ","708021","LUVA DO ARIETE 10MM - ZINCADO","1"
"1201025","FECHADURA SEG PV200R1I - CZ","801208","EIXO DO ROTOR - ZINCADO","1"
"1201025","FECHADURA SEG PV200R1I - CZ","804210","ARRUELA MAÇANETA PV","1"
"1201025","FECHADURA SEG PV200R1I - CZ","804321","CARRETEL DO FECHO","1"
"1201025","FECHADURA SEG PV200R1I - CZ","804323","ACABAMENTO RECORTE PV","1"
"1201025","FECHADURA SEG PV200R1I - CZ","804324","BLOQUEIO DE CARTÃO PV","1"
"1201025","FECHADURA SEG PV200R1I - CZ","804428","SOQUETE DO FECHO ELETRICO","1"
"1201025","FECHADURA SEG PV200R1I - CZ","804468","PONTA DO ARIETE 2,55 X 26MM","1"
"1201025","FECHADURA SEG PV200R1I - CZ","805087","NARIZ CILINDRO PV200 - ZINCADO","1"
"1201025","FECHADURA SEG PV200R1I - CZ","805089","BASE FIXAÇÃO MAÇANETA","1"
"1201025","FECHADURA SEG PV200R1I - CZ","806082","TERMINAL DE LATÃO DO SOQUETE","2"
"1201025","FECHADURA SEG PV200R1I - CZ","807002","TRAVA MENOR FECHO PV","1"
"1201025","FECHADURA SEG PV200R1I - CZ","807003","TRAVA MAIOR FECHO PV","1"
"1201025","FECHADURA SEG PV200R1I - CZ","807049","DISPOSITIVO DE MEMORIA FECHO PV - ZINCADO","1"
"1201025","FECHADURA SEG PV200R1I - CZ","807069","LINGUETA DAS FECHADURAS PV","1"
"1201025","FECHADURA SEG PV200R1I - CZ","807088","ROTOR DO FECHO","1"
"1201025","FECHADURA SEG PV200R1I - CZ","701084","CAIXA DO FECHO - BRUTO","1"
"1201025","FECHADURA SEG PV200R1I - CZ","807102","BLINDAGEM DO FECHO","1"
"1201025","FECHADURA SEG PV200R1I - CZ","807105","TRATOR MAÇANETA PV - ZINCADO","1"
"1201025","FECHADURA SEG PV200R1I - CZ","807106","TAMPA DO FECHO DE METAL","1"
"1201025","FECHADURA SEG PV200R1I - CZ","807138","VERGALHÃO QUADRADO 8MM PV - ZINCADO","1"
"1201025","FECHADURA SEG PV200R1I - CZ","811277","ETIQUETA ADES. COUCHE 20MM X 15MM X 04 CAR","1"
"1201025","FECHADURA SEG PV200R1I - CZ","811310","ETIQUETA ADES. COUCHE 33MM X 21MM X 03 CAR","1"
"1201025","FECHADURA SEG PV200R1I - CZ","811588","CAIXA FECHADURA ELETRICA P/ PORTAS DE VIDRO SEG 10,5 X 29,5","1"
"1201025","FECHADURA SEG PV200R1I - CZ","811762","SACO ZIP PADRAO - 05X07","1"
"1201025","FECHADURA SEG PV200R1I - CZ","805076","ALUMINIO FECHADURA PV 200","1"
"1201025","FECHADURA SEG PV200R1I - CZ","807052","MAÇANETA BOLA - CROMADA","1"
"1201025","FECHADURA SEG PV200R1I - CZ","807053","BUCHA REDONDA FECHADURA PV -CROMADA","2"
"1201025","FECHADURA SEG PV200R1I - CZ","810035","ACABAMENTO MAÇANETA BOLA - CROMADO","1"
"1201025","FECHADURA SEG PV200R1I - CZ","811322","ETIQUETA ADES. BOPP 40MM X 40MM  BRANCA Bt759","1"
"1201025","FECHADURA SEG PV200R1I - CZ","807098","FUNDO ALUMINIO LINGUETA PV200RF1I/E - CINZA","1"
"1201025","FECHADURA SEG PV200R1I - CZ","103760","FIO COBRE ESMALTADO 155 TS 30 AWG","0,010787"
"1201025","FECHADURA SEG PV200R1I - CZ","801240","PINO DA CAIXINHA DO FECHO - ZINCADO","1"
"1201025","FECHADURA SEG PV200R1I - CZ","811681","AGL SOLAPA PORTA VIDRO 10,5 X 29,5 - CALÇO PV200","1"
"1201025","FECHADURA SEG PV200R1I - CZ","102817","CHAVE SIMPLES VIRGEM AGL - SEM LOGO","2"
"1201026","FECHO ELÉTRICO SEG 12V","401002","PARAFUSO 3.5 X 13 A/A CH. PH - ZI","4"
"1201026","FECHO ELÉTRICO SEG 12V","401008","PARAFUSO PLASTIC PAN PHILLIPS 3 X 8 ZB","2"
"1201026","FECHO ELÉTRICO SEG 12V","401023","PARAFUSO MET M3.5 X 8 CH. PH - ZI","2"
"1201026","FECHO ELÉTRICO SEG 12V","401034","PARAFUSO PLASTIC 3 X 6 CH. PH - ZI","2"
"1201026","FECHO ELÉTRICO SEG 12V","403014","MOLA DE RETORNO DA TRAVA MAIOR","1"
"1201026","FECHO ELÉTRICO SEG 12V","403016","MOLA DE RETORNO DO DISPOSITIVO DE MEMORIA","1"
"1201026","FECHO ELÉTRICO SEG 12V","403017","MOLA DE RETORNO DO ROTOR","1"
"1201026","FECHO ELÉTRICO SEG 12V","403018","MOLA DE RETORNO DA TRAVA MENOR","1"
"1201026","FECHO ELÉTRICO SEG 12V","403025","MOLA DO ARIETE","1"
"1201026","FECHO ELÉTRICO SEG 12V","708018","CORPO DO ARIETE 4,76 X 29MM C/ DIAM 1,6MM - ZINCADO","1"
"1201026","FECHO ELÉTRICO SEG 12V","708021","LUVA DO ARIETE 10MM - ZINCADO","1"
"1201026","FECHO ELÉTRICO SEG 12V","804468","PONTA DO ARIETE 2,55 X 26MM","1"
"1201026","FECHO ELÉTRICO SEG 12V","804321","CARRETEL DO FECHO","1"
"1201026","FECHO ELÉTRICO SEG 12V","807049","DISPOSITIVO DE MEMORIA FECHO PV - ZINCADO","1"
"1201026","FECHO ELÉTRICO SEG 12V","804428","SOQUETE DO FECHO ELETRICO","1"
"1201026","FECHO ELÉTRICO SEG 12V","806082","TERMINAL DE LATÃO DO SOQUETE","2"
"1201026","FECHO ELÉTRICO SEG 12V","807002","TRAVA MENOR FECHO PV","1"
"1201026","FECHO ELÉTRICO SEG 12V","807003","TRAVA MAIOR FECHO PV","1"
"1201026","FECHO ELÉTRICO SEG 12V","807088","ROTOR DO FECHO","1"
"1201026","FECHO ELÉTRICO SEG 12V","701084","CAIXA DO FECHO - BRUTO","1"
"1201026","FECHO ELÉTRICO SEG 12V","807102","BLINDAGEM DO FECHO","1"
"1201026","FECHO ELÉTRICO SEG 12V","807103","TESTEIRA DO FECHO CINZA","1"
"1201026","FECHO ELÉTRICO SEG 12V","807106","TAMPA DO FECHO DE METAL","1"
"1201026","FECHO ELÉTRICO SEG 12V","811277","ETIQUETA ADES. COUCHE 20MM X 15MM X 04 CAR","1"
"1201026","FECHO ELÉTRICO SEG 12V","811322","ETIQUETA ADES. BOPP 40MM X 40MM  BRANCA Bt759","1"
"1201026","FECHO ELÉTRICO SEG 12V","811530","CAIXA COLORIDA DO FECHO 12V SEG 3,7 X 2,8 X 24,0","1"
"1201026","FECHO ELÉTRICO SEG 12V","103760","FIO COBRE ESMALTADO 155 TS 30 AWG","0,010787"
"1201026","FECHO ELÉTRICO SEG 12V","801240","PINO DA CAIXINHA DO FECHO - ZINCADO","1"
"1201026","FECHO ELÉTRICO SEG 12V","801208","EIXO DO ROTOR - ZINCADO","1"
"1201026","FECHO ELÉTRICO SEG 12V","102817","CHAVE SIMPLES VIRGEM AGL - SEM LOGO","2"
"1201028","FECHADURA SEG PV200R2I - CZ","806004","CHAPA FECHO PVR2I - CROMADA","1"
"1201028","FECHADURA SEG PV200R2I - CZ","806019","CHAPA S/ PUXADOR PV200R2I - CROMADO","1"
"1201028","FECHADURA SEG PV200R2I - CZ","401008","PARAFUSO PLASTIC PAN PHILLIPS 3 X 8 ZB","2"
"1201028","FECHADURA SEG PV200R2I - CZ","401023","PARAFUSO MET M3.5 X 8 CH. PH - ZI","4"
"1201028","FECHADURA SEG PV200R2I - CZ","401034","PARAFUSO PLASTIC 3 X 6 CH. PH - ZI","2"
"1201028","FECHADURA SEG PV200R2I - CZ","401083","PF MET CH PHS M4X12MM ZI","4"
"1201028","FECHADURA SEG PV200R2I - CZ","401089","PARAFUSO MET M3 X 8MM CH PHS ZI","2"
"1201028","FECHADURA SEG PV200R2I - CZ","401100","PARAFUSO M3 X 12 CC. PH - ZI","1"
"1201028","FECHADURA SEG PV200R2I - CZ","401101","PARAFUSO M3.5 X 6 CH. PH - ZI","8"
"1201028","FECHADURA SEG PV200R2I - CZ","401102","PARAFUSO M4 X 8 CH. PH MET - ZI","5"
"1201028","FECHADURA SEG PV200R2I - CZ","403013","MOLA DE RETORNO DA MAÇANETA FECHADURA PV","1"
"1201028","FECHADURA SEG PV200R2I - CZ","403014","MOLA DE RETORNO DA TRAVA MAIOR","1"
"1201028","FECHADURA SEG PV200R2I - CZ","403016","MOLA DE RETORNO DO DISPOSITIVO DE MEMORIA","1"
"1201028","FECHADURA SEG PV200R2I - CZ","403017","MOLA DE RETORNO DO ROTOR","1"
"1201028","FECHADURA SEG PV200R2I - CZ","403018","MOLA DE RETORNO DA TRAVA MENOR","1"
"1201028","FECHADURA SEG PV200R2I - CZ","403022","MOLA PV200 RETORNO DA LINGUETA","1"
"1201028","FECHADURA SEG PV200R2I - CZ","403025","MOLA DO ARIETE","1"
"1201028","FECHADURA SEG PV200R2I - CZ","404015","CONJUNTO CILINDRO FECHADURA PORTA DE VIDRO 1 CIL.","1"
"1201028","FECHADURA SEG PV200R2I - CZ","708018","CORPO DO ARIETE 4,76 X 29MM C/ DIAM 1,6MM - ZINCADO","1"
"1201028","FECHADURA SEG PV200R2I - CZ","708021","LUVA DO ARIETE 10MM - ZINCADO","1"
"1201028","FECHADURA SEG PV200R2I - CZ","801208","EIXO DO ROTOR - ZINCADO","1"
"1201028","FECHADURA SEG PV200R2I - CZ","804210","ARRUELA MAÇANETA PV","1"
"1201028","FECHADURA SEG PV200R2I - CZ","804306","TAMPA PLASTICA DO FECHO","1"
"1201028","FECHADURA SEG PV200R2I - CZ","804321","CARRETEL DO FECHO","1"
"1201028","FECHADURA SEG PV200R2I - CZ","804323","ACABAMENTO RECORTE PV","1"
"1201028","FECHADURA SEG PV200R2I - CZ","804428","SOQUETE DO FECHO ELETRICO","1"
"1201028","FECHADURA SEG PV200R2I - CZ","804468","PONTA DO ARIETE 2,55 X 26MM","1"
"1201028","FECHADURA SEG PV200R2I - CZ","805087","NARIZ CILINDRO PV200 - ZINCADO","1"
"1201028","FECHADURA SEG PV200R2I - CZ","805089","BASE FIXAÇÃO MAÇANETA","1"
"1201028","FECHADURA SEG PV200R2I - CZ","806082","TERMINAL DE LATÃO DO SOQUETE","2"
"1201028","FECHADURA SEG PV200R2I - CZ","807002","TRAVA MENOR FECHO PV","1"
"1201028","FECHADURA SEG PV200R2I - CZ","807003","TRAVA MAIOR FECHO PV","1"
"1201028","FECHADURA SEG PV200R2I - CZ","807049","DISPOSITIVO DE MEMORIA FECHO PV - ZINCADO","1"
"1201028","FECHADURA SEG PV200R2I - CZ","807069","LINGUETA DAS FECHADURAS PV","1"
"1201028","FECHADURA SEG PV200R2I - CZ","807088","ROTOR DO FECHO","1"
"1201028","FECHADURA SEG PV200R2I - CZ","701084","CAIXA DO FECHO - BRUTO","1"
"1201028","FECHADURA SEG PV200R2I - CZ","807102","BLINDAGEM DO FECHO","1"
"1201028","FECHADURA SEG PV200R2I - CZ","807105","TRATOR MAÇANETA PV - ZINCADO","1"
"1201028","FECHADURA SEG PV200R2I - CZ","807138","VERGALHÃO QUADRADO 8MM PV - ZINCADO","1"
"1201028","FECHADURA SEG PV200R2I - CZ","811277","ETIQUETA ADES. COUCHE 20MM X 15MM X 04 CAR","1"
"1201028","FECHADURA SEG PV200R2I - CZ","811310","ETIQUETA ADES. COUCHE 33MM X 21MM X 03 CAR","1"
"1201028","FECHADURA SEG PV200R2I - CZ","811588","CAIXA FECHADURA ELETRICA P/ PORTAS DE VIDRO SEG 10,5 X 29,5","1"
"1201028","FECHADURA SEG PV200R2I - CZ","811762","SACO ZIP PADRAO - 05X07","1"
"1201028","FECHADURA SEG PV200R2I - CZ","805076","ALUMINIO FECHADURA PV 200","1"
"1201028","FECHADURA SEG PV200R2I - CZ","807090","FUNDO ALUMINIO LINGUETA PV200RF2I - CINZA","1"
"1201028","FECHADURA SEG PV200R2I - CZ","806045","ALUMINIO DO BATENTE PVRF2E","1"
"1201028","FECHADURA SEG PV200R2I - CZ","807052","MAÇANETA BOLA - CROMADA","1"
"1201028","FECHADURA SEG PV200R2I - CZ","807053","BUCHA REDONDA FECHADURA PV -CROMADA","2"
"1201028","FECHADURA SEG PV200R2I - CZ","810035","ACABAMENTO MAÇANETA BOLA - CROMADO","1"
"1201028","FECHADURA SEG PV200R2I - CZ","807094","FUNDO ALUMINIO FECHO PV200RF2I - CINZA","1"
"1201028","FECHADURA SEG PV200R2I - CZ","811322","ETIQUETA ADES. BOPP 40MM X 40MM  BRANCA Bt759","1"
"1201028","FECHADURA SEG PV200R2I - CZ","103760","FIO COBRE ESMALTADO 155 TS 30 AWG","0,010787"
"1201028","FECHADURA SEG PV200R2I - CZ","801240","PINO DA CAIXINHA DO FECHO - ZINCADO","1"
"1201028","FECHADURA SEG PV200R2I - CZ","811681","AGL SOLAPA PORTA VIDRO 10,5 X 29,5 - CALÇO PV200","1"
"1201028","FECHADURA SEG PV200R2I - CZ","102817","CHAVE SIMPLES VIRGEM AGL - SEM LOGO","2"
"1201029","FECHADURA SEG PVF2E - CZ","806011","FUNDO ZAMAC LINGUETA PVRF2E - CINZA","1"
"1201029","FECHADURA SEG PVF2E - CZ","806022","CHAPA FECHO PVF2E - CROMADA","1"
"1201029","FECHADURA SEG PVF2E - CZ","807077","FUNDO ZAMAC FECHO PV R/F 2E - CINZA","1"
"1201029","FECHADURA SEG PVF2E - CZ","401008","PARAFUSO PLASTIC PAN PHILLIPS 3 X 8 ZB","2"
"1201029","FECHADURA SEG PVF2E - CZ","401023","PARAFUSO MET M3.5 X 8 CH. PH - ZI","8"
"1201029","FECHADURA SEG PVF2E - CZ","401034","PARAFUSO PLASTIC 3 X 6 CH. PH - ZI","2"
"1201029","FECHADURA SEG PVF2E - CZ","401083","PF MET CH PHS M4X12MM ZI","4"
"1201029","FECHADURA SEG PVF2E - CZ","401089","PARAFUSO MET M3 X 8MM CH PHS ZI","2"
"1201029","FECHADURA SEG PVF2E - CZ","401100","PARAFUSO M3 X 12 CC. PH - ZI","1"
"1201029","FECHADURA SEG PVF2E - CZ","401101","PARAFUSO M3.5 X 6 CH. PH - ZI","8"
"1201029","FECHADURA SEG PVF2E - CZ","401102","PARAFUSO M4 X 8 CH. PH MET - ZI","1"
"1201029","FECHADURA SEG PVF2E - CZ","403013","MOLA DE RETORNO DA MAÇANETA FECHADURA PV","1"
"1201029","FECHADURA SEG PVF2E - CZ","403014","MOLA DE RETORNO DA TRAVA MAIOR","1"
"1201029","FECHADURA SEG PVF2E - CZ","403016","MOLA DE RETORNO DO DISPOSITIVO DE MEMORIA","1"
"1201029","FECHADURA SEG PVF2E - CZ","403017","MOLA DE RETORNO DO ROTOR","1"
"1201029","FECHADURA SEG PVF2E - CZ","403018","MOLA DE RETORNO DA TRAVA MENOR","1"
"1201029","FECHADURA SEG PVF2E - CZ","403025","MOLA DO ARIETE","1"
"1201029","FECHADURA SEG PVF2E - CZ","404015","CONJUNTO CILINDRO FECHADURA PORTA DE VIDRO 1 CIL.","1"
"1201029","FECHADURA SEG PVF2E - CZ","708018","CORPO DO ARIETE 4,76 X 29MM C/ DIAM 1,6MM - ZINCADO","1"
"1201029","FECHADURA SEG PVF2E - CZ","708021","LUVA DO ARIETE 10MM - ZINCADO","1"
"1201029","FECHADURA SEG PVF2E - CZ","801208","EIXO DO ROTOR - ZINCADO","1"
"1201029","FECHADURA SEG PVF2E - CZ","804321","CARRETEL DO FECHO","1"
"1201029","FECHADURA SEG PVF2E - CZ","804428","SOQUETE DO FECHO ELETRICO","1"
"1201029","FECHADURA SEG PVF2E - CZ","804468","PONTA DO ARIETE 2,55 X 26MM","1"
"1201029","FECHADURA SEG PVF2E - CZ","805088","NARIZ CILINDRO PVR - ZINCADO","1"
"1201029","FECHADURA SEG PVF2E - CZ","805089","BASE FIXAÇÃO MAÇANETA","1"
"1201029","FECHADURA SEG PVF2E - CZ","806005","CHAPA PUXADOR PVF2E P/ 1 OU 2 CILINDROS (MAIOR)","1"
"1201029","FECHADURA SEG PVF2E - CZ","806082","TERMINAL DE LATÃO DO SOQUETE","2"
"1201029","FECHADURA SEG PVF2E - CZ","807002","TRAVA MENOR FECHO PV","1"
"1201029","FECHADURA SEG PVF2E - CZ","807003","TRAVA MAIOR FECHO PV","1"
"1201029","FECHADURA SEG PVF2E - CZ","807049","DISPOSITIVO DE MEMORIA FECHO PV - ZINCADO","1"
"1201029","FECHADURA SEG PVF2E - CZ","807069","LINGUETA DAS FECHADURAS PV","1"
"1201029","FECHADURA SEG PVF2E - CZ","807088","ROTOR DO FECHO","1"
"1201029","FECHADURA SEG PVF2E - CZ","701084","CAIXA DO FECHO - BRUTO","1"
"1201029","FECHADURA SEG PVF2E - CZ","807102","BLINDAGEM DO FECHO","1"
"1201029","FECHADURA SEG PVF2E - CZ","807105","TRATOR MAÇANETA PV - ZINCADO","1"
"1201029","FECHADURA SEG PVF2E - CZ","807106","TAMPA DO FECHO DE METAL","1"
"1201029","FECHADURA SEG PVF2E - CZ","807138","VERGALHÃO QUADRADO 8MM PV - ZINCADO","1"
"1201029","FECHADURA SEG PVF2E - CZ","811277","ETIQUETA ADES. COUCHE 20MM X 15MM X 04 CAR","1"
"1201029","FECHADURA SEG PVF2E - CZ","811310","ETIQUETA ADES. COUCHE 33MM X 21MM X 03 CAR","1"
"1201029","FECHADURA SEG PVF2E - CZ","811588","CAIXA FECHADURA ELETRICA P/ PORTAS DE VIDRO SEG 10,5 X 29,5","1"
"1201029","FECHADURA SEG PVF2E - CZ","811762","SACO ZIP PADRAO - 05X07","1"
"1201029","FECHADURA SEG PVF2E - CZ","806042","ALUMINIO FECHADURA PVRF2E","1"
"1201029","FECHADURA SEG PVF2E - CZ","806045","ALUMINIO DO BATENTE PVRF2E","1"
"1201029","FECHADURA SEG PVF2E - CZ","807053","BUCHA REDONDA FECHADURA PV -CROMADA","2"
"1201029","FECHADURA SEG PVF2E - CZ","811322","ETIQUETA ADES. BOPP 40MM X 40MM  BRANCA Bt759","1"
"1201029","FECHADURA SEG PVF2E - CZ","807056","MAÇANETA ALAVANCA - CROMADA","1"
"1201029","FECHADURA SEG PVF2E - CZ","103760","FIO COBRE ESMALTADO 155 TS 30 AWG","0,010787"
"1201029","FECHADURA SEG PVF2E - CZ","801240","PINO DA CAIXINHA DO FECHO - ZINCADO","1"
"1201029","FECHADURA SEG PVF2E - CZ","811681","AGL SOLAPA PORTA VIDRO 10,5 X 29,5 - CALÇO PV200","1"
"1201029","FECHADURA SEG PVF2E - CZ","102817","CHAVE SIMPLES VIRGEM AGL - SEM LOGO","2"
"1201031","FECHADURA KRIPT PV200R1E - CZ","401002","PARAFUSO 3.5 X 13 A/A CH. PH - ZI","4"
"1201031","FECHADURA KRIPT PV200R1E - CZ","401008","PARAFUSO PLASTIC PAN PHILLIPS 3 X 8 ZB","2"
"1201031","FECHADURA KRIPT PV200R1E - CZ","401023","PARAFUSO MET M3.5 X 8 CH. PH - ZI","4"
"1201031","FECHADURA KRIPT PV200R1E - CZ","401034","PARAFUSO PLASTIC 3 X 6 CH. PH - ZI","2"
"1201031","FECHADURA KRIPT PV200R1E - CZ","401083","PF MET CH PHS M4X12MM ZI","2"
"1201031","FECHADURA KRIPT PV200R1E - CZ","401089","PARAFUSO MET M3 X 8MM CH PHS ZI","4"
"1201031","FECHADURA KRIPT PV200R1E - CZ","401100","PARAFUSO M3 X 12 CC. PH - ZI","1"
"1201031","FECHADURA KRIPT PV200R1E - CZ","401101","PARAFUSO M3.5 X 6 CH. PH - ZI","4"
"1201031","FECHADURA KRIPT PV200R1E - CZ","401102","PARAFUSO M4 X 8 CH. PH MET - ZI","5"
"1201031","FECHADURA KRIPT PV200R1E - CZ","403013","MOLA DE RETORNO DA MAÇANETA FECHADURA PV","1"
"1201031","FECHADURA KRIPT PV200R1E - CZ","403014","MOLA DE RETORNO DA TRAVA MAIOR","1"
"1201031","FECHADURA KRIPT PV200R1E - CZ","403016","MOLA DE RETORNO DO DISPOSITIVO DE MEMORIA","1"
"1201031","FECHADURA KRIPT PV200R1E - CZ","403017","MOLA DE RETORNO DO ROTOR","1"
"1201031","FECHADURA KRIPT PV200R1E - CZ","403018","MOLA DE RETORNO DA TRAVA MENOR","1"
"1201031","FECHADURA KRIPT PV200R1E - CZ","403022","MOLA PV200 RETORNO DA LINGUETA","1"
"1201031","FECHADURA KRIPT PV200R1E - CZ","403025","MOLA DO ARIETE","1"
"1201031","FECHADURA KRIPT PV200R1E - CZ","404015","CONJUNTO CILINDRO FECHADURA PORTA DE VIDRO 1 CIL.","1"
"1201031","FECHADURA KRIPT PV200R1E - CZ","708018","CORPO DO ARIETE 4,76 X 29MM C/ DIAM 1,6MM - ZINCADO","1"
"1201031","FECHADURA KRIPT PV200R1E - CZ","708021","LUVA DO ARIETE 10MM - ZINCADO","1"
"1201031","FECHADURA KRIPT PV200R1E - CZ","801208","EIXO DO ROTOR - ZINCADO","1"
"1201031","FECHADURA KRIPT PV200R1E - CZ","804210","ARRUELA MAÇANETA PV","1"
"1201031","FECHADURA KRIPT PV200R1E - CZ","804212","ENCOSTO PARA CHAPA DO BATENTE PV","1"
"1201031","FECHADURA KRIPT PV200R1E - CZ","804321","CARRETEL DO FECHO","1"
"1201031","FECHADURA KRIPT PV200R1E - CZ","804323","ACABAMENTO RECORTE PV","1"
"1201031","FECHADURA KRIPT PV200R1E - CZ","804428","SOQUETE DO FECHO ELETRICO","1"
"1201031","FECHADURA KRIPT PV200R1E - CZ","804468","PONTA DO ARIETE 2,55 X 26MM","1"
"1201031","FECHADURA KRIPT PV200R1E - CZ","805088","NARIZ CILINDRO PVR - ZINCADO","1"
"1201031","FECHADURA KRIPT PV200R1E - CZ","805089","BASE FIXAÇÃO MAÇANETA","1"
"1201031","FECHADURA KRIPT PV200R1E - CZ","806055","CHAPA PUXADOR PV200R1I/E P/ 1 OU 2 CILINDROS (MAIOR)","2"
"1201031","FECHADURA KRIPT PV200R1E - CZ","806082","TERMINAL DE LATÃO DO SOQUETE","2"
"1201031","FECHADURA KRIPT PV200R1E - CZ","807002","TRAVA MENOR FECHO PV","1"
"1201031","FECHADURA KRIPT PV200R1E - CZ","807003","TRAVA MAIOR FECHO PV","1"
"1201031","FECHADURA KRIPT PV200R1E - CZ","807049","DISPOSITIVO DE MEMORIA FECHO PV - ZINCADO","1"
"1201031","FECHADURA KRIPT PV200R1E - CZ","807069","LINGUETA DAS FECHADURAS PV","1"
"1201031","FECHADURA KRIPT PV200R1E - CZ","807088","ROTOR DO FECHO","1"
"1201031","FECHADURA KRIPT PV200R1E - CZ","701084","CAIXA DO FECHO - BRUTO","1"
"1201031","FECHADURA KRIPT PV200R1E - CZ","807102","BLINDAGEM DO FECHO","1"
"1201031","FECHADURA KRIPT PV200R1E - CZ","807105","TRATOR MAÇANETA PV - ZINCADO","1"
"1201031","FECHADURA KRIPT PV200R1E - CZ","807106","TAMPA DO FECHO DE METAL","1"
"1201031","FECHADURA KRIPT PV200R1E - CZ","807138","VERGALHÃO QUADRADO 8MM PV - ZINCADO","1"
"1201031","FECHADURA KRIPT PV200R1E - CZ","811277","ETIQUETA ADES. COUCHE 20MM X 15MM X 04 CAR","1"
"1201031","FECHADURA KRIPT PV200R1E - CZ","811310","ETIQUETA ADES. COUCHE 33MM X 21MM X 03 CAR","1"
"1201031","FECHADURA KRIPT PV200R1E - CZ","811606","CAIXA FECHADURA ELETRICA P/ PORTAS DE VIDRO KRIPT 10,5 X 29,5","1"
"1201031","FECHADURA KRIPT PV200R1E - CZ","811762","SACO ZIP PADRAO - 05X07","1"
"1201031","FECHADURA KRIPT PV200R1E - CZ","805076","ALUMINIO FECHADURA PV 200","1"
"1201031","FECHADURA KRIPT PV200R1E - CZ","806036","CHAPA BATENTE PV200RF1E - CROMADO","1"
"1201031","FECHADURA KRIPT PV200R1E - CZ","807053","BUCHA REDONDA FECHADURA PV -CROMADA","2"
"1201031","FECHADURA KRIPT PV200R1E - CZ","807053","BUCHA REDONDA FECHADURA PV -CROMADA","1"
"1201031","FECHADURA KRIPT PV200R1E - CZ","811322","ETIQUETA ADES. BOPP 40MM X 40MM  BRANCA Bt759","1"
"1201031","FECHADURA KRIPT PV200R1E - CZ","807098","FUNDO ALUMINIO LINGUETA PV200RF1I/E - CINZA","1"
"1201031","FECHADURA KRIPT PV200R1E - CZ","807056","MAÇANETA ALAVANCA - CROMADA","1"
"1201031","FECHADURA KRIPT PV200R1E - CZ","103760","FIO COBRE ESMALTADO 155 TS 30 AWG","0,010787"
"1201031","FECHADURA KRIPT PV200R1E - CZ","801240","PINO DA CAIXINHA DO FECHO - ZINCADO","1"
"1201031","FECHADURA KRIPT PV200R1E - CZ","811681","AGL SOLAPA PORTA VIDRO 10,5 X 29,5 - CALÇO PV200","1"
"1201031","FECHADURA KRIPT PV200R1E - CZ","102817","CHAVE SIMPLES VIRGEM AGL - SEM LOGO","2"
"1201032","FECHADURA KRIPT PV200R1I - CZ","806031","CHAPA BATENTE PV200RF1I - CROMADO","1"
"1201032","FECHADURA KRIPT PV200R1I - CZ","806019","CHAPA S/ PUXADOR PV200R2I - CROMADO","1"
"1201032","FECHADURA KRIPT PV200R1I - CZ","401002","PARAFUSO 3.5 X 13 A/A CH. PH - ZI","4"
"1201032","FECHADURA KRIPT PV200R1I - CZ","401008","PARAFUSO PLASTIC PAN PHILLIPS 3 X 8 ZB","2"
"1201032","FECHADURA KRIPT PV200R1I - CZ","401023","PARAFUSO MET M3.5 X 8 CH. PH - ZI","4"
"1201032","FECHADURA KRIPT PV200R1I - CZ","401034","PARAFUSO PLASTIC 3 X 6 CH. PH - ZI","2"
"1201032","FECHADURA KRIPT PV200R1I - CZ","401083","PF MET CH PHS M4X12MM ZI","2"
"1201032","FECHADURA KRIPT PV200R1I - CZ","401089","PARAFUSO MET M3 X 8MM CH PHS ZI","2"
"1201032","FECHADURA KRIPT PV200R1I - CZ","401100","PARAFUSO M3 X 12 CC. PH - ZI","1"
"1201032","FECHADURA KRIPT PV200R1I - CZ","401101","PARAFUSO M3.5 X 6 CH. PH - ZI","4"
"1201032","FECHADURA KRIPT PV200R1I - CZ","401102","PARAFUSO M4 X 8 CH. PH MET - ZI","5"
"1201032","FECHADURA KRIPT PV200R1I - CZ","403013","MOLA DE RETORNO DA MAÇANETA FECHADURA PV","1"
"1201032","FECHADURA KRIPT PV200R1I - CZ","403014","MOLA DE RETORNO DA TRAVA MAIOR","1"
"1201032","FECHADURA KRIPT PV200R1I - CZ","403016","MOLA DE RETORNO DO DISPOSITIVO DE MEMORIA","1"
"1201032","FECHADURA KRIPT PV200R1I - CZ","403017","MOLA DE RETORNO DO ROTOR","1"
"1201032","FECHADURA KRIPT PV200R1I - CZ","403018","MOLA DE RETORNO DA TRAVA MENOR","1"
"1201032","FECHADURA KRIPT PV200R1I - CZ","403022","MOLA PV200 RETORNO DA LINGUETA","1"
"1201032","FECHADURA KRIPT PV200R1I - CZ","403025","MOLA DO ARIETE","1"
"1201032","FECHADURA KRIPT PV200R1I - CZ","404015","CONJUNTO CILINDRO FECHADURA PORTA DE VIDRO 1 CIL.","1"
"1201032","FECHADURA KRIPT PV200R1I - CZ","708018","CORPO DO ARIETE 4,76 X 29MM C/ DIAM 1,6MM - ZINCADO","1"
"1201032","FECHADURA KRIPT PV200R1I - CZ","708021","LUVA DO ARIETE 10MM - ZINCADO","1"
"1201032","FECHADURA KRIPT PV200R1I - CZ","801208","EIXO DO ROTOR - ZINCADO","1"
"1201032","FECHADURA KRIPT PV200R1I - CZ","804210","ARRUELA MAÇANETA PV","1"
"1201032","FECHADURA KRIPT PV200R1I - CZ","804321","CARRETEL DO FECHO","1"
"1201032","FECHADURA KRIPT PV200R1I - CZ","804323","ACABAMENTO RECORTE PV","1"
"1201032","FECHADURA KRIPT PV200R1I - CZ","804324","BLOQUEIO DE CARTÃO PV","1"
"1201032","FECHADURA KRIPT PV200R1I - CZ","804428","SOQUETE DO FECHO ELETRICO","1"
"1201032","FECHADURA KRIPT PV200R1I - CZ","804468","PONTA DO ARIETE 2,55 X 26MM","1"
"1201032","FECHADURA KRIPT PV200R1I - CZ","805087","NARIZ CILINDRO PV200 - ZINCADO","1"
"1201032","FECHADURA KRIPT PV200R1I - CZ","805089","BASE FIXAÇÃO MAÇANETA","1"
"1201032","FECHADURA KRIPT PV200R1I - CZ","806082","TERMINAL DE LATÃO DO SOQUETE","2"
"1201032","FECHADURA KRIPT PV200R1I - CZ","807002","TRAVA MENOR FECHO PV","1"
"1201032","FECHADURA KRIPT PV200R1I - CZ","807003","TRAVA MAIOR FECHO PV","1"
"1201032","FECHADURA KRIPT PV200R1I - CZ","807049","DISPOSITIVO DE MEMORIA FECHO PV - ZINCADO","1"
"1201032","FECHADURA KRIPT PV200R1I - CZ","807069","LINGUETA DAS FECHADURAS PV","1"
"1201032","FECHADURA KRIPT PV200R1I - CZ","807088","ROTOR DO FECHO","1"
"1201032","FECHADURA KRIPT PV200R1I - CZ","701084","CAIXA DO FECHO - BRUTO","1"
"1201032","FECHADURA KRIPT PV200R1I - CZ","807102","BLINDAGEM DO FECHO","1"
"1201032","FECHADURA KRIPT PV200R1I - CZ","807105","TRATOR MAÇANETA PV - ZINCADO","1"
"1201032","FECHADURA KRIPT PV200R1I - CZ","807106","TAMPA DO FECHO DE METAL","1"
"1201032","FECHADURA KRIPT PV200R1I - CZ","807138","VERGALHÃO QUADRADO 8MM PV - ZINCADO","1"
"1201032","FECHADURA KRIPT PV200R1I - CZ","811277","ETIQUETA ADES. COUCHE 20MM X 15MM X 04 CAR","1"
"1201032","FECHADURA KRIPT PV200R1I - CZ","811310","ETIQUETA ADES. COUCHE 33MM X 21MM X 03 CAR","1"
"1201032","FECHADURA KRIPT PV200R1I - CZ","811606","CAIXA FECHADURA ELETRICA P/ PORTAS DE VIDRO KRIPT 10,5 X 29,5","1"
"1201032","FECHADURA KRIPT PV200R1I - CZ","811762","SACO ZIP PADRAO - 05X07","1"
"1201032","FECHADURA KRIPT PV200R1I - CZ","805076","ALUMINIO FECHADURA PV 200","1"
"1201032","FECHADURA KRIPT PV200R1I - CZ","807052","MAÇANETA BOLA - CROMADA","1"
"1201032","FECHADURA KRIPT PV200R1I - CZ","807053","BUCHA REDONDA FECHADURA PV -CROMADA","2"
"1201032","FECHADURA KRIPT PV200R1I - CZ","810035","ACABAMENTO MAÇANETA BOLA - CROMADO","1"
"1201032","FECHADURA KRIPT PV200R1I - CZ","811322","ETIQUETA ADES. BOPP 40MM X 40MM  BRANCA Bt759","1"
"1201032","FECHADURA KRIPT PV200R1I - CZ","807098","FUNDO ALUMINIO LINGUETA PV200RF1I/E - CINZA","1"
"1201032","FECHADURA KRIPT PV200R1I - CZ","103760","FIO COBRE ESMALTADO 155 TS 30 AWG","0,010787"
"1201032","FECHADURA KRIPT PV200R1I - CZ","801240","PINO DA CAIXINHA DO FECHO - ZINCADO","1"
"1201032","FECHADURA KRIPT PV200R1I - CZ","811681","AGL SOLAPA PORTA VIDRO 10,5 X 29,5 - CALÇO PV200","1"
"1201032","FECHADURA KRIPT PV200R1I - CZ","102817","CHAVE SIMPLES VIRGEM AGL - SEM LOGO","2"
"1201033","FECHADURA KRIPT PV200R1I C/ 2 CIL.","806038","ALUMINIO FECHADURA PV200 C/2 CIL","1"
"1201033","FECHADURA KRIPT PV200R1I C/ 2 CIL.","401002","PARAFUSO 3.5 X 13 A/A CH. PH - ZI","4"
"1201033","FECHADURA KRIPT PV200R1I C/ 2 CIL.","401008","PARAFUSO PLASTIC PAN PHILLIPS 3 X 8 ZB","2"
"1201033","FECHADURA KRIPT PV200R1I C/ 2 CIL.","401023","PARAFUSO MET M3.5 X 8 CH. PH - ZI","6"
"1201033","FECHADURA KRIPT PV200R1I C/ 2 CIL.","401034","PARAFUSO PLASTIC 3 X 6 CH. PH - ZI","2"
"1201033","FECHADURA KRIPT PV200R1I C/ 2 CIL.","401083","PF MET CH PHS M4X12MM ZI","2"
"1201033","FECHADURA KRIPT PV200R1I C/ 2 CIL.","401089","PARAFUSO MET M3 X 8MM CH PHS ZI","4"
"1201033","FECHADURA KRIPT PV200R1I C/ 2 CIL.","401101","PARAFUSO M3.5 X 6 CH. PH - ZI","4"
"1201033","FECHADURA KRIPT PV200R1I C/ 2 CIL.","403014","MOLA DE RETORNO DA TRAVA MAIOR","1"
"1201033","FECHADURA KRIPT PV200R1I C/ 2 CIL.","403016","MOLA DE RETORNO DO DISPOSITIVO DE MEMORIA","1"
"1201033","FECHADURA KRIPT PV200R1I C/ 2 CIL.","403017","MOLA DE RETORNO DO ROTOR","1"
"1201033","FECHADURA KRIPT PV200R1I C/ 2 CIL.","403018","MOLA DE RETORNO DA TRAVA MENOR","1"
"1201033","FECHADURA KRIPT PV200R1I C/ 2 CIL.","403022","MOLA PV200 RETORNO DA LINGUETA","1"
"1201033","FECHADURA KRIPT PV200R1I C/ 2 CIL.","403025","MOLA DO ARIETE","1"
"1201033","FECHADURA KRIPT PV200R1I C/ 2 CIL.","404016","CONJUNTO CILINDRO FECHADURA PORTA DE VIDRO 2 CIL.","2"
"1201033","FECHADURA KRIPT PV200R1I C/ 2 CIL.","708018","CORPO DO ARIETE 4,76 X 29MM C/ DIAM 1,6MM - ZINCADO","1"
"1201033","FECHADURA KRIPT PV200R1I C/ 2 CIL.","708021","LUVA DO ARIETE 10MM - ZINCADO","1"
"1201033","FECHADURA KRIPT PV200R1I C/ 2 CIL.","801208","EIXO DO ROTOR - ZINCADO","1"
"1201033","FECHADURA KRIPT PV200R1I C/ 2 CIL.","804321","CARRETEL DO FECHO","1"
"1201033","FECHADURA KRIPT PV200R1I C/ 2 CIL.","804323","ACABAMENTO RECORTE PV","1"
"1201033","FECHADURA KRIPT PV200R1I C/ 2 CIL.","804324","BLOQUEIO DE CARTÃO PV","1"
"1201033","FECHADURA KRIPT PV200R1I C/ 2 CIL.","804406","ESPACADOR PARA FECHADURA 2 CILINDROS","1"
"1201033","FECHADURA KRIPT PV200R1I C/ 2 CIL.","804428","SOQUETE DO FECHO ELETRICO","1"
"1201033","FECHADURA KRIPT PV200R1I C/ 2 CIL.","804468","PONTA DO ARIETE 2,55 X 26MM","1"
"1201033","FECHADURA KRIPT PV200R1I C/ 2 CIL.","805085","CHAPA DE FIXAÇÃO CILINDRO DUPLO FECH PV - ZINCADA","1"
"1201033","FECHADURA KRIPT PV200R1I C/ 2 CIL.","805087","NARIZ CILINDRO PV200 - ZINCADO","2"
"1201033","FECHADURA KRIPT PV200R1I C/ 2 CIL.","806025","CHAPA PUXADOR PV200RF1IE P/ 1 OU 2 CILINDROS (MENOR)","1"
"1201033","FECHADURA KRIPT PV200R1I C/ 2 CIL.","806035","CHAPA PUXADOR PV200F1I/E P/ 1 OU 2 CILINDROS (MAIOR)","1"
"1201033","FECHADURA KRIPT PV200R1I C/ 2 CIL.","806082","TERMINAL DE LATÃO DO SOQUETE","2"
"1201033","FECHADURA KRIPT PV200R1I C/ 2 CIL.","807002","TRAVA MENOR FECHO PV","1"
"1201033","FECHADURA KRIPT PV200R1I C/ 2 CIL.","807003","TRAVA MAIOR FECHO PV","1"
"1201033","FECHADURA KRIPT PV200R1I C/ 2 CIL.","807049","DISPOSITIVO DE MEMORIA FECHO PV - ZINCADO","1"
"1201033","FECHADURA KRIPT PV200R1I C/ 2 CIL.","807069","LINGUETA DAS FECHADURAS PV","1"
"1201033","FECHADURA KRIPT PV200R1I C/ 2 CIL.","807088","ROTOR DO FECHO","1"
"1201033","FECHADURA KRIPT PV200R1I C/ 2 CIL.","701084","CAIXA DO FECHO - BRUTO","1"
"1201033","FECHADURA KRIPT PV200R1I C/ 2 CIL.","807102","BLINDAGEM DO FECHO","1"
"1201033","FECHADURA KRIPT PV200R1I C/ 2 CIL.","807106","TAMPA DO FECHO DE METAL","1"
"1201033","FECHADURA KRIPT PV200R1I C/ 2 CIL.","811277","ETIQUETA ADES. COUCHE 20MM X 15MM X 04 CAR","1"
"1201033","FECHADURA KRIPT PV200R1I C/ 2 CIL.","811310","ETIQUETA ADES. COUCHE 33MM X 21MM X 03 CAR","1"
"1201033","FECHADURA KRIPT PV200R1I C/ 2 CIL.","811606","CAIXA FECHADURA ELETRICA P/ PORTAS DE VIDRO KRIPT 10,5 X 29,5","1"
"1201033","FECHADURA KRIPT PV200R1I C/ 2 CIL.","811762","SACO ZIP PADRAO - 05X07","1"
"1201033","FECHADURA KRIPT PV200R1I C/ 2 CIL.","806036","CHAPA BATENTE PV200RF1E - CROMADO","1"
"1201033","FECHADURA KRIPT PV200R1I C/ 2 CIL.","807053","BUCHA REDONDA FECHADURA PV -CROMADA","2"
"1201033","FECHADURA KRIPT PV200R1I C/ 2 CIL.","811322","ETIQUETA ADES. BOPP 40MM X 40MM  BRANCA Bt759","1"
"1201033","FECHADURA KRIPT PV200R1I C/ 2 CIL.","807098","FUNDO ALUMINIO LINGUETA PV200RF1I/E - CINZA","1"
"1201033","FECHADURA KRIPT PV200R1I C/ 2 CIL.","103760","FIO COBRE ESMALTADO 155 TS 30 AWG","0,010787"
"1201033","FECHADURA KRIPT PV200R1I C/ 2 CIL.","801240","PINO DA CAIXINHA DO FECHO - ZINCADO","1"
"1201033","FECHADURA KRIPT PV200R1I C/ 2 CIL.","811681","AGL SOLAPA PORTA VIDRO 10,5 X 29,5 - CALÇO PV200","1"
"1201033","FECHADURA KRIPT PV200R1I C/ 2 CIL.","102817","CHAVE SIMPLES VIRGEM AGL - SEM LOGO","2"
"1201034","FECHADURA KRIPT PV200R2I - CZ","806004","CHAPA FECHO PVR2I - CROMADA","1"
"1201034","FECHADURA KRIPT PV200R2I - CZ","806019","CHAPA S/ PUXADOR PV200R2I - CROMADO","1"
"1201034","FECHADURA KRIPT PV200R2I - CZ","401008","PARAFUSO PLASTIC PAN PHILLIPS 3 X 8 ZB","2"
"1201034","FECHADURA KRIPT PV200R2I - CZ","401023","PARAFUSO MET M3.5 X 8 CH. PH - ZI","4"
"1201034","FECHADURA KRIPT PV200R2I - CZ","401034","PARAFUSO PLASTIC 3 X 6 CH. PH - ZI","2"
"1201034","FECHADURA KRIPT PV200R2I - CZ","401083","PF MET CH PHS M4X12MM ZI","4"
"1201034","FECHADURA KRIPT PV200R2I - CZ","401089","PARAFUSO MET M3 X 8MM CH PHS ZI","2"
"1201034","FECHADURA KRIPT PV200R2I - CZ","401100","PARAFUSO M3 X 12 CC. PH - ZI","1"
"1201034","FECHADURA KRIPT PV200R2I - CZ","401101","PARAFUSO M3.5 X 6 CH. PH - ZI","8"
"1201034","FECHADURA KRIPT PV200R2I - CZ","401102","PARAFUSO M4 X 8 CH. PH MET - ZI","5"
"1201034","FECHADURA KRIPT PV200R2I - CZ","403013","MOLA DE RETORNO DA MAÇANETA FECHADURA PV","1"
"1201034","FECHADURA KRIPT PV200R2I - CZ","403014","MOLA DE RETORNO DA TRAVA MAIOR","1"
"1201034","FECHADURA KRIPT PV200R2I - CZ","403016","MOLA DE RETORNO DO DISPOSITIVO DE MEMORIA","1"
"1201034","FECHADURA KRIPT PV200R2I - CZ","403017","MOLA DE RETORNO DO ROTOR","1"
"1201034","FECHADURA KRIPT PV200R2I - CZ","403018","MOLA DE RETORNO DA TRAVA MENOR","1"
"1201034","FECHADURA KRIPT PV200R2I - CZ","403022","MOLA PV200 RETORNO DA LINGUETA","1"
"1201034","FECHADURA KRIPT PV200R2I - CZ","403025","MOLA DO ARIETE","1"
"1201034","FECHADURA KRIPT PV200R2I - CZ","404015","CONJUNTO CILINDRO FECHADURA PORTA DE VIDRO 1 CIL.","1"
"1201034","FECHADURA KRIPT PV200R2I - CZ","708018","CORPO DO ARIETE 4,76 X 29MM C/ DIAM 1,6MM - ZINCADO","1"
"1201034","FECHADURA KRIPT PV200R2I - CZ","708021","LUVA DO ARIETE 10MM - ZINCADO","1"
"1201034","FECHADURA KRIPT PV200R2I - CZ","801208","EIXO DO ROTOR - ZINCADO","1"
"1201034","FECHADURA KRIPT PV200R2I - CZ","804210","ARRUELA MAÇANETA PV","1"
"1201034","FECHADURA KRIPT PV200R2I - CZ","804306","TAMPA PLASTICA DO FECHO","1"
"1201034","FECHADURA KRIPT PV200R2I - CZ","804321","CARRETEL DO FECHO","1"
"1201034","FECHADURA KRIPT PV200R2I - CZ","804323","ACABAMENTO RECORTE PV","1"
"1201034","FECHADURA KRIPT PV200R2I - CZ","804428","SOQUETE DO FECHO ELETRICO","1"
"1201034","FECHADURA KRIPT PV200R2I - CZ","804468","PONTA DO ARIETE 2,55 X 26MM","1"
"1201034","FECHADURA KRIPT PV200R2I - CZ","805087","NARIZ CILINDRO PV200 - ZINCADO","1"
"1201034","FECHADURA KRIPT PV200R2I - CZ","805089","BASE FIXAÇÃO MAÇANETA","1"
"1201034","FECHADURA KRIPT PV200R2I - CZ","806082","TERMINAL DE LATÃO DO SOQUETE","2"
"1201034","FECHADURA KRIPT PV200R2I - CZ","807002","TRAVA MENOR FECHO PV","1"
"1201034","FECHADURA KRIPT PV200R2I - CZ","807003","TRAVA MAIOR FECHO PV","1"
"1201034","FECHADURA KRIPT PV200R2I - CZ","807049","DISPOSITIVO DE MEMORIA FECHO PV - ZINCADO","1"
"1201034","FECHADURA KRIPT PV200R2I - CZ","807069","LINGUETA DAS FECHADURAS PV","1"
"1201034","FECHADURA KRIPT PV200R2I - CZ","807088","ROTOR DO FECHO","1"
"1201034","FECHADURA KRIPT PV200R2I - CZ","701084","CAIXA DO FECHO - BRUTO","1"
"1201034","FECHADURA KRIPT PV200R2I - CZ","807102","BLINDAGEM DO FECHO","1"
"1201034","FECHADURA KRIPT PV200R2I - CZ","807105","TRATOR MAÇANETA PV - ZINCADO","1"
"1201034","FECHADURA KRIPT PV200R2I - CZ","807138","VERGALHÃO QUADRADO 8MM PV - ZINCADO","1"
"1201034","FECHADURA KRIPT PV200R2I - CZ","811277","ETIQUETA ADES. COUCHE 20MM X 15MM X 04 CAR","1"
"1201034","FECHADURA KRIPT PV200R2I - CZ","811310","ETIQUETA ADES. COUCHE 33MM X 21MM X 03 CAR","1"
"1201034","FECHADURA KRIPT PV200R2I - CZ","811606","CAIXA FECHADURA ELETRICA P/ PORTAS DE VIDRO KRIPT 10,5 X 29,5","1"
"1201034","FECHADURA KRIPT PV200R2I - CZ","811762","SACO ZIP PADRAO - 05X07","1"
"1201034","FECHADURA KRIPT PV200R2I - CZ","807090","FUNDO ALUMINIO LINGUETA PV200RF2I - CINZA","1"
"1201034","FECHADURA KRIPT PV200R2I - CZ","805076","ALUMINIO FECHADURA PV 200","1"
"1201034","FECHADURA KRIPT PV200R2I - CZ","806045","ALUMINIO DO BATENTE PVRF2E","1"
"1201034","FECHADURA KRIPT PV200R2I - CZ","807052","MAÇANETA BOLA - CROMADA","1"
"1201034","FECHADURA KRIPT PV200R2I - CZ","807053","BUCHA REDONDA FECHADURA PV -CROMADA","2"
"1201034","FECHADURA KRIPT PV200R2I - CZ","810035","ACABAMENTO MAÇANETA BOLA - CROMADO","1"
"1201034","FECHADURA KRIPT PV200R2I - CZ","807094","FUNDO ALUMINIO FECHO PV200RF2I - CINZA","1"
"1201034","FECHADURA KRIPT PV200R2I - CZ","811322","ETIQUETA ADES. BOPP 40MM X 40MM  BRANCA Bt759","1"
"1201034","FECHADURA KRIPT PV200R2I - CZ","103760","FIO COBRE ESMALTADO 155 TS 30 AWG","0,010787"
"1201034","FECHADURA KRIPT PV200R2I - CZ","801240","PINO DA CAIXINHA DO FECHO - ZINCADO","1"
"1201034","FECHADURA KRIPT PV200R2I - CZ","811681","AGL SOLAPA PORTA VIDRO 10,5 X 29,5 - CALÇO PV200","1"
"1201034","FECHADURA KRIPT PV200R2I - CZ","102817","CHAVE SIMPLES VIRGEM AGL - SEM LOGO","2"
"1201035","FECHADURA KRIPT PVF2E - CZ","806011","FUNDO ZAMAC LINGUETA PVRF2E - CINZA","1"
"1201035","FECHADURA KRIPT PVF2E - CZ","806022","CHAPA FECHO PVF2E - CROMADA","1"
"1201035","FECHADURA KRIPT PVF2E - CZ","807077","FUNDO ZAMAC FECHO PV R/F 2E - CINZA","1"
"1201035","FECHADURA KRIPT PVF2E - CZ","401008","PARAFUSO PLASTIC PAN PHILLIPS 3 X 8 ZB","2"
"1201035","FECHADURA KRIPT PVF2E - CZ","401023","PARAFUSO MET M3.5 X 8 CH. PH - ZI","8"
"1201035","FECHADURA KRIPT PVF2E - CZ","401034","PARAFUSO PLASTIC 3 X 6 CH. PH - ZI","2"
"1201035","FECHADURA KRIPT PVF2E - CZ","401083","PF MET CH PHS M4X12MM ZI","4"
"1201035","FECHADURA KRIPT PVF2E - CZ","401089","PARAFUSO MET M3 X 8MM CH PHS ZI","2"
"1201035","FECHADURA KRIPT PVF2E - CZ","401100","PARAFUSO M3 X 12 CC. PH - ZI","1"
"1201035","FECHADURA KRIPT PVF2E - CZ","401101","PARAFUSO M3.5 X 6 CH. PH - ZI","8"
"1201035","FECHADURA KRIPT PVF2E - CZ","401102","PARAFUSO M4 X 8 CH. PH MET - ZI","1"
"1201035","FECHADURA KRIPT PVF2E - CZ","403013","MOLA DE RETORNO DA MAÇANETA FECHADURA PV","1"
"1201035","FECHADURA KRIPT PVF2E - CZ","403014","MOLA DE RETORNO DA TRAVA MAIOR","1"
"1201035","FECHADURA KRIPT PVF2E - CZ","403016","MOLA DE RETORNO DO DISPOSITIVO DE MEMORIA","1"
"1201035","FECHADURA KRIPT PVF2E - CZ","403017","MOLA DE RETORNO DO ROTOR","1"
"1201035","FECHADURA KRIPT PVF2E - CZ","403018","MOLA DE RETORNO DA TRAVA MENOR","1"
"1201035","FECHADURA KRIPT PVF2E - CZ","403025","MOLA DO ARIETE","1"
"1201035","FECHADURA KRIPT PVF2E - CZ","404015","CONJUNTO CILINDRO FECHADURA PORTA DE VIDRO 1 CIL.","1"
"1201035","FECHADURA KRIPT PVF2E - CZ","708018","CORPO DO ARIETE 4,76 X 29MM C/ DIAM 1,6MM - ZINCADO","1"
"1201035","FECHADURA KRIPT PVF2E - CZ","708021","LUVA DO ARIETE 10MM - ZINCADO","1"
"1201035","FECHADURA KRIPT PVF2E - CZ","801208","EIXO DO ROTOR - ZINCADO","1"
"1201035","FECHADURA KRIPT PVF2E - CZ","804321","CARRETEL DO FECHO","1"
"1201035","FECHADURA KRIPT PVF2E - CZ","804428","SOQUETE DO FECHO ELETRICO","1"
"1201035","FECHADURA KRIPT PVF2E - CZ","804468","PONTA DO ARIETE 2,55 X 26MM","1"
"1201035","FECHADURA KRIPT PVF2E - CZ","805088","NARIZ CILINDRO PVR - ZINCADO","1"
"1201035","FECHADURA KRIPT PVF2E - CZ","805089","BASE FIXAÇÃO MAÇANETA","1"
"1201035","FECHADURA KRIPT PVF2E - CZ","806005","CHAPA PUXADOR PVF2E P/ 1 OU 2 CILINDROS (MAIOR)","1"
"1201035","FECHADURA KRIPT PVF2E - CZ","806082","TERMINAL DE LATÃO DO SOQUETE","2"
"1201035","FECHADURA KRIPT PVF2E - CZ","807002","TRAVA MENOR FECHO PV","1"
"1201035","FECHADURA KRIPT PVF2E - CZ","807003","TRAVA MAIOR FECHO PV","1"
"1201035","FECHADURA KRIPT PVF2E - CZ","807049","DISPOSITIVO DE MEMORIA FECHO PV - ZINCADO","1"
"1201035","FECHADURA KRIPT PVF2E - CZ","807069","LINGUETA DAS FECHADURAS PV","1"
"1201035","FECHADURA KRIPT PVF2E - CZ","807088","ROTOR DO FECHO","1"
"1201035","FECHADURA KRIPT PVF2E - CZ","701084","CAIXA DO FECHO - BRUTO","1"
"1201035","FECHADURA KRIPT PVF2E - CZ","807102","BLINDAGEM DO FECHO","1"
"1201035","FECHADURA KRIPT PVF2E - CZ","807105","TRATOR MAÇANETA PV - ZINCADO","1"
"1201035","FECHADURA KRIPT PVF2E - CZ","807106","TAMPA DO FECHO DE METAL","1"
"1201035","FECHADURA KRIPT PVF2E - CZ","807138","VERGALHÃO QUADRADO 8MM PV - ZINCADO","1"
"1201035","FECHADURA KRIPT PVF2E - CZ","811277","ETIQUETA ADES. COUCHE 20MM X 15MM X 04 CAR","1"
"1201035","FECHADURA KRIPT PVF2E - CZ","811310","ETIQUETA ADES. COUCHE 33MM X 21MM X 03 CAR","1"
"1201035","FECHADURA KRIPT PVF2E - CZ","811606","CAIXA FECHADURA ELETRICA P/ PORTAS DE VIDRO KRIPT 10,5 X 29,5","1"
"1201035","FECHADURA KRIPT PVF2E - CZ","811762","SACO ZIP PADRAO - 05X07","1"
"1201035","FECHADURA KRIPT PVF2E - CZ","806042","ALUMINIO FECHADURA PVRF2E","1"
"1201035","FECHADURA KRIPT PVF2E - CZ","806045","ALUMINIO DO BATENTE PVRF2E","1"
"1201035","FECHADURA KRIPT PVF2E - CZ","807053","BUCHA REDONDA FECHADURA PV -CROMADA","2"
"1201035","FECHADURA KRIPT PVF2E - CZ","811322","ETIQUETA ADES. BOPP 40MM X 40MM  BRANCA Bt759","1"
"1201035","FECHADURA KRIPT PVF2E - CZ","807056","MAÇANETA ALAVANCA - CROMADA","1"
"1201035","FECHADURA KRIPT PVF2E - CZ","103760","FIO COBRE ESMALTADO 155 TS 30 AWG","0,010787"
"1201035","FECHADURA KRIPT PVF2E - CZ","801240","PINO DA CAIXINHA DO FECHO - ZINCADO","1"
"1201035","FECHADURA KRIPT PVF2E - CZ","811681","AGL SOLAPA PORTA VIDRO 10,5 X 29,5 - CALÇO PV200","1"
"1201035","FECHADURA KRIPT PVF2E - CZ","102817","CHAVE SIMPLES VIRGEM AGL - SEM LOGO","2"
"1201036","FECHADURA KRIPT PVR2E - CZ","806016","CHAPA FECHO PVR2E - CROMADA","1"
"1201036","FECHADURA KRIPT PVR2E - CZ","806011","FUNDO ZAMAC LINGUETA PVRF2E - CINZA","1"
"1201036","FECHADURA KRIPT PVR2E - CZ","807077","FUNDO ZAMAC FECHO PV R/F 2E - CINZA","1"
"1201036","FECHADURA KRIPT PVR2E - CZ","401008","PARAFUSO PLASTIC PAN PHILLIPS 3 X 8 ZB","2"
"1201036","FECHADURA KRIPT PVR2E - CZ","401023","PARAFUSO MET M3.5 X 8 CH. PH - ZI","8"
"1201036","FECHADURA KRIPT PVR2E - CZ","401034","PARAFUSO PLASTIC 3 X 6 CH. PH - ZI","2"
"1201036","FECHADURA KRIPT PVR2E - CZ","401083","PF MET CH PHS M4X12MM ZI","4"
"1201036","FECHADURA KRIPT PVR2E - CZ","401089","PARAFUSO MET M3 X 8MM CH PHS ZI","2"
"1201036","FECHADURA KRIPT PVR2E - CZ","401100","PARAFUSO M3 X 12 CC. PH - ZI","1"
"1201036","FECHADURA KRIPT PVR2E - CZ","401101","PARAFUSO M3.5 X 6 CH. PH - ZI","8"
"1201036","FECHADURA KRIPT PVR2E - CZ","403013","MOLA DE RETORNO DA MAÇANETA FECHADURA PV","1"
"1201036","FECHADURA KRIPT PVR2E - CZ","403014","MOLA DE RETORNO DA TRAVA MAIOR","1"
"1201036","FECHADURA KRIPT PVR2E - CZ","403016","MOLA DE RETORNO DO DISPOSITIVO DE MEMORIA","1"
"1201036","FECHADURA KRIPT PVR2E - CZ","403017","MOLA DE RETORNO DO ROTOR","1"
"1201036","FECHADURA KRIPT PVR2E - CZ","403018","MOLA DE RETORNO DA TRAVA MENOR","1"
"1201036","FECHADURA KRIPT PVR2E - CZ","403025","MOLA DO ARIETE","1"
"1201036","FECHADURA KRIPT PVR2E - CZ","404015","CONJUNTO CILINDRO FECHADURA PORTA DE VIDRO 1 CIL.","1"
"1201036","FECHADURA KRIPT PVR2E - CZ","708018","CORPO DO ARIETE 4,76 X 29MM C/ DIAM 1,6MM - ZINCADO","1"
"1201036","FECHADURA KRIPT PVR2E - CZ","708021","LUVA DO ARIETE 10MM - ZINCADO","1"
"1201036","FECHADURA KRIPT PVR2E - CZ","801208","EIXO DO ROTOR - ZINCADO","1"
"1201036","FECHADURA KRIPT PVR2E - CZ","804321","CARRETEL DO FECHO","1"
"1201036","FECHADURA KRIPT PVR2E - CZ","804323","ACABAMENTO RECORTE PV","2"
"1201036","FECHADURA KRIPT PVR2E - CZ","804428","SOQUETE DO FECHO ELETRICO","1"
"1201036","FECHADURA KRIPT PVR2E - CZ","804468","PONTA DO ARIETE 2,55 X 26MM","1"
"1201036","FECHADURA KRIPT PVR2E - CZ","805088","NARIZ CILINDRO PVR - ZINCADO","1"
"1201036","FECHADURA KRIPT PVR2E - CZ","805089","BASE FIXAÇÃO MAÇANETA","1"
"1201036","FECHADURA KRIPT PVR2E - CZ","806008","CHAPA PUXADOR PV200R2E P/ 1 OU 2 CILINDROS (MAIOR)","1"
"1201036","FECHADURA KRIPT PVR2E - CZ","806082","TERMINAL DE LATÃO DO SOQUETE","2"
"1201036","FECHADURA KRIPT PVR2E - CZ","807002","TRAVA MENOR FECHO PV","1"
"1201036","FECHADURA KRIPT PVR2E - CZ","807003","TRAVA MAIOR FECHO PV","1"
"1201036","FECHADURA KRIPT PVR2E - CZ","807049","DISPOSITIVO DE MEMORIA FECHO PV - ZINCADO","1"
"1201036","FECHADURA KRIPT PVR2E - CZ","807069","LINGUETA DAS FECHADURAS PV","1"
"1201036","FECHADURA KRIPT PVR2E - CZ","807088","ROTOR DO FECHO","1"
"1201036","FECHADURA KRIPT PVR2E - CZ","701084","CAIXA DO FECHO - BRUTO","1"
"1201036","FECHADURA KRIPT PVR2E - CZ","807102","BLINDAGEM DO FECHO","1"
"1201036","FECHADURA KRIPT PVR2E - CZ","807105","TRATOR MAÇANETA PV - ZINCADO","1"
"1201036","FECHADURA KRIPT PVR2E - CZ","807106","TAMPA DO FECHO DE METAL","1"
"1201036","FECHADURA KRIPT PVR2E - CZ","807138","VERGALHÃO QUADRADO 8MM PV - ZINCADO","1"
"1201036","FECHADURA KRIPT PVR2E - CZ","811277","ETIQUETA ADES. COUCHE 20MM X 15MM X 04 CAR","1"
"1201036","FECHADURA KRIPT PVR2E - CZ","811310","ETIQUETA ADES. COUCHE 33MM X 21MM X 03 CAR","1"
"1201036","FECHADURA KRIPT PVR2E - CZ","811606","CAIXA FECHADURA ELETRICA P/ PORTAS DE VIDRO KRIPT 10,5 X 29,5","1"
"1201036","FECHADURA KRIPT PVR2E - CZ","811762","SACO ZIP PADRAO - 05X07","1"
"1201036","FECHADURA KRIPT PVR2E - CZ","806042","ALUMINIO FECHADURA PVRF2E","1"
"1201036","FECHADURA KRIPT PVR2E - CZ","806045","ALUMINIO DO BATENTE PVRF2E","1"
"1201036","FECHADURA KRIPT PVR2E - CZ","807053","BUCHA REDONDA FECHADURA PV -CROMADA","2"
"1201036","FECHADURA KRIPT PVR2E - CZ","811322","ETIQUETA ADES. BOPP 40MM X 40MM  BRANCA Bt759","1"
"1201036","FECHADURA KRIPT PVR2E - CZ","807056","MAÇANETA ALAVANCA - CROMADA","1"
"1201036","FECHADURA KRIPT PVR2E - CZ","103760","FIO COBRE ESMALTADO 155 TS 30 AWG","0,010787"
"1201036","FECHADURA KRIPT PVR2E - CZ","801240","PINO DA CAIXINHA DO FECHO - ZINCADO","1"
"1201036","FECHADURA KRIPT PVR2E - CZ","403070","MOLA PVR RETORNO DA LINGUETA","1"
"1201036","FECHADURA KRIPT PVR2E - CZ","811681","AGL SOLAPA PORTA VIDRO 10,5 X 29,5 - CALÇO PV200","1"
"1201036","FECHADURA KRIPT PVR2E - CZ","102817","CHAVE SIMPLES VIRGEM AGL - SEM LOGO","2"
"1201037","FECHADURA KRIPT PV200F1I - CZ","806031","CHAPA BATENTE PV200RF1I - CROMADO","1"
"1201037","FECHADURA KRIPT PV200F1I - CZ","806028","CHAPA S/ PUXADOR PV200F1I - CROMADO","1"
"1201037","FECHADURA KRIPT PV200F1I - CZ","401002","PARAFUSO 3.5 X 13 A/A CH. PH - ZI","4"
"1201037","FECHADURA KRIPT PV200F1I - CZ","401008","PARAFUSO PLASTIC PAN PHILLIPS 3 X 8 ZB","2"
"1201037","FECHADURA KRIPT PV200F1I - CZ","401023","PARAFUSO MET M3.5 X 8 CH. PH - ZI","4"
"1201037","FECHADURA KRIPT PV200F1I - CZ","401034","PARAFUSO PLASTIC 3 X 6 CH. PH - ZI","2"
"1201037","FECHADURA KRIPT PV200F1I - CZ","401083","PF MET CH PHS M4X12MM ZI","2"
"1201037","FECHADURA KRIPT PV200F1I - CZ","401089","PARAFUSO MET M3 X 8MM CH PHS ZI","2"
"1201037","FECHADURA KRIPT PV200F1I - CZ","401100","PARAFUSO M3 X 12 CC. PH - ZI","1"
"1201037","FECHADURA KRIPT PV200F1I - CZ","401101","PARAFUSO M3.5 X 6 CH. PH - ZI","4"
"1201037","FECHADURA KRIPT PV200F1I - CZ","401102","PARAFUSO M4 X 8 CH. PH MET - ZI","5"
"1201037","FECHADURA KRIPT PV200F1I - CZ","403013","MOLA DE RETORNO DA MAÇANETA FECHADURA PV","1"
"1201037","FECHADURA KRIPT PV200F1I - CZ","403014","MOLA DE RETORNO DA TRAVA MAIOR","1"
"1201037","FECHADURA KRIPT PV200F1I - CZ","403016","MOLA DE RETORNO DO DISPOSITIVO DE MEMORIA","1"
"1201037","FECHADURA KRIPT PV200F1I - CZ","403017","MOLA DE RETORNO DO ROTOR","1"
"1201037","FECHADURA KRIPT PV200F1I - CZ","403018","MOLA DE RETORNO DA TRAVA MENOR","1"
"1201037","FECHADURA KRIPT PV200F1I - CZ","403022","MOLA PV200 RETORNO DA LINGUETA","1"
"1201037","FECHADURA KRIPT PV200F1I - CZ","403025","MOLA DO ARIETE","1"
"1201037","FECHADURA KRIPT PV200F1I - CZ","404015","CONJUNTO CILINDRO FECHADURA PORTA DE VIDRO 1 CIL.","1"
"1201037","FECHADURA KRIPT PV200F1I - CZ","708018","CORPO DO ARIETE 4,76 X 29MM C/ DIAM 1,6MM - ZINCADO","1"
"1201037","FECHADURA KRIPT PV200F1I - CZ","708021","LUVA DO ARIETE 10MM - ZINCADO","1"
"1201037","FECHADURA KRIPT PV200F1I - CZ","801208","EIXO DO ROTOR - ZINCADO","1"
"1201037","FECHADURA KRIPT PV200F1I - CZ","804210","ARRUELA MAÇANETA PV","1"
"1201037","FECHADURA KRIPT PV200F1I - CZ","804321","CARRETEL DO FECHO","1"
"1201037","FECHADURA KRIPT PV200F1I - CZ","804324","BLOQUEIO DE CARTÃO PV","1"
"1201037","FECHADURA KRIPT PV200F1I - CZ","804428","SOQUETE DO FECHO ELETRICO","1"
"1201037","FECHADURA KRIPT PV200F1I - CZ","804468","PONTA DO ARIETE 2,55 X 26MM","1"
"1201037","FECHADURA KRIPT PV200F1I - CZ","805087","NARIZ CILINDRO PV200 - ZINCADO","1"
"1201037","FECHADURA KRIPT PV200F1I - CZ","805089","BASE FIXAÇÃO MAÇANETA","1"
"1201037","FECHADURA KRIPT PV200F1I - CZ","806082","TERMINAL DE LATÃO DO SOQUETE","2"
"1201037","FECHADURA KRIPT PV200F1I - CZ","807002","TRAVA MENOR FECHO PV","1"
"1201037","FECHADURA KRIPT PV200F1I - CZ","807003","TRAVA MAIOR FECHO PV","1"
"1201037","FECHADURA KRIPT PV200F1I - CZ","807049","DISPOSITIVO DE MEMORIA FECHO PV - ZINCADO","1"
"1201037","FECHADURA KRIPT PV200F1I - CZ","807069","LINGUETA DAS FECHADURAS PV","1"
"1201037","FECHADURA KRIPT PV200F1I - CZ","807088","ROTOR DO FECHO","1"
"1201037","FECHADURA KRIPT PV200F1I - CZ","701084","CAIXA DO FECHO - BRUTO","1"
"1201037","FECHADURA KRIPT PV200F1I - CZ","807102","BLINDAGEM DO FECHO","1"
"1201037","FECHADURA KRIPT PV200F1I - CZ","807105","TRATOR MAÇANETA PV - ZINCADO","1"
"1201037","FECHADURA KRIPT PV200F1I - CZ","807106","TAMPA DO FECHO DE METAL","1"
"1201037","FECHADURA KRIPT PV200F1I - CZ","807138","VERGALHÃO QUADRADO 8MM PV - ZINCADO","1"
"1201037","FECHADURA KRIPT PV200F1I - CZ","811277","ETIQUETA ADES. COUCHE 20MM X 15MM X 04 CAR","1"
"1201037","FECHADURA KRIPT PV200F1I - CZ","811310","ETIQUETA ADES. COUCHE 33MM X 21MM X 03 CAR","1"
"1201037","FECHADURA KRIPT PV200F1I - CZ","811606","CAIXA FECHADURA ELETRICA P/ PORTAS DE VIDRO KRIPT 10,5 X 29,5","1"
"1201037","FECHADURA KRIPT PV200F1I - CZ","811762","SACO ZIP PADRAO - 05X07","1"
"1201037","FECHADURA KRIPT PV200F1I - CZ","805076","ALUMINIO FECHADURA PV 200","1"
"1201037","FECHADURA KRIPT PV200F1I - CZ","807052","MAÇANETA BOLA - CROMADA","1"
"1201037","FECHADURA KRIPT PV200F1I - CZ","807053","BUCHA REDONDA FECHADURA PV -CROMADA","2"
"1201037","FECHADURA KRIPT PV200F1I - CZ","810035","ACABAMENTO MAÇANETA BOLA - CROMADO","1"
"1201037","FECHADURA KRIPT PV200F1I - CZ","811322","ETIQUETA ADES. BOPP 40MM X 40MM  BRANCA Bt759","1"
"1201037","FECHADURA KRIPT PV200F1I - CZ","807098","FUNDO ALUMINIO LINGUETA PV200RF1I/E - CINZA","1"
"1201037","FECHADURA KRIPT PV200F1I - CZ","103760","FIO COBRE ESMALTADO 155 TS 30 AWG","0,010787"
"1201037","FECHADURA KRIPT PV200F1I - CZ","801240","PINO DA CAIXINHA DO FECHO - ZINCADO","1"
"1201037","FECHADURA KRIPT PV200F1I - CZ","811681","AGL SOLAPA PORTA VIDRO 10,5 X 29,5 - CALÇO PV200","1"
"1201037","FECHADURA KRIPT PV200F1I - CZ","102817","CHAVE SIMPLES VIRGEM AGL - SEM LOGO","2"
"1201038","FECHADURA MULTITECK PVF2E - CZ","806011","FUNDO ZAMAC LINGUETA PVRF2E - CINZA","1"
"1201038","FECHADURA MULTITECK PVF2E - CZ","806022","CHAPA FECHO PVF2E - CROMADA","1"
"1201038","FECHADURA MULTITECK PVF2E - CZ","807077","FUNDO ZAMAC FECHO PV R/F 2E - CINZA","1"
"1201038","FECHADURA MULTITECK PVF2E - CZ","401008","PARAFUSO PLASTIC PAN PHILLIPS 3 X 8 ZB","2"
"1201038","FECHADURA MULTITECK PVF2E - CZ","401023","PARAFUSO MET M3.5 X 8 CH. PH - ZI","8"
"1201038","FECHADURA MULTITECK PVF2E - CZ","401034","PARAFUSO PLASTIC 3 X 6 CH. PH - ZI","2"
"1201038","FECHADURA MULTITECK PVF2E - CZ","401083","PF MET CH PHS M4X12MM ZI","4"
"1201038","FECHADURA MULTITECK PVF2E - CZ","401089","PARAFUSO MET M3 X 8MM CH PHS ZI","2"
"1201038","FECHADURA MULTITECK PVF2E - CZ","401100","PARAFUSO M3 X 12 CC. PH - ZI","1"
"1201038","FECHADURA MULTITECK PVF2E - CZ","401101","PARAFUSO M3.5 X 6 CH. PH - ZI","8"
"1201038","FECHADURA MULTITECK PVF2E - CZ","401102","PARAFUSO M4 X 8 CH. PH MET - ZI","1"
"1201038","FECHADURA MULTITECK PVF2E - CZ","403013","MOLA DE RETORNO DA MAÇANETA FECHADURA PV","1"
"1201038","FECHADURA MULTITECK PVF2E - CZ","403014","MOLA DE RETORNO DA TRAVA MAIOR","1"
"1201038","FECHADURA MULTITECK PVF2E - CZ","403016","MOLA DE RETORNO DO DISPOSITIVO DE MEMORIA","1"
"1201038","FECHADURA MULTITECK PVF2E - CZ","403017","MOLA DE RETORNO DO ROTOR","1"
"1201038","FECHADURA MULTITECK PVF2E - CZ","403018","MOLA DE RETORNO DA TRAVA MENOR","1"
"1201038","FECHADURA MULTITECK PVF2E - CZ","403025","MOLA DO ARIETE","1"
"1201038","FECHADURA MULTITECK PVF2E - CZ","404015","CONJUNTO CILINDRO FECHADURA PORTA DE VIDRO 1 CIL.","1"
"1201038","FECHADURA MULTITECK PVF2E - CZ","708018","CORPO DO ARIETE 4,76 X 29MM C/ DIAM 1,6MM - ZINCADO","1"
"1201038","FECHADURA MULTITECK PVF2E - CZ","708021","LUVA DO ARIETE 10MM - ZINCADO","1"
"1201038","FECHADURA MULTITECK PVF2E - CZ","801208","EIXO DO ROTOR - ZINCADO","1"
"1201038","FECHADURA MULTITECK PVF2E - CZ","804321","CARRETEL DO FECHO","1"
"1201038","FECHADURA MULTITECK PVF2E - CZ","804428","SOQUETE DO FECHO ELETRICO","1"
"1201038","FECHADURA MULTITECK PVF2E - CZ","804468","PONTA DO ARIETE 2,55 X 26MM","1"
"1201038","FECHADURA MULTITECK PVF2E - CZ","805088","NARIZ CILINDRO PVR - ZINCADO","1"
"1201038","FECHADURA MULTITECK PVF2E - CZ","805089","BASE FIXAÇÃO MAÇANETA","1"
"1201038","FECHADURA MULTITECK PVF2E - CZ","806005","CHAPA PUXADOR PVF2E P/ 1 OU 2 CILINDROS (MAIOR)","1"
"1201038","FECHADURA MULTITECK PVF2E - CZ","806082","TERMINAL DE LATÃO DO SOQUETE","2"
"1201038","FECHADURA MULTITECK PVF2E - CZ","807002","TRAVA MENOR FECHO PV","1"
"1201038","FECHADURA MULTITECK PVF2E - CZ","807003","TRAVA MAIOR FECHO PV","1"
"1201038","FECHADURA MULTITECK PVF2E - CZ","807049","DISPOSITIVO DE MEMORIA FECHO PV - ZINCADO","1"
"1201038","FECHADURA MULTITECK PVF2E - CZ","806042","ALUMINIO FECHADURA PVRF2E","1"
"1201038","FECHADURA MULTITECK PVF2E - CZ","807069","LINGUETA DAS FECHADURAS PV","1"
"1201038","FECHADURA MULTITECK PVF2E - CZ","807088","ROTOR DO FECHO","1"
"1201038","FECHADURA MULTITECK PVF2E - CZ","701084","CAIXA DO FECHO - BRUTO","1"
"1201038","FECHADURA MULTITECK PVF2E - CZ","807102","BLINDAGEM DO FECHO","1"
"1201038","FECHADURA MULTITECK PVF2E - CZ","807105","TRATOR MAÇANETA PV - ZINCADO","1"
"1201038","FECHADURA MULTITECK PVF2E - CZ","807106","TAMPA DO FECHO DE METAL","1"
"1201038","FECHADURA MULTITECK PVF2E - CZ","807138","VERGALHÃO QUADRADO 8MM PV - ZINCADO","1"
"1201038","FECHADURA MULTITECK PVF2E - CZ","811277","ETIQUETA ADES. COUCHE 20MM X 15MM X 04 CAR","1"
"1201038","FECHADURA MULTITECK PVF2E - CZ","811310","ETIQUETA ADES. COUCHE 33MM X 21MM X 03 CAR","1"
"1201038","FECHADURA MULTITECK PVF2E - CZ","811762","SACO ZIP PADRAO - 05X07","1"
"1201038","FECHADURA MULTITECK PVF2E - CZ","811701","CAIXA FECHADURA ELETRICA P/ PORTAS DE VIDRO BRANCA 10,5 X 29,5","1"
"1201038","FECHADURA MULTITECK PVF2E - CZ","806045","ALUMINIO DO BATENTE PVRF2E","1"
"1201038","FECHADURA MULTITECK PVF2E - CZ","807053","BUCHA REDONDA FECHADURA PV -CROMADA","2"
"1201038","FECHADURA MULTITECK PVF2E - CZ","811322","ETIQUETA ADES. BOPP 40MM X 40MM  BRANCA Bt759","1"
"1201038","FECHADURA MULTITECK PVF2E - CZ","807056","MAÇANETA ALAVANCA - CROMADA","1"
"1201038","FECHADURA MULTITECK PVF2E - CZ","103760","FIO COBRE ESMALTADO 155 TS 30 AWG","0,010787"
"1201038","FECHADURA MULTITECK PVF2E - CZ","801240","PINO DA CAIXINHA DO FECHO - ZINCADO","1"
"1201038","FECHADURA MULTITECK PVF2E - CZ","811681","AGL SOLAPA PORTA VIDRO 10,5 X 29,5 - CALÇO PV200","1"
"1201040","FECHADURA AGL PVR1E - CZ","806016","CHAPA FECHO PVR2E - CROMADA","1"
"1201040","FECHADURA AGL PVR1E - CZ","806042","ALUMINIO FECHADURA PVRF2E","1"
"1201040","FECHADURA AGL PVR1E - CZ","401008","PARAFUSO PLASTIC PAN PHILLIPS 3 X 8 ZB","2"
"1201040","FECHADURA AGL PVR1E - CZ","401023","PARAFUSO MET M3.5 X 8 CH. PH - ZI","8"
"1201040","FECHADURA AGL PVR1E - CZ","401034","PARAFUSO PLASTIC 3 X 6 CH. PH - ZI","2"
"1201040","FECHADURA AGL PVR1E - CZ","401083","PF MET CH PHS M4X12MM ZI","4"
"1201040","FECHADURA AGL PVR1E - CZ","401089","PARAFUSO MET M3 X 8MM CH PHS ZI","2"
"1201040","FECHADURA AGL PVR1E - CZ","401100","PARAFUSO M3 X 12 CC. PH - ZI","1"
"1201040","FECHADURA AGL PVR1E - CZ","401101","PARAFUSO M3.5 X 6 CH. PH - ZI","8"
"1201040","FECHADURA AGL PVR1E - CZ","403013","MOLA DE RETORNO DA MAÇANETA FECHADURA PV","1"
"1201040","FECHADURA AGL PVR1E - CZ","403014","MOLA DE RETORNO DA TRAVA MAIOR","1"
"1201040","FECHADURA AGL PVR1E - CZ","403016","MOLA DE RETORNO DO DISPOSITIVO DE MEMORIA","1"
"1201040","FECHADURA AGL PVR1E - CZ","403017","MOLA DE RETORNO DO ROTOR","1"
"1201040","FECHADURA AGL PVR1E - CZ","403018","MOLA DE RETORNO DA TRAVA MENOR","1"
"1201040","FECHADURA AGL PVR1E - CZ","403025","MOLA DO ARIETE","1"
"1201040","FECHADURA AGL PVR1E - CZ","404015","CONJUNTO CILINDRO FECHADURA PORTA DE VIDRO 1 CIL.","1"
"1201040","FECHADURA AGL PVR1E - CZ","708018","CORPO DO ARIETE 4,76 X 29MM C/ DIAM 1,6MM - ZINCADO","1"
"1201040","FECHADURA AGL PVR1E - CZ","708021","LUVA DO ARIETE 10MM - ZINCADO","1"
"1201040","FECHADURA AGL PVR1E - CZ","801208","EIXO DO ROTOR - ZINCADO","1"
"1201040","FECHADURA AGL PVR1E - CZ","804321","CARRETEL DO FECHO","1"
"1201040","FECHADURA AGL PVR1E - CZ","804323","ACABAMENTO RECORTE PV","2"
"1201040","FECHADURA AGL PVR1E - CZ","804428","SOQUETE DO FECHO ELETRICO","1"
"1201040","FECHADURA AGL PVR1E - CZ","804468","PONTA DO ARIETE 2,55 X 26MM","1"
"1201040","FECHADURA AGL PVR1E - CZ","805088","NARIZ CILINDRO PVR - ZINCADO","1"
"1201040","FECHADURA AGL PVR1E - CZ","805089","BASE FIXAÇÃO MAÇANETA","1"
"1201040","FECHADURA AGL PVR1E - CZ","806008","CHAPA PUXADOR PV200R2E P/ 1 OU 2 CILINDROS (MAIOR)","1"
"1201040","FECHADURA AGL PVR1E - CZ","806082","TERMINAL DE LATÃO DO SOQUETE","2"
"1201040","FECHADURA AGL PVR1E - CZ","807002","TRAVA MENOR FECHO PV","1"
"1201040","FECHADURA AGL PVR1E - CZ","807003","TRAVA MAIOR FECHO PV","1"
"1201040","FECHADURA AGL PVR1E - CZ","807049","DISPOSITIVO DE MEMORIA FECHO PV - ZINCADO","1"
"1201040","FECHADURA AGL PVR1E - CZ","807069","LINGUETA DAS FECHADURAS PV","1"
"1201040","FECHADURA AGL PVR1E - CZ","807088","ROTOR DO FECHO","1"
"1201040","FECHADURA AGL PVR1E - CZ","701084","CAIXA DO FECHO - BRUTO","1"
"1201040","FECHADURA AGL PVR1E - CZ","807102","BLINDAGEM DO FECHO","1"
"1201040","FECHADURA AGL PVR1E - CZ","807105","TRATOR MAÇANETA PV - ZINCADO","1"
"1201040","FECHADURA AGL PVR1E - CZ","807106","TAMPA DO FECHO DE METAL","1"
"1201040","FECHADURA AGL PVR1E - CZ","807138","VERGALHÃO QUADRADO 8MM PV - ZINCADO","1"
"1201040","FECHADURA AGL PVR1E - CZ","811277","ETIQUETA ADES. COUCHE 20MM X 15MM X 04 CAR","1"
"1201040","FECHADURA AGL PVR1E - CZ","811310","ETIQUETA ADES. COUCHE 33MM X 21MM X 03 CAR","1"
"1201040","FECHADURA AGL PVR1E - CZ","811762","SACO ZIP PADRAO - 05X07","1"
"1201040","FECHADURA AGL PVR1E - CZ","811681","AGL SOLAPA PORTA VIDRO 10,5 X 29,5 - CALÇO PV200","1"
"1201040","FECHADURA AGL PVR1E - CZ","811700","CAIXA FECHADURA ELETRICA P/ PORTAS DE VIDRO AGL 13,2 X 11,7 X 11,4","1"
"1201040","FECHADURA AGL PVR1E - CZ","806045","ALUMINIO DO BATENTE PVRF2E","1"
"1201040","FECHADURA AGL PVR1E - CZ","807077","FUNDO ZAMAC FECHO PV R/F 2E - CINZA","1"
"1201040","FECHADURA AGL PVR1E - CZ","806081","FUNDO ZAMAC LINGUETA PVRF2E - CROMADA","1"
"1201040","FECHADURA AGL PVR1E - CZ","807053","BUCHA REDONDA FECHADURA PV -CROMADA","2"
"1201040","FECHADURA AGL PVR1E - CZ","811322","ETIQUETA ADES. BOPP 40MM X 40MM  BRANCA Bt759","1"
"1201040","FECHADURA AGL PVR1E - CZ","807056","MAÇANETA ALAVANCA - CROMADA","1"
"1201040","FECHADURA AGL PVR1E - CZ","103760","FIO COBRE ESMALTADO 155 TS 30 AWG","0,010787"
"1201040","FECHADURA AGL PVR1E - CZ","801240","PINO DA CAIXINHA DO FECHO - ZINCADO","1"
"1201040","FECHADURA AGL PVR1E - CZ","403070","MOLA PVR RETORNO DA LINGUETA","1"
"1201041","FECHADURA AGL PV200R1I - BRANCA","806044","TAMPA AL LINGUETA PV - BRANCA","1"
"1201041","FECHADURA AGL PV200R1I - BRANCA","401002","PARAFUSO 3.5 X 13 A/A CH. PH - ZI","4"
"1201041","FECHADURA AGL PV200R1I - BRANCA","401008","PARAFUSO PLASTIC PAN PHILLIPS 3 X 8 ZB","2"
"1201041","FECHADURA AGL PV200R1I - BRANCA","401023","PARAFUSO MET M3.5 X 8 CH. PH - ZI","4"
"1201041","FECHADURA AGL PV200R1I - BRANCA","401034","PARAFUSO PLASTIC 3 X 6 CH. PH - ZI","2"
"1201041","FECHADURA AGL PV200R1I - BRANCA","401083","PF MET CH PHS M4X12MM ZI","2"
"1201041","FECHADURA AGL PV200R1I - BRANCA","401089","PARAFUSO MET M3 X 8MM CH PHS ZI","2"
"1201041","FECHADURA AGL PV200R1I - BRANCA","401100","PARAFUSO M3 X 12 CC. PH - ZI","1"
"1201041","FECHADURA AGL PV200R1I - BRANCA","401101","PARAFUSO M3.5 X 6 CH. PH - ZI","4"
"1201041","FECHADURA AGL PV200R1I - BRANCA","401102","PARAFUSO M4 X 8 CH. PH MET - ZI","5"
"1201041","FECHADURA AGL PV200R1I - BRANCA","403013","MOLA DE RETORNO DA MAÇANETA FECHADURA PV","1"
"1201041","FECHADURA AGL PV200R1I - BRANCA","403014","MOLA DE RETORNO DA TRAVA MAIOR","1"
"1201041","FECHADURA AGL PV200R1I - BRANCA","403016","MOLA DE RETORNO DO DISPOSITIVO DE MEMORIA","1"
"1201041","FECHADURA AGL PV200R1I - BRANCA","403017","MOLA DE RETORNO DO ROTOR","1"
"1201041","FECHADURA AGL PV200R1I - BRANCA","403018","MOLA DE RETORNO DA TRAVA MENOR","1"
"1201041","FECHADURA AGL PV200R1I - BRANCA","403022","MOLA PV200 RETORNO DA LINGUETA","1"
"1201041","FECHADURA AGL PV200R1I - BRANCA","403025","MOLA DO ARIETE","1"
"1201041","FECHADURA AGL PV200R1I - BRANCA","404015","CONJUNTO CILINDRO FECHADURA PORTA DE VIDRO 1 CIL.","1"
"1201041","FECHADURA AGL PV200R1I - BRANCA","708018","CORPO DO ARIETE 4,76 X 29MM C/ DIAM 1,6MM - ZINCADO","1"
"1201041","FECHADURA AGL PV200R1I - BRANCA","708021","LUVA DO ARIETE 10MM - ZINCADO","1"
"1201041","FECHADURA AGL PV200R1I - BRANCA","801208","EIXO DO ROTOR - ZINCADO","1"
"1201041","FECHADURA AGL PV200R1I - BRANCA","804210","ARRUELA MAÇANETA PV","1"
"1201041","FECHADURA AGL PV200R1I - BRANCA","804321","CARRETEL DO FECHO","1"
"1201041","FECHADURA AGL PV200R1I - BRANCA","804323","ACABAMENTO RECORTE PV","1"
"1201041","FECHADURA AGL PV200R1I - BRANCA","804324","BLOQUEIO DE CARTÃO PV","1"
"1201041","FECHADURA AGL PV200R1I - BRANCA","804428","SOQUETE DO FECHO ELETRICO","1"
"1201041","FECHADURA AGL PV200R1I - BRANCA","804468","PONTA DO ARIETE 2,55 X 26MM","1"
"1201041","FECHADURA AGL PV200R1I - BRANCA","805087","NARIZ CILINDRO PV200 - ZINCADO","1"
"1201041","FECHADURA AGL PV200R1I - BRANCA","805089","BASE FIXAÇÃO MAÇANETA","1"
"1201041","FECHADURA AGL PV200R1I - BRANCA","806015","CHAPA BATENTE PV200RF1I - BRANCO","1"
"1201041","FECHADURA AGL PV200R1I - BRANCA","806082","TERMINAL DE LATÃO DO SOQUETE","2"
"1201041","FECHADURA AGL PV200R1I - BRANCA","807002","TRAVA MENOR FECHO PV","1"
"1201041","FECHADURA AGL PV200R1I - BRANCA","807003","TRAVA MAIOR FECHO PV","1"
"1201041","FECHADURA AGL PV200R1I - BRANCA","807049","DISPOSITIVO DE MEMORIA FECHO PV - ZINCADO","1"
"1201041","FECHADURA AGL PV200R1I - BRANCA","807069","LINGUETA DAS FECHADURAS PV","1"
"1201041","FECHADURA AGL PV200R1I - BRANCA","807088","ROTOR DO FECHO","1"
"1201041","FECHADURA AGL PV200R1I - BRANCA","807099","FUNDO ALUMINIO LINGUETA PV200RF1I/E - BRANCO","1"
"1201041","FECHADURA AGL PV200R1I - BRANCA","701084","CAIXA DO FECHO - BRUTO","1"
"1201041","FECHADURA AGL PV200R1I - BRANCA","807102","BLINDAGEM DO FECHO","1"
"1201041","FECHADURA AGL PV200R1I - BRANCA","807105","TRATOR MAÇANETA PV - ZINCADO","1"
"1201041","FECHADURA AGL PV200R1I - BRANCA","807106","TAMPA DO FECHO DE METAL","1"
"1201041","FECHADURA AGL PV200R1I - BRANCA","807138","VERGALHÃO QUADRADO 8MM PV - ZINCADO","1"
"1201041","FECHADURA AGL PV200R1I - BRANCA","811277","ETIQUETA ADES. COUCHE 20MM X 15MM X 04 CAR","1"
"1201041","FECHADURA AGL PV200R1I - BRANCA","811310","ETIQUETA ADES. COUCHE 33MM X 21MM X 03 CAR","1"
"1201041","FECHADURA AGL PV200R1I - BRANCA","811762","SACO ZIP PADRAO - 05X07","1"
"1201041","FECHADURA AGL PV200R1I - BRANCA","811681","AGL SOLAPA PORTA VIDRO 10,5 X 29,5 - CALÇO PV200","1"
"1201041","FECHADURA AGL PV200R1I - BRANCA","811700","CAIXA FECHADURA ELETRICA P/ PORTAS DE VIDRO AGL 13,2 X 11,7 X 11,4","1"
"1201041","FECHADURA AGL PV200R1I - BRANCA","807054","MAÇANETA BOLA - BRANCA","1"
"1201041","FECHADURA AGL PV200R1I - BRANCA","806073","CHAPA C/ PUXADOR PV200R1I - BRANCO","1"
"1201041","FECHADURA AGL PV200R1I - BRANCA","807053","BUCHA REDONDA FECHADURA PV -CROMADA","2"
"1201041","FECHADURA AGL PV200R1I - BRANCA","810035","ACABAMENTO MAÇANETA BOLA - CROMADO","1"
"1201041","FECHADURA AGL PV200R1I - BRANCA","811322","ETIQUETA ADES. BOPP 40MM X 40MM  BRANCA Bt759","1"
"1201041","FECHADURA AGL PV200R1I - BRANCA","103760","FIO COBRE ESMALTADO 155 TS 30 AWG","0,010787"
"1201041","FECHADURA AGL PV200R1I - BRANCA","801240","PINO DA CAIXINHA DO FECHO - ZINCADO","1"
"1201042","FECHADURA AGL PV200R1E - BRANCA","806044","TAMPA AL LINGUETA PV - BRANCA","1"
"1201042","FECHADURA AGL PV200R1E - BRANCA","401002","PARAFUSO 3.5 X 13 A/A CH. PH - ZI","4"
"1201042","FECHADURA AGL PV200R1E - BRANCA","401008","PARAFUSO PLASTIC PAN PHILLIPS 3 X 8 ZB","2"
"1201042","FECHADURA AGL PV200R1E - BRANCA","401023","PARAFUSO MET M3.5 X 8 CH. PH - ZI","4"
"1201042","FECHADURA AGL PV200R1E - BRANCA","401034","PARAFUSO PLASTIC 3 X 6 CH. PH - ZI","2"
"1201042","FECHADURA AGL PV200R1E - BRANCA","401083","PF MET CH PHS M4X12MM ZI","2"
"1201042","FECHADURA AGL PV200R1E - BRANCA","401089","PARAFUSO MET M3 X 8MM CH PHS ZI","4"
"1201042","FECHADURA AGL PV200R1E - BRANCA","401100","PARAFUSO M3 X 12 CC. PH - ZI","1"
"1201042","FECHADURA AGL PV200R1E - BRANCA","401101","PARAFUSO M3.5 X 6 CH. PH - ZI","4"
"1201042","FECHADURA AGL PV200R1E - BRANCA","401102","PARAFUSO M4 X 8 CH. PH MET - ZI","5"
"1201042","FECHADURA AGL PV200R1E - BRANCA","403013","MOLA DE RETORNO DA MAÇANETA FECHADURA PV","1"
"1201042","FECHADURA AGL PV200R1E - BRANCA","403014","MOLA DE RETORNO DA TRAVA MAIOR","1"
"1201042","FECHADURA AGL PV200R1E - BRANCA","403016","MOLA DE RETORNO DO DISPOSITIVO DE MEMORIA","1"
"1201042","FECHADURA AGL PV200R1E - BRANCA","403017","MOLA DE RETORNO DO ROTOR","1"
"1201042","FECHADURA AGL PV200R1E - BRANCA","403018","MOLA DE RETORNO DA TRAVA MENOR","1"
"1201042","FECHADURA AGL PV200R1E - BRANCA","403022","MOLA PV200 RETORNO DA LINGUETA","1"
"1201042","FECHADURA AGL PV200R1E - BRANCA","403025","MOLA DO ARIETE","1"
"1201042","FECHADURA AGL PV200R1E - BRANCA","404015","CONJUNTO CILINDRO FECHADURA PORTA DE VIDRO 1 CIL.","1"
"1201042","FECHADURA AGL PV200R1E - BRANCA","708018","CORPO DO ARIETE 4,76 X 29MM C/ DIAM 1,6MM - ZINCADO","1"
"1201042","FECHADURA AGL PV200R1E - BRANCA","708021","LUVA DO ARIETE 10MM - ZINCADO","1"
"1201042","FECHADURA AGL PV200R1E - BRANCA","801208","EIXO DO ROTOR - ZINCADO","1"
"1201042","FECHADURA AGL PV200R1E - BRANCA","804210","ARRUELA MAÇANETA PV","1"
"1201042","FECHADURA AGL PV200R1E - BRANCA","804212","ENCOSTO PARA CHAPA DO BATENTE PV","1"
"1201042","FECHADURA AGL PV200R1E - BRANCA","804321","CARRETEL DO FECHO","1"
"1201042","FECHADURA AGL PV200R1E - BRANCA","804323","ACABAMENTO RECORTE PV","1"
"1201042","FECHADURA AGL PV200R1E - BRANCA","804428","SOQUETE DO FECHO ELETRICO","1"
"1201042","FECHADURA AGL PV200R1E - BRANCA","804468","PONTA DO ARIETE 2,55 X 26MM","1"
"1201042","FECHADURA AGL PV200R1E - BRANCA","805088","NARIZ CILINDRO PVR - ZINCADO","1"
"1201042","FECHADURA AGL PV200R1E - BRANCA","805089","BASE FIXAÇÃO MAÇANETA","1"
"1201042","FECHADURA AGL PV200R1E - BRANCA","806037","CHAPA BATENTE EXTERNO PV200RF1E - BRANCO","1"
"1201042","FECHADURA AGL PV200R1E - BRANCA","806060","CHAPA PUXADOR PV200R1I/E P/ 1 OU 2 CILINDROS (MAIOR) - BRANCO","2"
"1201042","FECHADURA AGL PV200R1E - BRANCA","806082","TERMINAL DE LATÃO DO SOQUETE","2"
"1201042","FECHADURA AGL PV200R1E - BRANCA","807002","TRAVA MENOR FECHO PV","1"
"1201042","FECHADURA AGL PV200R1E - BRANCA","807003","TRAVA MAIOR FECHO PV","1"
"1201042","FECHADURA AGL PV200R1E - BRANCA","807049","DISPOSITIVO DE MEMORIA FECHO PV - ZINCADO","1"
"1201042","FECHADURA AGL PV200R1E - BRANCA","807069","LINGUETA DAS FECHADURAS PV","1"
"1201042","FECHADURA AGL PV200R1E - BRANCA","807088","ROTOR DO FECHO","1"
"1201042","FECHADURA AGL PV200R1E - BRANCA","807099","FUNDO ALUMINIO LINGUETA PV200RF1I/E - BRANCO","1"
"1201042","FECHADURA AGL PV200R1E - BRANCA","701084","CAIXA DO FECHO - BRUTO","1"
"1201042","FECHADURA AGL PV200R1E - BRANCA","807102","BLINDAGEM DO FECHO","1"
"1201042","FECHADURA AGL PV200R1E - BRANCA","807105","TRATOR MAÇANETA PV - ZINCADO","1"
"1201042","FECHADURA AGL PV200R1E - BRANCA","807106","TAMPA DO FECHO DE METAL","1"
"1201042","FECHADURA AGL PV200R1E - BRANCA","807138","VERGALHÃO QUADRADO 8MM PV - ZINCADO","1"
"1201042","FECHADURA AGL PV200R1E - BRANCA","811277","ETIQUETA ADES. COUCHE 20MM X 15MM X 04 CAR","1"
"1201042","FECHADURA AGL PV200R1E - BRANCA","811310","ETIQUETA ADES. COUCHE 33MM X 21MM X 03 CAR","1"
"1201042","FECHADURA AGL PV200R1E - BRANCA","811762","SACO ZIP PADRAO - 05X07","1"
"1201042","FECHADURA AGL PV200R1E - BRANCA","811681","AGL SOLAPA PORTA VIDRO 10,5 X 29,5 - CALÇO PV200","1"
"1201042","FECHADURA AGL PV200R1E - BRANCA","811700","CAIXA FECHADURA ELETRICA P/ PORTAS DE VIDRO AGL 13,2 X 11,7 X 11,4","1"
"1201042","FECHADURA AGL PV200R1E - BRANCA","807057","MAÇANETA ALAVANCA - BRANCA","1"
"1201042","FECHADURA AGL PV200R1E - BRANCA","807053","BUCHA REDONDA FECHADURA PV -CROMADA","2"
"1201042","FECHADURA AGL PV200R1E - BRANCA","807053","BUCHA REDONDA FECHADURA PV -CROMADA","1"
"1201042","FECHADURA AGL PV200R1E - BRANCA","811322","ETIQUETA ADES. BOPP 40MM X 40MM  BRANCA Bt759","1"
"1201042","FECHADURA AGL PV200R1E - BRANCA","103760","FIO COBRE ESMALTADO 155 TS 30 AWG","0,010787"
"1201042","FECHADURA AGL PV200R1E - BRANCA","801240","PINO DA CAIXINHA DO FECHO - ZINCADO","1"
"1201043","FECHADURA AGL PV200R2I - BRANCA","806004","CHAPA FECHO PVR2I - CROMADA","1"
"1201043","FECHADURA AGL PV200R2I - BRANCA","806044","TAMPA AL LINGUETA PV - BRANCA","1"
"1201043","FECHADURA AGL PV200R2I - BRANCA","806048","FRENTE AL PQ. FECHO PV - BRANCA","1"
"1201043","FECHADURA AGL PV200R2I - BRANCA","401008","PARAFUSO PLASTIC PAN PHILLIPS 3 X 8 ZB","2"
"1201043","FECHADURA AGL PV200R2I - BRANCA","401023","PARAFUSO MET M3.5 X 8 CH. PH - ZI","4"
"1201043","FECHADURA AGL PV200R2I - BRANCA","401034","PARAFUSO PLASTIC 3 X 6 CH. PH - ZI","2"
"1201043","FECHADURA AGL PV200R2I - BRANCA","401083","PF MET CH PHS M4X12MM ZI","4"
"1201043","FECHADURA AGL PV200R2I - BRANCA","401089","PARAFUSO MET M3 X 8MM CH PHS ZI","2"
"1201043","FECHADURA AGL PV200R2I - BRANCA","401100","PARAFUSO M3 X 12 CC. PH - ZI","1"
"1201043","FECHADURA AGL PV200R2I - BRANCA","401101","PARAFUSO M3.5 X 6 CH. PH - ZI","8"
"1201043","FECHADURA AGL PV200R2I - BRANCA","401102","PARAFUSO M4 X 8 CH. PH MET - ZI","5"
"1201043","FECHADURA AGL PV200R2I - BRANCA","403013","MOLA DE RETORNO DA MAÇANETA FECHADURA PV","1"
"1201043","FECHADURA AGL PV200R2I - BRANCA","403014","MOLA DE RETORNO DA TRAVA MAIOR","1"
"1201043","FECHADURA AGL PV200R2I - BRANCA","403016","MOLA DE RETORNO DO DISPOSITIVO DE MEMORIA","1"
"1201043","FECHADURA AGL PV200R2I - BRANCA","403017","MOLA DE RETORNO DO ROTOR","1"
"1201043","FECHADURA AGL PV200R2I - BRANCA","403018","MOLA DE RETORNO DA TRAVA MENOR","1"
"1201043","FECHADURA AGL PV200R2I - BRANCA","403022","MOLA PV200 RETORNO DA LINGUETA","1"
"1201043","FECHADURA AGL PV200R2I - BRANCA","403025","MOLA DO ARIETE","1"
"1201043","FECHADURA AGL PV200R2I - BRANCA","404015","CONJUNTO CILINDRO FECHADURA PORTA DE VIDRO 1 CIL.","1"
"1201043","FECHADURA AGL PV200R2I - BRANCA","708018","CORPO DO ARIETE 4,76 X 29MM C/ DIAM 1,6MM - ZINCADO","1"
"1201043","FECHADURA AGL PV200R2I - BRANCA","708021","LUVA DO ARIETE 10MM - ZINCADO","1"
"1201043","FECHADURA AGL PV200R2I - BRANCA","801208","EIXO DO ROTOR - ZINCADO","1"
"1201043","FECHADURA AGL PV200R2I - BRANCA","804210","ARRUELA MAÇANETA PV","1"
"1201043","FECHADURA AGL PV200R2I - BRANCA","804306","TAMPA PLASTICA DO FECHO","1"
"1201043","FECHADURA AGL PV200R2I - BRANCA","804321","CARRETEL DO FECHO","1"
"1201043","FECHADURA AGL PV200R2I - BRANCA","804323","ACABAMENTO RECORTE PV","1"
"1201043","FECHADURA AGL PV200R2I - BRANCA","804428","SOQUETE DO FECHO ELETRICO","1"
"1201043","FECHADURA AGL PV200R2I - BRANCA","804468","PONTA DO ARIETE 2,55 X 26MM","1"
"1201043","FECHADURA AGL PV200R2I - BRANCA","805087","NARIZ CILINDRO PV200 - ZINCADO","1"
"1201043","FECHADURA AGL PV200R2I - BRANCA","805089","BASE FIXAÇÃO MAÇANETA","1"
"1201043","FECHADURA AGL PV200R2I - BRANCA","806082","TERMINAL DE LATÃO DO SOQUETE","2"
"1201043","FECHADURA AGL PV200R2I - BRANCA","807002","TRAVA MENOR FECHO PV","1"
"1201043","FECHADURA AGL PV200R2I - BRANCA","807003","TRAVA MAIOR FECHO PV","1"
"1201043","FECHADURA AGL PV200R2I - BRANCA","807049","DISPOSITIVO DE MEMORIA FECHO PV - ZINCADO","1"
"1201043","FECHADURA AGL PV200R2I - BRANCA","807069","LINGUETA DAS FECHADURAS PV","1"
"1201043","FECHADURA AGL PV200R2I - BRANCA","807088","ROTOR DO FECHO","1"
"1201043","FECHADURA AGL PV200R2I - BRANCA","807090","FUNDO ALUMINIO LINGUETA PV200RF2I - CINZA","1"
"1201043","FECHADURA AGL PV200R2I - BRANCA","701084","CAIXA DO FECHO - BRUTO","1"
"1201043","FECHADURA AGL PV200R2I - BRANCA","807102","BLINDAGEM DO FECHO","1"
"1201043","FECHADURA AGL PV200R2I - BRANCA","807105","TRATOR MAÇANETA PV - ZINCADO","1"
"1201043","FECHADURA AGL PV200R2I - BRANCA","807138","VERGALHÃO QUADRADO 8MM PV - ZINCADO","1"
"1201043","FECHADURA AGL PV200R2I - BRANCA","811277","ETIQUETA ADES. COUCHE 20MM X 15MM X 04 CAR","1"
"1201043","FECHADURA AGL PV200R2I - BRANCA","811310","ETIQUETA ADES. COUCHE 33MM X 21MM X 03 CAR","1"
"1201043","FECHADURA AGL PV200R2I - BRANCA","811762","SACO ZIP PADRAO - 05X07","1"
"1201043","FECHADURA AGL PV200R2I - BRANCA","811681","AGL SOLAPA PORTA VIDRO 10,5 X 29,5 - CALÇO PV200","1"
"1201043","FECHADURA AGL PV200R2I - BRANCA","811700","CAIXA FECHADURA ELETRICA P/ PORTAS DE VIDRO AGL 13,2 X 11,7 X 11,4","1"
"1201043","FECHADURA AGL PV200R2I - BRANCA","806068","FUNDO ALUMINIO FECHO PV200RF2I - BRANCA","1"
"1201043","FECHADURA AGL PV200R2I - BRANCA","806072","CHAPA C/ PUXADOR PV200R2I - BRANCO","1"
"1201043","FECHADURA AGL PV200R2I - BRANCA","807054","MAÇANETA BOLA - BRANCA","1"
"1201043","FECHADURA AGL PV200R2I - BRANCA","807053","BUCHA REDONDA FECHADURA PV -CROMADA","2"
"1201043","FECHADURA AGL PV200R2I - BRANCA","810035","ACABAMENTO MAÇANETA BOLA - CROMADO","1"
"1201043","FECHADURA AGL PV200R2I - BRANCA","811322","ETIQUETA ADES. BOPP 40MM X 40MM  BRANCA Bt759","1"
"1201043","FECHADURA AGL PV200R2I - BRANCA","103760","FIO COBRE ESMALTADO 155 TS 30 AWG","0,010787"
"1201043","FECHADURA AGL PV200R2I - BRANCA","801240","PINO DA CAIXINHA DO FECHO - ZINCADO","1"
"1201045","FECHO ELÉTRICO KRIPT 12V","401002","PARAFUSO 3.5 X 13 A/A CH. PH - ZI","4"
"1201045","FECHO ELÉTRICO KRIPT 12V","401008","PARAFUSO PLASTIC PAN PHILLIPS 3 X 8 ZB","2"
"1201045","FECHO ELÉTRICO KRIPT 12V","401023","PARAFUSO MET M3.5 X 8 CH. PH - ZI","2"
"1201045","FECHO ELÉTRICO KRIPT 12V","401034","PARAFUSO PLASTIC 3 X 6 CH. PH - ZI","2"
"1201045","FECHO ELÉTRICO KRIPT 12V","403014","MOLA DE RETORNO DA TRAVA MAIOR","1"
"1201045","FECHO ELÉTRICO KRIPT 12V","403016","MOLA DE RETORNO DO DISPOSITIVO DE MEMORIA","1"
"1201045","FECHO ELÉTRICO KRIPT 12V","403017","MOLA DE RETORNO DO ROTOR","1"
"1201045","FECHO ELÉTRICO KRIPT 12V","403018","MOLA DE RETORNO DA TRAVA MENOR","1"
"1201045","FECHO ELÉTRICO KRIPT 12V","403025","MOLA DO ARIETE","1"
"1201045","FECHO ELÉTRICO KRIPT 12V","708018","CORPO DO ARIETE 4,76 X 29MM C/ DIAM 1,6MM - ZINCADO","1"
"1201045","FECHO ELÉTRICO KRIPT 12V","708021","LUVA DO ARIETE 10MM - ZINCADO","1"
"1201045","FECHO ELÉTRICO KRIPT 12V","804468","PONTA DO ARIETE 2,55 X 26MM","1"
"1201045","FECHO ELÉTRICO KRIPT 12V","804321","CARRETEL DO FECHO","1"
"1201045","FECHO ELÉTRICO KRIPT 12V","807049","DISPOSITIVO DE MEMORIA FECHO PV - ZINCADO","1"
"1201045","FECHO ELÉTRICO KRIPT 12V","804428","SOQUETE DO FECHO ELETRICO","1"
"1201045","FECHO ELÉTRICO KRIPT 12V","806082","TERMINAL DE LATÃO DO SOQUETE","2"
"1201045","FECHO ELÉTRICO KRIPT 12V","807002","TRAVA MENOR FECHO PV","1"
"1201045","FECHO ELÉTRICO KRIPT 12V","807003","TRAVA MAIOR FECHO PV","1"
"1201045","FECHO ELÉTRICO KRIPT 12V","807088","ROTOR DO FECHO","1"
"1201045","FECHO ELÉTRICO KRIPT 12V","701084","CAIXA DO FECHO - BRUTO","1"
"1201045","FECHO ELÉTRICO KRIPT 12V","807102","BLINDAGEM DO FECHO","1"
"1201045","FECHO ELÉTRICO KRIPT 12V","807103","TESTEIRA DO FECHO CINZA","1"
"1201045","FECHO ELÉTRICO KRIPT 12V","807106","TAMPA DO FECHO DE METAL","1"
"1201045","FECHO ELÉTRICO KRIPT 12V","811277","ETIQUETA ADES. COUCHE 20MM X 15MM X 04 CAR","1"
"1201045","FECHO ELÉTRICO KRIPT 12V","811322","ETIQUETA ADES. BOPP 40MM X 40MM  BRANCA Bt759","1"
"1201045","FECHO ELÉTRICO KRIPT 12V","811555","CAIXA COLORIDA DO FECHO 12V KRIPT 3,7 X 2,8 X 24,0","1"
"1201045","FECHO ELÉTRICO KRIPT 12V","103760","FIO COBRE ESMALTADO 155 TS 30 AWG","0,010787"
"1201045","FECHO ELÉTRICO KRIPT 12V","801240","PINO DA CAIXINHA DO FECHO - ZINCADO","1"
"1201045","FECHO ELÉTRICO KRIPT 12V","801208","EIXO DO ROTOR - ZINCADO","1"
"1201045","FECHO ELÉTRICO KRIPT 12V","102817","CHAVE SIMPLES VIRGEM AGL - SEM LOGO","2"
"1201049","FECHADURA AGL PVF2E - BRANCA","806024","CHAPA FECHO PVF2E - BRANCA","1"
"1201049","FECHADURA AGL PVF2E - BRANCA","806090","FRENTE AL LINGUETA PVR - BRANCA","1"
"1201049","FECHADURA AGL PVF2E - BRANCA","806047","FRENTE GR. AL FECHO PVR - BRANCA","1"
"1201049","FECHADURA AGL PVF2E - BRANCA","401008","PARAFUSO PLASTIC PAN PHILLIPS 3 X 8 ZB","2"
"1201049","FECHADURA AGL PVF2E - BRANCA","401023","PARAFUSO MET M3.5 X 8 CH. PH - ZI","8"
"1201049","FECHADURA AGL PVF2E - BRANCA","401034","PARAFUSO PLASTIC 3 X 6 CH. PH - ZI","2"
"1201049","FECHADURA AGL PVF2E - BRANCA","401083","PF MET CH PHS M4X12MM ZI","4"
"1201049","FECHADURA AGL PVF2E - BRANCA","401089","PARAFUSO MET M3 X 8MM CH PHS ZI","2"
"1201049","FECHADURA AGL PVF2E - BRANCA","401100","PARAFUSO M3 X 12 CC. PH - ZI","1"
"1201049","FECHADURA AGL PVF2E - BRANCA","401101","PARAFUSO M3.5 X 6 CH. PH - ZI","8"
"1201049","FECHADURA AGL PVF2E - BRANCA","401102","PARAFUSO M4 X 8 CH. PH MET - ZI","1"
"1201049","FECHADURA AGL PVF2E - BRANCA","403013","MOLA DE RETORNO DA MAÇANETA FECHADURA PV","1"
"1201049","FECHADURA AGL PVF2E - BRANCA","403014","MOLA DE RETORNO DA TRAVA MAIOR","1"
"1201049","FECHADURA AGL PVF2E - BRANCA","403016","MOLA DE RETORNO DO DISPOSITIVO DE MEMORIA","1"
"1201049","FECHADURA AGL PVF2E - BRANCA","403017","MOLA DE RETORNO DO ROTOR","1"
"1201049","FECHADURA AGL PVF2E - BRANCA","403018","MOLA DE RETORNO DA TRAVA MENOR","1"
"1201049","FECHADURA AGL PVF2E - BRANCA","403025","MOLA DO ARIETE","1"
"1201049","FECHADURA AGL PVF2E - BRANCA","404015","CONJUNTO CILINDRO FECHADURA PORTA DE VIDRO 1 CIL.","1"
"1201049","FECHADURA AGL PVF2E - BRANCA","708018","CORPO DO ARIETE 4,76 X 29MM C/ DIAM 1,6MM - ZINCADO","1"
"1201049","FECHADURA AGL PVF2E - BRANCA","708021","LUVA DO ARIETE 10MM - ZINCADO","1"
"1201049","FECHADURA AGL PVF2E - BRANCA","801208","EIXO DO ROTOR - ZINCADO","1"
"1201049","FECHADURA AGL PVF2E - BRANCA","804321","CARRETEL DO FECHO","1"
"1201049","FECHADURA AGL PVF2E - BRANCA","804428","SOQUETE DO FECHO ELETRICO","1"
"1201049","FECHADURA AGL PVF2E - BRANCA","804468","PONTA DO ARIETE 2,55 X 26MM","1"
"1201049","FECHADURA AGL PVF2E - BRANCA","805088","NARIZ CILINDRO PVR - ZINCADO","1"
"1201049","FECHADURA AGL PVF2E - BRANCA","805089","BASE FIXAÇÃO MAÇANETA","1"
"1201049","FECHADURA AGL PVF2E - BRANCA","806002","FUNDO ZAMAC LINGUETA PVRF2E - BRANCO","1"
"1201049","FECHADURA AGL PVF2E - BRANCA","806078","FUNDO FECHO PV R/F 2E - BRANCO","1"
"1201049","FECHADURA AGL PVF2E - BRANCA","806082","TERMINAL DE LATÃO DO SOQUETE","2"
"1201049","FECHADURA AGL PVF2E - BRANCA","807002","TRAVA MENOR FECHO PV","1"
"1201049","FECHADURA AGL PVF2E - BRANCA","807003","TRAVA MAIOR FECHO PV","1"
"1201049","FECHADURA AGL PVF2E - BRANCA","807049","DISPOSITIVO DE MEMORIA FECHO PV - ZINCADO","1"
"1201049","FECHADURA AGL PVF2E - BRANCA","807069","LINGUETA DAS FECHADURAS PV","1"
"1201049","FECHADURA AGL PVF2E - BRANCA","807088","ROTOR DO FECHO","1"
"1201049","FECHADURA AGL PVF2E - BRANCA","701084","CAIXA DO FECHO - BRUTO","1"
"1201049","FECHADURA AGL PVF2E - BRANCA","807102","BLINDAGEM DO FECHO","1"
"1201049","FECHADURA AGL PVF2E - BRANCA","807105","TRATOR MAÇANETA PV - ZINCADO","1"
"1201049","FECHADURA AGL PVF2E - BRANCA","807106","TAMPA DO FECHO DE METAL","1"
"1201049","FECHADURA AGL PVF2E - BRANCA","807138","VERGALHÃO QUADRADO 8MM PV - ZINCADO","1"
"1201049","FECHADURA AGL PVF2E - BRANCA","811277","ETIQUETA ADES. COUCHE 20MM X 15MM X 04 CAR","1"
"1201049","FECHADURA AGL PVF2E - BRANCA","811310","ETIQUETA ADES. COUCHE 33MM X 21MM X 03 CAR","1"
"1201049","FECHADURA AGL PVF2E - BRANCA","811762","SACO ZIP PADRAO - 05X07","1"
"1201049","FECHADURA AGL PVF2E - BRANCA","811681","AGL SOLAPA PORTA VIDRO 10,5 X 29,5 - CALÇO PV200","1"
"1201049","FECHADURA AGL PVF2E - BRANCA","811700","CAIXA FECHADURA ELETRICA P/ PORTAS DE VIDRO AGL 13,2 X 11,7 X 11,4","1"
"1201049","FECHADURA AGL PVF2E - BRANCA","806065","CHAPA PUXADOR PVF2E P/ 1 OU 2 CILINDROS (MAIOR) - BRANCO","1"
"1201049","FECHADURA AGL PVF2E - BRANCA","807057","MAÇANETA ALAVANCA - BRANCA","1"
"1201049","FECHADURA AGL PVF2E - BRANCA","807053","BUCHA REDONDA FECHADURA PV -CROMADA","2"
"1201049","FECHADURA AGL PVF2E - BRANCA","811322","ETIQUETA ADES. BOPP 40MM X 40MM  BRANCA Bt759","1"
"1201049","FECHADURA AGL PVF2E - BRANCA","103760","FIO COBRE ESMALTADO 155 TS 30 AWG","0,010787"
"1201049","FECHADURA AGL PVF2E - BRANCA","801240","PINO DA CAIXINHA DO FECHO - ZINCADO","1"
"1201050","FECHADURA SEG PV200F1I - CZ","806031","CHAPA BATENTE PV200RF1I - CROMADO","1"
"1201050","FECHADURA SEG PV200F1I - CZ","806028","CHAPA S/ PUXADOR PV200F1I - CROMADO","1"
"1201050","FECHADURA SEG PV200F1I - CZ","805076","ALUMINIO FECHADURA PV 200","1"
"1201050","FECHADURA SEG PV200F1I - CZ","401002","PARAFUSO 3.5 X 13 A/A CH. PH - ZI","4"
"1201050","FECHADURA SEG PV200F1I - CZ","401008","PARAFUSO PLASTIC PAN PHILLIPS 3 X 8 ZB","2"
"1201050","FECHADURA SEG PV200F1I - CZ","401023","PARAFUSO MET M3.5 X 8 CH. PH - ZI","4"
"1201050","FECHADURA SEG PV200F1I - CZ","401034","PARAFUSO PLASTIC 3 X 6 CH. PH - ZI","2"
"1201050","FECHADURA SEG PV200F1I - CZ","401083","PF MET CH PHS M4X12MM ZI","2"
"1201050","FECHADURA SEG PV200F1I - CZ","401089","PARAFUSO MET M3 X 8MM CH PHS ZI","2"
"1201050","FECHADURA SEG PV200F1I - CZ","401100","PARAFUSO M3 X 12 CC. PH - ZI","1"
"1201050","FECHADURA SEG PV200F1I - CZ","401101","PARAFUSO M3.5 X 6 CH. PH - ZI","4"
"1201050","FECHADURA SEG PV200F1I - CZ","401102","PARAFUSO M4 X 8 CH. PH MET - ZI","5"
"1201050","FECHADURA SEG PV200F1I - CZ","403013","MOLA DE RETORNO DA MAÇANETA FECHADURA PV","1"
"1201050","FECHADURA SEG PV200F1I - CZ","403014","MOLA DE RETORNO DA TRAVA MAIOR","1"
"1201050","FECHADURA SEG PV200F1I - CZ","403016","MOLA DE RETORNO DO DISPOSITIVO DE MEMORIA","1"
"1201050","FECHADURA SEG PV200F1I - CZ","403017","MOLA DE RETORNO DO ROTOR","1"
"1201050","FECHADURA SEG PV200F1I - CZ","403018","MOLA DE RETORNO DA TRAVA MENOR","1"
"1201050","FECHADURA SEG PV200F1I - CZ","403022","MOLA PV200 RETORNO DA LINGUETA","1"
"1201050","FECHADURA SEG PV200F1I - CZ","403025","MOLA DO ARIETE","1"
"1201050","FECHADURA SEG PV200F1I - CZ","404015","CONJUNTO CILINDRO FECHADURA PORTA DE VIDRO 1 CIL.","1"
"1201050","FECHADURA SEG PV200F1I - CZ","708018","CORPO DO ARIETE 4,76 X 29MM C/ DIAM 1,6MM - ZINCADO","1"
"1201050","FECHADURA SEG PV200F1I - CZ","708021","LUVA DO ARIETE 10MM - ZINCADO","1"
"1201050","FECHADURA SEG PV200F1I - CZ","801208","EIXO DO ROTOR - ZINCADO","1"
"1201050","FECHADURA SEG PV200F1I - CZ","804210","ARRUELA MAÇANETA PV","1"
"1201050","FECHADURA SEG PV200F1I - CZ","804321","CARRETEL DO FECHO","1"
"1201050","FECHADURA SEG PV200F1I - CZ","804324","BLOQUEIO DE CARTÃO PV","1"
"1201050","FECHADURA SEG PV200F1I - CZ","804428","SOQUETE DO FECHO ELETRICO","1"
"1201050","FECHADURA SEG PV200F1I - CZ","804468","PONTA DO ARIETE 2,55 X 26MM","1"
"1201050","FECHADURA SEG PV200F1I - CZ","805087","NARIZ CILINDRO PV200 - ZINCADO","1"
"1201050","FECHADURA SEG PV200F1I - CZ","805089","BASE FIXAÇÃO MAÇANETA","1"
"1201050","FECHADURA SEG PV200F1I - CZ","806082","TERMINAL DE LATÃO DO SOQUETE","2"
"1201050","FECHADURA SEG PV200F1I - CZ","807002","TRAVA MENOR FECHO PV","1"
"1201050","FECHADURA SEG PV200F1I - CZ","807003","TRAVA MAIOR FECHO PV","1"
"1201050","FECHADURA SEG PV200F1I - CZ","807049","DISPOSITIVO DE MEMORIA FECHO PV - ZINCADO","1"
"1201050","FECHADURA SEG PV200F1I - CZ","807069","LINGUETA DAS FECHADURAS PV","1"
"1201050","FECHADURA SEG PV200F1I - CZ","807088","ROTOR DO FECHO","1"
"1201050","FECHADURA SEG PV200F1I - CZ","701084","CAIXA DO FECHO - BRUTO","1"
"1201050","FECHADURA SEG PV200F1I - CZ","807102","BLINDAGEM DO FECHO","1"
"1201050","FECHADURA SEG PV200F1I - CZ","807105","TRATOR MAÇANETA PV - ZINCADO","1"
"1201050","FECHADURA SEG PV200F1I - CZ","807106","TAMPA DO FECHO DE METAL","1"
"1201050","FECHADURA SEG PV200F1I - CZ","807138","VERGALHÃO QUADRADO 8MM PV - ZINCADO","1"
"1201050","FECHADURA SEG PV200F1I - CZ","811277","ETIQUETA ADES. COUCHE 20MM X 15MM X 04 CAR","1"
"1201050","FECHADURA SEG PV200F1I - CZ","811310","ETIQUETA ADES. COUCHE 33MM X 21MM X 03 CAR","1"
"1201050","FECHADURA SEG PV200F1I - CZ","811588","CAIXA FECHADURA ELETRICA P/ PORTAS DE VIDRO SEG 10,5 X 29,5","1"
"1201050","FECHADURA SEG PV200F1I - CZ","811762","SACO ZIP PADRAO - 05X07","1"
"1201050","FECHADURA SEG PV200F1I - CZ","807052","MAÇANETA BOLA - CROMADA","1"
"1201050","FECHADURA SEG PV200F1I - CZ","807053","BUCHA REDONDA FECHADURA PV -CROMADA","2"
"1201050","FECHADURA SEG PV200F1I - CZ","810035","ACABAMENTO MAÇANETA BOLA - CROMADO","1"
"1201050","FECHADURA SEG PV200F1I - CZ","811322","ETIQUETA ADES. BOPP 40MM X 40MM  BRANCA Bt759","1"
"1201050","FECHADURA SEG PV200F1I - CZ","807098","FUNDO ALUMINIO LINGUETA PV200RF1I/E - CINZA","1"
"1201050","FECHADURA SEG PV200F1I - CZ","103760","FIO COBRE ESMALTADO 155 TS 30 AWG","0,010787"
"1201050","FECHADURA SEG PV200F1I - CZ","801240","PINO DA CAIXINHA DO FECHO - ZINCADO","1"
"1201050","FECHADURA SEG PV200F1I - CZ","811681","AGL SOLAPA PORTA VIDRO 10,5 X 29,5 - CALÇO PV200","1"
"1201050","FECHADURA SEG PV200F1I - CZ","102817","CHAVE SIMPLES VIRGEM AGL - SEM LOGO","2"
"1201051","FECHADURA SEG PV200R2I - CR","806004","CHAPA FECHO PVR2I - CROMADA","1"
"1201051","FECHADURA SEG PV200R2I - CR","806019","CHAPA S/ PUXADOR PV200R2I - CROMADO","1"
"1201051","FECHADURA SEG PV200R2I - CR","805076","ALUMINIO FECHADURA PV 200","1"
"1201051","FECHADURA SEG PV200R2I - CR","807090","FUNDO ALUMINIO LINGUETA PV200RF2I - CINZA","1"
"1201051","FECHADURA SEG PV200R2I - CR","401008","PARAFUSO PLASTIC PAN PHILLIPS 3 X 8 ZB","2"
"1201051","FECHADURA SEG PV200R2I - CR","401023","PARAFUSO MET M3.5 X 8 CH. PH - ZI","4"
"1201051","FECHADURA SEG PV200R2I - CR","401034","PARAFUSO PLASTIC 3 X 6 CH. PH - ZI","2"
"1201051","FECHADURA SEG PV200R2I - CR","401083","PF MET CH PHS M4X12MM ZI","4"
"1201051","FECHADURA SEG PV200R2I - CR","401089","PARAFUSO MET M3 X 8MM CH PHS ZI","2"
"1201051","FECHADURA SEG PV200R2I - CR","401100","PARAFUSO M3 X 12 CC. PH - ZI","1"
"1201051","FECHADURA SEG PV200R2I - CR","401101","PARAFUSO M3.5 X 6 CH. PH - ZI","8"
"1201051","FECHADURA SEG PV200R2I - CR","401102","PARAFUSO M4 X 8 CH. PH MET - ZI","5"
"1201051","FECHADURA SEG PV200R2I - CR","403013","MOLA DE RETORNO DA MAÇANETA FECHADURA PV","1"
"1201051","FECHADURA SEG PV200R2I - CR","403014","MOLA DE RETORNO DA TRAVA MAIOR","1"
"1201051","FECHADURA SEG PV200R2I - CR","403016","MOLA DE RETORNO DO DISPOSITIVO DE MEMORIA","1"
"1201051","FECHADURA SEG PV200R2I - CR","403017","MOLA DE RETORNO DO ROTOR","1"
"1201051","FECHADURA SEG PV200R2I - CR","403018","MOLA DE RETORNO DA TRAVA MENOR","1"
"1201051","FECHADURA SEG PV200R2I - CR","403022","MOLA PV200 RETORNO DA LINGUETA","1"
"1201051","FECHADURA SEG PV200R2I - CR","403025","MOLA DO ARIETE","1"
"1201051","FECHADURA SEG PV200R2I - CR","404015","CONJUNTO CILINDRO FECHADURA PORTA DE VIDRO 1 CIL.","1"
"1201051","FECHADURA SEG PV200R2I - CR","708018","CORPO DO ARIETE 4,76 X 29MM C/ DIAM 1,6MM - ZINCADO","1"
"1201051","FECHADURA SEG PV200R2I - CR","708021","LUVA DO ARIETE 10MM - ZINCADO","1"
"1201051","FECHADURA SEG PV200R2I - CR","801208","EIXO DO ROTOR - ZINCADO","1"
"1201051","FECHADURA SEG PV200R2I - CR","804210","ARRUELA MAÇANETA PV","1"
"1201051","FECHADURA SEG PV200R2I - CR","804306","TAMPA PLASTICA DO FECHO","1"
"1201051","FECHADURA SEG PV200R2I - CR","804321","CARRETEL DO FECHO","1"
"1201051","FECHADURA SEG PV200R2I - CR","804323","ACABAMENTO RECORTE PV","1"
"1201051","FECHADURA SEG PV200R2I - CR","804428","SOQUETE DO FECHO ELETRICO","1"
"1201051","FECHADURA SEG PV200R2I - CR","804468","PONTA DO ARIETE 2,55 X 26MM","1"
"1201051","FECHADURA SEG PV200R2I - CR","805087","NARIZ CILINDRO PV200 - ZINCADO","1"
"1201051","FECHADURA SEG PV200R2I - CR","805089","BASE FIXAÇÃO MAÇANETA","1"
"1201051","FECHADURA SEG PV200R2I - CR","806082","TERMINAL DE LATÃO DO SOQUETE","2"
"1201051","FECHADURA SEG PV200R2I - CR","807002","TRAVA MENOR FECHO PV","1"
"1201051","FECHADURA SEG PV200R2I - CR","807003","TRAVA MAIOR FECHO PV","1"
"1201051","FECHADURA SEG PV200R2I - CR","807049","DISPOSITIVO DE MEMORIA FECHO PV - ZINCADO","1"
"1201051","FECHADURA SEG PV200R2I - CR","807069","LINGUETA DAS FECHADURAS PV","1"
"1201051","FECHADURA SEG PV200R2I - CR","807088","ROTOR DO FECHO","1"
"1201051","FECHADURA SEG PV200R2I - CR","701084","CAIXA DO FECHO - BRUTO","1"
"1201051","FECHADURA SEG PV200R2I - CR","807102","BLINDAGEM DO FECHO","1"
"1201051","FECHADURA SEG PV200R2I - CR","807105","TRATOR MAÇANETA PV - ZINCADO","1"
"1201051","FECHADURA SEG PV200R2I - CR","807138","VERGALHÃO QUADRADO 8MM PV - ZINCADO","1"
"1201051","FECHADURA SEG PV200R2I - CR","811277","ETIQUETA ADES. COUCHE 20MM X 15MM X 04 CAR","1"
"1201051","FECHADURA SEG PV200R2I - CR","811310","ETIQUETA ADES. COUCHE 33MM X 21MM X 03 CAR","1"
"1201051","FECHADURA SEG PV200R2I - CR","811588","CAIXA FECHADURA ELETRICA P/ PORTAS DE VIDRO SEG 10,5 X 29,5","1"
"1201051","FECHADURA SEG PV200R2I - CR","811762","SACO ZIP PADRAO - 05X07","1"
"1201051","FECHADURA SEG PV200R2I - CR","806045","ALUMINIO DO BATENTE PVRF2E","1"
"1201051","FECHADURA SEG PV200R2I - CR","807094","FUNDO ALUMINIO FECHO PV200RF2I - CINZA","1"
"1201051","FECHADURA SEG PV200R2I - CR","807052","MAÇANETA BOLA - CROMADA","1"
"1201051","FECHADURA SEG PV200R2I - CR","807053","BUCHA REDONDA FECHADURA PV -CROMADA","2"
"1201051","FECHADURA SEG PV200R2I - CR","810035","ACABAMENTO MAÇANETA BOLA - CROMADO","1"
"1201051","FECHADURA SEG PV200R2I - CR","811322","ETIQUETA ADES. BOPP 40MM X 40MM  BRANCA Bt759","1"
"1201051","FECHADURA SEG PV200R2I - CR","103760","FIO COBRE ESMALTADO 155 TS 30 AWG","0,010787"
"1201051","FECHADURA SEG PV200R2I - CR","801240","PINO DA CAIXINHA DO FECHO - ZINCADO","1"
"1201051","FECHADURA SEG PV200R2I - CR","811681","AGL SOLAPA PORTA VIDRO 10,5 X 29,5 - CALÇO PV200","1"
"1201051","FECHADURA SEG PV200R2I - CR","102817","CHAVE SIMPLES VIRGEM AGL - SEM LOGO","2"
"1201052","FECHADURA AGL PV200R2I - CROMADA","806004","CHAPA FECHO PVR2I - CROMADA","1"
"1201052","FECHADURA AGL PV200R2I - CROMADA","806019","CHAPA S/ PUXADOR PV200R2I - CROMADO","1"
"1201052","FECHADURA AGL PV200R2I - CROMADA","805076","ALUMINIO FECHADURA PV 200","1"
"1201052","FECHADURA AGL PV200R2I - CROMADA","807090","FUNDO ALUMINIO LINGUETA PV200RF2I - CINZA","1"
"1201052","FECHADURA AGL PV200R2I - CROMADA","401008","PARAFUSO PLASTIC PAN PHILLIPS 3 X 8 ZB","2"
"1201052","FECHADURA AGL PV200R2I - CROMADA","401023","PARAFUSO MET M3.5 X 8 CH. PH - ZI","4"
"1201052","FECHADURA AGL PV200R2I - CROMADA","401034","PARAFUSO PLASTIC 3 X 6 CH. PH - ZI","2"
"1201052","FECHADURA AGL PV200R2I - CROMADA","401083","PF MET CH PHS M4X12MM ZI","4"
"1201052","FECHADURA AGL PV200R2I - CROMADA","401089","PARAFUSO MET M3 X 8MM CH PHS ZI","2"
"1201052","FECHADURA AGL PV200R2I - CROMADA","401100","PARAFUSO M3 X 12 CC. PH - ZI","1"
"1201052","FECHADURA AGL PV200R2I - CROMADA","401101","PARAFUSO M3.5 X 6 CH. PH - ZI","8"
"1201052","FECHADURA AGL PV200R2I - CROMADA","401102","PARAFUSO M4 X 8 CH. PH MET - ZI","5"
"1201052","FECHADURA AGL PV200R2I - CROMADA","403013","MOLA DE RETORNO DA MAÇANETA FECHADURA PV","1"
"1201052","FECHADURA AGL PV200R2I - CROMADA","403014","MOLA DE RETORNO DA TRAVA MAIOR","1"
"1201052","FECHADURA AGL PV200R2I - CROMADA","403016","MOLA DE RETORNO DO DISPOSITIVO DE MEMORIA","1"
"1201052","FECHADURA AGL PV200R2I - CROMADA","403017","MOLA DE RETORNO DO ROTOR","1"
"1201052","FECHADURA AGL PV200R2I - CROMADA","403018","MOLA DE RETORNO DA TRAVA MENOR","1"
"1201052","FECHADURA AGL PV200R2I - CROMADA","403022","MOLA PV200 RETORNO DA LINGUETA","1"
"1201052","FECHADURA AGL PV200R2I - CROMADA","403025","MOLA DO ARIETE","1"
"1201052","FECHADURA AGL PV200R2I - CROMADA","404015","CONJUNTO CILINDRO FECHADURA PORTA DE VIDRO 1 CIL.","1"
"1201052","FECHADURA AGL PV200R2I - CROMADA","708018","CORPO DO ARIETE 4,76 X 29MM C/ DIAM 1,6MM - ZINCADO","1"
"1201052","FECHADURA AGL PV200R2I - CROMADA","708021","LUVA DO ARIETE 10MM - ZINCADO","1"
"1201052","FECHADURA AGL PV200R2I - CROMADA","801208","EIXO DO ROTOR - ZINCADO","1"
"1201052","FECHADURA AGL PV200R2I - CROMADA","804210","ARRUELA MAÇANETA PV","1"
"1201052","FECHADURA AGL PV200R2I - CROMADA","804306","TAMPA PLASTICA DO FECHO","1"
"1201052","FECHADURA AGL PV200R2I - CROMADA","804321","CARRETEL DO FECHO","1"
"1201052","FECHADURA AGL PV200R2I - CROMADA","804323","ACABAMENTO RECORTE PV","1"
"1201052","FECHADURA AGL PV200R2I - CROMADA","804428","SOQUETE DO FECHO ELETRICO","1"
"1201052","FECHADURA AGL PV200R2I - CROMADA","804468","PONTA DO ARIETE 2,55 X 26MM","1"
"1201052","FECHADURA AGL PV200R2I - CROMADA","805087","NARIZ CILINDRO PV200 - ZINCADO","1"
"1201052","FECHADURA AGL PV200R2I - CROMADA","805089","BASE FIXAÇÃO MAÇANETA","1"
"1201052","FECHADURA AGL PV200R2I - CROMADA","806082","TERMINAL DE LATÃO DO SOQUETE","2"
"1201052","FECHADURA AGL PV200R2I - CROMADA","807002","TRAVA MENOR FECHO PV","1"
"1201052","FECHADURA AGL PV200R2I - CROMADA","807003","TRAVA MAIOR FECHO PV","1"
"1201052","FECHADURA AGL PV200R2I - CROMADA","807049","DISPOSITIVO DE MEMORIA FECHO PV - ZINCADO","1"
"1201052","FECHADURA AGL PV200R2I - CROMADA","807069","LINGUETA DAS FECHADURAS PV","1"
"1201052","FECHADURA AGL PV200R2I - CROMADA","807088","ROTOR DO FECHO","1"
"1201052","FECHADURA AGL PV200R2I - CROMADA","701084","CAIXA DO FECHO - BRUTO","1"
"1201052","FECHADURA AGL PV200R2I - CROMADA","807102","BLINDAGEM DO FECHO","1"
"1201052","FECHADURA AGL PV200R2I - CROMADA","807105","TRATOR MAÇANETA PV - ZINCADO","1"
"1201052","FECHADURA AGL PV200R2I - CROMADA","807138","VERGALHÃO QUADRADO 8MM PV - ZINCADO","1"
"1201052","FECHADURA AGL PV200R2I - CROMADA","811277","ETIQUETA ADES. COUCHE 20MM X 15MM X 04 CAR","1"
"1201052","FECHADURA AGL PV200R2I - CROMADA","811310","ETIQUETA ADES. COUCHE 33MM X 21MM X 03 CAR","1"
"1201052","FECHADURA AGL PV200R2I - CROMADA","811762","SACO ZIP PADRAO - 05X07","1"
"1201052","FECHADURA AGL PV200R2I - CROMADA","811681","AGL SOLAPA PORTA VIDRO 10,5 X 29,5 - CALÇO PV200","1"
"1201052","FECHADURA AGL PV200R2I - CROMADA","811700","CAIXA FECHADURA ELETRICA P/ PORTAS DE VIDRO AGL 13,2 X 11,7 X 11,4","1"
"1201052","FECHADURA AGL PV200R2I - CROMADA","806045","ALUMINIO DO BATENTE PVRF2E","1"
"1201052","FECHADURA AGL PV200R2I - CROMADA","807094","FUNDO ALUMINIO FECHO PV200RF2I - CINZA","1"
"1201052","FECHADURA AGL PV200R2I - CROMADA","807052","MAÇANETA BOLA - CROMADA","1"
"1201052","FECHADURA AGL PV200R2I - CROMADA","807053","BUCHA REDONDA FECHADURA PV -CROMADA","2"
"1201052","FECHADURA AGL PV200R2I - CROMADA","810035","ACABAMENTO MAÇANETA BOLA - CROMADO","1"
"1201052","FECHADURA AGL PV200R2I - CROMADA","811322","ETIQUETA ADES. BOPP 40MM X 40MM  BRANCA Bt759","1"
"1201052","FECHADURA AGL PV200R2I - CROMADA","103760","FIO COBRE ESMALTADO 155 TS 30 AWG","0,010787"
"1201052","FECHADURA AGL PV200R2I - CROMADA","801240","PINO DA CAIXINHA DO FECHO - ZINCADO","1"
"1201053","FECHADURA AGL PV200F1I - CROMADA","806031","CHAPA BATENTE PV200RF1I - CROMADO","1"
"1201053","FECHADURA AGL PV200F1I - CROMADA","806028","CHAPA S/ PUXADOR PV200F1I - CROMADO","1"
"1201053","FECHADURA AGL PV200F1I - CROMADA","805076","ALUMINIO FECHADURA PV 200","1"
"1201053","FECHADURA AGL PV200F1I - CROMADA","401002","PARAFUSO 3.5 X 13 A/A CH. PH - ZI","4"
"1201053","FECHADURA AGL PV200F1I - CROMADA","401008","PARAFUSO PLASTIC PAN PHILLIPS 3 X 8 ZB","2"
"1201053","FECHADURA AGL PV200F1I - CROMADA","401023","PARAFUSO MET M3.5 X 8 CH. PH - ZI","4"
"1201053","FECHADURA AGL PV200F1I - CROMADA","401034","PARAFUSO PLASTIC 3 X 6 CH. PH - ZI","2"
"1201053","FECHADURA AGL PV200F1I - CROMADA","401083","PF MET CH PHS M4X12MM ZI","2"
"1201053","FECHADURA AGL PV200F1I - CROMADA","401089","PARAFUSO MET M3 X 8MM CH PHS ZI","2"
"1201053","FECHADURA AGL PV200F1I - CROMADA","401100","PARAFUSO M3 X 12 CC. PH - ZI","1"
"1201053","FECHADURA AGL PV200F1I - CROMADA","401101","PARAFUSO M3.5 X 6 CH. PH - ZI","4"
"1201053","FECHADURA AGL PV200F1I - CROMADA","401102","PARAFUSO M4 X 8 CH. PH MET - ZI","5"
"1201053","FECHADURA AGL PV200F1I - CROMADA","403013","MOLA DE RETORNO DA MAÇANETA FECHADURA PV","1"
"1201053","FECHADURA AGL PV200F1I - CROMADA","403014","MOLA DE RETORNO DA TRAVA MAIOR","1"
"1201053","FECHADURA AGL PV200F1I - CROMADA","403016","MOLA DE RETORNO DO DISPOSITIVO DE MEMORIA","1"
"1201053","FECHADURA AGL PV200F1I - CROMADA","403017","MOLA DE RETORNO DO ROTOR","1"
"1201053","FECHADURA AGL PV200F1I - CROMADA","403018","MOLA DE RETORNO DA TRAVA MENOR","1"
"1201053","FECHADURA AGL PV200F1I - CROMADA","403022","MOLA PV200 RETORNO DA LINGUETA","1"
"1201053","FECHADURA AGL PV200F1I - CROMADA","403025","MOLA DO ARIETE","1"
"1201053","FECHADURA AGL PV200F1I - CROMADA","404015","CONJUNTO CILINDRO FECHADURA PORTA DE VIDRO 1 CIL.","1"
"1201053","FECHADURA AGL PV200F1I - CROMADA","708018","CORPO DO ARIETE 4,76 X 29MM C/ DIAM 1,6MM - ZINCADO","1"
"1201053","FECHADURA AGL PV200F1I - CROMADA","708021","LUVA DO ARIETE 10MM - ZINCADO","1"
"1201053","FECHADURA AGL PV200F1I - CROMADA","801208","EIXO DO ROTOR - ZINCADO","1"
"1201053","FECHADURA AGL PV200F1I - CROMADA","804210","ARRUELA MAÇANETA PV","1"
"1201053","FECHADURA AGL PV200F1I - CROMADA","804321","CARRETEL DO FECHO","1"
"1201053","FECHADURA AGL PV200F1I - CROMADA","804324","BLOQUEIO DE CARTÃO PV","1"
"1201053","FECHADURA AGL PV200F1I - CROMADA","804428","SOQUETE DO FECHO ELETRICO","1"
"1201053","FECHADURA AGL PV200F1I - CROMADA","804468","PONTA DO ARIETE 2,55 X 26MM","1"
"1201053","FECHADURA AGL PV200F1I - CROMADA","805087","NARIZ CILINDRO PV200 - ZINCADO","1"
"1201053","FECHADURA AGL PV200F1I - CROMADA","805089","BASE FIXAÇÃO MAÇANETA","1"
"1201053","FECHADURA AGL PV200F1I - CROMADA","806082","TERMINAL DE LATÃO DO SOQUETE","2"
"1201053","FECHADURA AGL PV200F1I - CROMADA","807002","TRAVA MENOR FECHO PV","1"
"1201053","FECHADURA AGL PV200F1I - CROMADA","807003","TRAVA MAIOR FECHO PV","1"
"1201053","FECHADURA AGL PV200F1I - CROMADA","807049","DISPOSITIVO DE MEMORIA FECHO PV - ZINCADO","1"
"1201053","FECHADURA AGL PV200F1I - CROMADA","807069","LINGUETA DAS FECHADURAS PV","1"
"1201053","FECHADURA AGL PV200F1I - CROMADA","807088","ROTOR DO FECHO","1"
"1201053","FECHADURA AGL PV200F1I - CROMADA","701084","CAIXA DO FECHO - BRUTO","1"
"1201053","FECHADURA AGL PV200F1I - CROMADA","807102","BLINDAGEM DO FECHO","1"
"1201053","FECHADURA AGL PV200F1I - CROMADA","807105","TRATOR MAÇANETA PV - ZINCADO","1"
"1201053","FECHADURA AGL PV200F1I - CROMADA","807106","TAMPA DO FECHO DE METAL","1"
"1201053","FECHADURA AGL PV200F1I - CROMADA","807138","VERGALHÃO QUADRADO 8MM PV - ZINCADO","1"
"1201053","FECHADURA AGL PV200F1I - CROMADA","811277","ETIQUETA ADES. COUCHE 20MM X 15MM X 04 CAR","1"
"1201053","FECHADURA AGL PV200F1I - CROMADA","811310","ETIQUETA ADES. COUCHE 33MM X 21MM X 03 CAR","1"
"1201053","FECHADURA AGL PV200F1I - CROMADA","811762","SACO ZIP PADRAO - 05X07","1"
"1201053","FECHADURA AGL PV200F1I - CROMADA","811681","AGL SOLAPA PORTA VIDRO 10,5 X 29,5 - CALÇO PV200","1"
"1201053","FECHADURA AGL PV200F1I - CROMADA","811700","CAIXA FECHADURA ELETRICA P/ PORTAS DE VIDRO AGL 13,2 X 11,7 X 11,4","1"
"1201053","FECHADURA AGL PV200F1I - CROMADA","807052","MAÇANETA BOLA - CROMADA","1"
"1201053","FECHADURA AGL PV200F1I - CROMADA","807098","FUNDO ALUMINIO LINGUETA PV200RF1I/E - CINZA","1"
"1201053","FECHADURA AGL PV200F1I - CROMADA","807053","BUCHA REDONDA FECHADURA PV -CROMADA","2"
"1201053","FECHADURA AGL PV200F1I - CROMADA","810035","ACABAMENTO MAÇANETA BOLA - CROMADO","1"
"1201053","FECHADURA AGL PV200F1I - CROMADA","811322","ETIQUETA ADES. BOPP 40MM X 40MM  BRANCA Bt759","1"
"1201053","FECHADURA AGL PV200F1I - CROMADA","103760","FIO COBRE ESMALTADO 155 TS 30 AWG","0,010787"
"1201053","FECHADURA AGL PV200F1I - CROMADA","801240","PINO DA CAIXINHA DO FECHO - ZINCADO","1"
"1201054","FECHADURA AGL PV200F2I - CROMADA","806007","CHAPA S/ PUXADOR PVF2I - CROMADO","1"
"1201054","FECHADURA AGL PV200F2I - CROMADA","806022","CHAPA FECHO PVF2E - CROMADA","1"
"1201054","FECHADURA AGL PV200F2I - CROMADA","805076","ALUMINIO FECHADURA PV 200","1"
"1201054","FECHADURA AGL PV200F2I - CROMADA","401008","PARAFUSO PLASTIC PAN PHILLIPS 3 X 8 ZB","2"
"1201054","FECHADURA AGL PV200F2I - CROMADA","401023","PARAFUSO MET M3.5 X 8 CH. PH - ZI","4"
"1201054","FECHADURA AGL PV200F2I - CROMADA","401034","PARAFUSO PLASTIC 3 X 6 CH. PH - ZI","2"
"1201054","FECHADURA AGL PV200F2I - CROMADA","401083","PF MET CH PHS M4X12MM ZI","4"
"1201054","FECHADURA AGL PV200F2I - CROMADA","401089","PARAFUSO MET M3 X 8MM CH PHS ZI","2"
"1201054","FECHADURA AGL PV200F2I - CROMADA","401100","PARAFUSO M3 X 12 CC. PH - ZI","1"
"1201054","FECHADURA AGL PV200F2I - CROMADA","401101","PARAFUSO M3.5 X 6 CH. PH - ZI","8"
"1201054","FECHADURA AGL PV200F2I - CROMADA","401102","PARAFUSO M4 X 8 CH. PH MET - ZI","5"
"1201054","FECHADURA AGL PV200F2I - CROMADA","403013","MOLA DE RETORNO DA MAÇANETA FECHADURA PV","1"
"1201054","FECHADURA AGL PV200F2I - CROMADA","403014","MOLA DE RETORNO DA TRAVA MAIOR","1"
"1201054","FECHADURA AGL PV200F2I - CROMADA","403016","MOLA DE RETORNO DO DISPOSITIVO DE MEMORIA","1"
"1201054","FECHADURA AGL PV200F2I - CROMADA","403017","MOLA DE RETORNO DO ROTOR","1"
"1201054","FECHADURA AGL PV200F2I - CROMADA","403018","MOLA DE RETORNO DA TRAVA MENOR","1"
"1201054","FECHADURA AGL PV200F2I - CROMADA","403022","MOLA PV200 RETORNO DA LINGUETA","1"
"1201054","FECHADURA AGL PV200F2I - CROMADA","403025","MOLA DO ARIETE","1"
"1201054","FECHADURA AGL PV200F2I - CROMADA","404015","CONJUNTO CILINDRO FECHADURA PORTA DE VIDRO 1 CIL.","1"
"1201054","FECHADURA AGL PV200F2I - CROMADA","708018","CORPO DO ARIETE 4,76 X 29MM C/ DIAM 1,6MM - ZINCADO","1"
"1201054","FECHADURA AGL PV200F2I - CROMADA","708021","LUVA DO ARIETE 10MM - ZINCADO","1"
"1201054","FECHADURA AGL PV200F2I - CROMADA","801208","EIXO DO ROTOR - ZINCADO","1"
"1201054","FECHADURA AGL PV200F2I - CROMADA","804210","ARRUELA MAÇANETA PV","1"
"1201054","FECHADURA AGL PV200F2I - CROMADA","804306","TAMPA PLASTICA DO FECHO","1"
"1201054","FECHADURA AGL PV200F2I - CROMADA","804321","CARRETEL DO FECHO","1"
"1201054","FECHADURA AGL PV200F2I - CROMADA","804428","SOQUETE DO FECHO ELETRICO","1"
"1201054","FECHADURA AGL PV200F2I - CROMADA","804468","PONTA DO ARIETE 2,55 X 26MM","1"
"1201054","FECHADURA AGL PV200F2I - CROMADA","805087","NARIZ CILINDRO PV200 - ZINCADO","1"
"1201054","FECHADURA AGL PV200F2I - CROMADA","805089","BASE FIXAÇÃO MAÇANETA","1"
"1201054","FECHADURA AGL PV200F2I - CROMADA","806082","TERMINAL DE LATÃO DO SOQUETE","2"
"1201054","FECHADURA AGL PV200F2I - CROMADA","807002","TRAVA MENOR FECHO PV","1"
"1201054","FECHADURA AGL PV200F2I - CROMADA","807003","TRAVA MAIOR FECHO PV","1"
"1201054","FECHADURA AGL PV200F2I - CROMADA","807049","DISPOSITIVO DE MEMORIA FECHO PV - ZINCADO","1"
"1201054","FECHADURA AGL PV200F2I - CROMADA","807069","LINGUETA DAS FECHADURAS PV","1"
"1201054","FECHADURA AGL PV200F2I - CROMADA","807088","ROTOR DO FECHO","1"
"1201054","FECHADURA AGL PV200F2I - CROMADA","701084","CAIXA DO FECHO - BRUTO","1"
"1201054","FECHADURA AGL PV200F2I - CROMADA","807102","BLINDAGEM DO FECHO","1"
"1201054","FECHADURA AGL PV200F2I - CROMADA","807105","TRATOR MAÇANETA PV - ZINCADO","1"
"1201054","FECHADURA AGL PV200F2I - CROMADA","807138","VERGALHÃO QUADRADO 8MM PV - ZINCADO","1"
"1201054","FECHADURA AGL PV200F2I - CROMADA","811277","ETIQUETA ADES. COUCHE 20MM X 15MM X 04 CAR","1"
"1201054","FECHADURA AGL PV200F2I - CROMADA","811310","ETIQUETA ADES. COUCHE 33MM X 21MM X 03 CAR","1"
"1201054","FECHADURA AGL PV200F2I - CROMADA","811762","SACO ZIP PADRAO - 05X07","1"
"1201054","FECHADURA AGL PV200F2I - CROMADA","811681","AGL SOLAPA PORTA VIDRO 10,5 X 29,5 - CALÇO PV200","1"
"1201054","FECHADURA AGL PV200F2I - CROMADA","811700","CAIXA FECHADURA ELETRICA P/ PORTAS DE VIDRO AGL 13,2 X 11,7 X 11,4","1"
"1201054","FECHADURA AGL PV200F2I - CROMADA","806045","ALUMINIO DO BATENTE PVRF2E","1"
"1201054","FECHADURA AGL PV200F2I - CROMADA","807090","FUNDO ALUMINIO LINGUETA PV200RF2I - CINZA","1"
"1201054","FECHADURA AGL PV200F2I - CROMADA","807094","FUNDO ALUMINIO FECHO PV200RF2I - CINZA","1"
"1201054","FECHADURA AGL PV200F2I - CROMADA","807052","MAÇANETA BOLA - CROMADA","1"
"1201054","FECHADURA AGL PV200F2I - CROMADA","807053","BUCHA REDONDA FECHADURA PV -CROMADA","2"
"1201054","FECHADURA AGL PV200F2I - CROMADA","810035","ACABAMENTO MAÇANETA BOLA - CROMADO","1"
"1201054","FECHADURA AGL PV200F2I - CROMADA","811322","ETIQUETA ADES. BOPP 40MM X 40MM  BRANCA Bt759","1"
"1201054","FECHADURA AGL PV200F2I - CROMADA","103760","FIO COBRE ESMALTADO 155 TS 30 AWG","0,010787"
"1201054","FECHADURA AGL PV200F2I - CROMADA","801240","PINO DA CAIXINHA DO FECHO - ZINCADO","1"
"1201055","FECHADURA AGL PV200R1E - CROMADA","805076","ALUMINIO FECHADURA PV 200","1"
"1201055","FECHADURA AGL PV200R1E - CROMADA","806036","CHAPA BATENTE PV200RF1E - CROMADO","1"
"1201055","FECHADURA AGL PV200R1E - CROMADA","401002","PARAFUSO 3.5 X 13 A/A CH. PH - ZI","4"
"1201055","FECHADURA AGL PV200R1E - CROMADA","401008","PARAFUSO PLASTIC PAN PHILLIPS 3 X 8 ZB","2"
"1201055","FECHADURA AGL PV200R1E - CROMADA","401023","PARAFUSO MET M3.5 X 8 CH. PH - ZI","4"
"1201055","FECHADURA AGL PV200R1E - CROMADA","401034","PARAFUSO PLASTIC 3 X 6 CH. PH - ZI","2"
"1201055","FECHADURA AGL PV200R1E - CROMADA","401083","PF MET CH PHS M4X12MM ZI","2"
"1201055","FECHADURA AGL PV200R1E - CROMADA","401089","PARAFUSO MET M3 X 8MM CH PHS ZI","4"
"1201055","FECHADURA AGL PV200R1E - CROMADA","401100","PARAFUSO M3 X 12 CC. PH - ZI","1"
"1201055","FECHADURA AGL PV200R1E - CROMADA","401101","PARAFUSO M3.5 X 6 CH. PH - ZI","4"
"1201055","FECHADURA AGL PV200R1E - CROMADA","401102","PARAFUSO M4 X 8 CH. PH MET - ZI","5"
"1201055","FECHADURA AGL PV200R1E - CROMADA","403013","MOLA DE RETORNO DA MAÇANETA FECHADURA PV","1"
"1201055","FECHADURA AGL PV200R1E - CROMADA","403014","MOLA DE RETORNO DA TRAVA MAIOR","1"
"1201055","FECHADURA AGL PV200R1E - CROMADA","403016","MOLA DE RETORNO DO DISPOSITIVO DE MEMORIA","1"
"1201055","FECHADURA AGL PV200R1E - CROMADA","403017","MOLA DE RETORNO DO ROTOR","1"
"1201055","FECHADURA AGL PV200R1E - CROMADA","403018","MOLA DE RETORNO DA TRAVA MENOR","1"
"1201055","FECHADURA AGL PV200R1E - CROMADA","403022","MOLA PV200 RETORNO DA LINGUETA","1"
"1201055","FECHADURA AGL PV200R1E - CROMADA","403025","MOLA DO ARIETE","1"
"1201055","FECHADURA AGL PV200R1E - CROMADA","404015","CONJUNTO CILINDRO FECHADURA PORTA DE VIDRO 1 CIL.","1"
"1201055","FECHADURA AGL PV200R1E - CROMADA","708018","CORPO DO ARIETE 4,76 X 29MM C/ DIAM 1,6MM - ZINCADO","1"
"1201055","FECHADURA AGL PV200R1E - CROMADA","708021","LUVA DO ARIETE 10MM - ZINCADO","1"
"1201055","FECHADURA AGL PV200R1E - CROMADA","801208","EIXO DO ROTOR - ZINCADO","1"
"1201055","FECHADURA AGL PV200R1E - CROMADA","804210","ARRUELA MAÇANETA PV","1"
"1201055","FECHADURA AGL PV200R1E - CROMADA","804212","ENCOSTO PARA CHAPA DO BATENTE PV","1"
"1201055","FECHADURA AGL PV200R1E - CROMADA","804321","CARRETEL DO FECHO","1"
"1201055","FECHADURA AGL PV200R1E - CROMADA","804323","ACABAMENTO RECORTE PV","1"
"1201055","FECHADURA AGL PV200R1E - CROMADA","804428","SOQUETE DO FECHO ELETRICO","1"
"1201055","FECHADURA AGL PV200R1E - CROMADA","804468","PONTA DO ARIETE 2,55 X 26MM","1"
"1201055","FECHADURA AGL PV200R1E - CROMADA","805088","NARIZ CILINDRO PVR - ZINCADO","1"
"1201055","FECHADURA AGL PV200R1E - CROMADA","805089","BASE FIXAÇÃO MAÇANETA","1"
"1201055","FECHADURA AGL PV200R1E - CROMADA","806055","CHAPA PUXADOR PV200R1I/E P/ 1 OU 2 CILINDROS (MAIOR)","2"
"1201055","FECHADURA AGL PV200R1E - CROMADA","806082","TERMINAL DE LATÃO DO SOQUETE","2"
"1201055","FECHADURA AGL PV200R1E - CROMADA","807002","TRAVA MENOR FECHO PV","1"
"1201055","FECHADURA AGL PV200R1E - CROMADA","807003","TRAVA MAIOR FECHO PV","1"
"1201055","FECHADURA AGL PV200R1E - CROMADA","807049","DISPOSITIVO DE MEMORIA FECHO PV - ZINCADO","1"
"1201055","FECHADURA AGL PV200R1E - CROMADA","807069","LINGUETA DAS FECHADURAS PV","1"
"1201055","FECHADURA AGL PV200R1E - CROMADA","807088","ROTOR DO FECHO","1"
"1201055","FECHADURA AGL PV200R1E - CROMADA","701084","CAIXA DO FECHO - BRUTO","1"
"1201055","FECHADURA AGL PV200R1E - CROMADA","807102","BLINDAGEM DO FECHO","1"
"1201055","FECHADURA AGL PV200R1E - CROMADA","807105","TRATOR MAÇANETA PV - ZINCADO","1"
"1201055","FECHADURA AGL PV200R1E - CROMADA","807106","TAMPA DO FECHO DE METAL","1"
"1201055","FECHADURA AGL PV200R1E - CROMADA","807138","VERGALHÃO QUADRADO 8MM PV - ZINCADO","1"
"1201055","FECHADURA AGL PV200R1E - CROMADA","811277","ETIQUETA ADES. COUCHE 20MM X 15MM X 04 CAR","1"
"1201055","FECHADURA AGL PV200R1E - CROMADA","811310","ETIQUETA ADES. COUCHE 33MM X 21MM X 03 CAR","1"
"1201055","FECHADURA AGL PV200R1E - CROMADA","811762","SACO ZIP PADRAO - 05X07","1"
"1201055","FECHADURA AGL PV200R1E - CROMADA","811681","AGL SOLAPA PORTA VIDRO 10,5 X 29,5 - CALÇO PV200","1"
"1201055","FECHADURA AGL PV200R1E - CROMADA","811700","CAIXA FECHADURA ELETRICA P/ PORTAS DE VIDRO AGL 13,2 X 11,7 X 11,4","1"
"1201055","FECHADURA AGL PV200R1E - CROMADA","807098","FUNDO ALUMINIO LINGUETA PV200RF1I/E - CINZA","1"
"1201055","FECHADURA AGL PV200R1E - CROMADA","807053","BUCHA REDONDA FECHADURA PV -CROMADA","2"
"1201055","FECHADURA AGL PV200R1E - CROMADA","807053","BUCHA REDONDA FECHADURA PV -CROMADA","1"
"1201055","FECHADURA AGL PV200R1E - CROMADA","811322","ETIQUETA ADES. BOPP 40MM X 40MM  BRANCA Bt759","1"
"1201055","FECHADURA AGL PV200R1E - CROMADA","807056","MAÇANETA ALAVANCA - CROMADA","1"
"1201055","FECHADURA AGL PV200R1E - CROMADA","103760","FIO COBRE ESMALTADO 155 TS 30 AWG","0,010787"
"1201055","FECHADURA AGL PV200R1E - CROMADA","801240","PINO DA CAIXINHA DO FECHO - ZINCADO","1"
"1201056","FECHADURA AGL PV200F1E - CROMADA","805076","ALUMINIO FECHADURA PV 200","1"
"1201056","FECHADURA AGL PV200F1E - CROMADA","806036","CHAPA BATENTE PV200RF1E - CROMADO","1"
"1201056","FECHADURA AGL PV200F1E - CROMADA","401002","PARAFUSO 3.5 X 13 A/A CH. PH - ZI","4"
"1201056","FECHADURA AGL PV200F1E - CROMADA","401008","PARAFUSO PLASTIC PAN PHILLIPS 3 X 8 ZB","2"
"1201056","FECHADURA AGL PV200F1E - CROMADA","401023","PARAFUSO MET M3.5 X 8 CH. PH - ZI","4"
"1201056","FECHADURA AGL PV200F1E - CROMADA","401034","PARAFUSO PLASTIC 3 X 6 CH. PH - ZI","2"
"1201056","FECHADURA AGL PV200F1E - CROMADA","401083","PF MET CH PHS M4X12MM ZI","2"
"1201056","FECHADURA AGL PV200F1E - CROMADA","401089","PARAFUSO MET M3 X 8MM CH PHS ZI","4"
"1201056","FECHADURA AGL PV200F1E - CROMADA","401100","PARAFUSO M3 X 12 CC. PH - ZI","1"
"1201056","FECHADURA AGL PV200F1E - CROMADA","401101","PARAFUSO M3.5 X 6 CH. PH - ZI","4"
"1201056","FECHADURA AGL PV200F1E - CROMADA","401102","PARAFUSO M4 X 8 CH. PH MET - ZI","5"
"1201056","FECHADURA AGL PV200F1E - CROMADA","403013","MOLA DE RETORNO DA MAÇANETA FECHADURA PV","1"
"1201056","FECHADURA AGL PV200F1E - CROMADA","403014","MOLA DE RETORNO DA TRAVA MAIOR","1"
"1201056","FECHADURA AGL PV200F1E - CROMADA","403016","MOLA DE RETORNO DO DISPOSITIVO DE MEMORIA","1"
"1201056","FECHADURA AGL PV200F1E - CROMADA","403017","MOLA DE RETORNO DO ROTOR","1"
"1201056","FECHADURA AGL PV200F1E - CROMADA","403018","MOLA DE RETORNO DA TRAVA MENOR","1"
"1201056","FECHADURA AGL PV200F1E - CROMADA","403022","MOLA PV200 RETORNO DA LINGUETA","1"
"1201056","FECHADURA AGL PV200F1E - CROMADA","403025","MOLA DO ARIETE","1"
"1201056","FECHADURA AGL PV200F1E - CROMADA","404015","CONJUNTO CILINDRO FECHADURA PORTA DE VIDRO 1 CIL.","1"
"1201056","FECHADURA AGL PV200F1E - CROMADA","708018","CORPO DO ARIETE 4,76 X 29MM C/ DIAM 1,6MM - ZINCADO","1"
"1201056","FECHADURA AGL PV200F1E - CROMADA","708021","LUVA DO ARIETE 10MM - ZINCADO","1"
"1201056","FECHADURA AGL PV200F1E - CROMADA","801208","EIXO DO ROTOR - ZINCADO","1"
"1201056","FECHADURA AGL PV200F1E - CROMADA","804210","ARRUELA MAÇANETA PV","1"
"1201056","FECHADURA AGL PV200F1E - CROMADA","804212","ENCOSTO PARA CHAPA DO BATENTE PV","1"
"1201056","FECHADURA AGL PV200F1E - CROMADA","804321","CARRETEL DO FECHO","1"
"1201056","FECHADURA AGL PV200F1E - CROMADA","804428","SOQUETE DO FECHO ELETRICO","1"
"1201056","FECHADURA AGL PV200F1E - CROMADA","804468","PONTA DO ARIETE 2,55 X 26MM","1"
"1201056","FECHADURA AGL PV200F1E - CROMADA","805087","NARIZ CILINDRO PV200 - ZINCADO","1"
"1201056","FECHADURA AGL PV200F1E - CROMADA","805089","BASE FIXAÇÃO MAÇANETA","1"
"1201056","FECHADURA AGL PV200F1E - CROMADA","806035","CHAPA PUXADOR PV200F1I/E P/ 1 OU 2 CILINDROS (MAIOR)","2"
"1201056","FECHADURA AGL PV200F1E - CROMADA","806082","TERMINAL DE LATÃO DO SOQUETE","2"
"1201056","FECHADURA AGL PV200F1E - CROMADA","807002","TRAVA MENOR FECHO PV","1"
"1201056","FECHADURA AGL PV200F1E - CROMADA","807003","TRAVA MAIOR FECHO PV","1"
"1201056","FECHADURA AGL PV200F1E - CROMADA","807049","DISPOSITIVO DE MEMORIA FECHO PV - ZINCADO","1"
"1201056","FECHADURA AGL PV200F1E - CROMADA","807069","LINGUETA DAS FECHADURAS PV","1"
"1201056","FECHADURA AGL PV200F1E - CROMADA","807088","ROTOR DO FECHO","1"
"1201056","FECHADURA AGL PV200F1E - CROMADA","701084","CAIXA DO FECHO - BRUTO","1"
"1201056","FECHADURA AGL PV200F1E - CROMADA","807102","BLINDAGEM DO FECHO","1"
"1201056","FECHADURA AGL PV200F1E - CROMADA","807105","TRATOR MAÇANETA PV - ZINCADO","1"
"1201056","FECHADURA AGL PV200F1E - CROMADA","807106","TAMPA DO FECHO DE METAL","1"
"1201056","FECHADURA AGL PV200F1E - CROMADA","807138","VERGALHÃO QUADRADO 8MM PV - ZINCADO","1"
"1201056","FECHADURA AGL PV200F1E - CROMADA","811277","ETIQUETA ADES. COUCHE 20MM X 15MM X 04 CAR","1"
"1201056","FECHADURA AGL PV200F1E - CROMADA","811310","ETIQUETA ADES. COUCHE 33MM X 21MM X 03 CAR","1"
"1201056","FECHADURA AGL PV200F1E - CROMADA","811762","SACO ZIP PADRAO - 05X07","1"
"1201056","FECHADURA AGL PV200F1E - CROMADA","811681","AGL SOLAPA PORTA VIDRO 10,5 X 29,5 - CALÇO PV200","1"
"1201056","FECHADURA AGL PV200F1E - CROMADA","811700","CAIXA FECHADURA ELETRICA P/ PORTAS DE VIDRO AGL 13,2 X 11,7 X 11,4","1"
"1201056","FECHADURA AGL PV200F1E - CROMADA","807098","FUNDO ALUMINIO LINGUETA PV200RF1I/E - CINZA","1"
"1201056","FECHADURA AGL PV200F1E - CROMADA","807053","BUCHA REDONDA FECHADURA PV -CROMADA","2"
"1201056","FECHADURA AGL PV200F1E - CROMADA","807053","BUCHA REDONDA FECHADURA PV -CROMADA","1"
"1201056","FECHADURA AGL PV200F1E - CROMADA","811322","ETIQUETA ADES. BOPP 40MM X 40MM  BRANCA Bt759","1"
"1201056","FECHADURA AGL PV200F1E - CROMADA","807056","MAÇANETA ALAVANCA - CROMADA","1"
"1201056","FECHADURA AGL PV200F1E - CROMADA","103760","FIO COBRE ESMALTADO 155 TS 30 AWG","0,010787"
"1201056","FECHADURA AGL PV200F1E - CROMADA","801240","PINO DA CAIXINHA DO FECHO - ZINCADO","1"
"1201057","FECHADURA AGL PVF2E - CROMADA","806022","CHAPA FECHO PVF2E - CROMADA","1"
"1201057","FECHADURA AGL PVF2E - CROMADA","806042","ALUMINIO FECHADURA PVRF2E","1"
"1201057","FECHADURA AGL PVF2E - CROMADA","401008","PARAFUSO PLASTIC PAN PHILLIPS 3 X 8 ZB","2"
"1201057","FECHADURA AGL PVF2E - CROMADA","401023","PARAFUSO MET M3.5 X 8 CH. PH - ZI","8"
"1201057","FECHADURA AGL PVF2E - CROMADA","401034","PARAFUSO PLASTIC 3 X 6 CH. PH - ZI","2"
"1201057","FECHADURA AGL PVF2E - CROMADA","401083","PF MET CH PHS M4X12MM ZI","4"
"1201057","FECHADURA AGL PVF2E - CROMADA","401089","PARAFUSO MET M3 X 8MM CH PHS ZI","2"
"1201057","FECHADURA AGL PVF2E - CROMADA","401100","PARAFUSO M3 X 12 CC. PH - ZI","1"
"1201057","FECHADURA AGL PVF2E - CROMADA","401101","PARAFUSO M3.5 X 6 CH. PH - ZI","8"
"1201057","FECHADURA AGL PVF2E - CROMADA","401102","PARAFUSO M4 X 8 CH. PH MET - ZI","1"
"1201057","FECHADURA AGL PVF2E - CROMADA","403013","MOLA DE RETORNO DA MAÇANETA FECHADURA PV","1"
"1201057","FECHADURA AGL PVF2E - CROMADA","403014","MOLA DE RETORNO DA TRAVA MAIOR","1"
"1201057","FECHADURA AGL PVF2E - CROMADA","403016","MOLA DE RETORNO DO DISPOSITIVO DE MEMORIA","1"
"1201057","FECHADURA AGL PVF2E - CROMADA","403017","MOLA DE RETORNO DO ROTOR","1"
"1201057","FECHADURA AGL PVF2E - CROMADA","403018","MOLA DE RETORNO DA TRAVA MENOR","1"
"1201057","FECHADURA AGL PVF2E - CROMADA","403025","MOLA DO ARIETE","1"
"1201057","FECHADURA AGL PVF2E - CROMADA","404015","CONJUNTO CILINDRO FECHADURA PORTA DE VIDRO 1 CIL.","1"
"1201057","FECHADURA AGL PVF2E - CROMADA","708018","CORPO DO ARIETE 4,76 X 29MM C/ DIAM 1,6MM - ZINCADO","1"
"1201057","FECHADURA AGL PVF2E - CROMADA","708021","LUVA DO ARIETE 10MM - ZINCADO","1"
"1201057","FECHADURA AGL PVF2E - CROMADA","801208","EIXO DO ROTOR - ZINCADO","1"
"1201057","FECHADURA AGL PVF2E - CROMADA","807003","TRAVA MAIOR FECHO PV","1"
"1201057","FECHADURA AGL PVF2E - CROMADA","807002","TRAVA MENOR FECHO PV","1"
"1201057","FECHADURA AGL PVF2E - CROMADA","804321","CARRETEL DO FECHO","1"
"1201057","FECHADURA AGL PVF2E - CROMADA","804428","SOQUETE DO FECHO ELETRICO","1"
"1201057","FECHADURA AGL PVF2E - CROMADA","804468","PONTA DO ARIETE 2,55 X 26MM","1"
"1201057","FECHADURA AGL PVF2E - CROMADA","805088","NARIZ CILINDRO PVR - ZINCADO","1"
"1201057","FECHADURA AGL PVF2E - CROMADA","805089","BASE FIXAÇÃO MAÇANETA","1"
"1201057","FECHADURA AGL PVF2E - CROMADA","806005","CHAPA PUXADOR PVF2E P/ 1 OU 2 CILINDROS (MAIOR)","1"
"1201057","FECHADURA AGL PVF2E - CROMADA","806082","TERMINAL DE LATÃO DO SOQUETE","2"
"1201057","FECHADURA AGL PVF2E - CROMADA","807049","DISPOSITIVO DE MEMORIA FECHO PV - ZINCADO","1"
"1201057","FECHADURA AGL PVF2E - CROMADA","807069","LINGUETA DAS FECHADURAS PV","1"
"1201057","FECHADURA AGL PVF2E - CROMADA","807088","ROTOR DO FECHO","1"
"1201057","FECHADURA AGL PVF2E - CROMADA","701084","CAIXA DO FECHO - BRUTO","1"
"1201057","FECHADURA AGL PVF2E - CROMADA","807102","BLINDAGEM DO FECHO","1"
"1201057","FECHADURA AGL PVF2E - CROMADA","807105","TRATOR MAÇANETA PV - ZINCADO","1"
"1201057","FECHADURA AGL PVF2E - CROMADA","807106","TAMPA DO FECHO DE METAL","1"
"1201057","FECHADURA AGL PVF2E - CROMADA","807138","VERGALHÃO QUADRADO 8MM PV - ZINCADO","1"
"1201057","FECHADURA AGL PVF2E - CROMADA","811277","ETIQUETA ADES. COUCHE 20MM X 15MM X 04 CAR","1"
"1201057","FECHADURA AGL PVF2E - CROMADA","811310","ETIQUETA ADES. COUCHE 33MM X 21MM X 03 CAR","1"
"1201057","FECHADURA AGL PVF2E - CROMADA","811762","SACO ZIP PADRAO - 05X07","1"
"1201057","FECHADURA AGL PVF2E - CROMADA","811681","AGL SOLAPA PORTA VIDRO 10,5 X 29,5 - CALÇO PV200","1"
"1201057","FECHADURA AGL PVF2E - CROMADA","811700","CAIXA FECHADURA ELETRICA P/ PORTAS DE VIDRO AGL 13,2 X 11,7 X 11,4","1"
"1201057","FECHADURA AGL PVF2E - CROMADA","806045","ALUMINIO DO BATENTE PVRF2E","1"
"1201057","FECHADURA AGL PVF2E - CROMADA","807077","FUNDO ZAMAC FECHO PV R/F 2E - CINZA","1"
"1201057","FECHADURA AGL PVF2E - CROMADA","806081","FUNDO ZAMAC LINGUETA PVRF2E - CROMADA","1"
"1201057","FECHADURA AGL PVF2E - CROMADA","807053","BUCHA REDONDA FECHADURA PV -CROMADA","2"
"1201057","FECHADURA AGL PVF2E - CROMADA","811322","ETIQUETA ADES. BOPP 40MM X 40MM  BRANCA Bt759","1"
"1201057","FECHADURA AGL PVF2E - CROMADA","807056","MAÇANETA ALAVANCA - CROMADA","1"
"1201057","FECHADURA AGL PVF2E - CROMADA","103760","FIO COBRE ESMALTADO 155 TS 30 AWG","0,010787"
"1201057","FECHADURA AGL PVF2E - CROMADA","801240","PINO DA CAIXINHA DO FECHO - ZINCADO","1"
"1201058","FECHADURA AGL PVR2E - CROMADA","806016","CHAPA FECHO PVR2E - CROMADA","1"
"1201058","FECHADURA AGL PVR2E - CROMADA","806042","ALUMINIO FECHADURA PVRF2E","1"
"1201058","FECHADURA AGL PVR2E - CROMADA","401008","PARAFUSO PLASTIC PAN PHILLIPS 3 X 8 ZB","2"
"1201058","FECHADURA AGL PVR2E - CROMADA","401023","PARAFUSO MET M3.5 X 8 CH. PH - ZI","8"
"1201058","FECHADURA AGL PVR2E - CROMADA","401034","PARAFUSO PLASTIC 3 X 6 CH. PH - ZI","2"
"1201058","FECHADURA AGL PVR2E - CROMADA","401083","PF MET CH PHS M4X12MM ZI","4"
"1201058","FECHADURA AGL PVR2E - CROMADA","401089","PARAFUSO MET M3 X 8MM CH PHS ZI","2"
"1201058","FECHADURA AGL PVR2E - CROMADA","401100","PARAFUSO M3 X 12 CC. PH - ZI","1"
"1201058","FECHADURA AGL PVR2E - CROMADA","401101","PARAFUSO M3.5 X 6 CH. PH - ZI","8"
"1201058","FECHADURA AGL PVR2E - CROMADA","403013","MOLA DE RETORNO DA MAÇANETA FECHADURA PV","1"
"1201058","FECHADURA AGL PVR2E - CROMADA","403014","MOLA DE RETORNO DA TRAVA MAIOR","1"
"1201058","FECHADURA AGL PVR2E - CROMADA","403016","MOLA DE RETORNO DO DISPOSITIVO DE MEMORIA","1"
"1201058","FECHADURA AGL PVR2E - CROMADA","403017","MOLA DE RETORNO DO ROTOR","1"
"1201058","FECHADURA AGL PVR2E - CROMADA","403018","MOLA DE RETORNO DA TRAVA MENOR","1"
"1201058","FECHADURA AGL PVR2E - CROMADA","403025","MOLA DO ARIETE","1"
"1201058","FECHADURA AGL PVR2E - CROMADA","404015","CONJUNTO CILINDRO FECHADURA PORTA DE VIDRO 1 CIL.","1"
"1201058","FECHADURA AGL PVR2E - CROMADA","708018","CORPO DO ARIETE 4,76 X 29MM C/ DIAM 1,6MM - ZINCADO","1"
"1201058","FECHADURA AGL PVR2E - CROMADA","708021","LUVA DO ARIETE 10MM - ZINCADO","1"
"1201058","FECHADURA AGL PVR2E - CROMADA","801208","EIXO DO ROTOR - ZINCADO","1"
"1201058","FECHADURA AGL PVR2E - CROMADA","804321","CARRETEL DO FECHO","1"
"1201058","FECHADURA AGL PVR2E - CROMADA","804323","ACABAMENTO RECORTE PV","2"
"1201058","FECHADURA AGL PVR2E - CROMADA","804428","SOQUETE DO FECHO ELETRICO","1"
"1201058","FECHADURA AGL PVR2E - CROMADA","804468","PONTA DO ARIETE 2,55 X 26MM","1"
"1201058","FECHADURA AGL PVR2E - CROMADA","805088","NARIZ CILINDRO PVR - ZINCADO","1"
"1201058","FECHADURA AGL PVR2E - CROMADA","805089","BASE FIXAÇÃO MAÇANETA","1"
"1201058","FECHADURA AGL PVR2E - CROMADA","806008","CHAPA PUXADOR PV200R2E P/ 1 OU 2 CILINDROS (MAIOR)","1"
"1201058","FECHADURA AGL PVR2E - CROMADA","806082","TERMINAL DE LATÃO DO SOQUETE","2"
"1201058","FECHADURA AGL PVR2E - CROMADA","807002","TRAVA MENOR FECHO PV","1"
"1201058","FECHADURA AGL PVR2E - CROMADA","807003","TRAVA MAIOR FECHO PV","1"
"1201058","FECHADURA AGL PVR2E - CROMADA","807049","DISPOSITIVO DE MEMORIA FECHO PV - ZINCADO","1"
"1201058","FECHADURA AGL PVR2E - CROMADA","807069","LINGUETA DAS FECHADURAS PV","1"
"1201058","FECHADURA AGL PVR2E - CROMADA","807088","ROTOR DO FECHO","1"
"1201058","FECHADURA AGL PVR2E - CROMADA","701084","CAIXA DO FECHO - BRUTO","1"
"1201058","FECHADURA AGL PVR2E - CROMADA","807102","BLINDAGEM DO FECHO","1"
"1201058","FECHADURA AGL PVR2E - CROMADA","807105","TRATOR MAÇANETA PV - ZINCADO","1"
"1201058","FECHADURA AGL PVR2E - CROMADA","807106","TAMPA DO FECHO DE METAL","1"
"1201058","FECHADURA AGL PVR2E - CROMADA","807138","VERGALHÃO QUADRADO 8MM PV - ZINCADO","1"
"1201058","FECHADURA AGL PVR2E - CROMADA","811277","ETIQUETA ADES. COUCHE 20MM X 15MM X 04 CAR","1"
"1201058","FECHADURA AGL PVR2E - CROMADA","811310","ETIQUETA ADES. COUCHE 33MM X 21MM X 03 CAR","1"
"1201058","FECHADURA AGL PVR2E - CROMADA","811762","SACO ZIP PADRAO - 05X07","1"
"1201058","FECHADURA AGL PVR2E - CROMADA","811681","AGL SOLAPA PORTA VIDRO 10,5 X 29,5 - CALÇO PV200","1"
"1201058","FECHADURA AGL PVR2E - CROMADA","811700","CAIXA FECHADURA ELETRICA P/ PORTAS DE VIDRO AGL 13,2 X 11,7 X 11,4","1"
"1201058","FECHADURA AGL PVR2E - CROMADA","806045","ALUMINIO DO BATENTE PVRF2E","1"
"1201058","FECHADURA AGL PVR2E - CROMADA","807077","FUNDO ZAMAC FECHO PV R/F 2E - CINZA","1"
"1201058","FECHADURA AGL PVR2E - CROMADA","806081","FUNDO ZAMAC LINGUETA PVRF2E - CROMADA","1"
"1201058","FECHADURA AGL PVR2E - CROMADA","807053","BUCHA REDONDA FECHADURA PV -CROMADA","2"
"1201058","FECHADURA AGL PVR2E - CROMADA","811322","ETIQUETA ADES. BOPP 40MM X 40MM  BRANCA Bt759","1"
"1201058","FECHADURA AGL PVR2E - CROMADA","807056","MAÇANETA ALAVANCA - CROMADA","1"
"1201058","FECHADURA AGL PVR2E - CROMADA","103760","FIO COBRE ESMALTADO 155 TS 30 AWG","0,010787"
"1201058","FECHADURA AGL PVR2E - CROMADA","801240","PINO DA CAIXINHA DO FECHO - ZINCADO","1"
"1201058","FECHADURA AGL PVR2E - CROMADA","403070","MOLA PVR RETORNO DA LINGUETA","1"
"1201059","FECHADURA AGL PV200R1I - CROMADA","806031","CHAPA BATENTE PV200RF1I - CROMADO","1"
"1201059","FECHADURA AGL PV200R1I - CROMADA","806019","CHAPA S/ PUXADOR PV200R2I - CROMADO","1"
"1201059","FECHADURA AGL PV200R1I - CROMADA","805076","ALUMINIO FECHADURA PV 200","1"
"1201059","FECHADURA AGL PV200R1I - CROMADA","401002","PARAFUSO 3.5 X 13 A/A CH. PH - ZI","4"
"1201059","FECHADURA AGL PV200R1I - CROMADA","401008","PARAFUSO PLASTIC PAN PHILLIPS 3 X 8 ZB","2"
"1201059","FECHADURA AGL PV200R1I - CROMADA","401023","PARAFUSO MET M3.5 X 8 CH. PH - ZI","4"
"1201059","FECHADURA AGL PV200R1I - CROMADA","401034","PARAFUSO PLASTIC 3 X 6 CH. PH - ZI","2"
"1201059","FECHADURA AGL PV200R1I - CROMADA","401083","PF MET CH PHS M4X12MM ZI","2"
"1201059","FECHADURA AGL PV200R1I - CROMADA","401089","PARAFUSO MET M3 X 8MM CH PHS ZI","2"
"1201059","FECHADURA AGL PV200R1I - CROMADA","401100","PARAFUSO M3 X 12 CC. PH - ZI","1"
"1201059","FECHADURA AGL PV200R1I - CROMADA","401101","PARAFUSO M3.5 X 6 CH. PH - ZI","4"
"1201059","FECHADURA AGL PV200R1I - CROMADA","401102","PARAFUSO M4 X 8 CH. PH MET - ZI","5"
"1201059","FECHADURA AGL PV200R1I - CROMADA","403013","MOLA DE RETORNO DA MAÇANETA FECHADURA PV","1"
"1201059","FECHADURA AGL PV200R1I - CROMADA","403014","MOLA DE RETORNO DA TRAVA MAIOR","1"
"1201059","FECHADURA AGL PV200R1I - CROMADA","403016","MOLA DE RETORNO DO DISPOSITIVO DE MEMORIA","1"
"1201059","FECHADURA AGL PV200R1I - CROMADA","403017","MOLA DE RETORNO DO ROTOR","1"
"1201059","FECHADURA AGL PV200R1I - CROMADA","403018","MOLA DE RETORNO DA TRAVA MENOR","1"
"1201059","FECHADURA AGL PV200R1I - CROMADA","403022","MOLA PV200 RETORNO DA LINGUETA","1"
"1201059","FECHADURA AGL PV200R1I - CROMADA","403025","MOLA DO ARIETE","1"
"1201059","FECHADURA AGL PV200R1I - CROMADA","404015","CONJUNTO CILINDRO FECHADURA PORTA DE VIDRO 1 CIL.","1"
"1201059","FECHADURA AGL PV200R1I - CROMADA","708018","CORPO DO ARIETE 4,76 X 29MM C/ DIAM 1,6MM - ZINCADO","1"
"1201059","FECHADURA AGL PV200R1I - CROMADA","708021","LUVA DO ARIETE 10MM - ZINCADO","1"
"1201059","FECHADURA AGL PV200R1I - CROMADA","801208","EIXO DO ROTOR - ZINCADO","1"
"1201059","FECHADURA AGL PV200R1I - CROMADA","804210","ARRUELA MAÇANETA PV","1"
"1201059","FECHADURA AGL PV200R1I - CROMADA","804321","CARRETEL DO FECHO","1"
"1201059","FECHADURA AGL PV200R1I - CROMADA","804323","ACABAMENTO RECORTE PV","1"
"1201059","FECHADURA AGL PV200R1I - CROMADA","804324","BLOQUEIO DE CARTÃO PV","1"
"1201059","FECHADURA AGL PV200R1I - CROMADA","804428","SOQUETE DO FECHO ELETRICO","1"
"1201059","FECHADURA AGL PV200R1I - CROMADA","804468","PONTA DO ARIETE 2,55 X 26MM","1"
"1201059","FECHADURA AGL PV200R1I - CROMADA","805087","NARIZ CILINDRO PV200 - ZINCADO","1"
"1201059","FECHADURA AGL PV200R1I - CROMADA","805089","BASE FIXAÇÃO MAÇANETA","1"
"1201059","FECHADURA AGL PV200R1I - CROMADA","806082","TERMINAL DE LATÃO DO SOQUETE","2"
"1201059","FECHADURA AGL PV200R1I - CROMADA","807002","TRAVA MENOR FECHO PV","1"
"1201059","FECHADURA AGL PV200R1I - CROMADA","807003","TRAVA MAIOR FECHO PV","1"
"1201059","FECHADURA AGL PV200R1I - CROMADA","807049","DISPOSITIVO DE MEMORIA FECHO PV - ZINCADO","1"
"1201059","FECHADURA AGL PV200R1I - CROMADA","807069","LINGUETA DAS FECHADURAS PV","1"
"1201059","FECHADURA AGL PV200R1I - CROMADA","807088","ROTOR DO FECHO","1"
"1201059","FECHADURA AGL PV200R1I - CROMADA","701084","CAIXA DO FECHO - BRUTO","1"
"1201059","FECHADURA AGL PV200R1I - CROMADA","807102","BLINDAGEM DO FECHO","1"
"1201059","FECHADURA AGL PV200R1I - CROMADA","807105","TRATOR MAÇANETA PV - ZINCADO","1"
"1201059","FECHADURA AGL PV200R1I - CROMADA","807106","TAMPA DO FECHO DE METAL","1"
"1201059","FECHADURA AGL PV200R1I - CROMADA","807138","VERGALHÃO QUADRADO 8MM PV - ZINCADO","1"
"1201059","FECHADURA AGL PV200R1I - CROMADA","811277","ETIQUETA ADES. COUCHE 20MM X 15MM X 04 CAR","1"
"1201059","FECHADURA AGL PV200R1I - CROMADA","811310","ETIQUETA ADES. COUCHE 33MM X 21MM X 03 CAR","1"
"1201059","FECHADURA AGL PV200R1I - CROMADA","811762","SACO ZIP PADRAO - 05X07","1"
"1201059","FECHADURA AGL PV200R1I - CROMADA","811681","AGL SOLAPA PORTA VIDRO 10,5 X 29,5 - CALÇO PV200","1"
"1201059","FECHADURA AGL PV200R1I - CROMADA","811700","CAIXA FECHADURA ELETRICA P/ PORTAS DE VIDRO AGL 13,2 X 11,7 X 11,4","1"
"1201059","FECHADURA AGL PV200R1I - CROMADA","807052","MAÇANETA BOLA - CROMADA","1"
"1201059","FECHADURA AGL PV200R1I - CROMADA","807098","FUNDO ALUMINIO LINGUETA PV200RF1I/E - CINZA","1"
"1201059","FECHADURA AGL PV200R1I - CROMADA","807053","BUCHA REDONDA FECHADURA PV -CROMADA","2"
"1201059","FECHADURA AGL PV200R1I - CROMADA","810035","ACABAMENTO MAÇANETA BOLA - CROMADO","1"
"1201059","FECHADURA AGL PV200R1I - CROMADA","811322","ETIQUETA ADES. BOPP 40MM X 40MM  BRANCA Bt759","1"
"1201059","FECHADURA AGL PV200R1I - CROMADA","103760","FIO COBRE ESMALTADO 155 TS 30 AWG","0,010787"
"1201059","FECHADURA AGL PV200R1I - CROMADA","801240","PINO DA CAIXINHA DO FECHO - ZINCADO","1"
"1201060","FECHADURA AGL PV200R1I C/ 2 CIL - CROMADA","806038","ALUMINIO FECHADURA PV200 C/2 CIL","1"
"1201060","FECHADURA AGL PV200R1I C/ 2 CIL - CROMADA","806036","CHAPA BATENTE PV200RF1E - CROMADO","1"
"1201060","FECHADURA AGL PV200R1I C/ 2 CIL - CROMADA","401002","PARAFUSO 3.5 X 13 A/A CH. PH - ZI","4"
"1201060","FECHADURA AGL PV200R1I C/ 2 CIL - CROMADA","401008","PARAFUSO PLASTIC PAN PHILLIPS 3 X 8 ZB","2"
"1201060","FECHADURA AGL PV200R1I C/ 2 CIL - CROMADA","401023","PARAFUSO MET M3.5 X 8 CH. PH - ZI","6"
"1201060","FECHADURA AGL PV200R1I C/ 2 CIL - CROMADA","401034","PARAFUSO PLASTIC 3 X 6 CH. PH - ZI","2"
"1201060","FECHADURA AGL PV200R1I C/ 2 CIL - CROMADA","401083","PF MET CH PHS M4X12MM ZI","2"
"1201060","FECHADURA AGL PV200R1I C/ 2 CIL - CROMADA","401089","PARAFUSO MET M3 X 8MM CH PHS ZI","4"
"1201060","FECHADURA AGL PV200R1I C/ 2 CIL - CROMADA","401101","PARAFUSO M3.5 X 6 CH. PH - ZI","4"
"1201060","FECHADURA AGL PV200R1I C/ 2 CIL - CROMADA","403014","MOLA DE RETORNO DA TRAVA MAIOR","1"
"1201060","FECHADURA AGL PV200R1I C/ 2 CIL - CROMADA","403016","MOLA DE RETORNO DO DISPOSITIVO DE MEMORIA","1"
"1201060","FECHADURA AGL PV200R1I C/ 2 CIL - CROMADA","403017","MOLA DE RETORNO DO ROTOR","1"
"1201060","FECHADURA AGL PV200R1I C/ 2 CIL - CROMADA","403018","MOLA DE RETORNO DA TRAVA MENOR","1"
"1201060","FECHADURA AGL PV200R1I C/ 2 CIL - CROMADA","403022","MOLA PV200 RETORNO DA LINGUETA","1"
"1201060","FECHADURA AGL PV200R1I C/ 2 CIL - CROMADA","403025","MOLA DO ARIETE","1"
"1201060","FECHADURA AGL PV200R1I C/ 2 CIL - CROMADA","404016","CONJUNTO CILINDRO FECHADURA PORTA DE VIDRO 2 CIL.","2"
"1201060","FECHADURA AGL PV200R1I C/ 2 CIL - CROMADA","708018","CORPO DO ARIETE 4,76 X 29MM C/ DIAM 1,6MM - ZINCADO","1"
"1201060","FECHADURA AGL PV200R1I C/ 2 CIL - CROMADA","708021","LUVA DO ARIETE 10MM - ZINCADO","1"
"1201060","FECHADURA AGL PV200R1I C/ 2 CIL - CROMADA","801208","EIXO DO ROTOR - ZINCADO","1"
"1201060","FECHADURA AGL PV200R1I C/ 2 CIL - CROMADA","804321","CARRETEL DO FECHO","1"
"1201060","FECHADURA AGL PV200R1I C/ 2 CIL - CROMADA","804323","ACABAMENTO RECORTE PV","1"
"1201060","FECHADURA AGL PV200R1I C/ 2 CIL - CROMADA","804324","BLOQUEIO DE CARTÃO PV","1"
"1201060","FECHADURA AGL PV200R1I C/ 2 CIL - CROMADA","804406","ESPACADOR PARA FECHADURA 2 CILINDROS","1"
"1201060","FECHADURA AGL PV200R1I C/ 2 CIL - CROMADA","804428","SOQUETE DO FECHO ELETRICO","1"
"1201060","FECHADURA AGL PV200R1I C/ 2 CIL - CROMADA","804468","PONTA DO ARIETE 2,55 X 26MM","1"
"1201060","FECHADURA AGL PV200R1I C/ 2 CIL - CROMADA","805085","CHAPA DE FIXAÇÃO CILINDRO DUPLO FECH PV - ZINCADA","1"
"1201060","FECHADURA AGL PV200R1I C/ 2 CIL - CROMADA","805087","NARIZ CILINDRO PV200 - ZINCADO","2"
"1201060","FECHADURA AGL PV200R1I C/ 2 CIL - CROMADA","806025","CHAPA PUXADOR PV200RF1IE P/ 1 OU 2 CILINDROS (MENOR)","1"
"1201060","FECHADURA AGL PV200R1I C/ 2 CIL - CROMADA","806035","CHAPA PUXADOR PV200F1I/E P/ 1 OU 2 CILINDROS (MAIOR)","1"
"1201060","FECHADURA AGL PV200R1I C/ 2 CIL - CROMADA","806082","TERMINAL DE LATÃO DO SOQUETE","2"
"1201060","FECHADURA AGL PV200R1I C/ 2 CIL - CROMADA","807002","TRAVA MENOR FECHO PV","1"
"1201060","FECHADURA AGL PV200R1I C/ 2 CIL - CROMADA","807003","TRAVA MAIOR FECHO PV","1"
"1201060","FECHADURA AGL PV200R1I C/ 2 CIL - CROMADA","807049","DISPOSITIVO DE MEMORIA FECHO PV - ZINCADO","1"
"1201060","FECHADURA AGL PV200R1I C/ 2 CIL - CROMADA","807069","LINGUETA DAS FECHADURAS PV","1"
"1201060","FECHADURA AGL PV200R1I C/ 2 CIL - CROMADA","807088","ROTOR DO FECHO","1"
"1201060","FECHADURA AGL PV200R1I C/ 2 CIL - CROMADA","701084","CAIXA DO FECHO - BRUTO","1"
"1201060","FECHADURA AGL PV200R1I C/ 2 CIL - CROMADA","807102","BLINDAGEM DO FECHO","1"
"1201060","FECHADURA AGL PV200R1I C/ 2 CIL - CROMADA","807106","TAMPA DO FECHO DE METAL","1"
"1201060","FECHADURA AGL PV200R1I C/ 2 CIL - CROMADA","811277","ETIQUETA ADES. COUCHE 20MM X 15MM X 04 CAR","1"
"1201060","FECHADURA AGL PV200R1I C/ 2 CIL - CROMADA","811310","ETIQUETA ADES. COUCHE 33MM X 21MM X 03 CAR","1"
"1201060","FECHADURA AGL PV200R1I C/ 2 CIL - CROMADA","811762","SACO ZIP PADRAO - 05X07","1"
"1201060","FECHADURA AGL PV200R1I C/ 2 CIL - CROMADA","811681","AGL SOLAPA PORTA VIDRO 10,5 X 29,5 - CALÇO PV200","1"
"1201060","FECHADURA AGL PV200R1I C/ 2 CIL - CROMADA","811700","CAIXA FECHADURA ELETRICA P/ PORTAS DE VIDRO AGL 13,2 X 11,7 X 11,4","1"
"1201060","FECHADURA AGL PV200R1I C/ 2 CIL - CROMADA","807053","BUCHA REDONDA FECHADURA PV -CROMADA","2"
"1201060","FECHADURA AGL PV200R1I C/ 2 CIL - CROMADA","811322","ETIQUETA ADES. BOPP 40MM X 40MM  BRANCA Bt759","1"
"1201060","FECHADURA AGL PV200R1I C/ 2 CIL - CROMADA","807098","FUNDO ALUMINIO LINGUETA PV200RF1I/E - CINZA","1"
"1201060","FECHADURA AGL PV200R1I C/ 2 CIL - CROMADA","103760","FIO COBRE ESMALTADO 155 TS 30 AWG","0,010787"
"1201060","FECHADURA AGL PV200R1I C/ 2 CIL - CROMADA","801240","PINO DA CAIXINHA DO FECHO - ZINCADO","1"
"1201062","FECHADURA AGL PV200R2I C/ 2 CIL - CROMADA","806004","CHAPA FECHO PVR2I - CROMADA","1"
"1201062","FECHADURA AGL PV200R2I C/ 2 CIL - CROMADA","806038","ALUMINIO FECHADURA PV200 C/2 CIL","1"
"1201062","FECHADURA AGL PV200R2I C/ 2 CIL - CROMADA","401008","PARAFUSO PLASTIC PAN PHILLIPS 3 X 8 ZB","2"
"1201062","FECHADURA AGL PV200R2I C/ 2 CIL - CROMADA","401023","PARAFUSO MET M3.5 X 8 CH. PH - ZI","6"
"1201062","FECHADURA AGL PV200R2I C/ 2 CIL - CROMADA","401034","PARAFUSO PLASTIC 3 X 6 CH. PH - ZI","2"
"1201062","FECHADURA AGL PV200R2I C/ 2 CIL - CROMADA","401083","PF MET CH PHS M4X12MM ZI","4"
"1201062","FECHADURA AGL PV200R2I C/ 2 CIL - CROMADA","401089","PARAFUSO MET M3 X 8MM CH PHS ZI","4"
"1201062","FECHADURA AGL PV200R2I C/ 2 CIL - CROMADA","401100","PARAFUSO M3 X 12 CC. PH - ZI","1"
"1201062","FECHADURA AGL PV200R2I C/ 2 CIL - CROMADA","401101","PARAFUSO M3.5 X 6 CH. PH - ZI","8"
"1201062","FECHADURA AGL PV200R2I C/ 2 CIL - CROMADA","401102","PARAFUSO M4 X 8 CH. PH MET - ZI","5"
"1201062","FECHADURA AGL PV200R2I C/ 2 CIL - CROMADA","403014","MOLA DE RETORNO DA TRAVA MAIOR","1"
"1201062","FECHADURA AGL PV200R2I C/ 2 CIL - CROMADA","403016","MOLA DE RETORNO DO DISPOSITIVO DE MEMORIA","1"
"1201062","FECHADURA AGL PV200R2I C/ 2 CIL - CROMADA","403017","MOLA DE RETORNO DO ROTOR","1"
"1201062","FECHADURA AGL PV200R2I C/ 2 CIL - CROMADA","403018","MOLA DE RETORNO DA TRAVA MENOR","1"
"1201062","FECHADURA AGL PV200R2I C/ 2 CIL - CROMADA","403022","MOLA PV200 RETORNO DA LINGUETA","1"
"1201062","FECHADURA AGL PV200R2I C/ 2 CIL - CROMADA","403025","MOLA DO ARIETE","1"
"1201062","FECHADURA AGL PV200R2I C/ 2 CIL - CROMADA","404016","CONJUNTO CILINDRO FECHADURA PORTA DE VIDRO 2 CIL.","2"
"1201062","FECHADURA AGL PV200R2I C/ 2 CIL - CROMADA","708018","CORPO DO ARIETE 4,76 X 29MM C/ DIAM 1,6MM - ZINCADO","1"
"1201062","FECHADURA AGL PV200R2I C/ 2 CIL - CROMADA","708021","LUVA DO ARIETE 10MM - ZINCADO","1"
"1201062","FECHADURA AGL PV200R2I C/ 2 CIL - CROMADA","801208","EIXO DO ROTOR - ZINCADO","1"
"1201062","FECHADURA AGL PV200R2I C/ 2 CIL - CROMADA","804306","TAMPA PLASTICA DO FECHO","1"
"1201062","FECHADURA AGL PV200R2I C/ 2 CIL - CROMADA","804321","CARRETEL DO FECHO","1"
"1201062","FECHADURA AGL PV200R2I C/ 2 CIL - CROMADA","804323","ACABAMENTO RECORTE PV","1"
"1201062","FECHADURA AGL PV200R2I C/ 2 CIL - CROMADA","804406","ESPACADOR PARA FECHADURA 2 CILINDROS","1"
"1201062","FECHADURA AGL PV200R2I C/ 2 CIL - CROMADA","804428","SOQUETE DO FECHO ELETRICO","1"
"1201062","FECHADURA AGL PV200R2I C/ 2 CIL - CROMADA","804468","PONTA DO ARIETE 2,55 X 26MM","1"
"1201062","FECHADURA AGL PV200R2I C/ 2 CIL - CROMADA","805085","CHAPA DE FIXAÇÃO CILINDRO DUPLO FECH PV - ZINCADA","1"
"1201062","FECHADURA AGL PV200R2I C/ 2 CIL - CROMADA","805087","NARIZ CILINDRO PV200 - ZINCADO","2"
"1201062","FECHADURA AGL PV200R2I C/ 2 CIL - CROMADA","806001","CHAPA PUXADOR PV200R2I P/ 1 OU 2 CILINDROS (MAIOR)","1"
"1201062","FECHADURA AGL PV200R2I C/ 2 CIL - CROMADA","806087","ALUMINIO DO BATENTE PV200RF2I","1"
"1201062","FECHADURA AGL PV200R2I C/ 2 CIL - CROMADA","806054","CHAPA PUXADOR PV200RF2I P/ 1 OU 2 CILINDROS (MENOR)","1"
"1201062","FECHADURA AGL PV200R2I C/ 2 CIL - CROMADA","806082","TERMINAL DE LATÃO DO SOQUETE","2"
"1201062","FECHADURA AGL PV200R2I C/ 2 CIL - CROMADA","807002","TRAVA MENOR FECHO PV","1"
"1201062","FECHADURA AGL PV200R2I C/ 2 CIL - CROMADA","807003","TRAVA MAIOR FECHO PV","1"
"1201062","FECHADURA AGL PV200R2I C/ 2 CIL - CROMADA","807049","DISPOSITIVO DE MEMORIA FECHO PV - ZINCADO","1"
"1201062","FECHADURA AGL PV200R2I C/ 2 CIL - CROMADA","807069","LINGUETA DAS FECHADURAS PV","1"
"1201062","FECHADURA AGL PV200R2I C/ 2 CIL - CROMADA","807088","ROTOR DO FECHO","1"
"1201062","FECHADURA AGL PV200R2I C/ 2 CIL - CROMADA","701084","CAIXA DO FECHO - BRUTO","1"
"1201062","FECHADURA AGL PV200R2I C/ 2 CIL - CROMADA","807102","BLINDAGEM DO FECHO","1"
"1201062","FECHADURA AGL PV200R2I C/ 2 CIL - CROMADA","811277","ETIQUETA ADES. COUCHE 20MM X 15MM X 04 CAR","1"
"1201062","FECHADURA AGL PV200R2I C/ 2 CIL - CROMADA","811310","ETIQUETA ADES. COUCHE 33MM X 21MM X 03 CAR","1"
"1201062","FECHADURA AGL PV200R2I C/ 2 CIL - CROMADA","811762","SACO ZIP PADRAO - 05X07","1"
"1201062","FECHADURA AGL PV200R2I C/ 2 CIL - CROMADA","811681","AGL SOLAPA PORTA VIDRO 10,5 X 29,5 - CALÇO PV200","1"
"1201062","FECHADURA AGL PV200R2I C/ 2 CIL - CROMADA","811700","CAIXA FECHADURA ELETRICA P/ PORTAS DE VIDRO AGL 13,2 X 11,7 X 11,4","1"
"1201062","FECHADURA AGL PV200R2I C/ 2 CIL - CROMADA","807090","FUNDO ALUMINIO LINGUETA PV200RF2I - CINZA","1"
"1201062","FECHADURA AGL PV200R2I C/ 2 CIL - CROMADA","807094","FUNDO ALUMINIO FECHO PV200RF2I - CINZA","1"
"1201062","FECHADURA AGL PV200R2I C/ 2 CIL - CROMADA","807053","BUCHA REDONDA FECHADURA PV -CROMADA","2"
"1201062","FECHADURA AGL PV200R2I C/ 2 CIL - CROMADA","811322","ETIQUETA ADES. BOPP 40MM X 40MM  BRANCA Bt759","1"
"1201062","FECHADURA AGL PV200R2I C/ 2 CIL - CROMADA","103760","FIO COBRE ESMALTADO 155 TS 30 AWG","0,010787"
"1201062","FECHADURA AGL PV200R2I C/ 2 CIL - CROMADA","801240","PINO DA CAIXINHA DO FECHO - ZINCADO","1"
"1201063","FECHADURA AGL PV200F2I C/ 2 CIL. - CROMADA","806022","CHAPA FECHO PVF2E - CROMADA","1"
"1201063","FECHADURA AGL PV200F2I C/ 2 CIL. - CROMADA","806038","ALUMINIO FECHADURA PV200 C/2 CIL","1"
"1201063","FECHADURA AGL PV200F2I C/ 2 CIL. - CROMADA","401008","PARAFUSO PLASTIC PAN PHILLIPS 3 X 8 ZB","2"
"1201063","FECHADURA AGL PV200F2I C/ 2 CIL. - CROMADA","401023","PARAFUSO MET M3.5 X 8 CH. PH - ZI","6"
"1201063","FECHADURA AGL PV200F2I C/ 2 CIL. - CROMADA","401034","PARAFUSO PLASTIC 3 X 6 CH. PH - ZI","2"
"1201063","FECHADURA AGL PV200F2I C/ 2 CIL. - CROMADA","401083","PF MET CH PHS M4X12MM ZI","4"
"1201063","FECHADURA AGL PV200F2I C/ 2 CIL. - CROMADA","401089","PARAFUSO MET M3 X 8MM CH PHS ZI","4"
"1201063","FECHADURA AGL PV200F2I C/ 2 CIL. - CROMADA","401100","PARAFUSO M3 X 12 CC. PH - ZI","1"
"1201063","FECHADURA AGL PV200F2I C/ 2 CIL. - CROMADA","401101","PARAFUSO M3.5 X 6 CH. PH - ZI","8"
"1201063","FECHADURA AGL PV200F2I C/ 2 CIL. - CROMADA","401102","PARAFUSO M4 X 8 CH. PH MET - ZI","5"
"1201063","FECHADURA AGL PV200F2I C/ 2 CIL. - CROMADA","403014","MOLA DE RETORNO DA TRAVA MAIOR","1"
"1201063","FECHADURA AGL PV200F2I C/ 2 CIL. - CROMADA","403016","MOLA DE RETORNO DO DISPOSITIVO DE MEMORIA","1"
"1201063","FECHADURA AGL PV200F2I C/ 2 CIL. - CROMADA","403017","MOLA DE RETORNO DO ROTOR","1"
"1201063","FECHADURA AGL PV200F2I C/ 2 CIL. - CROMADA","403018","MOLA DE RETORNO DA TRAVA MENOR","1"
"1201063","FECHADURA AGL PV200F2I C/ 2 CIL. - CROMADA","403022","MOLA PV200 RETORNO DA LINGUETA","1"
"1201063","FECHADURA AGL PV200F2I C/ 2 CIL. - CROMADA","403025","MOLA DO ARIETE","1"
"1201063","FECHADURA AGL PV200F2I C/ 2 CIL. - CROMADA","404016","CONJUNTO CILINDRO FECHADURA PORTA DE VIDRO 2 CIL.","2"
"1201063","FECHADURA AGL PV200F2I C/ 2 CIL. - CROMADA","708018","CORPO DO ARIETE 4,76 X 29MM C/ DIAM 1,6MM - ZINCADO","1"
"1201063","FECHADURA AGL PV200F2I C/ 2 CIL. - CROMADA","708021","LUVA DO ARIETE 10MM - ZINCADO","1"
"1201063","FECHADURA AGL PV200F2I C/ 2 CIL. - CROMADA","801208","EIXO DO ROTOR - ZINCADO","1"
"1201063","FECHADURA AGL PV200F2I C/ 2 CIL. - CROMADA","804306","TAMPA PLASTICA DO FECHO","1"
"1201063","FECHADURA AGL PV200F2I C/ 2 CIL. - CROMADA","804321","CARRETEL DO FECHO","1"
"1201063","FECHADURA AGL PV200F2I C/ 2 CIL. - CROMADA","804406","ESPACADOR PARA FECHADURA 2 CILINDROS","1"
"1201063","FECHADURA AGL PV200F2I C/ 2 CIL. - CROMADA","804428","SOQUETE DO FECHO ELETRICO","1"
"1201063","FECHADURA AGL PV200F2I C/ 2 CIL. - CROMADA","804468","PONTA DO ARIETE 2,55 X 26MM","1"
"1201063","FECHADURA AGL PV200F2I C/ 2 CIL. - CROMADA","805085","CHAPA DE FIXAÇÃO CILINDRO DUPLO FECH PV - ZINCADA","1"
"1201063","FECHADURA AGL PV200F2I C/ 2 CIL. - CROMADA","805087","NARIZ CILINDRO PV200 - ZINCADO","2"
"1201063","FECHADURA AGL PV200F2I C/ 2 CIL. - CROMADA","806087","ALUMINIO DO BATENTE PV200RF2I","1"
"1201063","FECHADURA AGL PV200F2I C/ 2 CIL. - CROMADA","806052","CHAPA PUXADOR PV200F2I P/ 1 OU 2 CILINDROS (MAIOR)","1"
"1201063","FECHADURA AGL PV200F2I C/ 2 CIL. - CROMADA","806054","CHAPA PUXADOR PV200RF2I P/ 1 OU 2 CILINDROS (MENOR)","1"
"1201063","FECHADURA AGL PV200F2I C/ 2 CIL. - CROMADA","806082","TERMINAL DE LATÃO DO SOQUETE","2"
"1201063","FECHADURA AGL PV200F2I C/ 2 CIL. - CROMADA","807002","TRAVA MENOR FECHO PV","1"
"1201063","FECHADURA AGL PV200F2I C/ 2 CIL. - CROMADA","807003","TRAVA MAIOR FECHO PV","1"
"1201063","FECHADURA AGL PV200F2I C/ 2 CIL. - CROMADA","807049","DISPOSITIVO DE MEMORIA FECHO PV - ZINCADO","1"
"1201063","FECHADURA AGL PV200F2I C/ 2 CIL. - CROMADA","807069","LINGUETA DAS FECHADURAS PV","1"
"1201063","FECHADURA AGL PV200F2I C/ 2 CIL. - CROMADA","807088","ROTOR DO FECHO","1"
"1201063","FECHADURA AGL PV200F2I C/ 2 CIL. - CROMADA","701084","CAIXA DO FECHO - BRUTO","1"
"1201063","FECHADURA AGL PV200F2I C/ 2 CIL. - CROMADA","807102","BLINDAGEM DO FECHO","1"
"1201063","FECHADURA AGL PV200F2I C/ 2 CIL. - CROMADA","811277","ETIQUETA ADES. COUCHE 20MM X 15MM X 04 CAR","1"
"1201063","FECHADURA AGL PV200F2I C/ 2 CIL. - CROMADA","811310","ETIQUETA ADES. COUCHE 33MM X 21MM X 03 CAR","1"
"1201063","FECHADURA AGL PV200F2I C/ 2 CIL. - CROMADA","811762","SACO ZIP PADRAO - 05X07","1"
"1201063","FECHADURA AGL PV200F2I C/ 2 CIL. - CROMADA","811681","AGL SOLAPA PORTA VIDRO 10,5 X 29,5 - CALÇO PV200","1"
"1201063","FECHADURA AGL PV200F2I C/ 2 CIL. - CROMADA","811700","CAIXA FECHADURA ELETRICA P/ PORTAS DE VIDRO AGL 13,2 X 11,7 X 11,4","1"
"1201063","FECHADURA AGL PV200F2I C/ 2 CIL. - CROMADA","807090","FUNDO ALUMINIO LINGUETA PV200RF2I - CINZA","1"
"1201063","FECHADURA AGL PV200F2I C/ 2 CIL. - CROMADA","807094","FUNDO ALUMINIO FECHO PV200RF2I - CINZA","1"
"1201063","FECHADURA AGL PV200F2I C/ 2 CIL. - CROMADA","807053","BUCHA REDONDA FECHADURA PV -CROMADA","2"
"1201063","FECHADURA AGL PV200F2I C/ 2 CIL. - CROMADA","811322","ETIQUETA ADES. BOPP 40MM X 40MM  BRANCA Bt759","1"
"1201063","FECHADURA AGL PV200F2I C/ 2 CIL. - CROMADA","103760","FIO COBRE ESMALTADO 155 TS 30 AWG","0,010787"
"1201063","FECHADURA AGL PV200F2I C/ 2 CIL. - CROMADA","801240","PINO DA CAIXINHA DO FECHO - ZINCADO","1"
"1201064","FECHADURA AGL PVR2E 2 CILINDROS - CROMADA","806016","CHAPA FECHO PVR2E - CROMADA","1"
"1201064","FECHADURA AGL PVR2E 2 CILINDROS - CROMADA","806091","ALUMINIO FECHADURA C/2CIL PVRF2E","1"
"1201064","FECHADURA AGL PVR2E 2 CILINDROS - CROMADA","806045","ALUMINIO DO BATENTE PVRF2E","1"
"1201064","FECHADURA AGL PVR2E 2 CILINDROS - CROMADA","401008","PARAFUSO PLASTIC PAN PHILLIPS 3 X 8 ZB","2"
"1201064","FECHADURA AGL PVR2E 2 CILINDROS - CROMADA","401023","PARAFUSO MET M3.5 X 8 CH. PH - ZI","10"
"1201064","FECHADURA AGL PVR2E 2 CILINDROS - CROMADA","401034","PARAFUSO PLASTIC 3 X 6 CH. PH - ZI","2"
"1201064","FECHADURA AGL PVR2E 2 CILINDROS - CROMADA","401083","PF MET CH PHS M4X12MM ZI","4"
"1201064","FECHADURA AGL PVR2E 2 CILINDROS - CROMADA","401089","PARAFUSO MET M3 X 8MM CH PHS ZI","4"
"1201064","FECHADURA AGL PVR2E 2 CILINDROS - CROMADA","401101","PARAFUSO M3.5 X 6 CH. PH - ZI","4"
"1201064","FECHADURA AGL PVR2E 2 CILINDROS - CROMADA","403014","MOLA DE RETORNO DA TRAVA MAIOR","1"
"1201064","FECHADURA AGL PVR2E 2 CILINDROS - CROMADA","403016","MOLA DE RETORNO DO DISPOSITIVO DE MEMORIA","1"
"1201064","FECHADURA AGL PVR2E 2 CILINDROS - CROMADA","403017","MOLA DE RETORNO DO ROTOR","1"
"1201064","FECHADURA AGL PVR2E 2 CILINDROS - CROMADA","403018","MOLA DE RETORNO DA TRAVA MENOR","1"
"1201064","FECHADURA AGL PVR2E 2 CILINDROS - CROMADA","403025","MOLA DO ARIETE","1"
"1201064","FECHADURA AGL PVR2E 2 CILINDROS - CROMADA","404016","CONJUNTO CILINDRO FECHADURA PORTA DE VIDRO 2 CIL.","2"
"1201064","FECHADURA AGL PVR2E 2 CILINDROS - CROMADA","708018","CORPO DO ARIETE 4,76 X 29MM C/ DIAM 1,6MM - ZINCADO","1"
"1201064","FECHADURA AGL PVR2E 2 CILINDROS - CROMADA","708021","LUVA DO ARIETE 10MM - ZINCADO","1"
"1201064","FECHADURA AGL PVR2E 2 CILINDROS - CROMADA","801208","EIXO DO ROTOR - ZINCADO","1"
"1201064","FECHADURA AGL PVR2E 2 CILINDROS - CROMADA","804321","CARRETEL DO FECHO","1"
"1201064","FECHADURA AGL PVR2E 2 CILINDROS - CROMADA","804323","ACABAMENTO RECORTE PV","2"
"1201064","FECHADURA AGL PVR2E 2 CILINDROS - CROMADA","804406","ESPACADOR PARA FECHADURA 2 CILINDROS","1"
"1201064","FECHADURA AGL PVR2E 2 CILINDROS - CROMADA","804428","SOQUETE DO FECHO ELETRICO","1"
"1201064","FECHADURA AGL PVR2E 2 CILINDROS - CROMADA","804468","PONTA DO ARIETE 2,55 X 26MM","1"
"1201064","FECHADURA AGL PVR2E 2 CILINDROS - CROMADA","805085","CHAPA DE FIXAÇÃO CILINDRO DUPLO FECH PV - ZINCADA","1"
"1201064","FECHADURA AGL PVR2E 2 CILINDROS - CROMADA","805088","NARIZ CILINDRO PVR - ZINCADO","2"
"1201064","FECHADURA AGL PVR2E 2 CILINDROS - CROMADA","806008","CHAPA PUXADOR PV200R2E P/ 1 OU 2 CILINDROS (MAIOR)","1"
"1201064","FECHADURA AGL PVR2E 2 CILINDROS - CROMADA","806082","TERMINAL DE LATÃO DO SOQUETE","2"
"1201064","FECHADURA AGL PVR2E 2 CILINDROS - CROMADA","807002","TRAVA MENOR FECHO PV","1"
"1201064","FECHADURA AGL PVR2E 2 CILINDROS - CROMADA","807003","TRAVA MAIOR FECHO PV","1"
"1201064","FECHADURA AGL PVR2E 2 CILINDROS - CROMADA","807049","DISPOSITIVO DE MEMORIA FECHO PV - ZINCADO","1"
"1201064","FECHADURA AGL PVR2E 2 CILINDROS - CROMADA","807069","LINGUETA DAS FECHADURAS PV","1"
"1201064","FECHADURA AGL PVR2E 2 CILINDROS - CROMADA","807088","ROTOR DO FECHO","1"
"1201064","FECHADURA AGL PVR2E 2 CILINDROS - CROMADA","701084","CAIXA DO FECHO - BRUTO","1"
"1201064","FECHADURA AGL PVR2E 2 CILINDROS - CROMADA","807102","BLINDAGEM DO FECHO","1"
"1201064","FECHADURA AGL PVR2E 2 CILINDROS - CROMADA","807106","TAMPA DO FECHO DE METAL","1"
"1201064","FECHADURA AGL PVR2E 2 CILINDROS - CROMADA","811277","ETIQUETA ADES. COUCHE 20MM X 15MM X 04 CAR","1"
"1201064","FECHADURA AGL PVR2E 2 CILINDROS - CROMADA","811310","ETIQUETA ADES. COUCHE 33MM X 21MM X 03 CAR","1"
"1201064","FECHADURA AGL PVR2E 2 CILINDROS - CROMADA","811762","SACO ZIP PADRAO - 05X07","1"
"1201064","FECHADURA AGL PVR2E 2 CILINDROS - CROMADA","811681","AGL SOLAPA PORTA VIDRO 10,5 X 29,5 - CALÇO PV200","1"
"1201064","FECHADURA AGL PVR2E 2 CILINDROS - CROMADA","811700","CAIXA FECHADURA ELETRICA P/ PORTAS DE VIDRO AGL 13,2 X 11,7 X 11,4","1"
"1201064","FECHADURA AGL PVR2E 2 CILINDROS - CROMADA","807077","FUNDO ZAMAC FECHO PV R/F 2E - CINZA","1"
"1201064","FECHADURA AGL PVR2E 2 CILINDROS - CROMADA","806081","FUNDO ZAMAC LINGUETA PVRF2E - CROMADA","1"
"1201064","FECHADURA AGL PVR2E 2 CILINDROS - CROMADA","807053","BUCHA REDONDA FECHADURA PV -CROMADA","2"
"1201064","FECHADURA AGL PVR2E 2 CILINDROS - CROMADA","811322","ETIQUETA ADES. BOPP 40MM X 40MM  BRANCA Bt759","1"
"1201064","FECHADURA AGL PVR2E 2 CILINDROS - CROMADA","103760","FIO COBRE ESMALTADO 155 TS 30 AWG","0,010787"
"1201064","FECHADURA AGL PVR2E 2 CILINDROS - CROMADA","801240","PINO DA CAIXINHA DO FECHO - ZINCADO","1"
"1201064","FECHADURA AGL PVR2E 2 CILINDROS - CROMADA","403070","MOLA PVR RETORNO DA LINGUETA","1"
"1201065","FECHADURA AGL PVF2E 2 CILINDROS - CROMADA","806022","CHAPA FECHO PVF2E - CROMADA","1"
"1201065","FECHADURA AGL PVF2E 2 CILINDROS - CROMADA","806091","ALUMINIO FECHADURA C/2CIL PVRF2E","1"
"1201065","FECHADURA AGL PVF2E 2 CILINDROS - CROMADA","806045","ALUMINIO DO BATENTE PVRF2E","1"
"1201065","FECHADURA AGL PVF2E 2 CILINDROS - CROMADA","401002","PARAFUSO 3.5 X 13 A/A CH. PH - ZI","4"
"1201065","FECHADURA AGL PVF2E 2 CILINDROS - CROMADA","401008","PARAFUSO PLASTIC PAN PHILLIPS 3 X 8 ZB","2"
"1201065","FECHADURA AGL PVF2E 2 CILINDROS - CROMADA","401023","PARAFUSO MET M3.5 X 8 CH. PH - ZI","10"
"1201065","FECHADURA AGL PVF2E 2 CILINDROS - CROMADA","401034","PARAFUSO PLASTIC 3 X 6 CH. PH - ZI","2"
"1201065","FECHADURA AGL PVF2E 2 CILINDROS - CROMADA","401083","PF MET CH PHS M4X12MM ZI","4"
"1201065","FECHADURA AGL PVF2E 2 CILINDROS - CROMADA","401089","PARAFUSO MET M3 X 8MM CH PHS ZI","4"
"1201065","FECHADURA AGL PVF2E 2 CILINDROS - CROMADA","401101","PARAFUSO M3.5 X 6 CH. PH - ZI","4"
"1201065","FECHADURA AGL PVF2E 2 CILINDROS - CROMADA","403014","MOLA DE RETORNO DA TRAVA MAIOR","1"
"1201065","FECHADURA AGL PVF2E 2 CILINDROS - CROMADA","403016","MOLA DE RETORNO DO DISPOSITIVO DE MEMORIA","1"
"1201065","FECHADURA AGL PVF2E 2 CILINDROS - CROMADA","403017","MOLA DE RETORNO DO ROTOR","1"
"1201065","FECHADURA AGL PVF2E 2 CILINDROS - CROMADA","403018","MOLA DE RETORNO DA TRAVA MENOR","1"
"1201065","FECHADURA AGL PVF2E 2 CILINDROS - CROMADA","403025","MOLA DO ARIETE","1"
"1201065","FECHADURA AGL PVF2E 2 CILINDROS - CROMADA","404016","CONJUNTO CILINDRO FECHADURA PORTA DE VIDRO 2 CIL.","2"
"1201065","FECHADURA AGL PVF2E 2 CILINDROS - CROMADA","708018","CORPO DO ARIETE 4,76 X 29MM C/ DIAM 1,6MM - ZINCADO","1"
"1201065","FECHADURA AGL PVF2E 2 CILINDROS - CROMADA","708021","LUVA DO ARIETE 10MM - ZINCADO","1"
"1201065","FECHADURA AGL PVF2E 2 CILINDROS - CROMADA","801208","EIXO DO ROTOR - ZINCADO","1"
"1201065","FECHADURA AGL PVF2E 2 CILINDROS - CROMADA","804321","CARRETEL DO FECHO","1"
"1201065","FECHADURA AGL PVF2E 2 CILINDROS - CROMADA","804406","ESPACADOR PARA FECHADURA 2 CILINDROS","1"
"1201065","FECHADURA AGL PVF2E 2 CILINDROS - CROMADA","804428","SOQUETE DO FECHO ELETRICO","1"
"1201065","FECHADURA AGL PVF2E 2 CILINDROS - CROMADA","804468","PONTA DO ARIETE 2,55 X 26MM","1"
"1201065","FECHADURA AGL PVF2E 2 CILINDROS - CROMADA","805085","CHAPA DE FIXAÇÃO CILINDRO DUPLO FECH PV - ZINCADA","1"
"1201065","FECHADURA AGL PVF2E 2 CILINDROS - CROMADA","805088","NARIZ CILINDRO PVR - ZINCADO","2"
"1201065","FECHADURA AGL PVF2E 2 CILINDROS - CROMADA","806008","CHAPA PUXADOR PV200R2E P/ 1 OU 2 CILINDROS (MAIOR)","1"
"1201065","FECHADURA AGL PVF2E 2 CILINDROS - CROMADA","806082","TERMINAL DE LATÃO DO SOQUETE","2"
"1201065","FECHADURA AGL PVF2E 2 CILINDROS - CROMADA","807002","TRAVA MENOR FECHO PV","1"
"1201065","FECHADURA AGL PVF2E 2 CILINDROS - CROMADA","807003","TRAVA MAIOR FECHO PV","1"
"1201065","FECHADURA AGL PVF2E 2 CILINDROS - CROMADA","807049","DISPOSITIVO DE MEMORIA FECHO PV - ZINCADO","1"
"1201065","FECHADURA AGL PVF2E 2 CILINDROS - CROMADA","807069","LINGUETA DAS FECHADURAS PV","1"
"1201065","FECHADURA AGL PVF2E 2 CILINDROS - CROMADA","807088","ROTOR DO FECHO","1"
"1201065","FECHADURA AGL PVF2E 2 CILINDROS - CROMADA","701084","CAIXA DO FECHO - BRUTO","1"
"1201065","FECHADURA AGL PVF2E 2 CILINDROS - CROMADA","807102","BLINDAGEM DO FECHO","1"
"1201065","FECHADURA AGL PVF2E 2 CILINDROS - CROMADA","807106","TAMPA DO FECHO DE METAL","1"
"1201065","FECHADURA AGL PVF2E 2 CILINDROS - CROMADA","811277","ETIQUETA ADES. COUCHE 20MM X 15MM X 04 CAR","1"
"1201065","FECHADURA AGL PVF2E 2 CILINDROS - CROMADA","811310","ETIQUETA ADES. COUCHE 33MM X 21MM X 03 CAR","1"
"1201065","FECHADURA AGL PVF2E 2 CILINDROS - CROMADA","811762","SACO ZIP PADRAO - 05X07","1"
"1201065","FECHADURA AGL PVF2E 2 CILINDROS - CROMADA","811681","AGL SOLAPA PORTA VIDRO 10,5 X 29,5 - CALÇO PV200","1"
"1201065","FECHADURA AGL PVF2E 2 CILINDROS - CROMADA","811700","CAIXA FECHADURA ELETRICA P/ PORTAS DE VIDRO AGL 13,2 X 11,7 X 11,4","1"
"1201065","FECHADURA AGL PVF2E 2 CILINDROS - CROMADA","807077","FUNDO ZAMAC FECHO PV R/F 2E - CINZA","1"
"1201065","FECHADURA AGL PVF2E 2 CILINDROS - CROMADA","806081","FUNDO ZAMAC LINGUETA PVRF2E - CROMADA","1"
"1201065","FECHADURA AGL PVF2E 2 CILINDROS - CROMADA","807053","BUCHA REDONDA FECHADURA PV -CROMADA","2"
"1201065","FECHADURA AGL PVF2E 2 CILINDROS - CROMADA","811322","ETIQUETA ADES. BOPP 40MM X 40MM  BRANCA Bt759","1"
"1201065","FECHADURA AGL PVF2E 2 CILINDROS - CROMADA","103760","FIO COBRE ESMALTADO 155 TS 30 AWG","0,010787"
"1201065","FECHADURA AGL PVF2E 2 CILINDROS - CROMADA","801240","PINO DA CAIXINHA DO FECHO - ZINCADO","1"
"1201066","FECHADURA PV200R1E 2 CILINDROS - CROMADA","806038","ALUMINIO FECHADURA PV200 C/2 CIL","1"
"1201066","FECHADURA PV200R1E 2 CILINDROS - CROMADA","806036","CHAPA BATENTE PV200RF1E - CROMADO","1"
"1201066","FECHADURA PV200R1E 2 CILINDROS - CROMADA","401002","PARAFUSO 3.5 X 13 A/A CH. PH - ZI","4"
"1201066","FECHADURA PV200R1E 2 CILINDROS - CROMADA","401008","PARAFUSO PLASTIC PAN PHILLIPS 3 X 8 ZB","2"
"1201066","FECHADURA PV200R1E 2 CILINDROS - CROMADA","401023","PARAFUSO MET M3.5 X 8 CH. PH - ZI","6"
"1201066","FECHADURA PV200R1E 2 CILINDROS - CROMADA","401034","PARAFUSO PLASTIC 3 X 6 CH. PH - ZI","2"
"1201066","FECHADURA PV200R1E 2 CILINDROS - CROMADA","401083","PF MET CH PHS M4X12MM ZI","2"
"1201066","FECHADURA PV200R1E 2 CILINDROS - CROMADA","401089","PARAFUSO MET M3 X 8MM CH PHS ZI","6"
"1201066","FECHADURA PV200R1E 2 CILINDROS - CROMADA","401101","PARAFUSO M3.5 X 6 CH. PH - ZI","4"
"1201066","FECHADURA PV200R1E 2 CILINDROS - CROMADA","401102","PARAFUSO M4 X 8 CH. PH MET - ZI","4"
"1201066","FECHADURA PV200R1E 2 CILINDROS - CROMADA","403014","MOLA DE RETORNO DA TRAVA MAIOR","1"
"1201066","FECHADURA PV200R1E 2 CILINDROS - CROMADA","403016","MOLA DE RETORNO DO DISPOSITIVO DE MEMORIA","1"
"1201066","FECHADURA PV200R1E 2 CILINDROS - CROMADA","403017","MOLA DE RETORNO DO ROTOR","1"
"1201066","FECHADURA PV200R1E 2 CILINDROS - CROMADA","403018","MOLA DE RETORNO DA TRAVA MENOR","1"
"1201066","FECHADURA PV200R1E 2 CILINDROS - CROMADA","403022","MOLA PV200 RETORNO DA LINGUETA","1"
"1201066","FECHADURA PV200R1E 2 CILINDROS - CROMADA","403025","MOLA DO ARIETE","1"
"1201066","FECHADURA PV200R1E 2 CILINDROS - CROMADA","404016","CONJUNTO CILINDRO FECHADURA PORTA DE VIDRO 2 CIL.","2"
"1201066","FECHADURA PV200R1E 2 CILINDROS - CROMADA","708018","CORPO DO ARIETE 4,76 X 29MM C/ DIAM 1,6MM - ZINCADO","1"
"1201066","FECHADURA PV200R1E 2 CILINDROS - CROMADA","708021","LUVA DO ARIETE 10MM - ZINCADO","1"
"1201066","FECHADURA PV200R1E 2 CILINDROS - CROMADA","801208","EIXO DO ROTOR - ZINCADO","1"
"1201066","FECHADURA PV200R1E 2 CILINDROS - CROMADA","804306","TAMPA PLASTICA DO FECHO","1"
"1201066","FECHADURA PV200R1E 2 CILINDROS - CROMADA","804321","CARRETEL DO FECHO","1"
"1201066","FECHADURA PV200R1E 2 CILINDROS - CROMADA","804406","ESPACADOR PARA FECHADURA 2 CILINDROS","1"
"1201066","FECHADURA PV200R1E 2 CILINDROS - CROMADA","804428","SOQUETE DO FECHO ELETRICO","1"
"1201066","FECHADURA PV200R1E 2 CILINDROS - CROMADA","804468","PONTA DO ARIETE 2,55 X 26MM","1"
"1201066","FECHADURA PV200R1E 2 CILINDROS - CROMADA","805085","CHAPA DE FIXAÇÃO CILINDRO DUPLO FECH PV - ZINCADA","1"
"1201066","FECHADURA PV200R1E 2 CILINDROS - CROMADA","805087","NARIZ CILINDRO PV200 - ZINCADO","2"
"1201066","FECHADURA PV200R1E 2 CILINDROS - CROMADA","806025","CHAPA PUXADOR PV200RF1IE P/ 1 OU 2 CILINDROS (MENOR)","1"
"1201066","FECHADURA PV200R1E 2 CILINDROS - CROMADA","806055","CHAPA PUXADOR PV200R1I/E P/ 1 OU 2 CILINDROS (MAIOR)","2"
"1201066","FECHADURA PV200R1E 2 CILINDROS - CROMADA","806082","TERMINAL DE LATÃO DO SOQUETE","2"
"1201066","FECHADURA PV200R1E 2 CILINDROS - CROMADA","807002","TRAVA MENOR FECHO PV","1"
"1201066","FECHADURA PV200R1E 2 CILINDROS - CROMADA","807003","TRAVA MAIOR FECHO PV","1"
"1201066","FECHADURA PV200R1E 2 CILINDROS - CROMADA","807049","DISPOSITIVO DE MEMORIA FECHO PV - ZINCADO","1"
"1201066","FECHADURA PV200R1E 2 CILINDROS - CROMADA","807069","LINGUETA DAS FECHADURAS PV","1"
"1201066","FECHADURA PV200R1E 2 CILINDROS - CROMADA","807088","ROTOR DO FECHO","1"
"1201066","FECHADURA PV200R1E 2 CILINDROS - CROMADA","701084","CAIXA DO FECHO - BRUTO","1"
"1201066","FECHADURA PV200R1E 2 CILINDROS - CROMADA","807102","BLINDAGEM DO FECHO","1"
"1201066","FECHADURA PV200R1E 2 CILINDROS - CROMADA","811277","ETIQUETA ADES. COUCHE 20MM X 15MM X 04 CAR","1"
"1201066","FECHADURA PV200R1E 2 CILINDROS - CROMADA","811310","ETIQUETA ADES. COUCHE 33MM X 21MM X 03 CAR","1"
"1201066","FECHADURA PV200R1E 2 CILINDROS - CROMADA","811762","SACO ZIP PADRAO - 05X07","1"
"1201066","FECHADURA PV200R1E 2 CILINDROS - CROMADA","811681","AGL SOLAPA PORTA VIDRO 10,5 X 29,5 - CALÇO PV200","1"
"1201066","FECHADURA PV200R1E 2 CILINDROS - CROMADA","811700","CAIXA FECHADURA ELETRICA P/ PORTAS DE VIDRO AGL 13,2 X 11,7 X 11,4","1"
"1201066","FECHADURA PV200R1E 2 CILINDROS - CROMADA","807098","FUNDO ALUMINIO LINGUETA PV200RF1I/E - CINZA","1"
"1201066","FECHADURA PV200R1E 2 CILINDROS - CROMADA","807053","BUCHA REDONDA FECHADURA PV -CROMADA","2"
"1201066","FECHADURA PV200R1E 2 CILINDROS - CROMADA","811322","ETIQUETA ADES. BOPP 40MM X 40MM  BRANCA Bt759","1"
"1201066","FECHADURA PV200R1E 2 CILINDROS - CROMADA","103760","FIO COBRE ESMALTADO 155 TS 30 AWG","0,010787"
"1201066","FECHADURA PV200R1E 2 CILINDROS - CROMADA","801240","PINO DA CAIXINHA DO FECHO - ZINCADO","1"
"1201067","FECHADURA PV200F1E 2 CILINDROS - CROMADA","806038","ALUMINIO FECHADURA PV200 C/2 CIL","1"
"1201067","FECHADURA PV200F1E 2 CILINDROS - CROMADA","806036","CHAPA BATENTE PV200RF1E - CROMADO","1"
"1201067","FECHADURA PV200F1E 2 CILINDROS - CROMADA","401002","PARAFUSO 3.5 X 13 A/A CH. PH - ZI","4"
"1201067","FECHADURA PV200F1E 2 CILINDROS - CROMADA","401008","PARAFUSO PLASTIC PAN PHILLIPS 3 X 8 ZB","2"
"1201067","FECHADURA PV200F1E 2 CILINDROS - CROMADA","401023","PARAFUSO MET M3.5 X 8 CH. PH - ZI","6"
"1201067","FECHADURA PV200F1E 2 CILINDROS - CROMADA","401034","PARAFUSO PLASTIC 3 X 6 CH. PH - ZI","2"
"1201067","FECHADURA PV200F1E 2 CILINDROS - CROMADA","401083","PF MET CH PHS M4X12MM ZI","2"
"1201067","FECHADURA PV200F1E 2 CILINDROS - CROMADA","401089","PARAFUSO MET M3 X 8MM CH PHS ZI","6"
"1201067","FECHADURA PV200F1E 2 CILINDROS - CROMADA","401101","PARAFUSO M3.5 X 6 CH. PH - ZI","4"
"1201067","FECHADURA PV200F1E 2 CILINDROS - CROMADA","401102","PARAFUSO M4 X 8 CH. PH MET - ZI","4"
"1201067","FECHADURA PV200F1E 2 CILINDROS - CROMADA","403014","MOLA DE RETORNO DA TRAVA MAIOR","1"
"1201067","FECHADURA PV200F1E 2 CILINDROS - CROMADA","403016","MOLA DE RETORNO DO DISPOSITIVO DE MEMORIA","1"
"1201067","FECHADURA PV200F1E 2 CILINDROS - CROMADA","403017","MOLA DE RETORNO DO ROTOR","1"
"1201067","FECHADURA PV200F1E 2 CILINDROS - CROMADA","403018","MOLA DE RETORNO DA TRAVA MENOR","1"
"1201067","FECHADURA PV200F1E 2 CILINDROS - CROMADA","403022","MOLA PV200 RETORNO DA LINGUETA","1"
"1201067","FECHADURA PV200F1E 2 CILINDROS - CROMADA","403025","MOLA DO ARIETE","1"
"1201067","FECHADURA PV200F1E 2 CILINDROS - CROMADA","404016","CONJUNTO CILINDRO FECHADURA PORTA DE VIDRO 2 CIL.","2"
"1201067","FECHADURA PV200F1E 2 CILINDROS - CROMADA","708018","CORPO DO ARIETE 4,76 X 29MM C/ DIAM 1,6MM - ZINCADO","1"
"1201067","FECHADURA PV200F1E 2 CILINDROS - CROMADA","708021","LUVA DO ARIETE 10MM - ZINCADO","1"
"1201067","FECHADURA PV200F1E 2 CILINDROS - CROMADA","801208","EIXO DO ROTOR - ZINCADO","1"
"1201067","FECHADURA PV200F1E 2 CILINDROS - CROMADA","804212","ENCOSTO PARA CHAPA DO BATENTE PV","1"
"1201067","FECHADURA PV200F1E 2 CILINDROS - CROMADA","804321","CARRETEL DO FECHO","1"
"1201067","FECHADURA PV200F1E 2 CILINDROS - CROMADA","804406","ESPACADOR PARA FECHADURA 2 CILINDROS","1"
"1201067","FECHADURA PV200F1E 2 CILINDROS - CROMADA","804428","SOQUETE DO FECHO ELETRICO","1"
"1201067","FECHADURA PV200F1E 2 CILINDROS - CROMADA","804468","PONTA DO ARIETE 2,55 X 26MM","1"
"1201067","FECHADURA PV200F1E 2 CILINDROS - CROMADA","805085","CHAPA DE FIXAÇÃO CILINDRO DUPLO FECH PV - ZINCADA","1"
"1201067","FECHADURA PV200F1E 2 CILINDROS - CROMADA","805087","NARIZ CILINDRO PV200 - ZINCADO","2"
"1201067","FECHADURA PV200F1E 2 CILINDROS - CROMADA","806025","CHAPA PUXADOR PV200RF1IE P/ 1 OU 2 CILINDROS (MENOR)","1"
"1201067","FECHADURA PV200F1E 2 CILINDROS - CROMADA","806035","CHAPA PUXADOR PV200F1I/E P/ 1 OU 2 CILINDROS (MAIOR)","2"
"1201067","FECHADURA PV200F1E 2 CILINDROS - CROMADA","806082","TERMINAL DE LATÃO DO SOQUETE","2"
"1201067","FECHADURA PV200F1E 2 CILINDROS - CROMADA","807002","TRAVA MENOR FECHO PV","1"
"1201067","FECHADURA PV200F1E 2 CILINDROS - CROMADA","807003","TRAVA MAIOR FECHO PV","1"
"1201067","FECHADURA PV200F1E 2 CILINDROS - CROMADA","807049","DISPOSITIVO DE MEMORIA FECHO PV - ZINCADO","1"
"1201067","FECHADURA PV200F1E 2 CILINDROS - CROMADA","807069","LINGUETA DAS FECHADURAS PV","1"
"1201067","FECHADURA PV200F1E 2 CILINDROS - CROMADA","807088","ROTOR DO FECHO","1"
"1201067","FECHADURA PV200F1E 2 CILINDROS - CROMADA","701084","CAIXA DO FECHO - BRUTO","1"
"1201067","FECHADURA PV200F1E 2 CILINDROS - CROMADA","807102","BLINDAGEM DO FECHO","1"
"1201067","FECHADURA PV200F1E 2 CILINDROS - CROMADA","807106","TAMPA DO FECHO DE METAL","1"
"1201067","FECHADURA PV200F1E 2 CILINDROS - CROMADA","811277","ETIQUETA ADES. COUCHE 20MM X 15MM X 04 CAR","1"
"1201067","FECHADURA PV200F1E 2 CILINDROS - CROMADA","811310","ETIQUETA ADES. COUCHE 33MM X 21MM X 03 CAR","1"
"1201067","FECHADURA PV200F1E 2 CILINDROS - CROMADA","811762","SACO ZIP PADRAO - 05X07","1"
"1201067","FECHADURA PV200F1E 2 CILINDROS - CROMADA","811681","AGL SOLAPA PORTA VIDRO 10,5 X 29,5 - CALÇO PV200","1"
"1201067","FECHADURA PV200F1E 2 CILINDROS - CROMADA","811700","CAIXA FECHADURA ELETRICA P/ PORTAS DE VIDRO AGL 13,2 X 11,7 X 11,4","1"
"1201067","FECHADURA PV200F1E 2 CILINDROS - CROMADA","807098","FUNDO ALUMINIO LINGUETA PV200RF1I/E - CINZA","1"
"1201067","FECHADURA PV200F1E 2 CILINDROS - CROMADA","807053","BUCHA REDONDA FECHADURA PV -CROMADA","2"
"1201067","FECHADURA PV200F1E 2 CILINDROS - CROMADA","807053","BUCHA REDONDA FECHADURA PV -CROMADA","1"
"1201067","FECHADURA PV200F1E 2 CILINDROS - CROMADA","811322","ETIQUETA ADES. BOPP 40MM X 40MM  BRANCA Bt759","1"
"1201067","FECHADURA PV200F1E 2 CILINDROS - CROMADA","103760","FIO COBRE ESMALTADO 155 TS 30 AWG","0,010787"
"1201067","FECHADURA PV200F1E 2 CILINDROS - CROMADA","801240","PINO DA CAIXINHA DO FECHO - ZINCADO","1"
"1201069","FECHADURA AGL PV200R2E - CROMADA","806004","CHAPA FECHO PVR2I - CROMADA","1"
"1201069","FECHADURA AGL PV200R2E - CROMADA","806019","CHAPA S/ PUXADOR PV200R2I - CROMADO","1"
"1201069","FECHADURA AGL PV200R2E - CROMADA","805076","ALUMINIO FECHADURA PV 200","1"
"1201069","FECHADURA AGL PV200R2E - CROMADA","807090","FUNDO ALUMINIO LINGUETA PV200RF2I - CINZA","1"
"1201069","FECHADURA AGL PV200R2E - CROMADA","401008","PARAFUSO PLASTIC PAN PHILLIPS 3 X 8 ZB","2"
"1201069","FECHADURA AGL PV200R2E - CROMADA","401023","PARAFUSO MET M3.5 X 8 CH. PH - ZI","2"
"1201069","FECHADURA AGL PV200R2E - CROMADA","401023","PARAFUSO MET M3.5 X 8 CH. PH - ZI","6"
"1201069","FECHADURA AGL PV200R2E - CROMADA","401034","PARAFUSO PLASTIC 3 X 6 CH. PH - ZI","2"
"1201069","FECHADURA AGL PV200R2E - CROMADA","401083","PF MET CH PHS M4X12MM ZI","4"
"1201069","FECHADURA AGL PV200R2E - CROMADA","401089","PARAFUSO MET M3 X 8MM CH PHS ZI","2"
"1201069","FECHADURA AGL PV200R2E - CROMADA","401100","PARAFUSO M3 X 12 CC. PH - ZI","1"
"1201069","FECHADURA AGL PV200R2E - CROMADA","401101","PARAFUSO M3.5 X 6 CH. PH - ZI","8"
"1201069","FECHADURA AGL PV200R2E - CROMADA","401102","PARAFUSO M4 X 8 CH. PH MET - ZI","1"
"1201069","FECHADURA AGL PV200R2E - CROMADA","403013","MOLA DE RETORNO DA MAÇANETA FECHADURA PV","1"
"1201069","FECHADURA AGL PV200R2E - CROMADA","403014","MOLA DE RETORNO DA TRAVA MAIOR","1"
"1201069","FECHADURA AGL PV200R2E - CROMADA","403016","MOLA DE RETORNO DO DISPOSITIVO DE MEMORIA","1"
"1201069","FECHADURA AGL PV200R2E - CROMADA","403017","MOLA DE RETORNO DO ROTOR","1"
"1201069","FECHADURA AGL PV200R2E - CROMADA","403018","MOLA DE RETORNO DA TRAVA MENOR","1"
"1201069","FECHADURA AGL PV200R2E - CROMADA","403022","MOLA PV200 RETORNO DA LINGUETA","1"
"1201069","FECHADURA AGL PV200R2E - CROMADA","403025","MOLA DO ARIETE","1"
"1201069","FECHADURA AGL PV200R2E - CROMADA","404015","CONJUNTO CILINDRO FECHADURA PORTA DE VIDRO 1 CIL.","1"
"1201069","FECHADURA AGL PV200R2E - CROMADA","708018","CORPO DO ARIETE 4,76 X 29MM C/ DIAM 1,6MM - ZINCADO","1"
"1201069","FECHADURA AGL PV200R2E - CROMADA","708021","LUVA DO ARIETE 10MM - ZINCADO","1"
"1201069","FECHADURA AGL PV200R2E - CROMADA","801208","EIXO DO ROTOR - ZINCADO","1"
"1201069","FECHADURA AGL PV200R2E - CROMADA","804210","ARRUELA MAÇANETA PV","1"
"1201069","FECHADURA AGL PV200R2E - CROMADA","804306","TAMPA PLASTICA DO FECHO","1"
"1201069","FECHADURA AGL PV200R2E - CROMADA","804321","CARRETEL DO FECHO","1"
"1201069","FECHADURA AGL PV200R2E - CROMADA","804323","ACABAMENTO RECORTE PV","1"
"1201069","FECHADURA AGL PV200R2E - CROMADA","804428","SOQUETE DO FECHO ELETRICO","1"
"1201069","FECHADURA AGL PV200R2E - CROMADA","804468","PONTA DO ARIETE 2,55 X 26MM","1"
"1201069","FECHADURA AGL PV200R2E - CROMADA","805087","NARIZ CILINDRO PV200 - ZINCADO","1"
"1201069","FECHADURA AGL PV200R2E - CROMADA","805089","BASE FIXAÇÃO MAÇANETA","1"
"1201069","FECHADURA AGL PV200R2E - CROMADA","806082","TERMINAL DE LATÃO DO SOQUETE","2"
"1201069","FECHADURA AGL PV200R2E - CROMADA","807002","TRAVA MENOR FECHO PV","1"
"1201069","FECHADURA AGL PV200R2E - CROMADA","807003","TRAVA MAIOR FECHO PV","1"
"1201069","FECHADURA AGL PV200R2E - CROMADA","807049","DISPOSITIVO DE MEMORIA FECHO PV - ZINCADO","1"
"1201069","FECHADURA AGL PV200R2E - CROMADA","807069","LINGUETA DAS FECHADURAS PV","1"
"1201069","FECHADURA AGL PV200R2E - CROMADA","807088","ROTOR DO FECHO","1"
"1201069","FECHADURA AGL PV200R2E - CROMADA","701084","CAIXA DO FECHO - BRUTO","1"
"1201069","FECHADURA AGL PV200R2E - CROMADA","807102","BLINDAGEM DO FECHO","1"
"1201069","FECHADURA AGL PV200R2E - CROMADA","807105","TRATOR MAÇANETA PV - ZINCADO","1"
"1201069","FECHADURA AGL PV200R2E - CROMADA","807138","VERGALHÃO QUADRADO 8MM PV - ZINCADO","1"
"1201069","FECHADURA AGL PV200R2E - CROMADA","811277","ETIQUETA ADES. COUCHE 20MM X 15MM X 04 CAR","1"
"1201069","FECHADURA AGL PV200R2E - CROMADA","811310","ETIQUETA ADES. COUCHE 33MM X 21MM X 03 CAR","1"
"1201069","FECHADURA AGL PV200R2E - CROMADA","811762","SACO ZIP PADRAO - 05X07","1"
"1201069","FECHADURA AGL PV200R2E - CROMADA","811681","AGL SOLAPA PORTA VIDRO 10,5 X 29,5 - CALÇO PV200","1"
"1201069","FECHADURA AGL PV200R2E - CROMADA","811700","CAIXA FECHADURA ELETRICA P/ PORTAS DE VIDRO AGL 13,2 X 11,7 X 11,4","1"
"1201069","FECHADURA AGL PV200R2E - CROMADA","806045","ALUMINIO DO BATENTE PVRF2E","1"
"1201069","FECHADURA AGL PV200R2E - CROMADA","807094","FUNDO ALUMINIO FECHO PV200RF2I - CINZA","1"
"1201069","FECHADURA AGL PV200R2E - CROMADA","807052","MAÇANETA BOLA - CROMADA","1"
"1201069","FECHADURA AGL PV200R2E - CROMADA","807053","BUCHA REDONDA FECHADURA PV -CROMADA","2"
"1201069","FECHADURA AGL PV200R2E - CROMADA","810035","ACABAMENTO MAÇANETA BOLA - CROMADO","1"
"1201069","FECHADURA AGL PV200R2E - CROMADA","811322","ETIQUETA ADES. BOPP 40MM X 40MM  BRANCA Bt759","1"
"1201069","FECHADURA AGL PV200R2E - CROMADA","103760","FIO COBRE ESMALTADO 155 TS 30 AWG","0,010787"
"1201069","FECHADURA AGL PV200R2E - CROMADA","801240","PINO DA CAIXINHA DO FECHO - ZINCADO","1"
"1201075","FECHADURA SEG PV200R1E - CZ","805076","ALUMINIO FECHADURA PV 200","1"
"1201075","FECHADURA SEG PV200R1E - CZ","806036","CHAPA BATENTE PV200RF1E - CROMADO","1"
"1201075","FECHADURA SEG PV200R1E - CZ","401002","PARAFUSO 3.5 X 13 A/A CH. PH - ZI","4"
"1201075","FECHADURA SEG PV200R1E - CZ","401008","PARAFUSO PLASTIC PAN PHILLIPS 3 X 8 ZB","2"
"1201075","FECHADURA SEG PV200R1E - CZ","401023","PARAFUSO MET M3.5 X 8 CH. PH - ZI","4"
"1201075","FECHADURA SEG PV200R1E - CZ","401034","PARAFUSO PLASTIC 3 X 6 CH. PH - ZI","2"
"1201075","FECHADURA SEG PV200R1E - CZ","401083","PF MET CH PHS M4X12MM ZI","2"
"1201075","FECHADURA SEG PV200R1E - CZ","401089","PARAFUSO MET M3 X 8MM CH PHS ZI","4"
"1201075","FECHADURA SEG PV200R1E - CZ","401100","PARAFUSO M3 X 12 CC. PH - ZI","1"
"1201075","FECHADURA SEG PV200R1E - CZ","401101","PARAFUSO M3.5 X 6 CH. PH - ZI","4"
"1201075","FECHADURA SEG PV200R1E - CZ","401102","PARAFUSO M4 X 8 CH. PH MET - ZI","5"
"1201075","FECHADURA SEG PV200R1E - CZ","403013","MOLA DE RETORNO DA MAÇANETA FECHADURA PV","1"
"1201075","FECHADURA SEG PV200R1E - CZ","403014","MOLA DE RETORNO DA TRAVA MAIOR","1"
"1201075","FECHADURA SEG PV200R1E - CZ","403016","MOLA DE RETORNO DO DISPOSITIVO DE MEMORIA","1"
"1201075","FECHADURA SEG PV200R1E - CZ","403017","MOLA DE RETORNO DO ROTOR","1"
"1201075","FECHADURA SEG PV200R1E - CZ","403018","MOLA DE RETORNO DA TRAVA MENOR","1"
"1201075","FECHADURA SEG PV200R1E - CZ","403022","MOLA PV200 RETORNO DA LINGUETA","1"
"1201075","FECHADURA SEG PV200R1E - CZ","403025","MOLA DO ARIETE","1"
"1201075","FECHADURA SEG PV200R1E - CZ","404015","CONJUNTO CILINDRO FECHADURA PORTA DE VIDRO 1 CIL.","1"
"1201075","FECHADURA SEG PV200R1E - CZ","708018","CORPO DO ARIETE 4,76 X 29MM C/ DIAM 1,6MM - ZINCADO","1"
"1201075","FECHADURA SEG PV200R1E - CZ","708021","LUVA DO ARIETE 10MM - ZINCADO","1"
"1201075","FECHADURA SEG PV200R1E - CZ","801208","EIXO DO ROTOR - ZINCADO","1"
"1201075","FECHADURA SEG PV200R1E - CZ","804210","ARRUELA MAÇANETA PV","1"
"1201075","FECHADURA SEG PV200R1E - CZ","804212","ENCOSTO PARA CHAPA DO BATENTE PV","1"
"1201075","FECHADURA SEG PV200R1E - CZ","804321","CARRETEL DO FECHO","1"
"1201075","FECHADURA SEG PV200R1E - CZ","804323","ACABAMENTO RECORTE PV","1"
"1201075","FECHADURA SEG PV200R1E - CZ","804428","SOQUETE DO FECHO ELETRICO","1"
"1201075","FECHADURA SEG PV200R1E - CZ","804468","PONTA DO ARIETE 2,55 X 26MM","1"
"1201075","FECHADURA SEG PV200R1E - CZ","805088","NARIZ CILINDRO PVR - ZINCADO","1"
"1201075","FECHADURA SEG PV200R1E - CZ","805089","BASE FIXAÇÃO MAÇANETA","1"
"1201075","FECHADURA SEG PV200R1E - CZ","806055","CHAPA PUXADOR PV200R1I/E P/ 1 OU 2 CILINDROS (MAIOR)","2"
"1201075","FECHADURA SEG PV200R1E - CZ","806082","TERMINAL DE LATÃO DO SOQUETE","2"
"1201075","FECHADURA SEG PV200R1E - CZ","807002","TRAVA MENOR FECHO PV","1"
"1201075","FECHADURA SEG PV200R1E - CZ","807003","TRAVA MAIOR FECHO PV","1"
"1201075","FECHADURA SEG PV200R1E - CZ","807049","DISPOSITIVO DE MEMORIA FECHO PV - ZINCADO","1"
"1201075","FECHADURA SEG PV200R1E - CZ","807069","LINGUETA DAS FECHADURAS PV","1"
"1201075","FECHADURA SEG PV200R1E - CZ","807088","ROTOR DO FECHO","1"
"1201075","FECHADURA SEG PV200R1E - CZ","701084","CAIXA DO FECHO - BRUTO","1"
"1201075","FECHADURA SEG PV200R1E - CZ","807102","BLINDAGEM DO FECHO","1"
"1201075","FECHADURA SEG PV200R1E - CZ","807105","TRATOR MAÇANETA PV - ZINCADO","1"
"1201075","FECHADURA SEG PV200R1E - CZ","807106","TAMPA DO FECHO DE METAL","1"
"1201075","FECHADURA SEG PV200R1E - CZ","807138","VERGALHÃO QUADRADO 8MM PV - ZINCADO","1"
"1201075","FECHADURA SEG PV200R1E - CZ","811277","ETIQUETA ADES. COUCHE 20MM X 15MM X 04 CAR","1"
"1201075","FECHADURA SEG PV200R1E - CZ","811310","ETIQUETA ADES. COUCHE 33MM X 21MM X 03 CAR","1"
"1201075","FECHADURA SEG PV200R1E - CZ","811588","CAIXA FECHADURA ELETRICA P/ PORTAS DE VIDRO SEG 10,5 X 29,5","1"
"1201075","FECHADURA SEG PV200R1E - CZ","811762","SACO ZIP PADRAO - 05X07","1"
"1201075","FECHADURA SEG PV200R1E - CZ","807053","BUCHA REDONDA FECHADURA PV -CROMADA","2"
"1201075","FECHADURA SEG PV200R1E - CZ","807053","BUCHA REDONDA FECHADURA PV -CROMADA","1"
"1201075","FECHADURA SEG PV200R1E - CZ","811322","ETIQUETA ADES. BOPP 40MM X 40MM  BRANCA Bt759","1"
"1201075","FECHADURA SEG PV200R1E - CZ","807098","FUNDO ALUMINIO LINGUETA PV200RF1I/E - CINZA","1"
"1201075","FECHADURA SEG PV200R1E - CZ","807056","MAÇANETA ALAVANCA - CROMADA","1"
"1201075","FECHADURA SEG PV200R1E - CZ","103760","FIO COBRE ESMALTADO 155 TS 30 AWG","0,010787"
"1201075","FECHADURA SEG PV200R1E - CZ","801240","PINO DA CAIXINHA DO FECHO - ZINCADO","1"
"1201075","FECHADURA SEG PV200R1E - CZ","811681","AGL SOLAPA PORTA VIDRO 10,5 X 29,5 - CALÇO PV200","1"
"1201075","FECHADURA SEG PV200R1E - CZ","102817","CHAVE SIMPLES VIRGEM AGL - SEM LOGO","2"
"1201076","FECHADURA SOPRANO PV200F1I - 03001.0908.91","806031","CHAPA BATENTE PV200RF1I - CROMADO","1"
"1201076","FECHADURA SOPRANO PV200F1I - 03001.0908.91","806035","CHAPA PUXADOR PV200F1I/E P/ 1 OU 2 CILINDROS (MAIOR)","1"
"1201076","FECHADURA SOPRANO PV200F1I - 03001.0908.91","805076","ALUMINIO FECHADURA PV 200","1"
"1201076","FECHADURA SOPRANO PV200F1I - 03001.0908.91","401002","PARAFUSO 3.5 X 13 A/A CH. PH - ZI","4"
"1201076","FECHADURA SOPRANO PV200F1I - 03001.0908.91","401008","PARAFUSO PLASTIC PAN PHILLIPS 3 X 8 ZB","2"
"1201076","FECHADURA SOPRANO PV200F1I - 03001.0908.91","401023","PARAFUSO MET M3.5 X 8 CH. PH - ZI","4"
"1201076","FECHADURA SOPRANO PV200F1I - 03001.0908.91","401034","PARAFUSO PLASTIC 3 X 6 CH. PH - ZI","2"
"1201076","FECHADURA SOPRANO PV200F1I - 03001.0908.91","401083","PF MET CH PHS M4X12MM ZI","2"
"1201076","FECHADURA SOPRANO PV200F1I - 03001.0908.91","401089","PARAFUSO MET M3 X 8MM CH PHS ZI","2"
"1201076","FECHADURA SOPRANO PV200F1I - 03001.0908.91","401100","PARAFUSO M3 X 12 CC. PH - ZI","1"
"1201076","FECHADURA SOPRANO PV200F1I - 03001.0908.91","401101","PARAFUSO M3.5 X 6 CH. PH - ZI","4"
"1201076","FECHADURA SOPRANO PV200F1I - 03001.0908.91","401102","PARAFUSO M4 X 8 CH. PH MET - ZI","5"
"1201076","FECHADURA SOPRANO PV200F1I - 03001.0908.91","403013","MOLA DE RETORNO DA MAÇANETA FECHADURA PV","1"
"1201076","FECHADURA SOPRANO PV200F1I - 03001.0908.91","403014","MOLA DE RETORNO DA TRAVA MAIOR","1"
"1201076","FECHADURA SOPRANO PV200F1I - 03001.0908.91","403016","MOLA DE RETORNO DO DISPOSITIVO DE MEMORIA","1"
"1201076","FECHADURA SOPRANO PV200F1I - 03001.0908.91","403017","MOLA DE RETORNO DO ROTOR","1"
"1201076","FECHADURA SOPRANO PV200F1I - 03001.0908.91","403018","MOLA DE RETORNO DA TRAVA MENOR","1"
"1201076","FECHADURA SOPRANO PV200F1I - 03001.0908.91","403022","MOLA PV200 RETORNO DA LINGUETA","1"
"1201076","FECHADURA SOPRANO PV200F1I - 03001.0908.91","403025","MOLA DO ARIETE","1"
"1201076","FECHADURA SOPRANO PV200F1I - 03001.0908.91","404019","CONJUNTO CILINDRO FECHADURA PORTA DE VIDRO 1 CIL.SOPRANO","1"
"1201076","FECHADURA SOPRANO PV200F1I - 03001.0908.91","708018","CORPO DO ARIETE 4,76 X 29MM C/ DIAM 1,6MM - ZINCADO","1"
"1201076","FECHADURA SOPRANO PV200F1I - 03001.0908.91","708021","LUVA DO ARIETE 10MM - ZINCADO","1"
"1201076","FECHADURA SOPRANO PV200F1I - 03001.0908.91","801208","EIXO DO ROTOR - ZINCADO","1"
"1201076","FECHADURA SOPRANO PV200F1I - 03001.0908.91","804210","ARRUELA MAÇANETA PV","1"
"1201076","FECHADURA SOPRANO PV200F1I - 03001.0908.91","804321","CARRETEL DO FECHO","1"
"1201076","FECHADURA SOPRANO PV200F1I - 03001.0908.91","804324","BLOQUEIO DE CARTÃO PV","1"
"1201076","FECHADURA SOPRANO PV200F1I - 03001.0908.91","804428","SOQUETE DO FECHO ELETRICO","1"
"1201076","FECHADURA SOPRANO PV200F1I - 03001.0908.91","804468","PONTA DO ARIETE 2,55 X 26MM","1"
"1201076","FECHADURA SOPRANO PV200F1I - 03001.0908.91","805087","NARIZ CILINDRO PV200 - ZINCADO","1"
"1201076","FECHADURA SOPRANO PV200F1I - 03001.0908.91","805089","BASE FIXAÇÃO MAÇANETA","1"
"1201076","FECHADURA SOPRANO PV200F1I - 03001.0908.91","806082","TERMINAL DE LATÃO DO SOQUETE","2"
"1201076","FECHADURA SOPRANO PV200F1I - 03001.0908.91","807002","TRAVA MENOR FECHO PV","1"
"1201076","FECHADURA SOPRANO PV200F1I - 03001.0908.91","807003","TRAVA MAIOR FECHO PV","1"
"1201076","FECHADURA SOPRANO PV200F1I - 03001.0908.91","807049","DISPOSITIVO DE MEMORIA FECHO PV - ZINCADO","1"
"1201076","FECHADURA SOPRANO PV200F1I - 03001.0908.91","807069","LINGUETA DAS FECHADURAS PV","1"
"1201076","FECHADURA SOPRANO PV200F1I - 03001.0908.91","807088","ROTOR DO FECHO","1"
"1201076","FECHADURA SOPRANO PV200F1I - 03001.0908.91","701084","CAIXA DO FECHO - BRUTO","1"
"1201076","FECHADURA SOPRANO PV200F1I - 03001.0908.91","807102","BLINDAGEM DO FECHO","1"
"1201076","FECHADURA SOPRANO PV200F1I - 03001.0908.91","807105","TRATOR MAÇANETA PV - ZINCADO","1"
"1201076","FECHADURA SOPRANO PV200F1I - 03001.0908.91","807106","TAMPA DO FECHO DE METAL","1"
"1201076","FECHADURA SOPRANO PV200F1I - 03001.0908.91","807138","VERGALHÃO QUADRADO 8MM PV - ZINCADO","1"
"1201076","FECHADURA SOPRANO PV200F1I - 03001.0908.91","811277","ETIQUETA ADES. COUCHE 20MM X 15MM X 04 CAR","1"
"1201076","FECHADURA SOPRANO PV200F1I - 03001.0908.91","811310","ETIQUETA ADES. COUCHE 33MM X 21MM X 03 CAR","1"
"1201076","FECHADURA SOPRANO PV200F1I - 03001.0908.91","811762","SACO ZIP PADRAO - 05X07","1"
"1201076","FECHADURA SOPRANO PV200F1I - 03001.0908.91","811708","CAIXA FECHADURA ELETRICA P/ PORTAS DE VIDRO SOPRANO 13,2 X 11,7 X 11,4","1"
"1201076","FECHADURA SOPRANO PV200F1I - 03001.0908.91","807052","MAÇANETA BOLA - CROMADA","1"
"1201076","FECHADURA SOPRANO PV200F1I - 03001.0908.91","807053","BUCHA REDONDA FECHADURA PV -CROMADA","2"
"1201076","FECHADURA SOPRANO PV200F1I - 03001.0908.91","810035","ACABAMENTO MAÇANETA BOLA - CROMADO","1"
"1201076","FECHADURA SOPRANO PV200F1I - 03001.0908.91","811322","ETIQUETA ADES. BOPP 40MM X 40MM  BRANCA Bt759","1"
"1201076","FECHADURA SOPRANO PV200F1I - 03001.0908.91","807098","FUNDO ALUMINIO LINGUETA PV200RF1I/E - CINZA","1"
"1201076","FECHADURA SOPRANO PV200F1I - 03001.0908.91","103760","FIO COBRE ESMALTADO 155 TS 30 AWG","0,010787"
"1201076","FECHADURA SOPRANO PV200F1I - 03001.0908.91","801240","PINO DA CAIXINHA DO FECHO - ZINCADO","1"
"1201076","FECHADURA SOPRANO PV200F1I - 03001.0908.91","811681","AGL SOLAPA PORTA VIDRO 10,5 X 29,5 - CALÇO PV200","1"
"1201077","FECHADURA SOPRANO PV200F2I - 03001.0907.91","806007","CHAPA S/ PUXADOR PVF2I - CROMADO","1"
"1201077","FECHADURA SOPRANO PV200F2I - 03001.0907.91","806022","CHAPA FECHO PVF2E - CROMADA","1"
"1201077","FECHADURA SOPRANO PV200F2I - 03001.0907.91","805076","ALUMINIO FECHADURA PV 200","1"
"1201077","FECHADURA SOPRANO PV200F2I - 03001.0907.91","807090","FUNDO ALUMINIO LINGUETA PV200RF2I - CINZA","1"
"1201077","FECHADURA SOPRANO PV200F2I - 03001.0907.91","806045","ALUMINIO DO BATENTE PVRF2E","1"
"1201077","FECHADURA SOPRANO PV200F2I - 03001.0907.91","401008","PARAFUSO PLASTIC PAN PHILLIPS 3 X 8 ZB","2"
"1201077","FECHADURA SOPRANO PV200F2I - 03001.0907.91","401023","PARAFUSO MET M3.5 X 8 CH. PH - ZI","4"
"1201077","FECHADURA SOPRANO PV200F2I - 03001.0907.91","401034","PARAFUSO PLASTIC 3 X 6 CH. PH - ZI","2"
"1201077","FECHADURA SOPRANO PV200F2I - 03001.0907.91","401083","PF MET CH PHS M4X12MM ZI","4"
"1201077","FECHADURA SOPRANO PV200F2I - 03001.0907.91","401089","PARAFUSO MET M3 X 8MM CH PHS ZI","2"
"1201077","FECHADURA SOPRANO PV200F2I - 03001.0907.91","401100","PARAFUSO M3 X 12 CC. PH - ZI","1"
"1201077","FECHADURA SOPRANO PV200F2I - 03001.0907.91","401101","PARAFUSO M3.5 X 6 CH. PH - ZI","8"
"1201077","FECHADURA SOPRANO PV200F2I - 03001.0907.91","401102","PARAFUSO M4 X 8 CH. PH MET - ZI","5"
"1201077","FECHADURA SOPRANO PV200F2I - 03001.0907.91","403013","MOLA DE RETORNO DA MAÇANETA FECHADURA PV","1"
"1201077","FECHADURA SOPRANO PV200F2I - 03001.0907.91","403014","MOLA DE RETORNO DA TRAVA MAIOR","1"
"1201077","FECHADURA SOPRANO PV200F2I - 03001.0907.91","403016","MOLA DE RETORNO DO DISPOSITIVO DE MEMORIA","1"
"1201077","FECHADURA SOPRANO PV200F2I - 03001.0907.91","403017","MOLA DE RETORNO DO ROTOR","1"
"1201077","FECHADURA SOPRANO PV200F2I - 03001.0907.91","403018","MOLA DE RETORNO DA TRAVA MENOR","1"
"1201077","FECHADURA SOPRANO PV200F2I - 03001.0907.91","403022","MOLA PV200 RETORNO DA LINGUETA","1"
"1201077","FECHADURA SOPRANO PV200F2I - 03001.0907.91","403025","MOLA DO ARIETE","1"
"1201077","FECHADURA SOPRANO PV200F2I - 03001.0907.91","404019","CONJUNTO CILINDRO FECHADURA PORTA DE VIDRO 1 CIL.SOPRANO","1"
"1201077","FECHADURA SOPRANO PV200F2I - 03001.0907.91","708018","CORPO DO ARIETE 4,76 X 29MM C/ DIAM 1,6MM - ZINCADO","1"
"1201077","FECHADURA SOPRANO PV200F2I - 03001.0907.91","708021","LUVA DO ARIETE 10MM - ZINCADO","1"
"1201077","FECHADURA SOPRANO PV200F2I - 03001.0907.91","801208","EIXO DO ROTOR - ZINCADO","1"
"1201077","FECHADURA SOPRANO PV200F2I - 03001.0907.91","804210","ARRUELA MAÇANETA PV","1"
"1201077","FECHADURA SOPRANO PV200F2I - 03001.0907.91","804306","TAMPA PLASTICA DO FECHO","1"
"1201077","FECHADURA SOPRANO PV200F2I - 03001.0907.91","804321","CARRETEL DO FECHO","1"
"1201077","FECHADURA SOPRANO PV200F2I - 03001.0907.91","804428","SOQUETE DO FECHO ELETRICO","1"
"1201077","FECHADURA SOPRANO PV200F2I - 03001.0907.91","804468","PONTA DO ARIETE 2,55 X 26MM","1"
"1201077","FECHADURA SOPRANO PV200F2I - 03001.0907.91","805087","NARIZ CILINDRO PV200 - ZINCADO","1"
"1201077","FECHADURA SOPRANO PV200F2I - 03001.0907.91","805089","BASE FIXAÇÃO MAÇANETA","1"
"1201077","FECHADURA SOPRANO PV200F2I - 03001.0907.91","806082","TERMINAL DE LATÃO DO SOQUETE","2"
"1201077","FECHADURA SOPRANO PV200F2I - 03001.0907.91","807002","TRAVA MENOR FECHO PV","1"
"1201077","FECHADURA SOPRANO PV200F2I - 03001.0907.91","807003","TRAVA MAIOR FECHO PV","1"
"1201077","FECHADURA SOPRANO PV200F2I - 03001.0907.91","807049","DISPOSITIVO DE MEMORIA FECHO PV - ZINCADO","1"
"1201077","FECHADURA SOPRANO PV200F2I - 03001.0907.91","807069","LINGUETA DAS FECHADURAS PV","1"
"1201077","FECHADURA SOPRANO PV200F2I - 03001.0907.91","807088","ROTOR DO FECHO","1"
"1201077","FECHADURA SOPRANO PV200F2I - 03001.0907.91","701084","CAIXA DO FECHO - BRUTO","1"
"1201077","FECHADURA SOPRANO PV200F2I - 03001.0907.91","807102","BLINDAGEM DO FECHO","1"
"1201077","FECHADURA SOPRANO PV200F2I - 03001.0907.91","807105","TRATOR MAÇANETA PV - ZINCADO","1"
"1201077","FECHADURA SOPRANO PV200F2I - 03001.0907.91","807138","VERGALHÃO QUADRADO 8MM PV - ZINCADO","1"
"1201077","FECHADURA SOPRANO PV200F2I - 03001.0907.91","811031","MANUAL FECHADURA ELÉTRICA SOPRANO","1"
"1201077","FECHADURA SOPRANO PV200F2I - 03001.0907.91","811277","ETIQUETA ADES. COUCHE 20MM X 15MM X 04 CAR","1"
"1201077","FECHADURA SOPRANO PV200F2I - 03001.0907.91","811310","ETIQUETA ADES. COUCHE 33MM X 21MM X 03 CAR","1"
"1201077","FECHADURA SOPRANO PV200F2I - 03001.0907.91","811762","SACO ZIP PADRAO - 05X07","1"
"1201077","FECHADURA SOPRANO PV200F2I - 03001.0907.91","811708","CAIXA FECHADURA ELETRICA P/ PORTAS DE VIDRO SOPRANO 13,2 X 11,7 X 11,4","1"
"1201077","FECHADURA SOPRANO PV200F2I - 03001.0907.91","807052","MAÇANETA BOLA - CROMADA","1"
"1201077","FECHADURA SOPRANO PV200F2I - 03001.0907.91","807094","FUNDO ALUMINIO FECHO PV200RF2I - CINZA","1"
"1201077","FECHADURA SOPRANO PV200F2I - 03001.0907.91","807053","BUCHA REDONDA FECHADURA PV -CROMADA","2"
"1201077","FECHADURA SOPRANO PV200F2I - 03001.0907.91","810035","ACABAMENTO MAÇANETA BOLA - CROMADO","1"
"1201077","FECHADURA SOPRANO PV200F2I - 03001.0907.91","811322","ETIQUETA ADES. BOPP 40MM X 40MM  BRANCA Bt759","1"
"1201077","FECHADURA SOPRANO PV200F2I - 03001.0907.91","103760","FIO COBRE ESMALTADO 155 TS 30 AWG","0,010787"
"1201077","FECHADURA SOPRANO PV200F2I - 03001.0907.91","801240","PINO DA CAIXINHA DO FECHO - ZINCADO","1"
"1201077","FECHADURA SOPRANO PV200F2I - 03001.0907.91","811681","AGL SOLAPA PORTA VIDRO 10,5 X 29,5 - CALÇO PV200","1"
"1201078","FECHADURA SOPRANO PV200F1E - 03001.0906.91","805076","ALUMINIO FECHADURA PV 200","1"
"1201078","FECHADURA SOPRANO PV200F1E - 03001.0906.91","806036","CHAPA BATENTE PV200RF1E - CROMADO","1"
"1201078","FECHADURA SOPRANO PV200F1E - 03001.0906.91","401002","PARAFUSO 3.5 X 13 A/A CH. PH - ZI","4"
"1201078","FECHADURA SOPRANO PV200F1E - 03001.0906.91","401008","PARAFUSO PLASTIC PAN PHILLIPS 3 X 8 ZB","2"
"1201078","FECHADURA SOPRANO PV200F1E - 03001.0906.91","401023","PARAFUSO MET M3.5 X 8 CH. PH - ZI","4"
"1201078","FECHADURA SOPRANO PV200F1E - 03001.0906.91","401034","PARAFUSO PLASTIC 3 X 6 CH. PH - ZI","2"
"1201078","FECHADURA SOPRANO PV200F1E - 03001.0906.91","401083","PF MET CH PHS M4X12MM ZI","2"
"1201078","FECHADURA SOPRANO PV200F1E - 03001.0906.91","401089","PARAFUSO MET M3 X 8MM CH PHS ZI","4"
"1201078","FECHADURA SOPRANO PV200F1E - 03001.0906.91","401100","PARAFUSO M3 X 12 CC. PH - ZI","1"
"1201078","FECHADURA SOPRANO PV200F1E - 03001.0906.91","401101","PARAFUSO M3.5 X 6 CH. PH - ZI","4"
"1201078","FECHADURA SOPRANO PV200F1E - 03001.0906.91","401102","PARAFUSO M4 X 8 CH. PH MET - ZI","5"
"1201078","FECHADURA SOPRANO PV200F1E - 03001.0906.91","403013","MOLA DE RETORNO DA MAÇANETA FECHADURA PV","1"
"1201078","FECHADURA SOPRANO PV200F1E - 03001.0906.91","403014","MOLA DE RETORNO DA TRAVA MAIOR","1"
"1201078","FECHADURA SOPRANO PV200F1E - 03001.0906.91","403016","MOLA DE RETORNO DO DISPOSITIVO DE MEMORIA","1"
"1201078","FECHADURA SOPRANO PV200F1E - 03001.0906.91","403017","MOLA DE RETORNO DO ROTOR","1"
"1201078","FECHADURA SOPRANO PV200F1E - 03001.0906.91","403018","MOLA DE RETORNO DA TRAVA MENOR","1"
"1201078","FECHADURA SOPRANO PV200F1E - 03001.0906.91","403022","MOLA PV200 RETORNO DA LINGUETA","1"
"1201078","FECHADURA SOPRANO PV200F1E - 03001.0906.91","403025","MOLA DO ARIETE","1"
"1201078","FECHADURA SOPRANO PV200F1E - 03001.0906.91","404019","CONJUNTO CILINDRO FECHADURA PORTA DE VIDRO 1 CIL.SOPRANO","1"
"1201078","FECHADURA SOPRANO PV200F1E - 03001.0906.91","708018","CORPO DO ARIETE 4,76 X 29MM C/ DIAM 1,6MM - ZINCADO","1"
"1201078","FECHADURA SOPRANO PV200F1E - 03001.0906.91","708021","LUVA DO ARIETE 10MM - ZINCADO","1"
"1201078","FECHADURA SOPRANO PV200F1E - 03001.0906.91","801208","EIXO DO ROTOR - ZINCADO","1"
"1201078","FECHADURA SOPRANO PV200F1E - 03001.0906.91","804210","ARRUELA MAÇANETA PV","1"
"1201078","FECHADURA SOPRANO PV200F1E - 03001.0906.91","804212","ENCOSTO PARA CHAPA DO BATENTE PV","1"
"1201078","FECHADURA SOPRANO PV200F1E - 03001.0906.91","804321","CARRETEL DO FECHO","1"
"1201078","FECHADURA SOPRANO PV200F1E - 03001.0906.91","804428","SOQUETE DO FECHO ELETRICO","1"
"1201078","FECHADURA SOPRANO PV200F1E - 03001.0906.91","804468","PONTA DO ARIETE 2,55 X 26MM","1"
"1201078","FECHADURA SOPRANO PV200F1E - 03001.0906.91","805087","NARIZ CILINDRO PV200 - ZINCADO","1"
"1201078","FECHADURA SOPRANO PV200F1E - 03001.0906.91","805089","BASE FIXAÇÃO MAÇANETA","1"
"1201078","FECHADURA SOPRANO PV200F1E - 03001.0906.91","806035","CHAPA PUXADOR PV200F1I/E P/ 1 OU 2 CILINDROS (MAIOR)","2"
"1201078","FECHADURA SOPRANO PV200F1E - 03001.0906.91","806082","TERMINAL DE LATÃO DO SOQUETE","2"
"1201078","FECHADURA SOPRANO PV200F1E - 03001.0906.91","807002","TRAVA MENOR FECHO PV","1"
"1201078","FECHADURA SOPRANO PV200F1E - 03001.0906.91","807003","TRAVA MAIOR FECHO PV","1"
"1201078","FECHADURA SOPRANO PV200F1E - 03001.0906.91","807049","DISPOSITIVO DE MEMORIA FECHO PV - ZINCADO","1"
"1201078","FECHADURA SOPRANO PV200F1E - 03001.0906.91","807069","LINGUETA DAS FECHADURAS PV","1"
"1201078","FECHADURA SOPRANO PV200F1E - 03001.0906.91","807088","ROTOR DO FECHO","1"
"1201078","FECHADURA SOPRANO PV200F1E - 03001.0906.91","701084","CAIXA DO FECHO - BRUTO","1"
"1201078","FECHADURA SOPRANO PV200F1E - 03001.0906.91","807102","BLINDAGEM DO FECHO","1"
"1201078","FECHADURA SOPRANO PV200F1E - 03001.0906.91","807105","TRATOR MAÇANETA PV - ZINCADO","1"
"1201078","FECHADURA SOPRANO PV200F1E - 03001.0906.91","807106","TAMPA DO FECHO DE METAL","1"
"1201078","FECHADURA SOPRANO PV200F1E - 03001.0906.91","807138","VERGALHÃO QUADRADO 8MM PV - ZINCADO","1"
"1201078","FECHADURA SOPRANO PV200F1E - 03001.0906.91","811031","MANUAL FECHADURA ELÉTRICA SOPRANO","1"
"1201078","FECHADURA SOPRANO PV200F1E - 03001.0906.91","811277","ETIQUETA ADES. COUCHE 20MM X 15MM X 04 CAR","1"
"1201078","FECHADURA SOPRANO PV200F1E - 03001.0906.91","811310","ETIQUETA ADES. COUCHE 33MM X 21MM X 03 CAR","1"
"1201078","FECHADURA SOPRANO PV200F1E - 03001.0906.91","811762","SACO ZIP PADRAO - 05X07","1"
"1201078","FECHADURA SOPRANO PV200F1E - 03001.0906.91","811708","CAIXA FECHADURA ELETRICA P/ PORTAS DE VIDRO SOPRANO 13,2 X 11,7 X 11,4","1"
"1201078","FECHADURA SOPRANO PV200F1E - 03001.0906.91","807053","BUCHA REDONDA FECHADURA PV -CROMADA","2"
"1201078","FECHADURA SOPRANO PV200F1E - 03001.0906.91","807053","BUCHA REDONDA FECHADURA PV -CROMADA","1"
"1201078","FECHADURA SOPRANO PV200F1E - 03001.0906.91","811322","ETIQUETA ADES. BOPP 40MM X 40MM  BRANCA Bt759","1"
"1201078","FECHADURA SOPRANO PV200F1E - 03001.0906.91","807098","FUNDO ALUMINIO LINGUETA PV200RF1I/E - CINZA","1"
"1201078","FECHADURA SOPRANO PV200F1E - 03001.0906.91","807056","MAÇANETA ALAVANCA - CROMADA","1"
"1201078","FECHADURA SOPRANO PV200F1E - 03001.0906.91","103760","FIO COBRE ESMALTADO 155 TS 30 AWG","0,010787"
"1201078","FECHADURA SOPRANO PV200F1E - 03001.0906.91","801240","PINO DA CAIXINHA DO FECHO - ZINCADO","1"
"1201078","FECHADURA SOPRANO PV200F1E - 03001.0906.91","811681","AGL SOLAPA PORTA VIDRO 10,5 X 29,5 - CALÇO PV200","1"
"1201079","FECHADURA SOPRANO PVF2E - 03001.0905.91","806011","FUNDO ZAMAC LINGUETA PVRF2E - CINZA","1"
"1201079","FECHADURA SOPRANO PVF2E - 03001.0905.91","806022","CHAPA FECHO PVF2E - CROMADA","1"
"1201079","FECHADURA SOPRANO PVF2E - 03001.0905.91","807077","FUNDO ZAMAC FECHO PV R/F 2E - CINZA","1"
"1201079","FECHADURA SOPRANO PVF2E - 03001.0905.91","806042","ALUMINIO FECHADURA PVRF2E","1"
"1201079","FECHADURA SOPRANO PVF2E - 03001.0905.91","806045","ALUMINIO DO BATENTE PVRF2E","1"
"1201079","FECHADURA SOPRANO PVF2E - 03001.0905.91","401008","PARAFUSO PLASTIC PAN PHILLIPS 3 X 8 ZB","2"
"1201079","FECHADURA SOPRANO PVF2E - 03001.0905.91","401023","PARAFUSO MET M3.5 X 8 CH. PH - ZI","8"
"1201079","FECHADURA SOPRANO PVF2E - 03001.0905.91","401034","PARAFUSO PLASTIC 3 X 6 CH. PH - ZI","2"
"1201079","FECHADURA SOPRANO PVF2E - 03001.0905.91","401083","PF MET CH PHS M4X12MM ZI","4"
"1201079","FECHADURA SOPRANO PVF2E - 03001.0905.91","401089","PARAFUSO MET M3 X 8MM CH PHS ZI","2"
"1201079","FECHADURA SOPRANO PVF2E - 03001.0905.91","401100","PARAFUSO M3 X 12 CC. PH - ZI","1"
"1201079","FECHADURA SOPRANO PVF2E - 03001.0905.91","401101","PARAFUSO M3.5 X 6 CH. PH - ZI","8"
"1201079","FECHADURA SOPRANO PVF2E - 03001.0905.91","401102","PARAFUSO M4 X 8 CH. PH MET - ZI","1"
"1201079","FECHADURA SOPRANO PVF2E - 03001.0905.91","403013","MOLA DE RETORNO DA MAÇANETA FECHADURA PV","1"
"1201079","FECHADURA SOPRANO PVF2E - 03001.0905.91","403014","MOLA DE RETORNO DA TRAVA MAIOR","1"
"1201079","FECHADURA SOPRANO PVF2E - 03001.0905.91","403016","MOLA DE RETORNO DO DISPOSITIVO DE MEMORIA","1"
"1201079","FECHADURA SOPRANO PVF2E - 03001.0905.91","403017","MOLA DE RETORNO DO ROTOR","1"
"1201079","FECHADURA SOPRANO PVF2E - 03001.0905.91","403018","MOLA DE RETORNO DA TRAVA MENOR","1"
"1201079","FECHADURA SOPRANO PVF2E - 03001.0905.91","403025","MOLA DO ARIETE","1"
"1201079","FECHADURA SOPRANO PVF2E - 03001.0905.91","404019","CONJUNTO CILINDRO FECHADURA PORTA DE VIDRO 1 CIL.SOPRANO","1"
"1201079","FECHADURA SOPRANO PVF2E - 03001.0905.91","708018","CORPO DO ARIETE 4,76 X 29MM C/ DIAM 1,6MM - ZINCADO","1"
"1201079","FECHADURA SOPRANO PVF2E - 03001.0905.91","708021","LUVA DO ARIETE 10MM - ZINCADO","1"
"1201079","FECHADURA SOPRANO PVF2E - 03001.0905.91","801208","EIXO DO ROTOR - ZINCADO","1"
"1201079","FECHADURA SOPRANO PVF2E - 03001.0905.91","804321","CARRETEL DO FECHO","1"
"1201079","FECHADURA SOPRANO PVF2E - 03001.0905.91","804428","SOQUETE DO FECHO ELETRICO","1"
"1201079","FECHADURA SOPRANO PVF2E - 03001.0905.91","804468","PONTA DO ARIETE 2,55 X 26MM","1"
"1201079","FECHADURA SOPRANO PVF2E - 03001.0905.91","805088","NARIZ CILINDRO PVR - ZINCADO","1"
"1201079","FECHADURA SOPRANO PVF2E - 03001.0905.91","805089","BASE FIXAÇÃO MAÇANETA","1"
"1201079","FECHADURA SOPRANO PVF2E - 03001.0905.91","806005","CHAPA PUXADOR PVF2E P/ 1 OU 2 CILINDROS (MAIOR)","1"
"1201079","FECHADURA SOPRANO PVF2E - 03001.0905.91","806082","TERMINAL DE LATÃO DO SOQUETE","2"
"1201079","FECHADURA SOPRANO PVF2E - 03001.0905.91","807002","TRAVA MENOR FECHO PV","1"
"1201079","FECHADURA SOPRANO PVF2E - 03001.0905.91","807003","TRAVA MAIOR FECHO PV","1"
"1201079","FECHADURA SOPRANO PVF2E - 03001.0905.91","807049","DISPOSITIVO DE MEMORIA FECHO PV - ZINCADO","1"
"1201079","FECHADURA SOPRANO PVF2E - 03001.0905.91","807069","LINGUETA DAS FECHADURAS PV","1"
"1201079","FECHADURA SOPRANO PVF2E - 03001.0905.91","807088","ROTOR DO FECHO","1"
"1201079","FECHADURA SOPRANO PVF2E - 03001.0905.91","701084","CAIXA DO FECHO - BRUTO","1"
"1201079","FECHADURA SOPRANO PVF2E - 03001.0905.91","807102","BLINDAGEM DO FECHO","1"
"1201079","FECHADURA SOPRANO PVF2E - 03001.0905.91","807105","TRATOR MAÇANETA PV - ZINCADO","1"
"1201079","FECHADURA SOPRANO PVF2E - 03001.0905.91","807106","TAMPA DO FECHO DE METAL","1"
"1201079","FECHADURA SOPRANO PVF2E - 03001.0905.91","807138","VERGALHÃO QUADRADO 8MM PV - ZINCADO","1"
"1201079","FECHADURA SOPRANO PVF2E - 03001.0905.91","811031","MANUAL FECHADURA ELÉTRICA SOPRANO","1"
"1201079","FECHADURA SOPRANO PVF2E - 03001.0905.91","811277","ETIQUETA ADES. COUCHE 20MM X 15MM X 04 CAR","1"
"1201079","FECHADURA SOPRANO PVF2E - 03001.0905.91","811310","ETIQUETA ADES. COUCHE 33MM X 21MM X 03 CAR","1"
"1201079","FECHADURA SOPRANO PVF2E - 03001.0905.91","811762","SACO ZIP PADRAO - 05X07","1"
"1201079","FECHADURA SOPRANO PVF2E - 03001.0905.91","811708","CAIXA FECHADURA ELETRICA P/ PORTAS DE VIDRO SOPRANO 13,2 X 11,7 X 11,4","1"
"1201079","FECHADURA SOPRANO PVF2E - 03001.0905.91","807053","BUCHA REDONDA FECHADURA PV -CROMADA","2"
"1201079","FECHADURA SOPRANO PVF2E - 03001.0905.91","811322","ETIQUETA ADES. BOPP 40MM X 40MM  BRANCA Bt759","1"
"1201079","FECHADURA SOPRANO PVF2E - 03001.0905.91","807056","MAÇANETA ALAVANCA - CROMADA","1"
"1201079","FECHADURA SOPRANO PVF2E - 03001.0905.91","103760","FIO COBRE ESMALTADO 155 TS 30 AWG","0,010787"
"1201079","FECHADURA SOPRANO PVF2E - 03001.0905.91","801240","PINO DA CAIXINHA DO FECHO - ZINCADO","1"
"1201079","FECHADURA SOPRANO PVF2E - 03001.0905.91","811681","AGL SOLAPA PORTA VIDRO 10,5 X 29,5 - CALÇO PV200","1"
"1201080","FECHADURA SOPRANO PV200R1I - 03001.0904.91","806055","CHAPA PUXADOR PV200R1I/E P/ 1 OU 2 CILINDROS (MAIOR)","1"
"1201080","FECHADURA SOPRANO PV200R1I - 03001.0904.91","806031","CHAPA BATENTE PV200RF1I - CROMADO","1"
"1201080","FECHADURA SOPRANO PV200R1I - 03001.0904.91","805076","ALUMINIO FECHADURA PV 200","1"
"1201080","FECHADURA SOPRANO PV200R1I - 03001.0904.91","807052","MAÇANETA BOLA - CROMADA","1"
"1201080","FECHADURA SOPRANO PV200R1I - 03001.0904.91","401002","PARAFUSO 3.5 X 13 A/A CH. PH - ZI","4"
"1201080","FECHADURA SOPRANO PV200R1I - 03001.0904.91","401008","PARAFUSO PLASTIC PAN PHILLIPS 3 X 8 ZB","2"
"1201080","FECHADURA SOPRANO PV200R1I - 03001.0904.91","401023","PARAFUSO MET M3.5 X 8 CH. PH - ZI","4"
"1201080","FECHADURA SOPRANO PV200R1I - 03001.0904.91","401034","PARAFUSO PLASTIC 3 X 6 CH. PH - ZI","2"
"1201080","FECHADURA SOPRANO PV200R1I - 03001.0904.91","401083","PF MET CH PHS M4X12MM ZI","2"
"1201080","FECHADURA SOPRANO PV200R1I - 03001.0904.91","401089","PARAFUSO MET M3 X 8MM CH PHS ZI","2"
"1201080","FECHADURA SOPRANO PV200R1I - 03001.0904.91","401100","PARAFUSO M3 X 12 CC. PH - ZI","1"
"1201080","FECHADURA SOPRANO PV200R1I - 03001.0904.91","401101","PARAFUSO M3.5 X 6 CH. PH - ZI","4"
"1201080","FECHADURA SOPRANO PV200R1I - 03001.0904.91","401102","PARAFUSO M4 X 8 CH. PH MET - ZI","5"
"1201080","FECHADURA SOPRANO PV200R1I - 03001.0904.91","403013","MOLA DE RETORNO DA MAÇANETA FECHADURA PV","1"
"1201080","FECHADURA SOPRANO PV200R1I - 03001.0904.91","403014","MOLA DE RETORNO DA TRAVA MAIOR","1"
"1201080","FECHADURA SOPRANO PV200R1I - 03001.0904.91","403016","MOLA DE RETORNO DO DISPOSITIVO DE MEMORIA","1"
"1201080","FECHADURA SOPRANO PV200R1I - 03001.0904.91","403017","MOLA DE RETORNO DO ROTOR","1"
"1201080","FECHADURA SOPRANO PV200R1I - 03001.0904.91","403018","MOLA DE RETORNO DA TRAVA MENOR","1"
"1201080","FECHADURA SOPRANO PV200R1I - 03001.0904.91","403022","MOLA PV200 RETORNO DA LINGUETA","1"
"1201080","FECHADURA SOPRANO PV200R1I - 03001.0904.91","403025","MOLA DO ARIETE","1"
"1201080","FECHADURA SOPRANO PV200R1I - 03001.0904.91","404019","CONJUNTO CILINDRO FECHADURA PORTA DE VIDRO 1 CIL.SOPRANO","1"
"1201080","FECHADURA SOPRANO PV200R1I - 03001.0904.91","708018","CORPO DO ARIETE 4,76 X 29MM C/ DIAM 1,6MM - ZINCADO","1"
"1201080","FECHADURA SOPRANO PV200R1I - 03001.0904.91","708021","LUVA DO ARIETE 10MM - ZINCADO","1"
"1201080","FECHADURA SOPRANO PV200R1I - 03001.0904.91","801208","EIXO DO ROTOR - ZINCADO","1"
"1201080","FECHADURA SOPRANO PV200R1I - 03001.0904.91","804210","ARRUELA MAÇANETA PV","1"
"1201080","FECHADURA SOPRANO PV200R1I - 03001.0904.91","804321","CARRETEL DO FECHO","1"
"1201080","FECHADURA SOPRANO PV200R1I - 03001.0904.91","804323","ACABAMENTO RECORTE PV","1"
"1201080","FECHADURA SOPRANO PV200R1I - 03001.0904.91","804324","BLOQUEIO DE CARTÃO PV","1"
"1201080","FECHADURA SOPRANO PV200R1I - 03001.0904.91","804428","SOQUETE DO FECHO ELETRICO","1"
"1201080","FECHADURA SOPRANO PV200R1I - 03001.0904.91","804468","PONTA DO ARIETE 2,55 X 26MM","1"
"1201080","FECHADURA SOPRANO PV200R1I - 03001.0904.91","805087","NARIZ CILINDRO PV200 - ZINCADO","1"
"1201080","FECHADURA SOPRANO PV200R1I - 03001.0904.91","805089","BASE FIXAÇÃO MAÇANETA","1"
"1201080","FECHADURA SOPRANO PV200R1I - 03001.0904.91","806082","TERMINAL DE LATÃO DO SOQUETE","2"
"1201080","FECHADURA SOPRANO PV200R1I - 03001.0904.91","807002","TRAVA MENOR FECHO PV","1"
"1201080","FECHADURA SOPRANO PV200R1I - 03001.0904.91","807003","TRAVA MAIOR FECHO PV","1"
"1201080","FECHADURA SOPRANO PV200R1I - 03001.0904.91","807049","DISPOSITIVO DE MEMORIA FECHO PV - ZINCADO","1"
"1201080","FECHADURA SOPRANO PV200R1I - 03001.0904.91","807069","LINGUETA DAS FECHADURAS PV","1"
"1201080","FECHADURA SOPRANO PV200R1I - 03001.0904.91","807088","ROTOR DO FECHO","1"
"1201080","FECHADURA SOPRANO PV200R1I - 03001.0904.91","701084","CAIXA DO FECHO - BRUTO","1"
"1201080","FECHADURA SOPRANO PV200R1I - 03001.0904.91","807102","BLINDAGEM DO FECHO","1"
"1201080","FECHADURA SOPRANO PV200R1I - 03001.0904.91","807105","TRATOR MAÇANETA PV - ZINCADO","1"
"1201080","FECHADURA SOPRANO PV200R1I - 03001.0904.91","807106","TAMPA DO FECHO DE METAL","1"
"1201080","FECHADURA SOPRANO PV200R1I - 03001.0904.91","807138","VERGALHÃO QUADRADO 8MM PV - ZINCADO","1"
"1201080","FECHADURA SOPRANO PV200R1I - 03001.0904.91","811031","MANUAL FECHADURA ELÉTRICA SOPRANO","1"
"1201080","FECHADURA SOPRANO PV200R1I - 03001.0904.91","811277","ETIQUETA ADES. COUCHE 20MM X 15MM X 04 CAR","1"
"1201080","FECHADURA SOPRANO PV200R1I - 03001.0904.91","811310","ETIQUETA ADES. COUCHE 33MM X 21MM X 03 CAR","1"
"1201080","FECHADURA SOPRANO PV200R1I - 03001.0904.91","811762","SACO ZIP PADRAO - 05X07","1"
"1201080","FECHADURA SOPRANO PV200R1I - 03001.0904.91","811708","CAIXA FECHADURA ELETRICA P/ PORTAS DE VIDRO SOPRANO 13,2 X 11,7 X 11,4","1"
"1201080","FECHADURA SOPRANO PV200R1I - 03001.0904.91","807053","BUCHA REDONDA FECHADURA PV -CROMADA","2"
"1201080","FECHADURA SOPRANO PV200R1I - 03001.0904.91","811322","ETIQUETA ADES. BOPP 40MM X 40MM  BRANCA Bt759","1"
"1201080","FECHADURA SOPRANO PV200R1I - 03001.0904.91","810035","ACABAMENTO MAÇANETA BOLA - CROMADO","1"
"1201080","FECHADURA SOPRANO PV200R1I - 03001.0904.91","807098","FUNDO ALUMINIO LINGUETA PV200RF1I/E - CINZA","1"
"1201080","FECHADURA SOPRANO PV200R1I - 03001.0904.91","103760","FIO COBRE ESMALTADO 155 TS 30 AWG","0,010787"
"1201080","FECHADURA SOPRANO PV200R1I - 03001.0904.91","801240","PINO DA CAIXINHA DO FECHO - ZINCADO","1"
"1201080","FECHADURA SOPRANO PV200R1I - 03001.0904.91","811681","AGL SOLAPA PORTA VIDRO 10,5 X 29,5 - CALÇO PV200","1"
"1201081","FECHADURA SOPRANO PV200R2I - 03001.0903.91","806004","CHAPA FECHO PVR2I - CROMADA","1"
"1201081","FECHADURA SOPRANO PV200R2I - 03001.0903.91","806001","CHAPA PUXADOR PV200R2I P/ 1 OU 2 CILINDROS (MAIOR)","1"
"1201081","FECHADURA SOPRANO PV200R2I - 03001.0903.91","805076","ALUMINIO FECHADURA PV 200","1"
"1201081","FECHADURA SOPRANO PV200R2I - 03001.0903.91","807090","FUNDO ALUMINIO LINGUETA PV200RF2I - CINZA","1"
"1201081","FECHADURA SOPRANO PV200R2I - 03001.0903.91","806087","ALUMINIO DO BATENTE PV200RF2I","1"
"1201081","FECHADURA SOPRANO PV200R2I - 03001.0903.91","807052","MAÇANETA BOLA - CROMADA","1"
"1201081","FECHADURA SOPRANO PV200R2I - 03001.0903.91","401008","PARAFUSO PLASTIC PAN PHILLIPS 3 X 8 ZB","2"
"1201081","FECHADURA SOPRANO PV200R2I - 03001.0903.91","401023","PARAFUSO MET M3.5 X 8 CH. PH - ZI","4"
"1201081","FECHADURA SOPRANO PV200R2I - 03001.0903.91","401034","PARAFUSO PLASTIC 3 X 6 CH. PH - ZI","2"
"1201081","FECHADURA SOPRANO PV200R2I - 03001.0903.91","401083","PF MET CH PHS M4X12MM ZI","4"
"1201081","FECHADURA SOPRANO PV200R2I - 03001.0903.91","401089","PARAFUSO MET M3 X 8MM CH PHS ZI","2"
"1201081","FECHADURA SOPRANO PV200R2I - 03001.0903.91","401100","PARAFUSO M3 X 12 CC. PH - ZI","1"
"1201081","FECHADURA SOPRANO PV200R2I - 03001.0903.91","401101","PARAFUSO M3.5 X 6 CH. PH - ZI","8"
"1201081","FECHADURA SOPRANO PV200R2I - 03001.0903.91","401102","PARAFUSO M4 X 8 CH. PH MET - ZI","5"
"1201081","FECHADURA SOPRANO PV200R2I - 03001.0903.91","403013","MOLA DE RETORNO DA MAÇANETA FECHADURA PV","1"
"1201081","FECHADURA SOPRANO PV200R2I - 03001.0903.91","403014","MOLA DE RETORNO DA TRAVA MAIOR","1"
"1201081","FECHADURA SOPRANO PV200R2I - 03001.0903.91","403016","MOLA DE RETORNO DO DISPOSITIVO DE MEMORIA","1"
"1201081","FECHADURA SOPRANO PV200R2I - 03001.0903.91","403017","MOLA DE RETORNO DO ROTOR","1"
"1201081","FECHADURA SOPRANO PV200R2I - 03001.0903.91","403018","MOLA DE RETORNO DA TRAVA MENOR","1"
"1201081","FECHADURA SOPRANO PV200R2I - 03001.0903.91","403022","MOLA PV200 RETORNO DA LINGUETA","1"
"1201081","FECHADURA SOPRANO PV200R2I - 03001.0903.91","403025","MOLA DO ARIETE","1"
"1201081","FECHADURA SOPRANO PV200R2I - 03001.0903.91","404019","CONJUNTO CILINDRO FECHADURA PORTA DE VIDRO 1 CIL.SOPRANO","1"
"1201081","FECHADURA SOPRANO PV200R2I - 03001.0903.91","708018","CORPO DO ARIETE 4,76 X 29MM C/ DIAM 1,6MM - ZINCADO","1"
"1201081","FECHADURA SOPRANO PV200R2I - 03001.0903.91","708021","LUVA DO ARIETE 10MM - ZINCADO","1"
"1201081","FECHADURA SOPRANO PV200R2I - 03001.0903.91","801208","EIXO DO ROTOR - ZINCADO","1"
"1201081","FECHADURA SOPRANO PV200R2I - 03001.0903.91","804210","ARRUELA MAÇANETA PV","1"
"1201081","FECHADURA SOPRANO PV200R2I - 03001.0903.91","804306","TAMPA PLASTICA DO FECHO","1"
"1201081","FECHADURA SOPRANO PV200R2I - 03001.0903.91","804321","CARRETEL DO FECHO","1"
"1201081","FECHADURA SOPRANO PV200R2I - 03001.0903.91","804323","ACABAMENTO RECORTE PV","1"
"1201081","FECHADURA SOPRANO PV200R2I - 03001.0903.91","804428","SOQUETE DO FECHO ELETRICO","1"
"1201081","FECHADURA SOPRANO PV200R2I - 03001.0903.91","804468","PONTA DO ARIETE 2,55 X 26MM","1"
"1201081","FECHADURA SOPRANO PV200R2I - 03001.0903.91","805087","NARIZ CILINDRO PV200 - ZINCADO","1"
"1201081","FECHADURA SOPRANO PV200R2I - 03001.0903.91","805089","BASE FIXAÇÃO MAÇANETA","1"
"1201081","FECHADURA SOPRANO PV200R2I - 03001.0903.91","806082","TERMINAL DE LATÃO DO SOQUETE","2"
"1201081","FECHADURA SOPRANO PV200R2I - 03001.0903.91","807002","TRAVA MENOR FECHO PV","1"
"1201081","FECHADURA SOPRANO PV200R2I - 03001.0903.91","807003","TRAVA MAIOR FECHO PV","1"
"1201081","FECHADURA SOPRANO PV200R2I - 03001.0903.91","807049","DISPOSITIVO DE MEMORIA FECHO PV - ZINCADO","1"
"1201081","FECHADURA SOPRANO PV200R2I - 03001.0903.91","807069","LINGUETA DAS FECHADURAS PV","1"
"1201081","FECHADURA SOPRANO PV200R2I - 03001.0903.91","807088","ROTOR DO FECHO","1"
"1201081","FECHADURA SOPRANO PV200R2I - 03001.0903.91","701084","CAIXA DO FECHO - BRUTO","1"
"1201081","FECHADURA SOPRANO PV200R2I - 03001.0903.91","807102","BLINDAGEM DO FECHO","1"
"1201081","FECHADURA SOPRANO PV200R2I - 03001.0903.91","807105","TRATOR MAÇANETA PV - ZINCADO","1"
"1201081","FECHADURA SOPRANO PV200R2I - 03001.0903.91","807138","VERGALHÃO QUADRADO 8MM PV - ZINCADO","1"
"1201081","FECHADURA SOPRANO PV200R2I - 03001.0903.91","811031","MANUAL FECHADURA ELÉTRICA SOPRANO","1"
"1201081","FECHADURA SOPRANO PV200R2I - 03001.0903.91","811277","ETIQUETA ADES. COUCHE 20MM X 15MM X 04 CAR","1"
"1201081","FECHADURA SOPRANO PV200R2I - 03001.0903.91","811310","ETIQUETA ADES. COUCHE 33MM X 21MM X 03 CAR","1"
"1201081","FECHADURA SOPRANO PV200R2I - 03001.0903.91","811762","SACO ZIP PADRAO - 05X07","1"
"1201081","FECHADURA SOPRANO PV200R2I - 03001.0903.91","811708","CAIXA FECHADURA ELETRICA P/ PORTAS DE VIDRO SOPRANO 13,2 X 11,7 X 11,4","1"
"1201081","FECHADURA SOPRANO PV200R2I - 03001.0903.91","807094","FUNDO ALUMINIO FECHO PV200RF2I - CINZA","1"
"1201081","FECHADURA SOPRANO PV200R2I - 03001.0903.91","807053","BUCHA REDONDA FECHADURA PV -CROMADA","2"
"1201081","FECHADURA SOPRANO PV200R2I - 03001.0903.91","811322","ETIQUETA ADES. BOPP 40MM X 40MM  BRANCA Bt759","1"
"1201081","FECHADURA SOPRANO PV200R2I - 03001.0903.91","810035","ACABAMENTO MAÇANETA BOLA - CROMADO","1"
"1201081","FECHADURA SOPRANO PV200R2I - 03001.0903.91","103760","FIO COBRE ESMALTADO 155 TS 30 AWG","0,010787"
"1201081","FECHADURA SOPRANO PV200R2I - 03001.0903.91","801240","PINO DA CAIXINHA DO FECHO - ZINCADO","1"
"1201081","FECHADURA SOPRANO PV200R2I - 03001.0903.91","811681","AGL SOLAPA PORTA VIDRO 10,5 X 29,5 - CALÇO PV200","1"
"1201082","FECHADURA SOPRANO PV200R1E - 03001.0902.91","805076","ALUMINIO FECHADURA PV 200","1"
"1201082","FECHADURA SOPRANO PV200R1E - 03001.0902.91","806036","CHAPA BATENTE PV200RF1E - CROMADO","1"
"1201082","FECHADURA SOPRANO PV200R1E - 03001.0902.91","401002","PARAFUSO 3.5 X 13 A/A CH. PH - ZI","4"
"1201082","FECHADURA SOPRANO PV200R1E - 03001.0902.91","401008","PARAFUSO PLASTIC PAN PHILLIPS 3 X 8 ZB","2"
"1201082","FECHADURA SOPRANO PV200R1E - 03001.0902.91","401023","PARAFUSO MET M3.5 X 8 CH. PH - ZI","4"
"1201082","FECHADURA SOPRANO PV200R1E - 03001.0902.91","401034","PARAFUSO PLASTIC 3 X 6 CH. PH - ZI","2"
"1201082","FECHADURA SOPRANO PV200R1E - 03001.0902.91","401083","PF MET CH PHS M4X12MM ZI","2"
"1201082","FECHADURA SOPRANO PV200R1E - 03001.0902.91","401089","PARAFUSO MET M3 X 8MM CH PHS ZI","4"
"1201082","FECHADURA SOPRANO PV200R1E - 03001.0902.91","401100","PARAFUSO M3 X 12 CC. PH - ZI","1"
"1201082","FECHADURA SOPRANO PV200R1E - 03001.0902.91","401101","PARAFUSO M3.5 X 6 CH. PH - ZI","4"
"1201082","FECHADURA SOPRANO PV200R1E - 03001.0902.91","401102","PARAFUSO M4 X 8 CH. PH MET - ZI","5"
"1201082","FECHADURA SOPRANO PV200R1E - 03001.0902.91","403013","MOLA DE RETORNO DA MAÇANETA FECHADURA PV","1"
"1201082","FECHADURA SOPRANO PV200R1E - 03001.0902.91","403014","MOLA DE RETORNO DA TRAVA MAIOR","1"
"1201082","FECHADURA SOPRANO PV200R1E - 03001.0902.91","403016","MOLA DE RETORNO DO DISPOSITIVO DE MEMORIA","1"
"1201082","FECHADURA SOPRANO PV200R1E - 03001.0902.91","403017","MOLA DE RETORNO DO ROTOR","1"
"1201082","FECHADURA SOPRANO PV200R1E - 03001.0902.91","403018","MOLA DE RETORNO DA TRAVA MENOR","1"
"1201082","FECHADURA SOPRANO PV200R1E - 03001.0902.91","403022","MOLA PV200 RETORNO DA LINGUETA","1"
"1201082","FECHADURA SOPRANO PV200R1E - 03001.0902.91","403025","MOLA DO ARIETE","1"
"1201082","FECHADURA SOPRANO PV200R1E - 03001.0902.91","404019","CONJUNTO CILINDRO FECHADURA PORTA DE VIDRO 1 CIL.SOPRANO","1"
"1201082","FECHADURA SOPRANO PV200R1E - 03001.0902.91","708018","CORPO DO ARIETE 4,76 X 29MM C/ DIAM 1,6MM - ZINCADO","1"
"1201082","FECHADURA SOPRANO PV200R1E - 03001.0902.91","708021","LUVA DO ARIETE 10MM - ZINCADO","1"
"1201082","FECHADURA SOPRANO PV200R1E - 03001.0902.91","801208","EIXO DO ROTOR - ZINCADO","1"
"1201082","FECHADURA SOPRANO PV200R1E - 03001.0902.91","804210","ARRUELA MAÇANETA PV","1"
"1201082","FECHADURA SOPRANO PV200R1E - 03001.0902.91","804212","ENCOSTO PARA CHAPA DO BATENTE PV","1"
"1201082","FECHADURA SOPRANO PV200R1E - 03001.0902.91","804321","CARRETEL DO FECHO","1"
"1201082","FECHADURA SOPRANO PV200R1E - 03001.0902.91","804323","ACABAMENTO RECORTE PV","1"
"1201082","FECHADURA SOPRANO PV200R1E - 03001.0902.91","804428","SOQUETE DO FECHO ELETRICO","1"
"1201082","FECHADURA SOPRANO PV200R1E - 03001.0902.91","804468","PONTA DO ARIETE 2,55 X 26MM","1"
"1201082","FECHADURA SOPRANO PV200R1E - 03001.0902.91","805088","NARIZ CILINDRO PVR - ZINCADO","1"
"1201082","FECHADURA SOPRANO PV200R1E - 03001.0902.91","805089","BASE FIXAÇÃO MAÇANETA","1"
"1201082","FECHADURA SOPRANO PV200R1E - 03001.0902.91","806055","CHAPA PUXADOR PV200R1I/E P/ 1 OU 2 CILINDROS (MAIOR)","2"
"1201082","FECHADURA SOPRANO PV200R1E - 03001.0902.91","806082","TERMINAL DE LATÃO DO SOQUETE","2"
"1201082","FECHADURA SOPRANO PV200R1E - 03001.0902.91","807002","TRAVA MENOR FECHO PV","1"
"1201082","FECHADURA SOPRANO PV200R1E - 03001.0902.91","807003","TRAVA MAIOR FECHO PV","1"
"1201082","FECHADURA SOPRANO PV200R1E - 03001.0902.91","807049","DISPOSITIVO DE MEMORIA FECHO PV - ZINCADO","1"
"1201082","FECHADURA SOPRANO PV200R1E - 03001.0902.91","807069","LINGUETA DAS FECHADURAS PV","1"
"1201082","FECHADURA SOPRANO PV200R1E - 03001.0902.91","807088","ROTOR DO FECHO","1"
"1201082","FECHADURA SOPRANO PV200R1E - 03001.0902.91","701084","CAIXA DO FECHO - BRUTO","1"
"1201082","FECHADURA SOPRANO PV200R1E - 03001.0902.91","807102","BLINDAGEM DO FECHO","1"
"1201082","FECHADURA SOPRANO PV200R1E - 03001.0902.91","807105","TRATOR MAÇANETA PV - ZINCADO","1"
"1201082","FECHADURA SOPRANO PV200R1E - 03001.0902.91","807106","TAMPA DO FECHO DE METAL","1"
"1201082","FECHADURA SOPRANO PV200R1E - 03001.0902.91","807138","VERGALHÃO QUADRADO 8MM PV - ZINCADO","1"
"1201082","FECHADURA SOPRANO PV200R1E - 03001.0902.91","811031","MANUAL FECHADURA ELÉTRICA SOPRANO","1"
"1201082","FECHADURA SOPRANO PV200R1E - 03001.0902.91","811277","ETIQUETA ADES. COUCHE 20MM X 15MM X 04 CAR","1"
"1201082","FECHADURA SOPRANO PV200R1E - 03001.0902.91","811310","ETIQUETA ADES. COUCHE 33MM X 21MM X 03 CAR","1"
"1201082","FECHADURA SOPRANO PV200R1E - 03001.0902.91","811762","SACO ZIP PADRAO - 05X07","1"
"1201082","FECHADURA SOPRANO PV200R1E - 03001.0902.91","811708","CAIXA FECHADURA ELETRICA P/ PORTAS DE VIDRO SOPRANO 13,2 X 11,7 X 11,4","1"
"1201082","FECHADURA SOPRANO PV200R1E - 03001.0902.91","807053","BUCHA REDONDA FECHADURA PV -CROMADA","2"
"1201082","FECHADURA SOPRANO PV200R1E - 03001.0902.91","807053","BUCHA REDONDA FECHADURA PV -CROMADA","1"
"1201082","FECHADURA SOPRANO PV200R1E - 03001.0902.91","811322","ETIQUETA ADES. BOPP 40MM X 40MM  BRANCA Bt759","1"
"1201082","FECHADURA SOPRANO PV200R1E - 03001.0902.91","807098","FUNDO ALUMINIO LINGUETA PV200RF1I/E - CINZA","1"
"1201082","FECHADURA SOPRANO PV200R1E - 03001.0902.91","807056","MAÇANETA ALAVANCA - CROMADA","1"
"1201082","FECHADURA SOPRANO PV200R1E - 03001.0902.91","103760","FIO COBRE ESMALTADO 155 TS 30 AWG","0,010787"
"1201082","FECHADURA SOPRANO PV200R1E - 03001.0902.91","801240","PINO DA CAIXINHA DO FECHO - ZINCADO","1"
"1201082","FECHADURA SOPRANO PV200R1E - 03001.0902.91","811681","AGL SOLAPA PORTA VIDRO 10,5 X 29,5 - CALÇO PV200","1"
"1201083","FECHADURA SOPRANO PVR2E - 03001.0901.91","806016","CHAPA FECHO PVR2E - CROMADA","1"
"1201083","FECHADURA SOPRANO PVR2E - 03001.0901.91","806011","FUNDO ZAMAC LINGUETA PVRF2E - CINZA","1"
"1201083","FECHADURA SOPRANO PVR2E - 03001.0901.91","807077","FUNDO ZAMAC FECHO PV R/F 2E - CINZA","1"
"1201083","FECHADURA SOPRANO PVR2E - 03001.0901.91","806042","ALUMINIO FECHADURA PVRF2E","1"
"1201083","FECHADURA SOPRANO PVR2E - 03001.0901.91","806045","ALUMINIO DO BATENTE PVRF2E","1"
"1201083","FECHADURA SOPRANO PVR2E - 03001.0901.91","401008","PARAFUSO PLASTIC PAN PHILLIPS 3 X 8 ZB","2"
"1201083","FECHADURA SOPRANO PVR2E - 03001.0901.91","401023","PARAFUSO MET M3.5 X 8 CH. PH - ZI","8"
"1201083","FECHADURA SOPRANO PVR2E - 03001.0901.91","401034","PARAFUSO PLASTIC 3 X 6 CH. PH - ZI","2"
"1201083","FECHADURA SOPRANO PVR2E - 03001.0901.91","401083","PF MET CH PHS M4X12MM ZI","4"
"1201083","FECHADURA SOPRANO PVR2E - 03001.0901.91","401089","PARAFUSO MET M3 X 8MM CH PHS ZI","2"
"1201083","FECHADURA SOPRANO PVR2E - 03001.0901.91","401100","PARAFUSO M3 X 12 CC. PH - ZI","1"
"1201083","FECHADURA SOPRANO PVR2E - 03001.0901.91","401101","PARAFUSO M3.5 X 6 CH. PH - ZI","8"
"1201083","FECHADURA SOPRANO PVR2E - 03001.0901.91","403013","MOLA DE RETORNO DA MAÇANETA FECHADURA PV","1"
"1201083","FECHADURA SOPRANO PVR2E - 03001.0901.91","403014","MOLA DE RETORNO DA TRAVA MAIOR","1"
"1201083","FECHADURA SOPRANO PVR2E - 03001.0901.91","403016","MOLA DE RETORNO DO DISPOSITIVO DE MEMORIA","1"
"1201083","FECHADURA SOPRANO PVR2E - 03001.0901.91","403017","MOLA DE RETORNO DO ROTOR","1"
"1201083","FECHADURA SOPRANO PVR2E - 03001.0901.91","403018","MOLA DE RETORNO DA TRAVA MENOR","1"
"1201083","FECHADURA SOPRANO PVR2E - 03001.0901.91","403025","MOLA DO ARIETE","1"
"1201083","FECHADURA SOPRANO PVR2E - 03001.0901.91","404019","CONJUNTO CILINDRO FECHADURA PORTA DE VIDRO 1 CIL.SOPRANO","1"
"1201083","FECHADURA SOPRANO PVR2E - 03001.0901.91","708018","CORPO DO ARIETE 4,76 X 29MM C/ DIAM 1,6MM - ZINCADO","1"
"1201083","FECHADURA SOPRANO PVR2E - 03001.0901.91","708021","LUVA DO ARIETE 10MM - ZINCADO","1"
"1201083","FECHADURA SOPRANO PVR2E - 03001.0901.91","801208","EIXO DO ROTOR - ZINCADO","1"
"1201083","FECHADURA SOPRANO PVR2E - 03001.0901.91","804321","CARRETEL DO FECHO","1"
"1201083","FECHADURA SOPRANO PVR2E - 03001.0901.91","804323","ACABAMENTO RECORTE PV","2"
"1201083","FECHADURA SOPRANO PVR2E - 03001.0901.91","804428","SOQUETE DO FECHO ELETRICO","1"
"1201083","FECHADURA SOPRANO PVR2E - 03001.0901.91","804468","PONTA DO ARIETE 2,55 X 26MM","1"
"1201083","FECHADURA SOPRANO PVR2E - 03001.0901.91","805088","NARIZ CILINDRO PVR - ZINCADO","1"
"1201083","FECHADURA SOPRANO PVR2E - 03001.0901.91","805089","BASE FIXAÇÃO MAÇANETA","1"
"1201083","FECHADURA SOPRANO PVR2E - 03001.0901.91","806008","CHAPA PUXADOR PV200R2E P/ 1 OU 2 CILINDROS (MAIOR)","1"
"1201083","FECHADURA SOPRANO PVR2E - 03001.0901.91","806082","TERMINAL DE LATÃO DO SOQUETE","2"
"1201083","FECHADURA SOPRANO PVR2E - 03001.0901.91","807002","TRAVA MENOR FECHO PV","1"
"1201083","FECHADURA SOPRANO PVR2E - 03001.0901.91","807003","TRAVA MAIOR FECHO PV","1"
"1201083","FECHADURA SOPRANO PVR2E - 03001.0901.91","807049","DISPOSITIVO DE MEMORIA FECHO PV - ZINCADO","1"
"1201083","FECHADURA SOPRANO PVR2E - 03001.0901.91","807069","LINGUETA DAS FECHADURAS PV","1"
"1201083","FECHADURA SOPRANO PVR2E - 03001.0901.91","807088","ROTOR DO FECHO","1"
"1201083","FECHADURA SOPRANO PVR2E - 03001.0901.91","701084","CAIXA DO FECHO - BRUTO","1"
"1201083","FECHADURA SOPRANO PVR2E - 03001.0901.91","807102","BLINDAGEM DO FECHO","1"
"1201083","FECHADURA SOPRANO PVR2E - 03001.0901.91","807105","TRATOR MAÇANETA PV - ZINCADO","1"
"1201083","FECHADURA SOPRANO PVR2E - 03001.0901.91","807106","TAMPA DO FECHO DE METAL","1"
"1201083","FECHADURA SOPRANO PVR2E - 03001.0901.91","807138","VERGALHÃO QUADRADO 8MM PV - ZINCADO","1"
"1201083","FECHADURA SOPRANO PVR2E - 03001.0901.91","811031","MANUAL FECHADURA ELÉTRICA SOPRANO","1"
"1201083","FECHADURA SOPRANO PVR2E - 03001.0901.91","811277","ETIQUETA ADES. COUCHE 20MM X 15MM X 04 CAR","1"
"1201083","FECHADURA SOPRANO PVR2E - 03001.0901.91","811310","ETIQUETA ADES. COUCHE 33MM X 21MM X 03 CAR","1"
"1201083","FECHADURA SOPRANO PVR2E - 03001.0901.91","811762","SACO ZIP PADRAO - 05X07","1"
"1201083","FECHADURA SOPRANO PVR2E - 03001.0901.91","811708","CAIXA FECHADURA ELETRICA P/ PORTAS DE VIDRO SOPRANO 13,2 X 11,7 X 11,4","1"
"1201083","FECHADURA SOPRANO PVR2E - 03001.0901.91","807053","BUCHA REDONDA FECHADURA PV -CROMADA","2"
"1201083","FECHADURA SOPRANO PVR2E - 03001.0901.91","811322","ETIQUETA ADES. BOPP 40MM X 40MM  BRANCA Bt759","1"
"1201083","FECHADURA SOPRANO PVR2E - 03001.0901.91","807056","MAÇANETA ALAVANCA - CROMADA","1"
"1201083","FECHADURA SOPRANO PVR2E - 03001.0901.91","103760","FIO COBRE ESMALTADO 155 TS 30 AWG","0,010787"
"1201083","FECHADURA SOPRANO PVR2E - 03001.0901.91","801240","PINO DA CAIXINHA DO FECHO - ZINCADO","1"
"1201083","FECHADURA SOPRANO PVR2E - 03001.0901.91","403070","MOLA PVR RETORNO DA LINGUETA","1"
"1201083","FECHADURA SOPRANO PVR2E - 03001.0901.91","811681","AGL SOLAPA PORTA VIDRO 10,5 X 29,5 - CALÇO PV200","1"
"1201085","FECHADURA SEG PV200F2I - CZ","806007","CHAPA S/ PUXADOR PVF2I - CROMADO","1"
"1201085","FECHADURA SEG PV200F2I - CZ","806022","CHAPA FECHO PVF2E - CROMADA","1"
"1201085","FECHADURA SEG PV200F2I - CZ","805076","ALUMINIO FECHADURA PV 200","1"
"1201085","FECHADURA SEG PV200F2I - CZ","806045","ALUMINIO DO BATENTE PVRF2E","1"
"1201085","FECHADURA SEG PV200F2I - CZ","807090","FUNDO ALUMINIO LINGUETA PV200RF2I - CINZA","1"
"1201085","FECHADURA SEG PV200F2I - CZ","807052","MAÇANETA BOLA - CROMADA","1"
"1201085","FECHADURA SEG PV200F2I - CZ","401008","PARAFUSO PLASTIC PAN PHILLIPS 3 X 8 ZB","2"
"1201085","FECHADURA SEG PV200F2I - CZ","401023","PARAFUSO MET M3.5 X 8 CH. PH - ZI","4"
"1201085","FECHADURA SEG PV200F2I - CZ","401034","PARAFUSO PLASTIC 3 X 6 CH. PH - ZI","2"
"1201085","FECHADURA SEG PV200F2I - CZ","401083","PF MET CH PHS M4X12MM ZI","4"
"1201085","FECHADURA SEG PV200F2I - CZ","401089","PARAFUSO MET M3 X 8MM CH PHS ZI","2"
"1201085","FECHADURA SEG PV200F2I - CZ","401100","PARAFUSO M3 X 12 CC. PH - ZI","1"
"1201085","FECHADURA SEG PV200F2I - CZ","401101","PARAFUSO M3.5 X 6 CH. PH - ZI","8"
"1201085","FECHADURA SEG PV200F2I - CZ","401102","PARAFUSO M4 X 8 CH. PH MET - ZI","5"
"1201085","FECHADURA SEG PV200F2I - CZ","403013","MOLA DE RETORNO DA MAÇANETA FECHADURA PV","1"
"1201085","FECHADURA SEG PV200F2I - CZ","403014","MOLA DE RETORNO DA TRAVA MAIOR","1"
"1201085","FECHADURA SEG PV200F2I - CZ","403016","MOLA DE RETORNO DO DISPOSITIVO DE MEMORIA","1"
"1201085","FECHADURA SEG PV200F2I - CZ","403017","MOLA DE RETORNO DO ROTOR","1"
"1201085","FECHADURA SEG PV200F2I - CZ","403018","MOLA DE RETORNO DA TRAVA MENOR","1"
"1201085","FECHADURA SEG PV200F2I - CZ","403022","MOLA PV200 RETORNO DA LINGUETA","1"
"1201085","FECHADURA SEG PV200F2I - CZ","403025","MOLA DO ARIETE","1"
"1201085","FECHADURA SEG PV200F2I - CZ","404015","CONJUNTO CILINDRO FECHADURA PORTA DE VIDRO 1 CIL.","1"
"1201085","FECHADURA SEG PV200F2I - CZ","708018","CORPO DO ARIETE 4,76 X 29MM C/ DIAM 1,6MM - ZINCADO","1"
"1201085","FECHADURA SEG PV200F2I - CZ","708021","LUVA DO ARIETE 10MM - ZINCADO","1"
"1201085","FECHADURA SEG PV200F2I - CZ","801208","EIXO DO ROTOR - ZINCADO","1"
"1201085","FECHADURA SEG PV200F2I - CZ","804210","ARRUELA MAÇANETA PV","1"
"1201085","FECHADURA SEG PV200F2I - CZ","804306","TAMPA PLASTICA DO FECHO","1"
"1201085","FECHADURA SEG PV200F2I - CZ","804321","CARRETEL DO FECHO","1"
"1201085","FECHADURA SEG PV200F2I - CZ","804428","SOQUETE DO FECHO ELETRICO","1"
"1201085","FECHADURA SEG PV200F2I - CZ","804468","PONTA DO ARIETE 2,55 X 26MM","1"
"1201085","FECHADURA SEG PV200F2I - CZ","805087","NARIZ CILINDRO PV200 - ZINCADO","1"
"1201085","FECHADURA SEG PV200F2I - CZ","805089","BASE FIXAÇÃO MAÇANETA","1"
"1201085","FECHADURA SEG PV200F2I - CZ","806082","TERMINAL DE LATÃO DO SOQUETE","2"
"1201085","FECHADURA SEG PV200F2I - CZ","807002","TRAVA MENOR FECHO PV","1"
"1201085","FECHADURA SEG PV200F2I - CZ","807003","TRAVA MAIOR FECHO PV","1"
"1201085","FECHADURA SEG PV200F2I - CZ","807049","DISPOSITIVO DE MEMORIA FECHO PV - ZINCADO","1"
"1201085","FECHADURA SEG PV200F2I - CZ","807069","LINGUETA DAS FECHADURAS PV","1"
"1201085","FECHADURA SEG PV200F2I - CZ","807088","ROTOR DO FECHO","1"
"1201085","FECHADURA SEG PV200F2I - CZ","701084","CAIXA DO FECHO - BRUTO","1"
"1201085","FECHADURA SEG PV200F2I - CZ","807102","BLINDAGEM DO FECHO","1"
"1201085","FECHADURA SEG PV200F2I - CZ","807105","TRATOR MAÇANETA PV - ZINCADO","1"
"1201085","FECHADURA SEG PV200F2I - CZ","807138","VERGALHÃO QUADRADO 8MM PV - ZINCADO","1"
"1201085","FECHADURA SEG PV200F2I - CZ","811277","ETIQUETA ADES. COUCHE 20MM X 15MM X 04 CAR","1"
"1201085","FECHADURA SEG PV200F2I - CZ","811310","ETIQUETA ADES. COUCHE 33MM X 21MM X 03 CAR","1"
"1201085","FECHADURA SEG PV200F2I - CZ","811588","CAIXA FECHADURA ELETRICA P/ PORTAS DE VIDRO SEG 10,5 X 29,5","1"
"1201085","FECHADURA SEG PV200F2I - CZ","811762","SACO ZIP PADRAO - 05X07","1"
"1201085","FECHADURA SEG PV200F2I - CZ","807094","FUNDO ALUMINIO FECHO PV200RF2I - CINZA","1"
"1201085","FECHADURA SEG PV200F2I - CZ","807053","BUCHA REDONDA FECHADURA PV -CROMADA","2"
"1201085","FECHADURA SEG PV200F2I - CZ","811322","ETIQUETA ADES. BOPP 40MM X 40MM  BRANCA Bt759","1"
"1201085","FECHADURA SEG PV200F2I - CZ","810035","ACABAMENTO MAÇANETA BOLA - CROMADO","1"
"1201085","FECHADURA SEG PV200F2I - CZ","103760","FIO COBRE ESMALTADO 155 TS 30 AWG","0,010787"
"1201085","FECHADURA SEG PV200F2I - CZ","801240","PINO DA CAIXINHA DO FECHO - ZINCADO","1"
"1201085","FECHADURA SEG PV200F2I - CZ","811681","AGL SOLAPA PORTA VIDRO 10,5 X 29,5 - CALÇO PV200","1"
"1201085","FECHADURA SEG PV200F2I - CZ","102817","CHAVE SIMPLES VIRGEM AGL - SEM LOGO","2"
"1201086","FECHADURA SEG PV200F1E - CZ","805076","ALUMINIO FECHADURA PV 200","1"
"1201086","FECHADURA SEG PV200F1E - CZ","806036","CHAPA BATENTE PV200RF1E - CROMADO","1"
"1201086","FECHADURA SEG PV200F1E - CZ","401002","PARAFUSO 3.5 X 13 A/A CH. PH - ZI","4"
"1201086","FECHADURA SEG PV200F1E - CZ","401008","PARAFUSO PLASTIC PAN PHILLIPS 3 X 8 ZB","2"
"1201086","FECHADURA SEG PV200F1E - CZ","401023","PARAFUSO MET M3.5 X 8 CH. PH - ZI","4"
"1201086","FECHADURA SEG PV200F1E - CZ","401034","PARAFUSO PLASTIC 3 X 6 CH. PH - ZI","2"
"1201086","FECHADURA SEG PV200F1E - CZ","401083","PF MET CH PHS M4X12MM ZI","2"
"1201086","FECHADURA SEG PV200F1E - CZ","401089","PARAFUSO MET M3 X 8MM CH PHS ZI","4"
"1201086","FECHADURA SEG PV200F1E - CZ","401100","PARAFUSO M3 X 12 CC. PH - ZI","1"
"1201086","FECHADURA SEG PV200F1E - CZ","401101","PARAFUSO M3.5 X 6 CH. PH - ZI","4"
"1201086","FECHADURA SEG PV200F1E - CZ","401102","PARAFUSO M4 X 8 CH. PH MET - ZI","5"
"1201086","FECHADURA SEG PV200F1E - CZ","403013","MOLA DE RETORNO DA MAÇANETA FECHADURA PV","1"
"1201086","FECHADURA SEG PV200F1E - CZ","403014","MOLA DE RETORNO DA TRAVA MAIOR","1"
"1201086","FECHADURA SEG PV200F1E - CZ","403016","MOLA DE RETORNO DO DISPOSITIVO DE MEMORIA","1"
"1201086","FECHADURA SEG PV200F1E - CZ","403017","MOLA DE RETORNO DO ROTOR","1"
"1201086","FECHADURA SEG PV200F1E - CZ","403018","MOLA DE RETORNO DA TRAVA MENOR","1"
"1201086","FECHADURA SEG PV200F1E - CZ","403022","MOLA PV200 RETORNO DA LINGUETA","1"
"1201086","FECHADURA SEG PV200F1E - CZ","403025","MOLA DO ARIETE","1"
"1201086","FECHADURA SEG PV200F1E - CZ","404015","CONJUNTO CILINDRO FECHADURA PORTA DE VIDRO 1 CIL.","1"
"1201086","FECHADURA SEG PV200F1E - CZ","708018","CORPO DO ARIETE 4,76 X 29MM C/ DIAM 1,6MM - ZINCADO","1"
"1201086","FECHADURA SEG PV200F1E - CZ","708021","LUVA DO ARIETE 10MM - ZINCADO","1"
"1201086","FECHADURA SEG PV200F1E - CZ","801208","EIXO DO ROTOR - ZINCADO","1"
"1201086","FECHADURA SEG PV200F1E - CZ","804210","ARRUELA MAÇANETA PV","1"
"1201086","FECHADURA SEG PV200F1E - CZ","804212","ENCOSTO PARA CHAPA DO BATENTE PV","1"
"1201086","FECHADURA SEG PV200F1E - CZ","804321","CARRETEL DO FECHO","1"
"1201086","FECHADURA SEG PV200F1E - CZ","804428","SOQUETE DO FECHO ELETRICO","1"
"1201086","FECHADURA SEG PV200F1E - CZ","804468","PONTA DO ARIETE 2,55 X 26MM","1"
"1201086","FECHADURA SEG PV200F1E - CZ","805087","NARIZ CILINDRO PV200 - ZINCADO","1"
"1201086","FECHADURA SEG PV200F1E - CZ","805089","BASE FIXAÇÃO MAÇANETA","1"
"1201086","FECHADURA SEG PV200F1E - CZ","806035","CHAPA PUXADOR PV200F1I/E P/ 1 OU 2 CILINDROS (MAIOR)","2"
"1201086","FECHADURA SEG PV200F1E - CZ","806082","TERMINAL DE LATÃO DO SOQUETE","2"
"1201086","FECHADURA SEG PV200F1E - CZ","807002","TRAVA MENOR FECHO PV","1"
"1201086","FECHADURA SEG PV200F1E - CZ","807003","TRAVA MAIOR FECHO PV","1"
"1201086","FECHADURA SEG PV200F1E - CZ","807049","DISPOSITIVO DE MEMORIA FECHO PV - ZINCADO","1"
"1201086","FECHADURA SEG PV200F1E - CZ","807069","LINGUETA DAS FECHADURAS PV","1"
"1201086","FECHADURA SEG PV200F1E - CZ","807088","ROTOR DO FECHO","1"
"1201086","FECHADURA SEG PV200F1E - CZ","701084","CAIXA DO FECHO - BRUTO","1"
"1201086","FECHADURA SEG PV200F1E - CZ","807102","BLINDAGEM DO FECHO","1"
"1201086","FECHADURA SEG PV200F1E - CZ","807105","TRATOR MAÇANETA PV - ZINCADO","1"
"1201086","FECHADURA SEG PV200F1E - CZ","807106","TAMPA DO FECHO DE METAL","1"
"1201086","FECHADURA SEG PV200F1E - CZ","807138","VERGALHÃO QUADRADO 8MM PV - ZINCADO","1"
"1201086","FECHADURA SEG PV200F1E - CZ","811277","ETIQUETA ADES. COUCHE 20MM X 15MM X 04 CAR","1"
"1201086","FECHADURA SEG PV200F1E - CZ","811310","ETIQUETA ADES. COUCHE 33MM X 21MM X 03 CAR","1"
"1201086","FECHADURA SEG PV200F1E - CZ","811588","CAIXA FECHADURA ELETRICA P/ PORTAS DE VIDRO SEG 10,5 X 29,5","1"
"1201086","FECHADURA SEG PV200F1E - CZ","811762","SACO ZIP PADRAO - 05X07","1"
"1201086","FECHADURA SEG PV200F1E - CZ","807053","BUCHA REDONDA FECHADURA PV -CROMADA","2"
"1201086","FECHADURA SEG PV200F1E - CZ","807053","BUCHA REDONDA FECHADURA PV -CROMADA","1"
"1201086","FECHADURA SEG PV200F1E - CZ","811322","ETIQUETA ADES. BOPP 40MM X 40MM  BRANCA Bt759","1"
"1201086","FECHADURA SEG PV200F1E - CZ","807098","FUNDO ALUMINIO LINGUETA PV200RF1I/E - CINZA","1"
"1201086","FECHADURA SEG PV200F1E - CZ","807056","MAÇANETA ALAVANCA - CROMADA","1"
"1201086","FECHADURA SEG PV200F1E - CZ","103760","FIO COBRE ESMALTADO 155 TS 30 AWG","0,010787"
"1201086","FECHADURA SEG PV200F1E - CZ","801240","PINO DA CAIXINHA DO FECHO - ZINCADO","1"
"1201086","FECHADURA SEG PV200F1E - CZ","811681","AGL SOLAPA PORTA VIDRO 10,5 X 29,5 - CALÇO PV200","1"
"1201086","FECHADURA SEG PV200F1E - CZ","102817","CHAVE SIMPLES VIRGEM AGL - SEM LOGO","2"
"1201087","FECHADURA SEG PVF2E - CROMADA","806022","CHAPA FECHO PVF2E - CROMADA","1"
"1201087","FECHADURA SEG PVF2E - CROMADA","806042","ALUMINIO FECHADURA PVRF2E","1"
"1201087","FECHADURA SEG PVF2E - CROMADA","806045","ALUMINIO DO BATENTE PVRF2E","1"
"1201087","FECHADURA SEG PVF2E - CROMADA","807077","FUNDO ZAMAC FECHO PV R/F 2E - CINZA","1"
"1201087","FECHADURA SEG PVF2E - CROMADA","806081","FUNDO ZAMAC LINGUETA PVRF2E - CROMADA","1"
"1201087","FECHADURA SEG PVF2E - CROMADA","401008","PARAFUSO PLASTIC PAN PHILLIPS 3 X 8 ZB","2"
"1201087","FECHADURA SEG PVF2E - CROMADA","401023","PARAFUSO MET M3.5 X 8 CH. PH - ZI","8"
"1201087","FECHADURA SEG PVF2E - CROMADA","401034","PARAFUSO PLASTIC 3 X 6 CH. PH - ZI","2"
"1201087","FECHADURA SEG PVF2E - CROMADA","401083","PF MET CH PHS M4X12MM ZI","4"
"1201087","FECHADURA SEG PVF2E - CROMADA","401089","PARAFUSO MET M3 X 8MM CH PHS ZI","2"
"1201087","FECHADURA SEG PVF2E - CROMADA","401100","PARAFUSO M3 X 12 CC. PH - ZI","1"
"1201087","FECHADURA SEG PVF2E - CROMADA","401101","PARAFUSO M3.5 X 6 CH. PH - ZI","8"
"1201087","FECHADURA SEG PVF2E - CROMADA","401102","PARAFUSO M4 X 8 CH. PH MET - ZI","1"
"1201087","FECHADURA SEG PVF2E - CROMADA","403013","MOLA DE RETORNO DA MAÇANETA FECHADURA PV","1"
"1201087","FECHADURA SEG PVF2E - CROMADA","403014","MOLA DE RETORNO DA TRAVA MAIOR","1"
"1201087","FECHADURA SEG PVF2E - CROMADA","403016","MOLA DE RETORNO DO DISPOSITIVO DE MEMORIA","1"
"1201087","FECHADURA SEG PVF2E - CROMADA","403017","MOLA DE RETORNO DO ROTOR","1"
"1201087","FECHADURA SEG PVF2E - CROMADA","403018","MOLA DE RETORNO DA TRAVA MENOR","1"
"1201087","FECHADURA SEG PVF2E - CROMADA","403025","MOLA DO ARIETE","1"
"1201087","FECHADURA SEG PVF2E - CROMADA","404015","CONJUNTO CILINDRO FECHADURA PORTA DE VIDRO 1 CIL.","1"
"1201087","FECHADURA SEG PVF2E - CROMADA","708018","CORPO DO ARIETE 4,76 X 29MM C/ DIAM 1,6MM - ZINCADO","1"
"1201087","FECHADURA SEG PVF2E - CROMADA","708021","LUVA DO ARIETE 10MM - ZINCADO","1"
"1201087","FECHADURA SEG PVF2E - CROMADA","801208","EIXO DO ROTOR - ZINCADO","1"
"1201087","FECHADURA SEG PVF2E - CROMADA","804321","CARRETEL DO FECHO","1"
"1201087","FECHADURA SEG PVF2E - CROMADA","804428","SOQUETE DO FECHO ELETRICO","1"
"1201087","FECHADURA SEG PVF2E - CROMADA","804468","PONTA DO ARIETE 2,55 X 26MM","1"
"1201087","FECHADURA SEG PVF2E - CROMADA","805088","NARIZ CILINDRO PVR - ZINCADO","1"
"1201087","FECHADURA SEG PVF2E - CROMADA","805089","BASE FIXAÇÃO MAÇANETA","1"
"1201087","FECHADURA SEG PVF2E - CROMADA","806005","CHAPA PUXADOR PVF2E P/ 1 OU 2 CILINDROS (MAIOR)","1"
"1201087","FECHADURA SEG PVF2E - CROMADA","806082","TERMINAL DE LATÃO DO SOQUETE","2"
"1201087","FECHADURA SEG PVF2E - CROMADA","807002","TRAVA MENOR FECHO PV","1"
"1201087","FECHADURA SEG PVF2E - CROMADA","807003","TRAVA MAIOR FECHO PV","1"
"1201087","FECHADURA SEG PVF2E - CROMADA","807049","DISPOSITIVO DE MEMORIA FECHO PV - ZINCADO","1"
"1201087","FECHADURA SEG PVF2E - CROMADA","807069","LINGUETA DAS FECHADURAS PV","1"
"1201087","FECHADURA SEG PVF2E - CROMADA","807088","ROTOR DO FECHO","1"
"1201087","FECHADURA SEG PVF2E - CROMADA","701084","CAIXA DO FECHO - BRUTO","1"
"1201087","FECHADURA SEG PVF2E - CROMADA","807102","BLINDAGEM DO FECHO","1"
"1201087","FECHADURA SEG PVF2E - CROMADA","807105","TRATOR MAÇANETA PV - ZINCADO","1"
"1201087","FECHADURA SEG PVF2E - CROMADA","807106","TAMPA DO FECHO DE METAL","1"
"1201087","FECHADURA SEG PVF2E - CROMADA","807138","VERGALHÃO QUADRADO 8MM PV - ZINCADO","1"
"1201087","FECHADURA SEG PVF2E - CROMADA","811277","ETIQUETA ADES. COUCHE 20MM X 15MM X 04 CAR","1"
"1201087","FECHADURA SEG PVF2E - CROMADA","811310","ETIQUETA ADES. COUCHE 33MM X 21MM X 03 CAR","1"
"1201087","FECHADURA SEG PVF2E - CROMADA","811588","CAIXA FECHADURA ELETRICA P/ PORTAS DE VIDRO SEG 10,5 X 29,5","1"
"1201087","FECHADURA SEG PVF2E - CROMADA","811762","SACO ZIP PADRAO - 05X07","1"
"1201087","FECHADURA SEG PVF2E - CROMADA","807053","BUCHA REDONDA FECHADURA PV -CROMADA","2"
"1201087","FECHADURA SEG PVF2E - CROMADA","811322","ETIQUETA ADES. BOPP 40MM X 40MM  BRANCA Bt759","1"
"1201087","FECHADURA SEG PVF2E - CROMADA","807056","MAÇANETA ALAVANCA - CROMADA","1"
"1201087","FECHADURA SEG PVF2E - CROMADA","103760","FIO COBRE ESMALTADO 155 TS 30 AWG","0,010787"
"1201087","FECHADURA SEG PVF2E - CROMADA","801240","PINO DA CAIXINHA DO FECHO - ZINCADO","1"
"1201087","FECHADURA SEG PVF2E - CROMADA","811681","AGL SOLAPA PORTA VIDRO 10,5 X 29,5 - CALÇO PV200","1"
"1201087","FECHADURA SEG PVF2E - CROMADA","102817","CHAVE SIMPLES VIRGEM AGL - SEM LOGO","2"
"1201088","FECHADURA SEG PV200F2I - CROMADA","806007","CHAPA S/ PUXADOR PVF2I - CROMADO","1"
"1201088","FECHADURA SEG PV200F2I - CROMADA","806022","CHAPA FECHO PVF2E - CROMADA","1"
"1201088","FECHADURA SEG PV200F2I - CROMADA","805076","ALUMINIO FECHADURA PV 200","1"
"1201088","FECHADURA SEG PV200F2I - CROMADA","806045","ALUMINIO DO BATENTE PVRF2E","1"
"1201088","FECHADURA SEG PV200F2I - CROMADA","807090","FUNDO ALUMINIO LINGUETA PV200RF2I - CINZA","1"
"1201088","FECHADURA SEG PV200F2I - CROMADA","807052","MAÇANETA BOLA - CROMADA","1"
"1201088","FECHADURA SEG PV200F2I - CROMADA","807094","FUNDO ALUMINIO FECHO PV200RF2I - CINZA","1"
"1201088","FECHADURA SEG PV200F2I - CROMADA","401008","PARAFUSO PLASTIC PAN PHILLIPS 3 X 8 ZB","2"
"1201088","FECHADURA SEG PV200F2I - CROMADA","401023","PARAFUSO MET M3.5 X 8 CH. PH - ZI","4"
"1201088","FECHADURA SEG PV200F2I - CROMADA","401034","PARAFUSO PLASTIC 3 X 6 CH. PH - ZI","2"
"1201088","FECHADURA SEG PV200F2I - CROMADA","401083","PF MET CH PHS M4X12MM ZI","4"
"1201088","FECHADURA SEG PV200F2I - CROMADA","401089","PARAFUSO MET M3 X 8MM CH PHS ZI","2"
"1201088","FECHADURA SEG PV200F2I - CROMADA","401100","PARAFUSO M3 X 12 CC. PH - ZI","1"
"1201088","FECHADURA SEG PV200F2I - CROMADA","401101","PARAFUSO M3.5 X 6 CH. PH - ZI","8"
"1201088","FECHADURA SEG PV200F2I - CROMADA","401102","PARAFUSO M4 X 8 CH. PH MET - ZI","5"
"1201088","FECHADURA SEG PV200F2I - CROMADA","403013","MOLA DE RETORNO DA MAÇANETA FECHADURA PV","1"
"1201088","FECHADURA SEG PV200F2I - CROMADA","403014","MOLA DE RETORNO DA TRAVA MAIOR","1"
"1201088","FECHADURA SEG PV200F2I - CROMADA","403016","MOLA DE RETORNO DO DISPOSITIVO DE MEMORIA","1"
"1201088","FECHADURA SEG PV200F2I - CROMADA","403017","MOLA DE RETORNO DO ROTOR","1"
"1201088","FECHADURA SEG PV200F2I - CROMADA","403018","MOLA DE RETORNO DA TRAVA MENOR","1"
"1201088","FECHADURA SEG PV200F2I - CROMADA","403022","MOLA PV200 RETORNO DA LINGUETA","1"
"1201088","FECHADURA SEG PV200F2I - CROMADA","403025","MOLA DO ARIETE","1"
"1201088","FECHADURA SEG PV200F2I - CROMADA","404015","CONJUNTO CILINDRO FECHADURA PORTA DE VIDRO 1 CIL.","1"
"1201088","FECHADURA SEG PV200F2I - CROMADA","708018","CORPO DO ARIETE 4,76 X 29MM C/ DIAM 1,6MM - ZINCADO","1"
"1201088","FECHADURA SEG PV200F2I - CROMADA","708021","LUVA DO ARIETE 10MM - ZINCADO","1"
"1201088","FECHADURA SEG PV200F2I - CROMADA","801208","EIXO DO ROTOR - ZINCADO","1"
"1201088","FECHADURA SEG PV200F2I - CROMADA","804210","ARRUELA MAÇANETA PV","1"
"1201088","FECHADURA SEG PV200F2I - CROMADA","804306","TAMPA PLASTICA DO FECHO","1"
"1201088","FECHADURA SEG PV200F2I - CROMADA","804321","CARRETEL DO FECHO","1"
"1201088","FECHADURA SEG PV200F2I - CROMADA","804428","SOQUETE DO FECHO ELETRICO","1"
"1201088","FECHADURA SEG PV200F2I - CROMADA","804468","PONTA DO ARIETE 2,55 X 26MM","1"
"1201088","FECHADURA SEG PV200F2I - CROMADA","805087","NARIZ CILINDRO PV200 - ZINCADO","1"
"1201088","FECHADURA SEG PV200F2I - CROMADA","805089","BASE FIXAÇÃO MAÇANETA","1"
"1201088","FECHADURA SEG PV200F2I - CROMADA","806082","TERMINAL DE LATÃO DO SOQUETE","2"
"1201088","FECHADURA SEG PV200F2I - CROMADA","807002","TRAVA MENOR FECHO PV","1"
"1201088","FECHADURA SEG PV200F2I - CROMADA","807003","TRAVA MAIOR FECHO PV","1"
"1201088","FECHADURA SEG PV200F2I - CROMADA","807049","DISPOSITIVO DE MEMORIA FECHO PV - ZINCADO","1"
"1201088","FECHADURA SEG PV200F2I - CROMADA","807069","LINGUETA DAS FECHADURAS PV","1"
"1201088","FECHADURA SEG PV200F2I - CROMADA","807088","ROTOR DO FECHO","1"
"1201088","FECHADURA SEG PV200F2I - CROMADA","701084","CAIXA DO FECHO - BRUTO","1"
"1201088","FECHADURA SEG PV200F2I - CROMADA","807102","BLINDAGEM DO FECHO","1"
"1201088","FECHADURA SEG PV200F2I - CROMADA","807105","TRATOR MAÇANETA PV - ZINCADO","1"
"1201088","FECHADURA SEG PV200F2I - CROMADA","807138","VERGALHÃO QUADRADO 8MM PV - ZINCADO","1"
"1201088","FECHADURA SEG PV200F2I - CROMADA","811277","ETIQUETA ADES. COUCHE 20MM X 15MM X 04 CAR","1"
"1201088","FECHADURA SEG PV200F2I - CROMADA","811310","ETIQUETA ADES. COUCHE 33MM X 21MM X 03 CAR","1"
"1201088","FECHADURA SEG PV200F2I - CROMADA","811588","CAIXA FECHADURA ELETRICA P/ PORTAS DE VIDRO SEG 10,5 X 29,5","1"
"1201088","FECHADURA SEG PV200F2I - CROMADA","811762","SACO ZIP PADRAO - 05X07","1"
"1201088","FECHADURA SEG PV200F2I - CROMADA","807053","BUCHA REDONDA FECHADURA PV -CROMADA","2"
"1201088","FECHADURA SEG PV200F2I - CROMADA","810035","ACABAMENTO MAÇANETA BOLA - CROMADO","1"
"1201088","FECHADURA SEG PV200F2I - CROMADA","811322","ETIQUETA ADES. BOPP 40MM X 40MM  BRANCA Bt759","1"
"1201088","FECHADURA SEG PV200F2I - CROMADA","103760","FIO COBRE ESMALTADO 155 TS 30 AWG","0,010787"
"1201088","FECHADURA SEG PV200F2I - CROMADA","801240","PINO DA CAIXINHA DO FECHO - ZINCADO","1"
"1201088","FECHADURA SEG PV200F2I - CROMADA","811681","AGL SOLAPA PORTA VIDRO 10,5 X 29,5 - CALÇO PV200","1"
"1201088","FECHADURA SEG PV200F2I - CROMADA","102817","CHAVE SIMPLES VIRGEM AGL - SEM LOGO","2"
"1201089","FECHADURA SEG PV200F1I - CROMADA","806031","CHAPA BATENTE PV200RF1I - CROMADO","1"
"1201089","FECHADURA SEG PV200F1I - CROMADA","806028","CHAPA S/ PUXADOR PV200F1I - CROMADO","1"
"1201089","FECHADURA SEG PV200F1I - CROMADA","805076","ALUMINIO FECHADURA PV 200","1"
"1201089","FECHADURA SEG PV200F1I - CROMADA","807052","MAÇANETA BOLA - CROMADA","1"
"1201089","FECHADURA SEG PV200F1I - CROMADA","807098","FUNDO ALUMINIO LINGUETA PV200RF1I/E - CINZA","1"
"1201089","FECHADURA SEG PV200F1I - CROMADA","401002","PARAFUSO 3.5 X 13 A/A CH. PH - ZI","4"
"1201089","FECHADURA SEG PV200F1I - CROMADA","401008","PARAFUSO PLASTIC PAN PHILLIPS 3 X 8 ZB","2"
"1201089","FECHADURA SEG PV200F1I - CROMADA","401023","PARAFUSO MET M3.5 X 8 CH. PH - ZI","4"
"1201089","FECHADURA SEG PV200F1I - CROMADA","401034","PARAFUSO PLASTIC 3 X 6 CH. PH - ZI","2"
"1201089","FECHADURA SEG PV200F1I - CROMADA","401083","PF MET CH PHS M4X12MM ZI","2"
"1201089","FECHADURA SEG PV200F1I - CROMADA","401089","PARAFUSO MET M3 X 8MM CH PHS ZI","2"
"1201089","FECHADURA SEG PV200F1I - CROMADA","401100","PARAFUSO M3 X 12 CC. PH - ZI","1"
"1201089","FECHADURA SEG PV200F1I - CROMADA","401101","PARAFUSO M3.5 X 6 CH. PH - ZI","4"
"1201089","FECHADURA SEG PV200F1I - CROMADA","401102","PARAFUSO M4 X 8 CH. PH MET - ZI","5"
"1201089","FECHADURA SEG PV200F1I - CROMADA","403013","MOLA DE RETORNO DA MAÇANETA FECHADURA PV","1"
"1201089","FECHADURA SEG PV200F1I - CROMADA","403014","MOLA DE RETORNO DA TRAVA MAIOR","1"
"1201089","FECHADURA SEG PV200F1I - CROMADA","403016","MOLA DE RETORNO DO DISPOSITIVO DE MEMORIA","1"
"1201089","FECHADURA SEG PV200F1I - CROMADA","403017","MOLA DE RETORNO DO ROTOR","1"
"1201089","FECHADURA SEG PV200F1I - CROMADA","403018","MOLA DE RETORNO DA TRAVA MENOR","1"
"1201089","FECHADURA SEG PV200F1I - CROMADA","403022","MOLA PV200 RETORNO DA LINGUETA","1"
"1201089","FECHADURA SEG PV200F1I - CROMADA","403025","MOLA DO ARIETE","1"
"1201089","FECHADURA SEG PV200F1I - CROMADA","404015","CONJUNTO CILINDRO FECHADURA PORTA DE VIDRO 1 CIL.","1"
"1201089","FECHADURA SEG PV200F1I - CROMADA","708018","CORPO DO ARIETE 4,76 X 29MM C/ DIAM 1,6MM - ZINCADO","1"
"1201089","FECHADURA SEG PV200F1I - CROMADA","708021","LUVA DO ARIETE 10MM - ZINCADO","1"
"1201089","FECHADURA SEG PV200F1I - CROMADA","801208","EIXO DO ROTOR - ZINCADO","1"
"1201089","FECHADURA SEG PV200F1I - CROMADA","804210","ARRUELA MAÇANETA PV","1"
"1201089","FECHADURA SEG PV200F1I - CROMADA","804321","CARRETEL DO FECHO","1"
"1201089","FECHADURA SEG PV200F1I - CROMADA","804324","BLOQUEIO DE CARTÃO PV","1"
"1201089","FECHADURA SEG PV200F1I - CROMADA","804428","SOQUETE DO FECHO ELETRICO","1"
"1201089","FECHADURA SEG PV200F1I - CROMADA","804468","PONTA DO ARIETE 2,55 X 26MM","1"
"1201089","FECHADURA SEG PV200F1I - CROMADA","805087","NARIZ CILINDRO PV200 - ZINCADO","1"
"1201089","FECHADURA SEG PV200F1I - CROMADA","805089","BASE FIXAÇÃO MAÇANETA","1"
"1201089","FECHADURA SEG PV200F1I - CROMADA","806082","TERMINAL DE LATÃO DO SOQUETE","2"
"1201089","FECHADURA SEG PV200F1I - CROMADA","807002","TRAVA MENOR FECHO PV","1"
"1201089","FECHADURA SEG PV200F1I - CROMADA","807003","TRAVA MAIOR FECHO PV","1"
"1201089","FECHADURA SEG PV200F1I - CROMADA","807049","DISPOSITIVO DE MEMORIA FECHO PV - ZINCADO","1"
"1201089","FECHADURA SEG PV200F1I - CROMADA","807069","LINGUETA DAS FECHADURAS PV","1"
"1201089","FECHADURA SEG PV200F1I - CROMADA","807088","ROTOR DO FECHO","1"
"1201089","FECHADURA SEG PV200F1I - CROMADA","701084","CAIXA DO FECHO - BRUTO","1"
"1201089","FECHADURA SEG PV200F1I - CROMADA","807102","BLINDAGEM DO FECHO","1"
"1201089","FECHADURA SEG PV200F1I - CROMADA","807105","TRATOR MAÇANETA PV - ZINCADO","1"
"1201089","FECHADURA SEG PV200F1I - CROMADA","807106","TAMPA DO FECHO DE METAL","1"
"1201089","FECHADURA SEG PV200F1I - CROMADA","807138","VERGALHÃO QUADRADO 8MM PV - ZINCADO","1"
"1201089","FECHADURA SEG PV200F1I - CROMADA","811277","ETIQUETA ADES. COUCHE 20MM X 15MM X 04 CAR","1"
"1201089","FECHADURA SEG PV200F1I - CROMADA","811310","ETIQUETA ADES. COUCHE 33MM X 21MM X 03 CAR","1"
"1201089","FECHADURA SEG PV200F1I - CROMADA","811588","CAIXA FECHADURA ELETRICA P/ PORTAS DE VIDRO SEG 10,5 X 29,5","1"
"1201089","FECHADURA SEG PV200F1I - CROMADA","811762","SACO ZIP PADRAO - 05X07","1"
"1201089","FECHADURA SEG PV200F1I - CROMADA","807053","BUCHA REDONDA FECHADURA PV -CROMADA","2"
"1201089","FECHADURA SEG PV200F1I - CROMADA","811322","ETIQUETA ADES. BOPP 40MM X 40MM  BRANCA Bt759","1"
"1201089","FECHADURA SEG PV200F1I - CROMADA","810035","ACABAMENTO MAÇANETA BOLA - CROMADO","1"
"1201089","FECHADURA SEG PV200F1I - CROMADA","103760","FIO COBRE ESMALTADO 155 TS 30 AWG","0,010787"
"1201089","FECHADURA SEG PV200F1I - CROMADA","801240","PINO DA CAIXINHA DO FECHO - ZINCADO","1"
"1201089","FECHADURA SEG PV200F1I - CROMADA","811681","AGL SOLAPA PORTA VIDRO 10,5 X 29,5 - CALÇO PV200","1"
"1201089","FECHADURA SEG PV200F1I - CROMADA","102817","CHAVE SIMPLES VIRGEM AGL - SEM LOGO","2"
"1201090","FECHADURA SEG PV200R1I C/ 2 CIL - CROMADA","806038","ALUMINIO FECHADURA PV200 C/2 CIL","1"
"1201090","FECHADURA SEG PV200R1I C/ 2 CIL - CROMADA","806036","CHAPA BATENTE PV200RF1E - CROMADO","1"
"1201090","FECHADURA SEG PV200R1I C/ 2 CIL - CROMADA","401002","PARAFUSO 3.5 X 13 A/A CH. PH - ZI","4"
"1201090","FECHADURA SEG PV200R1I C/ 2 CIL - CROMADA","401008","PARAFUSO PLASTIC PAN PHILLIPS 3 X 8 ZB","2"
"1201090","FECHADURA SEG PV200R1I C/ 2 CIL - CROMADA","401023","PARAFUSO MET M3.5 X 8 CH. PH - ZI","6"
"1201090","FECHADURA SEG PV200R1I C/ 2 CIL - CROMADA","401034","PARAFUSO PLASTIC 3 X 6 CH. PH - ZI","2"
"1201090","FECHADURA SEG PV200R1I C/ 2 CIL - CROMADA","401083","PF MET CH PHS M4X12MM ZI","2"
"1201090","FECHADURA SEG PV200R1I C/ 2 CIL - CROMADA","401089","PARAFUSO MET M3 X 8MM CH PHS ZI","4"
"1201090","FECHADURA SEG PV200R1I C/ 2 CIL - CROMADA","401101","PARAFUSO M3.5 X 6 CH. PH - ZI","4"
"1201090","FECHADURA SEG PV200R1I C/ 2 CIL - CROMADA","403014","MOLA DE RETORNO DA TRAVA MAIOR","1"
"1201090","FECHADURA SEG PV200R1I C/ 2 CIL - CROMADA","403016","MOLA DE RETORNO DO DISPOSITIVO DE MEMORIA","1"
"1201090","FECHADURA SEG PV200R1I C/ 2 CIL - CROMADA","403017","MOLA DE RETORNO DO ROTOR","1"
"1201090","FECHADURA SEG PV200R1I C/ 2 CIL - CROMADA","403018","MOLA DE RETORNO DA TRAVA MENOR","1"
"1201090","FECHADURA SEG PV200R1I C/ 2 CIL - CROMADA","403022","MOLA PV200 RETORNO DA LINGUETA","1"
"1201090","FECHADURA SEG PV200R1I C/ 2 CIL - CROMADA","403025","MOLA DO ARIETE","1"
"1201090","FECHADURA SEG PV200R1I C/ 2 CIL - CROMADA","404016","CONJUNTO CILINDRO FECHADURA PORTA DE VIDRO 2 CIL.","2"
"1201090","FECHADURA SEG PV200R1I C/ 2 CIL - CROMADA","708018","CORPO DO ARIETE 4,76 X 29MM C/ DIAM 1,6MM - ZINCADO","1"
"1201090","FECHADURA SEG PV200R1I C/ 2 CIL - CROMADA","708021","LUVA DO ARIETE 10MM - ZINCADO","1"
"1201090","FECHADURA SEG PV200R1I C/ 2 CIL - CROMADA","801208","EIXO DO ROTOR - ZINCADO","1"
"1201090","FECHADURA SEG PV200R1I C/ 2 CIL - CROMADA","804321","CARRETEL DO FECHO","1"
"1201090","FECHADURA SEG PV200R1I C/ 2 CIL - CROMADA","804323","ACABAMENTO RECORTE PV","1"
"1201090","FECHADURA SEG PV200R1I C/ 2 CIL - CROMADA","804324","BLOQUEIO DE CARTÃO PV","1"
"1201090","FECHADURA SEG PV200R1I C/ 2 CIL - CROMADA","804406","ESPACADOR PARA FECHADURA 2 CILINDROS","1"
"1201090","FECHADURA SEG PV200R1I C/ 2 CIL - CROMADA","804428","SOQUETE DO FECHO ELETRICO","1"
"1201090","FECHADURA SEG PV200R1I C/ 2 CIL - CROMADA","804468","PONTA DO ARIETE 2,55 X 26MM","1"
"1201090","FECHADURA SEG PV200R1I C/ 2 CIL - CROMADA","805085","CHAPA DE FIXAÇÃO CILINDRO DUPLO FECH PV - ZINCADA","1"
"1201090","FECHADURA SEG PV200R1I C/ 2 CIL - CROMADA","805087","NARIZ CILINDRO PV200 - ZINCADO","2"
"1201090","FECHADURA SEG PV200R1I C/ 2 CIL - CROMADA","806025","CHAPA PUXADOR PV200RF1IE P/ 1 OU 2 CILINDROS (MENOR)","1"
"1201090","FECHADURA SEG PV200R1I C/ 2 CIL - CROMADA","806035","CHAPA PUXADOR PV200F1I/E P/ 1 OU 2 CILINDROS (MAIOR)","1"
"1201090","FECHADURA SEG PV200R1I C/ 2 CIL - CROMADA","806082","TERMINAL DE LATÃO DO SOQUETE","2"
"1201090","FECHADURA SEG PV200R1I C/ 2 CIL - CROMADA","807002","TRAVA MENOR FECHO PV","1"
"1201090","FECHADURA SEG PV200R1I C/ 2 CIL - CROMADA","807003","TRAVA MAIOR FECHO PV","1"
"1201090","FECHADURA SEG PV200R1I C/ 2 CIL - CROMADA","807049","DISPOSITIVO DE MEMORIA FECHO PV - ZINCADO","1"
"1201090","FECHADURA SEG PV200R1I C/ 2 CIL - CROMADA","807069","LINGUETA DAS FECHADURAS PV","1"
"1201090","FECHADURA SEG PV200R1I C/ 2 CIL - CROMADA","807088","ROTOR DO FECHO","1"
"1201090","FECHADURA SEG PV200R1I C/ 2 CIL - CROMADA","701084","CAIXA DO FECHO - BRUTO","1"
"1201090","FECHADURA SEG PV200R1I C/ 2 CIL - CROMADA","807102","BLINDAGEM DO FECHO","1"
"1201090","FECHADURA SEG PV200R1I C/ 2 CIL - CROMADA","807106","TAMPA DO FECHO DE METAL","1"
"1201090","FECHADURA SEG PV200R1I C/ 2 CIL - CROMADA","811277","ETIQUETA ADES. COUCHE 20MM X 15MM X 04 CAR","1"
"1201090","FECHADURA SEG PV200R1I C/ 2 CIL - CROMADA","811310","ETIQUETA ADES. COUCHE 33MM X 21MM X 03 CAR","1"
"1201090","FECHADURA SEG PV200R1I C/ 2 CIL - CROMADA","811588","CAIXA FECHADURA ELETRICA P/ PORTAS DE VIDRO SEG 10,5 X 29,5","1"
"1201090","FECHADURA SEG PV200R1I C/ 2 CIL - CROMADA","811762","SACO ZIP PADRAO - 05X07","1"
"1201090","FECHADURA SEG PV200R1I C/ 2 CIL - CROMADA","807053","BUCHA REDONDA FECHADURA PV -CROMADA","2"
"1201090","FECHADURA SEG PV200R1I C/ 2 CIL - CROMADA","811322","ETIQUETA ADES. BOPP 40MM X 40MM  BRANCA Bt759","1"
"1201090","FECHADURA SEG PV200R1I C/ 2 CIL - CROMADA","807098","FUNDO ALUMINIO LINGUETA PV200RF1I/E - CINZA","1"
"1201090","FECHADURA SEG PV200R1I C/ 2 CIL - CROMADA","103760","FIO COBRE ESMALTADO 155 TS 30 AWG","0,010787"
"1201090","FECHADURA SEG PV200R1I C/ 2 CIL - CROMADA","801240","PINO DA CAIXINHA DO FECHO - ZINCADO","1"
"1201090","FECHADURA SEG PV200R1I C/ 2 CIL - CROMADA","811681","AGL SOLAPA PORTA VIDRO 10,5 X 29,5 - CALÇO PV200","1"
"1201090","FECHADURA SEG PV200R1I C/ 2 CIL - CROMADA","102817","CHAVE SIMPLES VIRGEM AGL - SEM LOGO","2"
"1201091","FECHADURA AGL PVR2E - BRANCA","806018","CHAPA FECHO PVR2E - BRANCA","1"
"1201091","FECHADURA AGL PVR2E - BRANCA","806090","FRENTE AL LINGUETA PVR - BRANCA","1"
"1201091","FECHADURA AGL PVR2E - BRANCA","806047","FRENTE GR. AL FECHO PVR - BRANCA","1"
"1201091","FECHADURA AGL PVR2E - BRANCA","401008","PARAFUSO PLASTIC PAN PHILLIPS 3 X 8 ZB","2"
"1201091","FECHADURA AGL PVR2E - BRANCA","401023","PARAFUSO MET M3.5 X 8 CH. PH - ZI","8"
"1201091","FECHADURA AGL PVR2E - BRANCA","401034","PARAFUSO PLASTIC 3 X 6 CH. PH - ZI","2"
"1201091","FECHADURA AGL PVR2E - BRANCA","401083","PF MET CH PHS M4X12MM ZI","4"
"1201091","FECHADURA AGL PVR2E - BRANCA","401089","PARAFUSO MET M3 X 8MM CH PHS ZI","2"
"1201091","FECHADURA AGL PVR2E - BRANCA","401100","PARAFUSO M3 X 12 CC. PH - ZI","1"
"1201091","FECHADURA AGL PVR2E - BRANCA","401101","PARAFUSO M3.5 X 6 CH. PH - ZI","8"
"1201091","FECHADURA AGL PVR2E - BRANCA","403013","MOLA DE RETORNO DA MAÇANETA FECHADURA PV","1"
"1201091","FECHADURA AGL PVR2E - BRANCA","403014","MOLA DE RETORNO DA TRAVA MAIOR","1"
"1201091","FECHADURA AGL PVR2E - BRANCA","403016","MOLA DE RETORNO DO DISPOSITIVO DE MEMORIA","1"
"1201091","FECHADURA AGL PVR2E - BRANCA","403017","MOLA DE RETORNO DO ROTOR","1"
"1201091","FECHADURA AGL PVR2E - BRANCA","403018","MOLA DE RETORNO DA TRAVA MENOR","1"
"1201091","FECHADURA AGL PVR2E - BRANCA","403025","MOLA DO ARIETE","1"
"1201091","FECHADURA AGL PVR2E - BRANCA","404015","CONJUNTO CILINDRO FECHADURA PORTA DE VIDRO 1 CIL.","1"
"1201091","FECHADURA AGL PVR2E - BRANCA","708018","CORPO DO ARIETE 4,76 X 29MM C/ DIAM 1,6MM - ZINCADO","1"
"1201091","FECHADURA AGL PVR2E - BRANCA","708021","LUVA DO ARIETE 10MM - ZINCADO","1"
"1201091","FECHADURA AGL PVR2E - BRANCA","801208","EIXO DO ROTOR - ZINCADO","1"
"1201091","FECHADURA AGL PVR2E - BRANCA","804321","CARRETEL DO FECHO","1"
"1201091","FECHADURA AGL PVR2E - BRANCA","804323","ACABAMENTO RECORTE PV","2"
"1201091","FECHADURA AGL PVR2E - BRANCA","804428","SOQUETE DO FECHO ELETRICO","1"
"1201091","FECHADURA AGL PVR2E - BRANCA","804468","PONTA DO ARIETE 2,55 X 26MM","1"
"1201091","FECHADURA AGL PVR2E - BRANCA","805088","NARIZ CILINDRO PVR - ZINCADO","1"
"1201091","FECHADURA AGL PVR2E - BRANCA","805089","BASE FIXAÇÃO MAÇANETA","1"
"1201091","FECHADURA AGL PVR2E - BRANCA","806002","FUNDO ZAMAC LINGUETA PVRF2E - BRANCO","1"
"1201091","FECHADURA AGL PVR2E - BRANCA","806079","CHAPA PUXADOR PV200R2E P/ 1 OU 2 CILINDROS (MAIOR) BRANCA","1"
"1201091","FECHADURA AGL PVR2E - BRANCA","806078","FUNDO FECHO PV R/F 2E - BRANCO","1"
"1201091","FECHADURA AGL PVR2E - BRANCA","806082","TERMINAL DE LATÃO DO SOQUETE","2"
"1201091","FECHADURA AGL PVR2E - BRANCA","807002","TRAVA MENOR FECHO PV","1"
"1201091","FECHADURA AGL PVR2E - BRANCA","807003","TRAVA MAIOR FECHO PV","1"
"1201091","FECHADURA AGL PVR2E - BRANCA","807049","DISPOSITIVO DE MEMORIA FECHO PV - ZINCADO","1"
"1201091","FECHADURA AGL PVR2E - BRANCA","807069","LINGUETA DAS FECHADURAS PV","1"
"1201091","FECHADURA AGL PVR2E - BRANCA","807088","ROTOR DO FECHO","1"
"1201091","FECHADURA AGL PVR2E - BRANCA","701084","CAIXA DO FECHO - BRUTO","1"
"1201091","FECHADURA AGL PVR2E - BRANCA","807102","BLINDAGEM DO FECHO","1"
"1201091","FECHADURA AGL PVR2E - BRANCA","807105","TRATOR MAÇANETA PV - ZINCADO","1"
"1201091","FECHADURA AGL PVR2E - BRANCA","807106","TAMPA DO FECHO DE METAL","1"
"1201091","FECHADURA AGL PVR2E - BRANCA","807138","VERGALHÃO QUADRADO 8MM PV - ZINCADO","1"
"1201091","FECHADURA AGL PVR2E - BRANCA","811277","ETIQUETA ADES. COUCHE 20MM X 15MM X 04 CAR","1"
"1201091","FECHADURA AGL PVR2E - BRANCA","811310","ETIQUETA ADES. COUCHE 33MM X 21MM X 03 CAR","1"
"1201091","FECHADURA AGL PVR2E - BRANCA","811762","SACO ZIP PADRAO - 05X07","1"
"1201091","FECHADURA AGL PVR2E - BRANCA","811681","AGL SOLAPA PORTA VIDRO 10,5 X 29,5 - CALÇO PV200","1"
"1201091","FECHADURA AGL PVR2E - BRANCA","811700","CAIXA FECHADURA ELETRICA P/ PORTAS DE VIDRO AGL 13,2 X 11,7 X 11,4","1"
"1201091","FECHADURA AGL PVR2E - BRANCA","807057","MAÇANETA ALAVANCA - BRANCA","1"
"1201091","FECHADURA AGL PVR2E - BRANCA","807053","BUCHA REDONDA FECHADURA PV -CROMADA","2"
"1201091","FECHADURA AGL PVR2E - BRANCA","811322","ETIQUETA ADES. BOPP 40MM X 40MM  BRANCA Bt759","1"
"1201091","FECHADURA AGL PVR2E - BRANCA","103760","FIO COBRE ESMALTADO 155 TS 30 AWG","0,010787"
"1201091","FECHADURA AGL PVR2E - BRANCA","801240","PINO DA CAIXINHA DO FECHO - ZINCADO","1"
"1201091","FECHADURA AGL PVR2E - BRANCA","403070","MOLA PVR RETORNO DA LINGUETA","1"
"1201092","CHAPA INOX DO BATENTE EXTERNO PV200R1E / PV200F1E","806044","TAMPA AL LINGUETA PV - BRANCA","1"
"1201092","CHAPA INOX DO BATENTE EXTERNO PV200R1E / PV200F1E","401002","PARAFUSO 3.5 X 13 A/A CH. PH - ZI","4"
"1201092","CHAPA INOX DO BATENTE EXTERNO PV200R1E / PV200F1E","401008","PARAFUSO PLASTIC PAN PHILLIPS 3 X 8 ZB","2"
"1201092","CHAPA INOX DO BATENTE EXTERNO PV200R1E / PV200F1E","401023","PARAFUSO MET M3.5 X 8 CH. PH - ZI","4"
"1201092","CHAPA INOX DO BATENTE EXTERNO PV200R1E / PV200F1E","401034","PARAFUSO PLASTIC 3 X 6 CH. PH - ZI","2"
"1201092","CHAPA INOX DO BATENTE EXTERNO PV200R1E / PV200F1E","401083","PF MET CH PHS M4X12MM ZI","2"
"1201092","CHAPA INOX DO BATENTE EXTERNO PV200R1E / PV200F1E","401089","PARAFUSO MET M3 X 8MM CH PHS ZI","4"
"1201092","CHAPA INOX DO BATENTE EXTERNO PV200R1E / PV200F1E","401100","PARAFUSO M3 X 12 CC. PH - ZI","1"
"1201092","CHAPA INOX DO BATENTE EXTERNO PV200R1E / PV200F1E","401101","PARAFUSO M3.5 X 6 CH. PH - ZI","4"
"1201092","CHAPA INOX DO BATENTE EXTERNO PV200R1E / PV200F1E","401102","PARAFUSO M4 X 8 CH. PH MET - ZI","5"
"1201092","CHAPA INOX DO BATENTE EXTERNO PV200R1E / PV200F1E","403013","MOLA DE RETORNO DA MAÇANETA FECHADURA PV","1"
"1201092","CHAPA INOX DO BATENTE EXTERNO PV200R1E / PV200F1E","403014","MOLA DE RETORNO DA TRAVA MAIOR","1"
"1201092","CHAPA INOX DO BATENTE EXTERNO PV200R1E / PV200F1E","403016","MOLA DE RETORNO DO DISPOSITIVO DE MEMORIA","1"
"1201092","CHAPA INOX DO BATENTE EXTERNO PV200R1E / PV200F1E","403017","MOLA DE RETORNO DO ROTOR","1"
"1201092","CHAPA INOX DO BATENTE EXTERNO PV200R1E / PV200F1E","403018","MOLA DE RETORNO DA TRAVA MENOR","1"
"1201092","CHAPA INOX DO BATENTE EXTERNO PV200R1E / PV200F1E","403022","MOLA PV200 RETORNO DA LINGUETA","1"
"1201092","CHAPA INOX DO BATENTE EXTERNO PV200R1E / PV200F1E","403025","MOLA DO ARIETE","1"
"1201092","CHAPA INOX DO BATENTE EXTERNO PV200R1E / PV200F1E","404015","CONJUNTO CILINDRO FECHADURA PORTA DE VIDRO 1 CIL.","1"
"1201092","CHAPA INOX DO BATENTE EXTERNO PV200R1E / PV200F1E","708018","CORPO DO ARIETE 4,76 X 29MM C/ DIAM 1,6MM - ZINCADO","1"
"1201092","CHAPA INOX DO BATENTE EXTERNO PV200R1E / PV200F1E","708021","LUVA DO ARIETE 10MM - ZINCADO","1"
"1201092","CHAPA INOX DO BATENTE EXTERNO PV200R1E / PV200F1E","801208","EIXO DO ROTOR - ZINCADO","1"
"1201092","CHAPA INOX DO BATENTE EXTERNO PV200R1E / PV200F1E","804210","ARRUELA MAÇANETA PV","1"
"1201092","CHAPA INOX DO BATENTE EXTERNO PV200R1E / PV200F1E","804212","ENCOSTO PARA CHAPA DO BATENTE PV","1"
"1201092","CHAPA INOX DO BATENTE EXTERNO PV200R1E / PV200F1E","804321","CARRETEL DO FECHO","1"
"1201092","CHAPA INOX DO BATENTE EXTERNO PV200R1E / PV200F1E","804428","SOQUETE DO FECHO ELETRICO","1"
"1201092","CHAPA INOX DO BATENTE EXTERNO PV200R1E / PV200F1E","804468","PONTA DO ARIETE 2,55 X 26MM","1"
"1201092","CHAPA INOX DO BATENTE EXTERNO PV200R1E / PV200F1E","805087","NARIZ CILINDRO PV200 - ZINCADO","1"
"1201092","CHAPA INOX DO BATENTE EXTERNO PV200R1E / PV200F1E","805089","BASE FIXAÇÃO MAÇANETA","1"
"1201092","CHAPA INOX DO BATENTE EXTERNO PV200R1E / PV200F1E","806035","CHAPA PUXADOR PV200F1I/E P/ 1 OU 2 CILINDROS (MAIOR)","2"
"1201092","CHAPA INOX DO BATENTE EXTERNO PV200R1E / PV200F1E","806037","CHAPA BATENTE EXTERNO PV200RF1E - BRANCO","1"
"1201092","CHAPA INOX DO BATENTE EXTERNO PV200R1E / PV200F1E","806082","TERMINAL DE LATÃO DO SOQUETE","2"
"1201092","CHAPA INOX DO BATENTE EXTERNO PV200R1E / PV200F1E","807002","TRAVA MENOR FECHO PV","1"
"1201092","CHAPA INOX DO BATENTE EXTERNO PV200R1E / PV200F1E","807003","TRAVA MAIOR FECHO PV","1"
"1201092","CHAPA INOX DO BATENTE EXTERNO PV200R1E / PV200F1E","807049","DISPOSITIVO DE MEMORIA FECHO PV - ZINCADO","1"
"1201092","CHAPA INOX DO BATENTE EXTERNO PV200R1E / PV200F1E","807069","LINGUETA DAS FECHADURAS PV","1"
"1201092","CHAPA INOX DO BATENTE EXTERNO PV200R1E / PV200F1E","807088","ROTOR DO FECHO","1"
"1201092","CHAPA INOX DO BATENTE EXTERNO PV200R1E / PV200F1E","807099","FUNDO ALUMINIO LINGUETA PV200RF1I/E - BRANCO","1"
"1201092","CHAPA INOX DO BATENTE EXTERNO PV200R1E / PV200F1E","701084","CAIXA DO FECHO - BRUTO","1"
"1201092","CHAPA INOX DO BATENTE EXTERNO PV200R1E / PV200F1E","807102","BLINDAGEM DO FECHO","1"
"1201092","CHAPA INOX DO BATENTE EXTERNO PV200R1E / PV200F1E","807105","TRATOR MAÇANETA PV - ZINCADO","1"
"1201092","CHAPA INOX DO BATENTE EXTERNO PV200R1E / PV200F1E","807106","TAMPA DO FECHO DE METAL","1"
"1201092","CHAPA INOX DO BATENTE EXTERNO PV200R1E / PV200F1E","807138","VERGALHÃO QUADRADO 8MM PV - ZINCADO","1"
"1201092","CHAPA INOX DO BATENTE EXTERNO PV200R1E / PV200F1E","811277","ETIQUETA ADES. COUCHE 20MM X 15MM X 04 CAR","1"
"1201092","CHAPA INOX DO BATENTE EXTERNO PV200R1E / PV200F1E","811310","ETIQUETA ADES. COUCHE 33MM X 21MM X 03 CAR","1"
"1201092","CHAPA INOX DO BATENTE EXTERNO PV200R1E / PV200F1E","811762","SACO ZIP PADRAO - 05X07","1"
"1201092","CHAPA INOX DO BATENTE EXTERNO PV200R1E / PV200F1E","811681","AGL SOLAPA PORTA VIDRO 10,5 X 29,5 - CALÇO PV200","1"
"1201092","CHAPA INOX DO BATENTE EXTERNO PV200R1E / PV200F1E","811700","CAIXA FECHADURA ELETRICA P/ PORTAS DE VIDRO AGL 13,2 X 11,7 X 11,4","1"
"1201092","CHAPA INOX DO BATENTE EXTERNO PV200R1E / PV200F1E","807057","MAÇANETA ALAVANCA - BRANCA","1"
"1201092","CHAPA INOX DO BATENTE EXTERNO PV200R1E / PV200F1E","807053","BUCHA REDONDA FECHADURA PV -CROMADA","2"
"1201092","CHAPA INOX DO BATENTE EXTERNO PV200R1E / PV200F1E","807053","BUCHA REDONDA FECHADURA PV -CROMADA","1"
"1201092","CHAPA INOX DO BATENTE EXTERNO PV200R1E / PV200F1E","811322","ETIQUETA ADES. BOPP 40MM X 40MM  BRANCA Bt759","1"
"1201092","CHAPA INOX DO BATENTE EXTERNO PV200R1E / PV200F1E","103760","FIO COBRE ESMALTADO 155 TS 30 AWG","0,010787"
"1201092","CHAPA INOX DO BATENTE EXTERNO PV200R1E / PV200F1E","801240","PINO DA CAIXINHA DO FECHO - ZINCADO","1"
"1201093","FECHADURA AGL PV200F1I - BRANCA","806021","CHAPA C/ PUXADOR PV200F1I - BRANCO","1"
"1201093","FECHADURA AGL PV200F1I - BRANCA","806044","TAMPA AL LINGUETA PV - BRANCA","1"
"1201093","FECHADURA AGL PV200F1I - BRANCA","807054","MAÇANETA BOLA - BRANCA","1"
"1201093","FECHADURA AGL PV200F1I - BRANCA","401002","PARAFUSO 3.5 X 13 A/A CH. PH - ZI","4"
"1201093","FECHADURA AGL PV200F1I - BRANCA","401008","PARAFUSO PLASTIC PAN PHILLIPS 3 X 8 ZB","2"
"1201093","FECHADURA AGL PV200F1I - BRANCA","401023","PARAFUSO MET M3.5 X 8 CH. PH - ZI","4"
"1201093","FECHADURA AGL PV200F1I - BRANCA","401034","PARAFUSO PLASTIC 3 X 6 CH. PH - ZI","2"
"1201093","FECHADURA AGL PV200F1I - BRANCA","401083","PF MET CH PHS M4X12MM ZI","2"
"1201093","FECHADURA AGL PV200F1I - BRANCA","401089","PARAFUSO MET M3 X 8MM CH PHS ZI","2"
"1201093","FECHADURA AGL PV200F1I - BRANCA","401100","PARAFUSO M3 X 12 CC. PH - ZI","1"
"1201093","FECHADURA AGL PV200F1I - BRANCA","401101","PARAFUSO M3.5 X 6 CH. PH - ZI","4"
"1201093","FECHADURA AGL PV200F1I - BRANCA","401102","PARAFUSO M4 X 8 CH. PH MET - ZI","5"
"1201093","FECHADURA AGL PV200F1I - BRANCA","403013","MOLA DE RETORNO DA MAÇANETA FECHADURA PV","1"
"1201093","FECHADURA AGL PV200F1I - BRANCA","403014","MOLA DE RETORNO DA TRAVA MAIOR","1"
"1201093","FECHADURA AGL PV200F1I - BRANCA","403016","MOLA DE RETORNO DO DISPOSITIVO DE MEMORIA","1"
"1201093","FECHADURA AGL PV200F1I - BRANCA","403017","MOLA DE RETORNO DO ROTOR","1"
"1201093","FECHADURA AGL PV200F1I - BRANCA","403018","MOLA DE RETORNO DA TRAVA MENOR","1"
"1201093","FECHADURA AGL PV200F1I - BRANCA","403022","MOLA PV200 RETORNO DA LINGUETA","1"
"1201093","FECHADURA AGL PV200F1I - BRANCA","403025","MOLA DO ARIETE","1"
"1201093","FECHADURA AGL PV200F1I - BRANCA","404015","CONJUNTO CILINDRO FECHADURA PORTA DE VIDRO 1 CIL.","1"
"1201093","FECHADURA AGL PV200F1I - BRANCA","708018","CORPO DO ARIETE 4,76 X 29MM C/ DIAM 1,6MM - ZINCADO","1"
"1201093","FECHADURA AGL PV200F1I - BRANCA","708021","LUVA DO ARIETE 10MM - ZINCADO","1"
"1201093","FECHADURA AGL PV200F1I - BRANCA","801208","EIXO DO ROTOR - ZINCADO","1"
"1201093","FECHADURA AGL PV200F1I - BRANCA","804210","ARRUELA MAÇANETA PV","1"
"1201093","FECHADURA AGL PV200F1I - BRANCA","804321","CARRETEL DO FECHO","1"
"1201093","FECHADURA AGL PV200F1I - BRANCA","804324","BLOQUEIO DE CARTÃO PV","1"
"1201093","FECHADURA AGL PV200F1I - BRANCA","804428","SOQUETE DO FECHO ELETRICO","1"
"1201093","FECHADURA AGL PV200F1I - BRANCA","804468","PONTA DO ARIETE 2,55 X 26MM","1"
"1201093","FECHADURA AGL PV200F1I - BRANCA","805087","NARIZ CILINDRO PV200 - ZINCADO","1"
"1201093","FECHADURA AGL PV200F1I - BRANCA","805089","BASE FIXAÇÃO MAÇANETA","1"
"1201093","FECHADURA AGL PV200F1I - BRANCA","806015","CHAPA BATENTE PV200RF1I - BRANCO","1"
"1201093","FECHADURA AGL PV200F1I - BRANCA","806082","TERMINAL DE LATÃO DO SOQUETE","2"
"1201093","FECHADURA AGL PV200F1I - BRANCA","807002","TRAVA MENOR FECHO PV","1"
"1201093","FECHADURA AGL PV200F1I - BRANCA","807003","TRAVA MAIOR FECHO PV","1"
"1201093","FECHADURA AGL PV200F1I - BRANCA","807049","DISPOSITIVO DE MEMORIA FECHO PV - ZINCADO","1"
"1201093","FECHADURA AGL PV200F1I - BRANCA","807069","LINGUETA DAS FECHADURAS PV","1"
"1201093","FECHADURA AGL PV200F1I - BRANCA","807088","ROTOR DO FECHO","1"
"1201093","FECHADURA AGL PV200F1I - BRANCA","807099","FUNDO ALUMINIO LINGUETA PV200RF1I/E - BRANCO","1"
"1201093","FECHADURA AGL PV200F1I - BRANCA","701084","CAIXA DO FECHO - BRUTO","1"
"1201093","FECHADURA AGL PV200F1I - BRANCA","807102","BLINDAGEM DO FECHO","1"
"1201093","FECHADURA AGL PV200F1I - BRANCA","807105","TRATOR MAÇANETA PV - ZINCADO","1"
"1201093","FECHADURA AGL PV200F1I - BRANCA","807106","TAMPA DO FECHO DE METAL","1"
"1201093","FECHADURA AGL PV200F1I - BRANCA","807138","VERGALHÃO QUADRADO 8MM PV - ZINCADO","1"
"1201093","FECHADURA AGL PV200F1I - BRANCA","811277","ETIQUETA ADES. COUCHE 20MM X 15MM X 04 CAR","1"
"1201093","FECHADURA AGL PV200F1I - BRANCA","811310","ETIQUETA ADES. COUCHE 33MM X 21MM X 03 CAR","1"
"1201093","FECHADURA AGL PV200F1I - BRANCA","811762","SACO ZIP PADRAO - 05X07","1"
"1201093","FECHADURA AGL PV200F1I - BRANCA","811681","AGL SOLAPA PORTA VIDRO 10,5 X 29,5 - CALÇO PV200","1"
"1201093","FECHADURA AGL PV200F1I - BRANCA","811700","CAIXA FECHADURA ELETRICA P/ PORTAS DE VIDRO AGL 13,2 X 11,7 X 11,4","1"
"1201093","FECHADURA AGL PV200F1I - BRANCA","807053","BUCHA REDONDA FECHADURA PV -CROMADA","2"
"1201093","FECHADURA AGL PV200F1I - BRANCA","811322","ETIQUETA ADES. BOPP 40MM X 40MM  BRANCA Bt759","1"
"1201093","FECHADURA AGL PV200F1I - BRANCA","810035","ACABAMENTO MAÇANETA BOLA - CROMADO","1"
"1201093","FECHADURA AGL PV200F1I - BRANCA","103760","FIO COBRE ESMALTADO 155 TS 30 AWG","0,010787"
"1201093","FECHADURA AGL PV200F1I - BRANCA","801240","PINO DA CAIXINHA DO FECHO - ZINCADO","1"
"1201095","FECHADURA PV200R2I C/ 2 CIL - SEG","806004","CHAPA FECHO PVR2I - CROMADA","1"
"1201095","FECHADURA PV200R2I C/ 2 CIL - SEG","806038","ALUMINIO FECHADURA PV200 C/2 CIL","1"
"1201095","FECHADURA PV200R2I C/ 2 CIL - SEG","807090","FUNDO ALUMINIO LINGUETA PV200RF2I - CINZA","1"
"1201095","FECHADURA PV200R2I C/ 2 CIL - SEG","401008","PARAFUSO PLASTIC PAN PHILLIPS 3 X 8 ZB","2"
"1201095","FECHADURA PV200R2I C/ 2 CIL - SEG","401023","PARAFUSO MET M3.5 X 8 CH. PH - ZI","6"
"1201095","FECHADURA PV200R2I C/ 2 CIL - SEG","401034","PARAFUSO PLASTIC 3 X 6 CH. PH - ZI","2"
"1201095","FECHADURA PV200R2I C/ 2 CIL - SEG","401083","PF MET CH PHS M4X12MM ZI","4"
"1201095","FECHADURA PV200R2I C/ 2 CIL - SEG","401089","PARAFUSO MET M3 X 8MM CH PHS ZI","4"
"1201095","FECHADURA PV200R2I C/ 2 CIL - SEG","401100","PARAFUSO M3 X 12 CC. PH - ZI","1"
"1201095","FECHADURA PV200R2I C/ 2 CIL - SEG","401101","PARAFUSO M3.5 X 6 CH. PH - ZI","8"
"1201095","FECHADURA PV200R2I C/ 2 CIL - SEG","401102","PARAFUSO M4 X 8 CH. PH MET - ZI","5"
"1201095","FECHADURA PV200R2I C/ 2 CIL - SEG","403014","MOLA DE RETORNO DA TRAVA MAIOR","1"
"1201095","FECHADURA PV200R2I C/ 2 CIL - SEG","403016","MOLA DE RETORNO DO DISPOSITIVO DE MEMORIA","1"
"1201095","FECHADURA PV200R2I C/ 2 CIL - SEG","403017","MOLA DE RETORNO DO ROTOR","1"
"1201095","FECHADURA PV200R2I C/ 2 CIL - SEG","403018","MOLA DE RETORNO DA TRAVA MENOR","1"
"1201095","FECHADURA PV200R2I C/ 2 CIL - SEG","403022","MOLA PV200 RETORNO DA LINGUETA","1"
"1201095","FECHADURA PV200R2I C/ 2 CIL - SEG","403025","MOLA DO ARIETE","1"
"1201095","FECHADURA PV200R2I C/ 2 CIL - SEG","404016","CONJUNTO CILINDRO FECHADURA PORTA DE VIDRO 2 CIL.","2"
"1201095","FECHADURA PV200R2I C/ 2 CIL - SEG","708018","CORPO DO ARIETE 4,76 X 29MM C/ DIAM 1,6MM - ZINCADO","1"
"1201095","FECHADURA PV200R2I C/ 2 CIL - SEG","708021","LUVA DO ARIETE 10MM - ZINCADO","1"
"1201095","FECHADURA PV200R2I C/ 2 CIL - SEG","801208","EIXO DO ROTOR - ZINCADO","1"
"1201095","FECHADURA PV200R2I C/ 2 CIL - SEG","804306","TAMPA PLASTICA DO FECHO","1"
"1201095","FECHADURA PV200R2I C/ 2 CIL - SEG","804321","CARRETEL DO FECHO","1"
"1201095","FECHADURA PV200R2I C/ 2 CIL - SEG","804323","ACABAMENTO RECORTE PV","1"
"1201095","FECHADURA PV200R2I C/ 2 CIL - SEG","804406","ESPACADOR PARA FECHADURA 2 CILINDROS","1"
"1201095","FECHADURA PV200R2I C/ 2 CIL - SEG","804428","SOQUETE DO FECHO ELETRICO","1"
"1201095","FECHADURA PV200R2I C/ 2 CIL - SEG","804468","PONTA DO ARIETE 2,55 X 26MM","1"
"1201095","FECHADURA PV200R2I C/ 2 CIL - SEG","805085","CHAPA DE FIXAÇÃO CILINDRO DUPLO FECH PV - ZINCADA","1"
"1201095","FECHADURA PV200R2I C/ 2 CIL - SEG","805087","NARIZ CILINDRO PV200 - ZINCADO","2"
"1201095","FECHADURA PV200R2I C/ 2 CIL - SEG","806001","CHAPA PUXADOR PV200R2I P/ 1 OU 2 CILINDROS (MAIOR)","1"
"1201095","FECHADURA PV200R2I C/ 2 CIL - SEG","806087","ALUMINIO DO BATENTE PV200RF2I","1"
"1201095","FECHADURA PV200R2I C/ 2 CIL - SEG","806054","CHAPA PUXADOR PV200RF2I P/ 1 OU 2 CILINDROS (MENOR)","1"
"1201095","FECHADURA PV200R2I C/ 2 CIL - SEG","806082","TERMINAL DE LATÃO DO SOQUETE","2"
"1201095","FECHADURA PV200R2I C/ 2 CIL - SEG","807002","TRAVA MENOR FECHO PV","1"
"1201095","FECHADURA PV200R2I C/ 2 CIL - SEG","807003","TRAVA MAIOR FECHO PV","1"
"1201095","FECHADURA PV200R2I C/ 2 CIL - SEG","807049","DISPOSITIVO DE MEMORIA FECHO PV - ZINCADO","1"
"1201095","FECHADURA PV200R2I C/ 2 CIL - SEG","807069","LINGUETA DAS FECHADURAS PV","1"
"1201095","FECHADURA PV200R2I C/ 2 CIL - SEG","807088","ROTOR DO FECHO","1"
"1201095","FECHADURA PV200R2I C/ 2 CIL - SEG","701084","CAIXA DO FECHO - BRUTO","1"
"1201095","FECHADURA PV200R2I C/ 2 CIL - SEG","807102","BLINDAGEM DO FECHO","1"
"1201095","FECHADURA PV200R2I C/ 2 CIL - SEG","811277","ETIQUETA ADES. COUCHE 20MM X 15MM X 04 CAR","1"
"1201095","FECHADURA PV200R2I C/ 2 CIL - SEG","811310","ETIQUETA ADES. COUCHE 33MM X 21MM X 03 CAR","1"
"1201095","FECHADURA PV200R2I C/ 2 CIL - SEG","811588","CAIXA FECHADURA ELETRICA P/ PORTAS DE VIDRO SEG 10,5 X 29,5","1"
"1201095","FECHADURA PV200R2I C/ 2 CIL - SEG","811762","SACO ZIP PADRAO - 05X07","1"
"1201095","FECHADURA PV200R2I C/ 2 CIL - SEG","807094","FUNDO ALUMINIO FECHO PV200RF2I - CINZA","1"
"1201095","FECHADURA PV200R2I C/ 2 CIL - SEG","807053","BUCHA REDONDA FECHADURA PV -CROMADA","2"
"1201095","FECHADURA PV200R2I C/ 2 CIL - SEG","811322","ETIQUETA ADES. BOPP 40MM X 40MM  BRANCA Bt759","1"
"1201095","FECHADURA PV200R2I C/ 2 CIL - SEG","103760","FIO COBRE ESMALTADO 155 TS 30 AWG","0,010787"
"1201095","FECHADURA PV200R2I C/ 2 CIL - SEG","801240","PINO DA CAIXINHA DO FECHO - ZINCADO","1"
"1201095","FECHADURA PV200R2I C/ 2 CIL - SEG","811681","AGL SOLAPA PORTA VIDRO 10,5 X 29,5 - CALÇO PV200","1"
"1201095","FECHADURA PV200R2I C/ 2 CIL - SEG","102817","CHAVE SIMPLES VIRGEM AGL - SEM LOGO","2"
"1201096","FECHADURA AGL PV200R2I C/ 2 CIL - BRANCA","806084","CHAPA FECHO PVR2I - BRANCA","1"
"1201096","FECHADURA AGL PV200R2I C/ 2 CIL - BRANCA","806039","FRENTE ALUMINIO LING. C/2 CIL. PV - BRANCA","1"
"1201096","FECHADURA AGL PV200R2I C/ 2 CIL - BRANCA","806048","FRENTE AL PQ. FECHO PV - BRANCA","1"
"1201096","FECHADURA AGL PV200R2I C/ 2 CIL - BRANCA","806050","FUNDO ALUMINIO LINGUETA PV200RF2I - BRANCA","1"
"1201096","FECHADURA AGL PV200R2I C/ 2 CIL - BRANCA","806061","CHAPA PUXADOR PV200RF2I P/ 1 OU 2 CILINDROS (MENOR) - BRANCO","1"
"1201096","FECHADURA AGL PV200R2I C/ 2 CIL - BRANCA","806062","CHAPA PUXADOR PV200R2I P/ 1 OU 2 CILINDROS (MAIOR) - BRANCA","1"
"1201096","FECHADURA AGL PV200R2I C/ 2 CIL - BRANCA","806068","FUNDO ALUMINIO FECHO PV200RF2I - BRANCA","1"
"1201096","FECHADURA AGL PV200R2I C/ 2 CIL - BRANCA","401008","PARAFUSO PLASTIC PAN PHILLIPS 3 X 8 ZB","2"
"1201096","FECHADURA AGL PV200R2I C/ 2 CIL - BRANCA","401023","PARAFUSO MET M3.5 X 8 CH. PH - ZI","6"
"1201096","FECHADURA AGL PV200R2I C/ 2 CIL - BRANCA","401034","PARAFUSO PLASTIC 3 X 6 CH. PH - ZI","2"
"1201096","FECHADURA AGL PV200R2I C/ 2 CIL - BRANCA","401083","PF MET CH PHS M4X12MM ZI","4"
"1201096","FECHADURA AGL PV200R2I C/ 2 CIL - BRANCA","401089","PARAFUSO MET M3 X 8MM CH PHS ZI","4"
"1201096","FECHADURA AGL PV200R2I C/ 2 CIL - BRANCA","401100","PARAFUSO M3 X 12 CC. PH - ZI","1"
"1201096","FECHADURA AGL PV200R2I C/ 2 CIL - BRANCA","401101","PARAFUSO M3.5 X 6 CH. PH - ZI","8"
"1201096","FECHADURA AGL PV200R2I C/ 2 CIL - BRANCA","401102","PARAFUSO M4 X 8 CH. PH MET - ZI","5"
"1201096","FECHADURA AGL PV200R2I C/ 2 CIL - BRANCA","403014","MOLA DE RETORNO DA TRAVA MAIOR","1"
"1201096","FECHADURA AGL PV200R2I C/ 2 CIL - BRANCA","403016","MOLA DE RETORNO DO DISPOSITIVO DE MEMORIA","1"
"1201096","FECHADURA AGL PV200R2I C/ 2 CIL - BRANCA","403017","MOLA DE RETORNO DO ROTOR","1"
"1201096","FECHADURA AGL PV200R2I C/ 2 CIL - BRANCA","403018","MOLA DE RETORNO DA TRAVA MENOR","1"
"1201096","FECHADURA AGL PV200R2I C/ 2 CIL - BRANCA","403022","MOLA PV200 RETORNO DA LINGUETA","1"
"1201096","FECHADURA AGL PV200R2I C/ 2 CIL - BRANCA","403025","MOLA DO ARIETE","1"
"1201096","FECHADURA AGL PV200R2I C/ 2 CIL - BRANCA","404016","CONJUNTO CILINDRO FECHADURA PORTA DE VIDRO 2 CIL.","2"
"1201096","FECHADURA AGL PV200R2I C/ 2 CIL - BRANCA","708018","CORPO DO ARIETE 4,76 X 29MM C/ DIAM 1,6MM - ZINCADO","1"
"1201096","FECHADURA AGL PV200R2I C/ 2 CIL - BRANCA","708021","LUVA DO ARIETE 10MM - ZINCADO","1"
"1201096","FECHADURA AGL PV200R2I C/ 2 CIL - BRANCA","801208","EIXO DO ROTOR - ZINCADO","1"
"1201096","FECHADURA AGL PV200R2I C/ 2 CIL - BRANCA","804306","TAMPA PLASTICA DO FECHO","1"
"1201096","FECHADURA AGL PV200R2I C/ 2 CIL - BRANCA","804321","CARRETEL DO FECHO","1"
"1201096","FECHADURA AGL PV200R2I C/ 2 CIL - BRANCA","804323","ACABAMENTO RECORTE PV","1"
"1201096","FECHADURA AGL PV200R2I C/ 2 CIL - BRANCA","804406","ESPACADOR PARA FECHADURA 2 CILINDROS","1"
"1201096","FECHADURA AGL PV200R2I C/ 2 CIL - BRANCA","804428","SOQUETE DO FECHO ELETRICO","1"
"1201096","FECHADURA AGL PV200R2I C/ 2 CIL - BRANCA","804468","PONTA DO ARIETE 2,55 X 26MM","1"
"1201096","FECHADURA AGL PV200R2I C/ 2 CIL - BRANCA","805085","CHAPA DE FIXAÇÃO CILINDRO DUPLO FECH PV - ZINCADA","1"
"1201096","FECHADURA AGL PV200R2I C/ 2 CIL - BRANCA","805087","NARIZ CILINDRO PV200 - ZINCADO","2"
"1201096","FECHADURA AGL PV200R2I C/ 2 CIL - BRANCA","806082","TERMINAL DE LATÃO DO SOQUETE","2"
"1201096","FECHADURA AGL PV200R2I C/ 2 CIL - BRANCA","807002","TRAVA MENOR FECHO PV","1"
"1201096","FECHADURA AGL PV200R2I C/ 2 CIL - BRANCA","807003","TRAVA MAIOR FECHO PV","1"
"1201096","FECHADURA AGL PV200R2I C/ 2 CIL - BRANCA","807049","DISPOSITIVO DE MEMORIA FECHO PV - ZINCADO","1"
"1201096","FECHADURA AGL PV200R2I C/ 2 CIL - BRANCA","807069","LINGUETA DAS FECHADURAS PV","1"
"1201096","FECHADURA AGL PV200R2I C/ 2 CIL - BRANCA","807088","ROTOR DO FECHO","1"
"1201096","FECHADURA AGL PV200R2I C/ 2 CIL - BRANCA","701084","CAIXA DO FECHO - BRUTO","1"
"1201096","FECHADURA AGL PV200R2I C/ 2 CIL - BRANCA","807102","BLINDAGEM DO FECHO","1"
"1201096","FECHADURA AGL PV200R2I C/ 2 CIL - BRANCA","811277","ETIQUETA ADES. COUCHE 20MM X 15MM X 04 CAR","1"
"1201096","FECHADURA AGL PV200R2I C/ 2 CIL - BRANCA","811310","ETIQUETA ADES. COUCHE 33MM X 21MM X 03 CAR","1"
"1201096","FECHADURA AGL PV200R2I C/ 2 CIL - BRANCA","811762","SACO ZIP PADRAO - 05X07","1"
"1201096","FECHADURA AGL PV200R2I C/ 2 CIL - BRANCA","811681","AGL SOLAPA PORTA VIDRO 10,5 X 29,5 - CALÇO PV200","1"
"1201096","FECHADURA AGL PV200R2I C/ 2 CIL - BRANCA","811700","CAIXA FECHADURA ELETRICA P/ PORTAS DE VIDRO AGL 13,2 X 11,7 X 11,4","1"
"1201096","FECHADURA AGL PV200R2I C/ 2 CIL - BRANCA","807053","BUCHA REDONDA FECHADURA PV -CROMADA","2"
"1201096","FECHADURA AGL PV200R2I C/ 2 CIL - BRANCA","811322","ETIQUETA ADES. BOPP 40MM X 40MM  BRANCA Bt759","1"
"1201096","FECHADURA AGL PV200R2I C/ 2 CIL - BRANCA","103760","FIO COBRE ESMALTADO 155 TS 30 AWG","0,010787"
"1201096","FECHADURA AGL PV200R2I C/ 2 CIL - BRANCA","801240","PINO DA CAIXINHA DO FECHO - ZINCADO","1"
"1201097","FECHADURA AGL PV200F2I - PRETA","806010","CHAPA FECHO PV200F2I - PRETA","1"
"1201097","FECHADURA AGL PV200F2I - PRETA","401008","PARAFUSO PLASTIC PAN PHILLIPS 3 X 8 ZB","2"
"1201097","FECHADURA AGL PV200F2I - PRETA","401023","PARAFUSO MET M3.5 X 8 CH. PH - ZI","4"
"1201097","FECHADURA AGL PV200F2I - PRETA","401034","PARAFUSO PLASTIC 3 X 6 CH. PH - ZI","2"
"1201097","FECHADURA AGL PV200F2I - PRETA","401083","PF MET CH PHS M4X12MM ZI","4"
"1201097","FECHADURA AGL PV200F2I - PRETA","401089","PARAFUSO MET M3 X 8MM CH PHS ZI","2"
"1201097","FECHADURA AGL PV200F2I - PRETA","401100","PARAFUSO M3 X 12 CC. PH - ZI","1"
"1201097","FECHADURA AGL PV200F2I - PRETA","401101","PARAFUSO M3.5 X 6 CH. PH - ZI","8"
"1201097","FECHADURA AGL PV200F2I - PRETA","401102","PARAFUSO M4 X 8 CH. PH MET - ZI","5"
"1201097","FECHADURA AGL PV200F2I - PRETA","403013","MOLA DE RETORNO DA MAÇANETA FECHADURA PV","1"
"1201097","FECHADURA AGL PV200F2I - PRETA","403014","MOLA DE RETORNO DA TRAVA MAIOR","1"
"1201097","FECHADURA AGL PV200F2I - PRETA","403016","MOLA DE RETORNO DO DISPOSITIVO DE MEMORIA","1"
"1201097","FECHADURA AGL PV200F2I - PRETA","403017","MOLA DE RETORNO DO ROTOR","1"
"1201097","FECHADURA AGL PV200F2I - PRETA","403018","MOLA DE RETORNO DA TRAVA MENOR","1"
"1201097","FECHADURA AGL PV200F2I - PRETA","403022","MOLA PV200 RETORNO DA LINGUETA","1"
"1201097","FECHADURA AGL PV200F2I - PRETA","403025","MOLA DO ARIETE","1"
"1201097","FECHADURA AGL PV200F2I - PRETA","404015","CONJUNTO CILINDRO FECHADURA PORTA DE VIDRO 1 CIL.","1"
"1201097","FECHADURA AGL PV200F2I - PRETA","708018","CORPO DO ARIETE 4,76 X 29MM C/ DIAM 1,6MM - ZINCADO","1"
"1201097","FECHADURA AGL PV200F2I - PRETA","708021","LUVA DO ARIETE 10MM - ZINCADO","1"
"1201097","FECHADURA AGL PV200F2I - PRETA","801208","EIXO DO ROTOR - ZINCADO","1"
"1201097","FECHADURA AGL PV200F2I - PRETA","804210","ARRUELA MAÇANETA PV","1"
"1201097","FECHADURA AGL PV200F2I - PRETA","804306","TAMPA PLASTICA DO FECHO","1"
"1201097","FECHADURA AGL PV200F2I - PRETA","804321","CARRETEL DO FECHO","1"
"1201097","FECHADURA AGL PV200F2I - PRETA","804428","SOQUETE DO FECHO ELETRICO","1"
"1201097","FECHADURA AGL PV200F2I - PRETA","804468","PONTA DO ARIETE 2,55 X 26MM","1"
"1201097","FECHADURA AGL PV200F2I - PRETA","805087","NARIZ CILINDRO PV200 - ZINCADO","1"
"1201097","FECHADURA AGL PV200F2I - PRETA","805089","BASE FIXAÇÃO MAÇANETA","1"
"1201097","FECHADURA AGL PV200F2I - PRETA","806082","TERMINAL DE LATÃO DO SOQUETE","2"
"1201097","FECHADURA AGL PV200F2I - PRETA","807002","TRAVA MENOR FECHO PV","1"
"1201097","FECHADURA AGL PV200F2I - PRETA","807003","TRAVA MAIOR FECHO PV","1"
"1201097","FECHADURA AGL PV200F2I - PRETA","807049","DISPOSITIVO DE MEMORIA FECHO PV - ZINCADO","1"
"1201097","FECHADURA AGL PV200F2I - PRETA","807069","LINGUETA DAS FECHADURAS PV","1"
"1201097","FECHADURA AGL PV200F2I - PRETA","807088","ROTOR DO FECHO","1"
"1201097","FECHADURA AGL PV200F2I - PRETA","701084","CAIXA DO FECHO - BRUTO","1"
"1201097","FECHADURA AGL PV200F2I - PRETA","807102","BLINDAGEM DO FECHO","1"
"1201097","FECHADURA AGL PV200F2I - PRETA","807105","TRATOR MAÇANETA PV - ZINCADO","1"
"1201097","FECHADURA AGL PV200F2I - PRETA","807138","VERGALHÃO QUADRADO 8MM PV - ZINCADO","1"
"1201097","FECHADURA AGL PV200F2I - PRETA","811277","ETIQUETA ADES. COUCHE 20MM X 15MM X 04 CAR","1"
"1201097","FECHADURA AGL PV200F2I - PRETA","811310","ETIQUETA ADES. COUCHE 33MM X 21MM X 03 CAR","1"
"1201097","FECHADURA AGL PV200F2I - PRETA","811762","SACO ZIP PADRAO - 05X07","1"
"1201097","FECHADURA AGL PV200F2I - PRETA","811681","AGL SOLAPA PORTA VIDRO 10,5 X 29,5 - CALÇO PV200","1"
"1201097","FECHADURA AGL PV200F2I - PRETA","811700","CAIXA FECHADURA ELETRICA P/ PORTAS DE VIDRO AGL 13,2 X 11,7 X 11,4","1"
"1201097","FECHADURA AGL PV200F2I - PRETA","806089","FRENTE AL LINGUETA PV - PRETA","1"
"1201097","FECHADURA AGL PV200F2I - PRETA","806070","FRENTE AL PQ. FECHO PV - PRETA","1"
"1201097","FECHADURA AGL PV200F2I - PRETA","807053","BUCHA REDONDA FECHADURA PV -CROMADA","2"
"1201097","FECHADURA AGL PV200F2I - PRETA","806051","FUNDO ALUMINIO LINGUETA PV200RF2I - PRETA","1"
"1201097","FECHADURA AGL PV200F2I - PRETA","806053","FUNDO ALUMINIO FECHO PV200RF2I - PRETA","1"
"1201097","FECHADURA AGL PV200F2I - PRETA","811322","ETIQUETA ADES. BOPP 40MM X 40MM  BRANCA Bt759","1"
"1201097","FECHADURA AGL PV200F2I - PRETA","810035","ACABAMENTO MAÇANETA BOLA - CROMADO","1"
"1201097","FECHADURA AGL PV200F2I - PRETA","806069","CHAPA C/ PUXADOR PV200F2I - PRETO","1"
"1201097","FECHADURA AGL PV200F2I - PRETA","807055","MAÇANETA BOLA - PRETA","1"
"1201097","FECHADURA AGL PV200F2I - PRETA","103760","FIO COBRE ESMALTADO 155 TS 30 AWG","0,010787"
"1201097","FECHADURA AGL PV200F2I - PRETA","801240","PINO DA CAIXINHA DO FECHO - ZINCADO","1"
"1201098","FECHADURA AGL PV200R2I C/ 2 CIL - PRETA","401008","PARAFUSO PLASTIC PAN PHILLIPS 3 X 8 ZB","2"
"1201098","FECHADURA AGL PV200R2I C/ 2 CIL - PRETA","401023","PARAFUSO MET M3.5 X 8 CH. PH - ZI","6"
"1201098","FECHADURA AGL PV200R2I C/ 2 CIL - PRETA","401034","PARAFUSO PLASTIC 3 X 6 CH. PH - ZI","2"
"1201098","FECHADURA AGL PV200R2I C/ 2 CIL - PRETA","401083","PF MET CH PHS M4X12MM ZI","4"
"1201098","FECHADURA AGL PV200R2I C/ 2 CIL - PRETA","401089","PARAFUSO MET M3 X 8MM CH PHS ZI","4"
"1201098","FECHADURA AGL PV200R2I C/ 2 CIL - PRETA","401100","PARAFUSO M3 X 12 CC. PH - ZI","1"
"1201098","FECHADURA AGL PV200R2I C/ 2 CIL - PRETA","401101","PARAFUSO M3.5 X 6 CH. PH - ZI","8"
"1201098","FECHADURA AGL PV200R2I C/ 2 CIL - PRETA","401102","PARAFUSO M4 X 8 CH. PH MET - ZI","5"
"1201098","FECHADURA AGL PV200R2I C/ 2 CIL - PRETA","403014","MOLA DE RETORNO DA TRAVA MAIOR","1"
"1201098","FECHADURA AGL PV200R2I C/ 2 CIL - PRETA","403016","MOLA DE RETORNO DO DISPOSITIVO DE MEMORIA","1"
"1201098","FECHADURA AGL PV200R2I C/ 2 CIL - PRETA","403017","MOLA DE RETORNO DO ROTOR","1"
"1201098","FECHADURA AGL PV200R2I C/ 2 CIL - PRETA","403018","MOLA DE RETORNO DA TRAVA MENOR","1"
"1201098","FECHADURA AGL PV200R2I C/ 2 CIL - PRETA","403022","MOLA PV200 RETORNO DA LINGUETA","1"
"1201098","FECHADURA AGL PV200R2I C/ 2 CIL - PRETA","403025","MOLA DO ARIETE","1"
"1201098","FECHADURA AGL PV200R2I C/ 2 CIL - PRETA","404016","CONJUNTO CILINDRO FECHADURA PORTA DE VIDRO 2 CIL.","2"
"1201098","FECHADURA AGL PV200R2I C/ 2 CIL - PRETA","708018","CORPO DO ARIETE 4,76 X 29MM C/ DIAM 1,6MM - ZINCADO","1"
"1201098","FECHADURA AGL PV200R2I C/ 2 CIL - PRETA","708021","LUVA DO ARIETE 10MM - ZINCADO","1"
"1201098","FECHADURA AGL PV200R2I C/ 2 CIL - PRETA","801208","EIXO DO ROTOR - ZINCADO","1"
"1201098","FECHADURA AGL PV200R2I C/ 2 CIL - PRETA","804306","TAMPA PLASTICA DO FECHO","1"
"1201098","FECHADURA AGL PV200R2I C/ 2 CIL - PRETA","804321","CARRETEL DO FECHO","1"
"1201098","FECHADURA AGL PV200R2I C/ 2 CIL - PRETA","804323","ACABAMENTO RECORTE PV","1"
"1201098","FECHADURA AGL PV200R2I C/ 2 CIL - PRETA","804406","ESPACADOR PARA FECHADURA 2 CILINDROS","1"
"1201098","FECHADURA AGL PV200R2I C/ 2 CIL - PRETA","804428","SOQUETE DO FECHO ELETRICO","1"
"1201098","FECHADURA AGL PV200R2I C/ 2 CIL - PRETA","804468","PONTA DO ARIETE 2,55 X 26MM","1"
"1201098","FECHADURA AGL PV200R2I C/ 2 CIL - PRETA","805085","CHAPA DE FIXAÇÃO CILINDRO DUPLO FECH PV - ZINCADA","1"
"1201098","FECHADURA AGL PV200R2I C/ 2 CIL - PRETA","805087","NARIZ CILINDRO PV200 - ZINCADO","2"
"1201098","FECHADURA AGL PV200R2I C/ 2 CIL - PRETA","806082","TERMINAL DE LATÃO DO SOQUETE","2"
"1201098","FECHADURA AGL PV200R2I C/ 2 CIL - PRETA","807002","TRAVA MENOR FECHO PV","1"
"1201098","FECHADURA AGL PV200R2I C/ 2 CIL - PRETA","807003","TRAVA MAIOR FECHO PV","1"
"1201098","FECHADURA AGL PV200R2I C/ 2 CIL - PRETA","807049","DISPOSITIVO DE MEMORIA FECHO PV - ZINCADO","1"
"1201098","FECHADURA AGL PV200R2I C/ 2 CIL - PRETA","807069","LINGUETA DAS FECHADURAS PV","1"
"1201098","FECHADURA AGL PV200R2I C/ 2 CIL - PRETA","807088","ROTOR DO FECHO","1"
"1201098","FECHADURA AGL PV200R2I C/ 2 CIL - PRETA","701084","CAIXA DO FECHO - BRUTO","1"
"1201098","FECHADURA AGL PV200R2I C/ 2 CIL - PRETA","807102","BLINDAGEM DO FECHO","1"
"1201098","FECHADURA AGL PV200R2I C/ 2 CIL - PRETA","811277","ETIQUETA ADES. COUCHE 20MM X 15MM X 04 CAR","1"
"1201098","FECHADURA AGL PV200R2I C/ 2 CIL - PRETA","811310","ETIQUETA ADES. COUCHE 33MM X 21MM X 03 CAR","1"
"1201098","FECHADURA AGL PV200R2I C/ 2 CIL - PRETA","811762","SACO ZIP PADRAO - 05X07","1"
"1201098","FECHADURA AGL PV200R2I C/ 2 CIL - PRETA","811681","AGL SOLAPA PORTA VIDRO 10,5 X 29,5 - CALÇO PV200","1"
"1201098","FECHADURA AGL PV200R2I C/ 2 CIL - PRETA","811700","CAIXA FECHADURA ELETRICA P/ PORTAS DE VIDRO AGL 13,2 X 11,7 X 11,4","1"
"1201098","FECHADURA AGL PV200R2I C/ 2 CIL - PRETA","806040","FRENTE ALUMINIO LING. C/2 CIL. PV - PRETA","1"
"1201098","FECHADURA AGL PV200R2I C/ 2 CIL - PRETA","807053","BUCHA REDONDA FECHADURA PV -CROMADA","2"
"1201098","FECHADURA AGL PV200R2I C/ 2 CIL - PRETA","806051","FUNDO ALUMINIO LINGUETA PV200RF2I - PRETA","1"
"1201098","FECHADURA AGL PV200R2I C/ 2 CIL - PRETA","806052","CHAPA PUXADOR PV200F2I P/ 1 OU 2 CILINDROS (MAIOR)","1"
"1201098","FECHADURA AGL PV200R2I C/ 2 CIL - PRETA","806053","FUNDO ALUMINIO FECHO PV200RF2I - PRETA","1"
"1201098","FECHADURA AGL PV200R2I C/ 2 CIL - PRETA","811322","ETIQUETA ADES. BOPP 40MM X 40MM  BRANCA Bt759","1"
"1201098","FECHADURA AGL PV200R2I C/ 2 CIL - PRETA","806063","CHAPA PUXADOR PV200R2I P/ 1 OU 2 CILINDROS (MAIOR) - PRETO","1"
"1201098","FECHADURA AGL PV200R2I C/ 2 CIL - PRETA","806070","FRENTE AL PQ. FECHO PV - PRETA","1"
"1201098","FECHADURA AGL PV200R2I C/ 2 CIL - PRETA","806076","CHAPA FECHO PV200R2I - PRETA","1"
"1201098","FECHADURA AGL PV200R2I C/ 2 CIL - PRETA","103760","FIO COBRE ESMALTADO 155 TS 30 AWG","0,010787"
"1201098","FECHADURA AGL PV200R2I C/ 2 CIL - PRETA","801240","PINO DA CAIXINHA DO FECHO - ZINCADO","1"
"1201099","FECHADURA AGL PV200F2I C/ 2 CIL. - PRETA","806010","CHAPA FECHO PV200F2I - PRETA","1"
"1201099","FECHADURA AGL PV200F2I C/ 2 CIL. - PRETA","401008","PARAFUSO PLASTIC PAN PHILLIPS 3 X 8 ZB","2"
"1201099","FECHADURA AGL PV200F2I C/ 2 CIL. - PRETA","401023","PARAFUSO MET M3.5 X 8 CH. PH - ZI","6"
"1201099","FECHADURA AGL PV200F2I C/ 2 CIL. - PRETA","401034","PARAFUSO PLASTIC 3 X 6 CH. PH - ZI","2"
"1201099","FECHADURA AGL PV200F2I C/ 2 CIL. - PRETA","401083","PF MET CH PHS M4X12MM ZI","4"
"1201099","FECHADURA AGL PV200F2I C/ 2 CIL. - PRETA","401089","PARAFUSO MET M3 X 8MM CH PHS ZI","4"
"1201099","FECHADURA AGL PV200F2I C/ 2 CIL. - PRETA","401100","PARAFUSO M3 X 12 CC. PH - ZI","1"
"1201099","FECHADURA AGL PV200F2I C/ 2 CIL. - PRETA","401101","PARAFUSO M3.5 X 6 CH. PH - ZI","8"
"1201099","FECHADURA AGL PV200F2I C/ 2 CIL. - PRETA","401102","PARAFUSO M4 X 8 CH. PH MET - ZI","5"
"1201099","FECHADURA AGL PV200F2I C/ 2 CIL. - PRETA","403014","MOLA DE RETORNO DA TRAVA MAIOR","1"
"1201099","FECHADURA AGL PV200F2I C/ 2 CIL. - PRETA","403016","MOLA DE RETORNO DO DISPOSITIVO DE MEMORIA","1"
"1201099","FECHADURA AGL PV200F2I C/ 2 CIL. - PRETA","403017","MOLA DE RETORNO DO ROTOR","1"
"1201099","FECHADURA AGL PV200F2I C/ 2 CIL. - PRETA","403018","MOLA DE RETORNO DA TRAVA MENOR","1"
"1201099","FECHADURA AGL PV200F2I C/ 2 CIL. - PRETA","403022","MOLA PV200 RETORNO DA LINGUETA","1"
"1201099","FECHADURA AGL PV200F2I C/ 2 CIL. - PRETA","403025","MOLA DO ARIETE","1"
"1201099","FECHADURA AGL PV200F2I C/ 2 CIL. - PRETA","404016","CONJUNTO CILINDRO FECHADURA PORTA DE VIDRO 2 CIL.","2"
"1201099","FECHADURA AGL PV200F2I C/ 2 CIL. - PRETA","708018","CORPO DO ARIETE 4,76 X 29MM C/ DIAM 1,6MM - ZINCADO","1"
"1201099","FECHADURA AGL PV200F2I C/ 2 CIL. - PRETA","708021","LUVA DO ARIETE 10MM - ZINCADO","1"
"1201099","FECHADURA AGL PV200F2I C/ 2 CIL. - PRETA","801208","EIXO DO ROTOR - ZINCADO","1"
"1201099","FECHADURA AGL PV200F2I C/ 2 CIL. - PRETA","804306","TAMPA PLASTICA DO FECHO","1"
"1201099","FECHADURA AGL PV200F2I C/ 2 CIL. - PRETA","804321","CARRETEL DO FECHO","1"
"1201099","FECHADURA AGL PV200F2I C/ 2 CIL. - PRETA","804406","ESPACADOR PARA FECHADURA 2 CILINDROS","1"
"1201099","FECHADURA AGL PV200F2I C/ 2 CIL. - PRETA","804428","SOQUETE DO FECHO ELETRICO","1"
"1201099","FECHADURA AGL PV200F2I C/ 2 CIL. - PRETA","804468","PONTA DO ARIETE 2,55 X 26MM","1"
"1201099","FECHADURA AGL PV200F2I C/ 2 CIL. - PRETA","805085","CHAPA DE FIXAÇÃO CILINDRO DUPLO FECH PV - ZINCADA","1"
"1201099","FECHADURA AGL PV200F2I C/ 2 CIL. - PRETA","805087","NARIZ CILINDRO PV200 - ZINCADO","2"
"1201099","FECHADURA AGL PV200F2I C/ 2 CIL. - PRETA","806082","TERMINAL DE LATÃO DO SOQUETE","2"
"1201099","FECHADURA AGL PV200F2I C/ 2 CIL. - PRETA","807002","TRAVA MENOR FECHO PV","1"
"1201099","FECHADURA AGL PV200F2I C/ 2 CIL. - PRETA","807003","TRAVA MAIOR FECHO PV","1"
"1201099","FECHADURA AGL PV200F2I C/ 2 CIL. - PRETA","807049","DISPOSITIVO DE MEMORIA FECHO PV - ZINCADO","1"
"1201099","FECHADURA AGL PV200F2I C/ 2 CIL. - PRETA","807069","LINGUETA DAS FECHADURAS PV","1"
"1201099","FECHADURA AGL PV200F2I C/ 2 CIL. - PRETA","807088","ROTOR DO FECHO","1"
"1201099","FECHADURA AGL PV200F2I C/ 2 CIL. - PRETA","701084","CAIXA DO FECHO - BRUTO","1"
"1201099","FECHADURA AGL PV200F2I C/ 2 CIL. - PRETA","807102","BLINDAGEM DO FECHO","1"
"1201099","FECHADURA AGL PV200F2I C/ 2 CIL. - PRETA","811277","ETIQUETA ADES. COUCHE 20MM X 15MM X 04 CAR","1"
"1201099","FECHADURA AGL PV200F2I C/ 2 CIL. - PRETA","811310","ETIQUETA ADES. COUCHE 33MM X 21MM X 03 CAR","1"
"1201099","FECHADURA AGL PV200F2I C/ 2 CIL. - PRETA","811762","SACO ZIP PADRAO - 05X07","1"
"1201099","FECHADURA AGL PV200F2I C/ 2 CIL. - PRETA","811681","AGL SOLAPA PORTA VIDRO 10,5 X 29,5 - CALÇO PV200","1"
"1201099","FECHADURA AGL PV200F2I C/ 2 CIL. - PRETA","811700","CAIXA FECHADURA ELETRICA P/ PORTAS DE VIDRO AGL 13,2 X 11,7 X 11,4","1"
"1201099","FECHADURA AGL PV200F2I C/ 2 CIL. - PRETA","806040","FRENTE ALUMINIO LING. C/2 CIL. PV - PRETA","1"
"1201099","FECHADURA AGL PV200F2I C/ 2 CIL. - PRETA","807053","BUCHA REDONDA FECHADURA PV -CROMADA","2"
"1201099","FECHADURA AGL PV200F2I C/ 2 CIL. - PRETA","806051","FUNDO ALUMINIO LINGUETA PV200RF2I - PRETA","1"
"1201099","FECHADURA AGL PV200F2I C/ 2 CIL. - PRETA","806053","FUNDO ALUMINIO FECHO PV200RF2I - PRETA","1"
"1201099","FECHADURA AGL PV200F2I C/ 2 CIL. - PRETA","811322","ETIQUETA ADES. BOPP 40MM X 40MM  BRANCA Bt759","1"
"1201099","FECHADURA AGL PV200F2I C/ 2 CIL. - PRETA","806058","CHAPA PUXADOR PV200RF2I P/ 1 OU 2 CILINDROS (MENOR) - PRETO","1"
"1201099","FECHADURA AGL PV200F2I C/ 2 CIL. - PRETA","806059","CHAPA PUXADOR PV200F2I P/ 1 OU 2 CILINDROS (MAIOR) - PRETO","1"
"1201099","FECHADURA AGL PV200F2I C/ 2 CIL. - PRETA","806070","FRENTE AL PQ. FECHO PV - PRETA","1"
"1201099","FECHADURA AGL PV200F2I C/ 2 CIL. - PRETA","103760","FIO COBRE ESMALTADO 155 TS 30 AWG","0,010787"
"1201099","FECHADURA AGL PV200F2I C/ 2 CIL. - PRETA","801240","PINO DA CAIXINHA DO FECHO - ZINCADO","1"
"1201103","FECHADURA AGL PV200R1I - CZ EX","806019","CHAPA S/ PUXADOR PV200R2I - CROMADO","1"
"1201103","FECHADURA AGL PV200R1I - CZ EX","806031","CHAPA BATENTE PV200RF1I - CROMADO","1"
"1201103","FECHADURA AGL PV200R1I - CZ EX","805076","ALUMINIO FECHADURA PV 200","1"
"1201103","FECHADURA AGL PV200R1I - CZ EX","807052","MAÇANETA BOLA - CROMADA","1"
"1201103","FECHADURA AGL PV200R1I - CZ EX","401002","PARAFUSO 3.5 X 13 A/A CH. PH - ZI","4"
"1201103","FECHADURA AGL PV200R1I - CZ EX","401008","PARAFUSO PLASTIC PAN PHILLIPS 3 X 8 ZB","2"
"1201103","FECHADURA AGL PV200R1I - CZ EX","401023","PARAFUSO MET M3.5 X 8 CH. PH - ZI","4"
"1201103","FECHADURA AGL PV200R1I - CZ EX","401034","PARAFUSO PLASTIC 3 X 6 CH. PH - ZI","2"
"1201103","FECHADURA AGL PV200R1I - CZ EX","401083","PF MET CH PHS M4X12MM ZI","2"
"1201103","FECHADURA AGL PV200R1I - CZ EX","401089","PARAFUSO MET M3 X 8MM CH PHS ZI","2"
"1201103","FECHADURA AGL PV200R1I - CZ EX","401100","PARAFUSO M3 X 12 CC. PH - ZI","1"
"1201103","FECHADURA AGL PV200R1I - CZ EX","401101","PARAFUSO M3.5 X 6 CH. PH - ZI","4"
"1201103","FECHADURA AGL PV200R1I - CZ EX","401102","PARAFUSO M4 X 8 CH. PH MET - ZI","5"
"1201103","FECHADURA AGL PV200R1I - CZ EX","403013","MOLA DE RETORNO DA MAÇANETA FECHADURA PV","1"
"1201103","FECHADURA AGL PV200R1I - CZ EX","403014","MOLA DE RETORNO DA TRAVA MAIOR","1"
"1201103","FECHADURA AGL PV200R1I - CZ EX","403016","MOLA DE RETORNO DO DISPOSITIVO DE MEMORIA","1"
"1201103","FECHADURA AGL PV200R1I - CZ EX","403017","MOLA DE RETORNO DO ROTOR","1"
"1201103","FECHADURA AGL PV200R1I - CZ EX","403018","MOLA DE RETORNO DA TRAVA MENOR","1"
"1201103","FECHADURA AGL PV200R1I - CZ EX","403022","MOLA PV200 RETORNO DA LINGUETA","1"
"1201103","FECHADURA AGL PV200R1I - CZ EX","403025","MOLA DO ARIETE","1"
"1201103","FECHADURA AGL PV200R1I - CZ EX","404015","CONJUNTO CILINDRO FECHADURA PORTA DE VIDRO 1 CIL.","1"
"1201103","FECHADURA AGL PV200R1I - CZ EX","708018","CORPO DO ARIETE 4,76 X 29MM C/ DIAM 1,6MM - ZINCADO","1"
"1201103","FECHADURA AGL PV200R1I - CZ EX","708021","LUVA DO ARIETE 10MM - ZINCADO","1"
"1201103","FECHADURA AGL PV200R1I - CZ EX","801208","EIXO DO ROTOR - ZINCADO","1"
"1201103","FECHADURA AGL PV200R1I - CZ EX","804210","ARRUELA MAÇANETA PV","1"
"1201103","FECHADURA AGL PV200R1I - CZ EX","804321","CARRETEL DO FECHO","1"
"1201103","FECHADURA AGL PV200R1I - CZ EX","804323","ACABAMENTO RECORTE PV","1"
"1201103","FECHADURA AGL PV200R1I - CZ EX","804324","BLOQUEIO DE CARTÃO PV","1"
"1201103","FECHADURA AGL PV200R1I - CZ EX","804428","SOQUETE DO FECHO ELETRICO","1"
"1201103","FECHADURA AGL PV200R1I - CZ EX","804468","PONTA DO ARIETE 2,55 X 26MM","1"
"1201103","FECHADURA AGL PV200R1I - CZ EX","805087","NARIZ CILINDRO PV200 - ZINCADO","1"
"1201103","FECHADURA AGL PV200R1I - CZ EX","805089","BASE FIXAÇÃO MAÇANETA","1"
"1201103","FECHADURA AGL PV200R1I - CZ EX","806082","TERMINAL DE LATÃO DO SOQUETE","2"
"1201103","FECHADURA AGL PV200R1I - CZ EX","807002","TRAVA MENOR FECHO PV","1"
"1201103","FECHADURA AGL PV200R1I - CZ EX","807003","TRAVA MAIOR FECHO PV","1"
"1201103","FECHADURA AGL PV200R1I - CZ EX","807049","DISPOSITIVO DE MEMORIA FECHO PV - ZINCADO","1"
"1201103","FECHADURA AGL PV200R1I - CZ EX","807069","LINGUETA DAS FECHADURAS PV","1"
"1201103","FECHADURA AGL PV200R1I - CZ EX","807088","ROTOR DO FECHO","1"
"1201103","FECHADURA AGL PV200R1I - CZ EX","701084","CAIXA DO FECHO - BRUTO","1"
"1201103","FECHADURA AGL PV200R1I - CZ EX","807102","BLINDAGEM DO FECHO","1"
"1201103","FECHADURA AGL PV200R1I - CZ EX","807105","TRATOR MAÇANETA PV - ZINCADO","1"
"1201103","FECHADURA AGL PV200R1I - CZ EX","807106","TAMPA DO FECHO DE METAL","1"
"1201103","FECHADURA AGL PV200R1I - CZ EX","807138","VERGALHÃO QUADRADO 8MM PV - ZINCADO","1"
"1201103","FECHADURA AGL PV200R1I - CZ EX","811277","ETIQUETA ADES. COUCHE 20MM X 15MM X 04 CAR","1"
"1201103","FECHADURA AGL PV200R1I - CZ EX","811310","ETIQUETA ADES. COUCHE 33MM X 21MM X 03 CAR","1"
"1201103","FECHADURA AGL PV200R1I - CZ EX","811762","SACO ZIP PADRAO - 05X07","1"
"1201103","FECHADURA AGL PV200R1I - CZ EX","811681","AGL SOLAPA PORTA VIDRO 10,5 X 29,5 - CALÇO PV200","1"
"1201103","FECHADURA AGL PV200R1I - CZ EX","811700","CAIXA FECHADURA ELETRICA P/ PORTAS DE VIDRO AGL 13,2 X 11,7 X 11,4","1"
"1201103","FECHADURA AGL PV200R1I - CZ EX","807053","BUCHA REDONDA FECHADURA PV -CROMADA","2"
"1201103","FECHADURA AGL PV200R1I - CZ EX","811322","ETIQUETA ADES. BOPP 40MM X 40MM  BRANCA Bt759","1"
"1201103","FECHADURA AGL PV200R1I - CZ EX","810035","ACABAMENTO MAÇANETA BOLA - CROMADO","1"
"1201103","FECHADURA AGL PV200R1I - CZ EX","807098","FUNDO ALUMINIO LINGUETA PV200RF1I/E - CINZA","1"
"1201103","FECHADURA AGL PV200R1I - CZ EX","103760","FIO COBRE ESMALTADO 155 TS 30 AWG","0,010787"
"1201103","FECHADURA AGL PV200R1I - CZ EX","801240","PINO DA CAIXINHA DO FECHO - ZINCADO","1"
"1201104","FECHADURA AGL PV200R2I - CZ EX","806004","CHAPA FECHO PVR2I - CROMADA","1"
"1201104","FECHADURA AGL PV200R2I - CZ EX","806019","CHAPA S/ PUXADOR PV200R2I - CROMADO","1"
"1201104","FECHADURA AGL PV200R2I - CZ EX","805076","ALUMINIO FECHADURA PV 200","1"
"1201104","FECHADURA AGL PV200R2I - CZ EX","806045","ALUMINIO DO BATENTE PVRF2E","1"
"1201104","FECHADURA AGL PV200R2I - CZ EX","807090","FUNDO ALUMINIO LINGUETA PV200RF2I - CINZA","1"
"1201104","FECHADURA AGL PV200R2I - CZ EX","807052","MAÇANETA BOLA - CROMADA","1"
"1201104","FECHADURA AGL PV200R2I - CZ EX","401008","PARAFUSO PLASTIC PAN PHILLIPS 3 X 8 ZB","2"
"1201104","FECHADURA AGL PV200R2I - CZ EX","401023","PARAFUSO MET M3.5 X 8 CH. PH - ZI","4"
"1201104","FECHADURA AGL PV200R2I - CZ EX","401034","PARAFUSO PLASTIC 3 X 6 CH. PH - ZI","2"
"1201104","FECHADURA AGL PV200R2I - CZ EX","401083","PF MET CH PHS M4X12MM ZI","4"
"1201104","FECHADURA AGL PV200R2I - CZ EX","401089","PARAFUSO MET M3 X 8MM CH PHS ZI","2"
"1201104","FECHADURA AGL PV200R2I - CZ EX","401100","PARAFUSO M3 X 12 CC. PH - ZI","1"
"1201104","FECHADURA AGL PV200R2I - CZ EX","401101","PARAFUSO M3.5 X 6 CH. PH - ZI","8"
"1201104","FECHADURA AGL PV200R2I - CZ EX","401102","PARAFUSO M4 X 8 CH. PH MET - ZI","5"
"1201104","FECHADURA AGL PV200R2I - CZ EX","403013","MOLA DE RETORNO DA MAÇANETA FECHADURA PV","1"
"1201104","FECHADURA AGL PV200R2I - CZ EX","403014","MOLA DE RETORNO DA TRAVA MAIOR","1"
"1201104","FECHADURA AGL PV200R2I - CZ EX","403016","MOLA DE RETORNO DO DISPOSITIVO DE MEMORIA","1"
"1201104","FECHADURA AGL PV200R2I - CZ EX","403017","MOLA DE RETORNO DO ROTOR","1"
"1201104","FECHADURA AGL PV200R2I - CZ EX","403018","MOLA DE RETORNO DA TRAVA MENOR","1"
"1201104","FECHADURA AGL PV200R2I - CZ EX","403022","MOLA PV200 RETORNO DA LINGUETA","1"
"1201104","FECHADURA AGL PV200R2I - CZ EX","403025","MOLA DO ARIETE","1"
"1201104","FECHADURA AGL PV200R2I - CZ EX","404015","CONJUNTO CILINDRO FECHADURA PORTA DE VIDRO 1 CIL.","1"
"1201104","FECHADURA AGL PV200R2I - CZ EX","708018","CORPO DO ARIETE 4,76 X 29MM C/ DIAM 1,6MM - ZINCADO","1"
"1201104","FECHADURA AGL PV200R2I - CZ EX","708021","LUVA DO ARIETE 10MM - ZINCADO","1"
"1201104","FECHADURA AGL PV200R2I - CZ EX","801208","EIXO DO ROTOR - ZINCADO","1"
"1201104","FECHADURA AGL PV200R2I - CZ EX","804210","ARRUELA MAÇANETA PV","1"
"1201104","FECHADURA AGL PV200R2I - CZ EX","804306","TAMPA PLASTICA DO FECHO","1"
"1201104","FECHADURA AGL PV200R2I - CZ EX","804321","CARRETEL DO FECHO","1"
"1201104","FECHADURA AGL PV200R2I - CZ EX","804323","ACABAMENTO RECORTE PV","1"
"1201104","FECHADURA AGL PV200R2I - CZ EX","804428","SOQUETE DO FECHO ELETRICO","1"
"1201104","FECHADURA AGL PV200R2I - CZ EX","804468","PONTA DO ARIETE 2,55 X 26MM","1"
"1201104","FECHADURA AGL PV200R2I - CZ EX","805087","NARIZ CILINDRO PV200 - ZINCADO","1"
"1201104","FECHADURA AGL PV200R2I - CZ EX","805089","BASE FIXAÇÃO MAÇANETA","1"
"1201104","FECHADURA AGL PV200R2I - CZ EX","806082","TERMINAL DE LATÃO DO SOQUETE","2"
"1201104","FECHADURA AGL PV200R2I - CZ EX","807002","TRAVA MENOR FECHO PV","1"
"1201104","FECHADURA AGL PV200R2I - CZ EX","807003","TRAVA MAIOR FECHO PV","1"
"1201104","FECHADURA AGL PV200R2I - CZ EX","807049","DISPOSITIVO DE MEMORIA FECHO PV - ZINCADO","1"
"1201104","FECHADURA AGL PV200R2I - CZ EX","807069","LINGUETA DAS FECHADURAS PV","1"
"1201104","FECHADURA AGL PV200R2I - CZ EX","807088","ROTOR DO FECHO","1"
"1201104","FECHADURA AGL PV200R2I - CZ EX","701084","CAIXA DO FECHO - BRUTO","1"
"1201104","FECHADURA AGL PV200R2I - CZ EX","807102","BLINDAGEM DO FECHO","1"
"1201104","FECHADURA AGL PV200R2I - CZ EX","807105","TRATOR MAÇANETA PV - ZINCADO","1"
"1201104","FECHADURA AGL PV200R2I - CZ EX","807138","VERGALHÃO QUADRADO 8MM PV - ZINCADO","1"
"1201104","FECHADURA AGL PV200R2I - CZ EX","811277","ETIQUETA ADES. COUCHE 20MM X 15MM X 04 CAR","1"
"1201104","FECHADURA AGL PV200R2I - CZ EX","811310","ETIQUETA ADES. COUCHE 33MM X 21MM X 03 CAR","1"
"1201104","FECHADURA AGL PV200R2I - CZ EX","811762","SACO ZIP PADRAO - 05X07","1"
"1201104","FECHADURA AGL PV200R2I - CZ EX","811681","AGL SOLAPA PORTA VIDRO 10,5 X 29,5 - CALÇO PV200","1"
"1201104","FECHADURA AGL PV200R2I - CZ EX","811700","CAIXA FECHADURA ELETRICA P/ PORTAS DE VIDRO AGL 13,2 X 11,7 X 11,4","1"
"1201104","FECHADURA AGL PV200R2I - CZ EX","807094","FUNDO ALUMINIO FECHO PV200RF2I - CINZA","1"
"1201104","FECHADURA AGL PV200R2I - CZ EX","807053","BUCHA REDONDA FECHADURA PV -CROMADA","2"
"1201104","FECHADURA AGL PV200R2I - CZ EX","811322","ETIQUETA ADES. BOPP 40MM X 40MM  BRANCA Bt759","1"
"1201104","FECHADURA AGL PV200R2I - CZ EX","810035","ACABAMENTO MAÇANETA BOLA - CROMADO","1"
"1201104","FECHADURA AGL PV200R2I - CZ EX","103760","FIO COBRE ESMALTADO 155 TS 30 AWG","0,010787"
"1201104","FECHADURA AGL PV200R2I - CZ EX","801240","PINO DA CAIXINHA DO FECHO - ZINCADO","1"
"1201105","FECHADURA KRIPT PV200R2I C/ 2 CIL","806004","CHAPA FECHO PVR2I - CROMADA","1"
"1201105","FECHADURA KRIPT PV200R2I C/ 2 CIL","806038","ALUMINIO FECHADURA PV200 C/2 CIL","1"
"1201105","FECHADURA KRIPT PV200R2I C/ 2 CIL","807090","FUNDO ALUMINIO LINGUETA PV200RF2I - CINZA","1"
"1201105","FECHADURA KRIPT PV200R2I C/ 2 CIL","401008","PARAFUSO PLASTIC PAN PHILLIPS 3 X 8 ZB","2"
"1201105","FECHADURA KRIPT PV200R2I C/ 2 CIL","401023","PARAFUSO MET M3.5 X 8 CH. PH - ZI","6"
"1201105","FECHADURA KRIPT PV200R2I C/ 2 CIL","401034","PARAFUSO PLASTIC 3 X 6 CH. PH - ZI","2"
"1201105","FECHADURA KRIPT PV200R2I C/ 2 CIL","401083","PF MET CH PHS M4X12MM ZI","4"
"1201105","FECHADURA KRIPT PV200R2I C/ 2 CIL","401089","PARAFUSO MET M3 X 8MM CH PHS ZI","4"
"1201105","FECHADURA KRIPT PV200R2I C/ 2 CIL","401100","PARAFUSO M3 X 12 CC. PH - ZI","1"
"1201105","FECHADURA KRIPT PV200R2I C/ 2 CIL","401101","PARAFUSO M3.5 X 6 CH. PH - ZI","8"
"1201105","FECHADURA KRIPT PV200R2I C/ 2 CIL","401102","PARAFUSO M4 X 8 CH. PH MET - ZI","5"
"1201105","FECHADURA KRIPT PV200R2I C/ 2 CIL","403014","MOLA DE RETORNO DA TRAVA MAIOR","1"
"1201105","FECHADURA KRIPT PV200R2I C/ 2 CIL","403016","MOLA DE RETORNO DO DISPOSITIVO DE MEMORIA","1"
"1201105","FECHADURA KRIPT PV200R2I C/ 2 CIL","403017","MOLA DE RETORNO DO ROTOR","1"
"1201105","FECHADURA KRIPT PV200R2I C/ 2 CIL","403018","MOLA DE RETORNO DA TRAVA MENOR","1"
"1201105","FECHADURA KRIPT PV200R2I C/ 2 CIL","403022","MOLA PV200 RETORNO DA LINGUETA","1"
"1201105","FECHADURA KRIPT PV200R2I C/ 2 CIL","403025","MOLA DO ARIETE","1"
"1201105","FECHADURA KRIPT PV200R2I C/ 2 CIL","404016","CONJUNTO CILINDRO FECHADURA PORTA DE VIDRO 2 CIL.","2"
"1201105","FECHADURA KRIPT PV200R2I C/ 2 CIL","708018","CORPO DO ARIETE 4,76 X 29MM C/ DIAM 1,6MM - ZINCADO","1"
"1201105","FECHADURA KRIPT PV200R2I C/ 2 CIL","708021","LUVA DO ARIETE 10MM - ZINCADO","1"
"1201105","FECHADURA KRIPT PV200R2I C/ 2 CIL","801208","EIXO DO ROTOR - ZINCADO","1"
"1201105","FECHADURA KRIPT PV200R2I C/ 2 CIL","804306","TAMPA PLASTICA DO FECHO","1"
"1201105","FECHADURA KRIPT PV200R2I C/ 2 CIL","804321","CARRETEL DO FECHO","1"
"1201105","FECHADURA KRIPT PV200R2I C/ 2 CIL","804323","ACABAMENTO RECORTE PV","1"
"1201105","FECHADURA KRIPT PV200R2I C/ 2 CIL","804406","ESPACADOR PARA FECHADURA 2 CILINDROS","1"
"1201105","FECHADURA KRIPT PV200R2I C/ 2 CIL","804428","SOQUETE DO FECHO ELETRICO","1"
"1201105","FECHADURA KRIPT PV200R2I C/ 2 CIL","804468","PONTA DO ARIETE 2,55 X 26MM","1"
"1201105","FECHADURA KRIPT PV200R2I C/ 2 CIL","805085","CHAPA DE FIXAÇÃO CILINDRO DUPLO FECH PV - ZINCADA","1"
"1201105","FECHADURA KRIPT PV200R2I C/ 2 CIL","805087","NARIZ CILINDRO PV200 - ZINCADO","2"
"1201105","FECHADURA KRIPT PV200R2I C/ 2 CIL","806001","CHAPA PUXADOR PV200R2I P/ 1 OU 2 CILINDROS (MAIOR)","1"
"1201105","FECHADURA KRIPT PV200R2I C/ 2 CIL","806087","ALUMINIO DO BATENTE PV200RF2I","1"
"1201105","FECHADURA KRIPT PV200R2I C/ 2 CIL","806054","CHAPA PUXADOR PV200RF2I P/ 1 OU 2 CILINDROS (MENOR)","1"
"1201105","FECHADURA KRIPT PV200R2I C/ 2 CIL","806082","TERMINAL DE LATÃO DO SOQUETE","2"
"1201105","FECHADURA KRIPT PV200R2I C/ 2 CIL","807002","TRAVA MENOR FECHO PV","1"
"1201105","FECHADURA KRIPT PV200R2I C/ 2 CIL","807003","TRAVA MAIOR FECHO PV","1"
"1201105","FECHADURA KRIPT PV200R2I C/ 2 CIL","807049","DISPOSITIVO DE MEMORIA FECHO PV - ZINCADO","1"
"1201105","FECHADURA KRIPT PV200R2I C/ 2 CIL","807069","LINGUETA DAS FECHADURAS PV","1"
"1201105","FECHADURA KRIPT PV200R2I C/ 2 CIL","807088","ROTOR DO FECHO","1"
"1201105","FECHADURA KRIPT PV200R2I C/ 2 CIL","701084","CAIXA DO FECHO - BRUTO","1"
"1201105","FECHADURA KRIPT PV200R2I C/ 2 CIL","807102","BLINDAGEM DO FECHO","1"
"1201105","FECHADURA KRIPT PV200R2I C/ 2 CIL","811277","ETIQUETA ADES. COUCHE 20MM X 15MM X 04 CAR","1"
"1201105","FECHADURA KRIPT PV200R2I C/ 2 CIL","811310","ETIQUETA ADES. COUCHE 33MM X 21MM X 03 CAR","1"
"1201105","FECHADURA KRIPT PV200R2I C/ 2 CIL","811606","CAIXA FECHADURA ELETRICA P/ PORTAS DE VIDRO KRIPT 10,5 X 29,5","1"
"1201105","FECHADURA KRIPT PV200R2I C/ 2 CIL","811762","SACO ZIP PADRAO - 05X07","1"
"1201105","FECHADURA KRIPT PV200R2I C/ 2 CIL","807094","FUNDO ALUMINIO FECHO PV200RF2I - CINZA","1"
"1201105","FECHADURA KRIPT PV200R2I C/ 2 CIL","807053","BUCHA REDONDA FECHADURA PV -CROMADA","2"
"1201105","FECHADURA KRIPT PV200R2I C/ 2 CIL","811322","ETIQUETA ADES. BOPP 40MM X 40MM  BRANCA Bt759","1"
"1201105","FECHADURA KRIPT PV200R2I C/ 2 CIL","103760","FIO COBRE ESMALTADO 155 TS 30 AWG","0,010787"
"1201105","FECHADURA KRIPT PV200R2I C/ 2 CIL","801240","PINO DA CAIXINHA DO FECHO - ZINCADO","1"
"1201105","FECHADURA KRIPT PV200R2I C/ 2 CIL","811681","AGL SOLAPA PORTA VIDRO 10,5 X 29,5 - CALÇO PV200","1"
"1201105","FECHADURA KRIPT PV200R2I C/ 2 CIL","102817","CHAVE SIMPLES VIRGEM AGL - SEM LOGO","2"
"1201108","FECHADURA SEG PVF2I C/ 2 CIL - CZ","806022","CHAPA FECHO PVF2E - CROMADA","1"
"1201108","FECHADURA SEG PVF2I C/ 2 CIL - CZ","806038","ALUMINIO FECHADURA PV200 C/2 CIL","1"
"1201108","FECHADURA SEG PVF2I C/ 2 CIL - CZ","807090","FUNDO ALUMINIO LINGUETA PV200RF2I - CINZA","1"
"1201108","FECHADURA SEG PVF2I C/ 2 CIL - CZ","401008","PARAFUSO PLASTIC PAN PHILLIPS 3 X 8 ZB","2"
"1201108","FECHADURA SEG PVF2I C/ 2 CIL - CZ","401023","PARAFUSO MET M3.5 X 8 CH. PH - ZI","6"
"1201108","FECHADURA SEG PVF2I C/ 2 CIL - CZ","401034","PARAFUSO PLASTIC 3 X 6 CH. PH - ZI","2"
"1201108","FECHADURA SEG PVF2I C/ 2 CIL - CZ","401083","PF MET CH PHS M4X12MM ZI","4"
"1201108","FECHADURA SEG PVF2I C/ 2 CIL - CZ","401089","PARAFUSO MET M3 X 8MM CH PHS ZI","4"
"1201108","FECHADURA SEG PVF2I C/ 2 CIL - CZ","401100","PARAFUSO M3 X 12 CC. PH - ZI","1"
"1201108","FECHADURA SEG PVF2I C/ 2 CIL - CZ","401101","PARAFUSO M3.5 X 6 CH. PH - ZI","8"
"1201108","FECHADURA SEG PVF2I C/ 2 CIL - CZ","401102","PARAFUSO M4 X 8 CH. PH MET - ZI","5"
"1201108","FECHADURA SEG PVF2I C/ 2 CIL - CZ","403014","MOLA DE RETORNO DA TRAVA MAIOR","1"
"1201108","FECHADURA SEG PVF2I C/ 2 CIL - CZ","403016","MOLA DE RETORNO DO DISPOSITIVO DE MEMORIA","1"
"1201108","FECHADURA SEG PVF2I C/ 2 CIL - CZ","403017","MOLA DE RETORNO DO ROTOR","1"
"1201108","FECHADURA SEG PVF2I C/ 2 CIL - CZ","403018","MOLA DE RETORNO DA TRAVA MENOR","1"
"1201108","FECHADURA SEG PVF2I C/ 2 CIL - CZ","403022","MOLA PV200 RETORNO DA LINGUETA","1"
"1201108","FECHADURA SEG PVF2I C/ 2 CIL - CZ","403025","MOLA DO ARIETE","1"
"1201108","FECHADURA SEG PVF2I C/ 2 CIL - CZ","404016","CONJUNTO CILINDRO FECHADURA PORTA DE VIDRO 2 CIL.","2"
"1201108","FECHADURA SEG PVF2I C/ 2 CIL - CZ","708018","CORPO DO ARIETE 4,76 X 29MM C/ DIAM 1,6MM - ZINCADO","1"
"1201108","FECHADURA SEG PVF2I C/ 2 CIL - CZ","708021","LUVA DO ARIETE 10MM - ZINCADO","1"
"1201108","FECHADURA SEG PVF2I C/ 2 CIL - CZ","801208","EIXO DO ROTOR - ZINCADO","1"
"1201108","FECHADURA SEG PVF2I C/ 2 CIL - CZ","804306","TAMPA PLASTICA DO FECHO","1"
"1201108","FECHADURA SEG PVF2I C/ 2 CIL - CZ","804321","CARRETEL DO FECHO","1"
"1201108","FECHADURA SEG PVF2I C/ 2 CIL - CZ","804406","ESPACADOR PARA FECHADURA 2 CILINDROS","1"
"1201108","FECHADURA SEG PVF2I C/ 2 CIL - CZ","804428","SOQUETE DO FECHO ELETRICO","1"
"1201108","FECHADURA SEG PVF2I C/ 2 CIL - CZ","804468","PONTA DO ARIETE 2,55 X 26MM","1"
"1201108","FECHADURA SEG PVF2I C/ 2 CIL - CZ","805085","CHAPA DE FIXAÇÃO CILINDRO DUPLO FECH PV - ZINCADA","1"
"1201108","FECHADURA SEG PVF2I C/ 2 CIL - CZ","805087","NARIZ CILINDRO PV200 - ZINCADO","2"
"1201108","FECHADURA SEG PVF2I C/ 2 CIL - CZ","806087","ALUMINIO DO BATENTE PV200RF2I","1"
"1201108","FECHADURA SEG PVF2I C/ 2 CIL - CZ","806052","CHAPA PUXADOR PV200F2I P/ 1 OU 2 CILINDROS (MAIOR)","1"
"1201108","FECHADURA SEG PVF2I C/ 2 CIL - CZ","806054","CHAPA PUXADOR PV200RF2I P/ 1 OU 2 CILINDROS (MENOR)","1"
"1201108","FECHADURA SEG PVF2I C/ 2 CIL - CZ","806082","TERMINAL DE LATÃO DO SOQUETE","2"
"1201108","FECHADURA SEG PVF2I C/ 2 CIL - CZ","807002","TRAVA MENOR FECHO PV","1"
"1201108","FECHADURA SEG PVF2I C/ 2 CIL - CZ","807003","TRAVA MAIOR FECHO PV","1"
"1201108","FECHADURA SEG PVF2I C/ 2 CIL - CZ","807049","DISPOSITIVO DE MEMORIA FECHO PV - ZINCADO","1"
"1201108","FECHADURA SEG PVF2I C/ 2 CIL - CZ","807069","LINGUETA DAS FECHADURAS PV","1"
"1201108","FECHADURA SEG PVF2I C/ 2 CIL - CZ","807088","ROTOR DO FECHO","1"
"1201108","FECHADURA SEG PVF2I C/ 2 CIL - CZ","701084","CAIXA DO FECHO - BRUTO","1"
"1201108","FECHADURA SEG PVF2I C/ 2 CIL - CZ","807102","BLINDAGEM DO FECHO","1"
"1201108","FECHADURA SEG PVF2I C/ 2 CIL - CZ","811277","ETIQUETA ADES. COUCHE 20MM X 15MM X 04 CAR","1"
"1201108","FECHADURA SEG PVF2I C/ 2 CIL - CZ","811310","ETIQUETA ADES. COUCHE 33MM X 21MM X 03 CAR","1"
"1201108","FECHADURA SEG PVF2I C/ 2 CIL - CZ","811588","CAIXA FECHADURA ELETRICA P/ PORTAS DE VIDRO SEG 10,5 X 29,5","1"
"1201108","FECHADURA SEG PVF2I C/ 2 CIL - CZ","811762","SACO ZIP PADRAO - 05X07","1"
"1201108","FECHADURA SEG PVF2I C/ 2 CIL - CZ","807094","FUNDO ALUMINIO FECHO PV200RF2I - CINZA","1"
"1201108","FECHADURA SEG PVF2I C/ 2 CIL - CZ","807053","BUCHA REDONDA FECHADURA PV -CROMADA","2"
"1201108","FECHADURA SEG PVF2I C/ 2 CIL - CZ","811322","ETIQUETA ADES. BOPP 40MM X 40MM  BRANCA Bt759","1"
"1201108","FECHADURA SEG PVF2I C/ 2 CIL - CZ","103760","FIO COBRE ESMALTADO 155 TS 30 AWG","0,010787"
"1201108","FECHADURA SEG PVF2I C/ 2 CIL - CZ","801240","PINO DA CAIXINHA DO FECHO - ZINCADO","1"
"1201108","FECHADURA SEG PVF2I C/ 2 CIL - CZ","811681","AGL SOLAPA PORTA VIDRO 10,5 X 29,5 - CALÇO PV200","1"
"1201108","FECHADURA SEG PVF2I C/ 2 CIL - CZ","102817","CHAVE SIMPLES VIRGEM AGL - SEM LOGO","2"
"1201109","FECHADURA KRIPT PV200F1E - CZ","805076","ALUMINIO FECHADURA PV 200","1"
"1201109","FECHADURA KRIPT PV200F1E - CZ","806036","CHAPA BATENTE PV200RF1E - CROMADO","1"
"1201109","FECHADURA KRIPT PV200F1E - CZ","401002","PARAFUSO 3.5 X 13 A/A CH. PH - ZI","4"
"1201109","FECHADURA KRIPT PV200F1E - CZ","401008","PARAFUSO PLASTIC PAN PHILLIPS 3 X 8 ZB","2"
"1201109","FECHADURA KRIPT PV200F1E - CZ","401023","PARAFUSO MET M3.5 X 8 CH. PH - ZI","4"
"1201109","FECHADURA KRIPT PV200F1E - CZ","401034","PARAFUSO PLASTIC 3 X 6 CH. PH - ZI","2"
"1201109","FECHADURA KRIPT PV200F1E - CZ","401083","PF MET CH PHS M4X12MM ZI","2"
"1201109","FECHADURA KRIPT PV200F1E - CZ","401089","PARAFUSO MET M3 X 8MM CH PHS ZI","4"
"1201109","FECHADURA KRIPT PV200F1E - CZ","401100","PARAFUSO M3 X 12 CC. PH - ZI","1"
"1201109","FECHADURA KRIPT PV200F1E - CZ","401101","PARAFUSO M3.5 X 6 CH. PH - ZI","4"
"1201109","FECHADURA KRIPT PV200F1E - CZ","401102","PARAFUSO M4 X 8 CH. PH MET - ZI","5"
"1201109","FECHADURA KRIPT PV200F1E - CZ","403013","MOLA DE RETORNO DA MAÇANETA FECHADURA PV","1"
"1201109","FECHADURA KRIPT PV200F1E - CZ","403014","MOLA DE RETORNO DA TRAVA MAIOR","1"
"1201109","FECHADURA KRIPT PV200F1E - CZ","403016","MOLA DE RETORNO DO DISPOSITIVO DE MEMORIA","1"
"1201109","FECHADURA KRIPT PV200F1E - CZ","403017","MOLA DE RETORNO DO ROTOR","1"
"1201109","FECHADURA KRIPT PV200F1E - CZ","403018","MOLA DE RETORNO DA TRAVA MENOR","1"
"1201109","FECHADURA KRIPT PV200F1E - CZ","403022","MOLA PV200 RETORNO DA LINGUETA","1"
"1201109","FECHADURA KRIPT PV200F1E - CZ","403025","MOLA DO ARIETE","1"
"1201109","FECHADURA KRIPT PV200F1E - CZ","404015","CONJUNTO CILINDRO FECHADURA PORTA DE VIDRO 1 CIL.","1"
"1201109","FECHADURA KRIPT PV200F1E - CZ","708018","CORPO DO ARIETE 4,76 X 29MM C/ DIAM 1,6MM - ZINCADO","1"
"1201109","FECHADURA KRIPT PV200F1E - CZ","708021","LUVA DO ARIETE 10MM - ZINCADO","1"
"1201109","FECHADURA KRIPT PV200F1E - CZ","801208","EIXO DO ROTOR - ZINCADO","1"
"1201109","FECHADURA KRIPT PV200F1E - CZ","804210","ARRUELA MAÇANETA PV","1"
"1201109","FECHADURA KRIPT PV200F1E - CZ","804212","ENCOSTO PARA CHAPA DO BATENTE PV","1"
"1201109","FECHADURA KRIPT PV200F1E - CZ","804321","CARRETEL DO FECHO","1"
"1201109","FECHADURA KRIPT PV200F1E - CZ","804428","SOQUETE DO FECHO ELETRICO","1"
"1201109","FECHADURA KRIPT PV200F1E - CZ","804468","PONTA DO ARIETE 2,55 X 26MM","1"
"1201109","FECHADURA KRIPT PV200F1E - CZ","805087","NARIZ CILINDRO PV200 - ZINCADO","1"
"1201109","FECHADURA KRIPT PV200F1E - CZ","805089","BASE FIXAÇÃO MAÇANETA","1"
"1201109","FECHADURA KRIPT PV200F1E - CZ","806035","CHAPA PUXADOR PV200F1I/E P/ 1 OU 2 CILINDROS (MAIOR)","2"
"1201109","FECHADURA KRIPT PV200F1E - CZ","806082","TERMINAL DE LATÃO DO SOQUETE","2"
"1201109","FECHADURA KRIPT PV200F1E - CZ","807002","TRAVA MENOR FECHO PV","1"
"1201109","FECHADURA KRIPT PV200F1E - CZ","807003","TRAVA MAIOR FECHO PV","1"
"1201109","FECHADURA KRIPT PV200F1E - CZ","807049","DISPOSITIVO DE MEMORIA FECHO PV - ZINCADO","1"
"1201109","FECHADURA KRIPT PV200F1E - CZ","807069","LINGUETA DAS FECHADURAS PV","1"
"1201109","FECHADURA KRIPT PV200F1E - CZ","807088","ROTOR DO FECHO","1"
"1201109","FECHADURA KRIPT PV200F1E - CZ","701084","CAIXA DO FECHO - BRUTO","1"
"1201109","FECHADURA KRIPT PV200F1E - CZ","807102","BLINDAGEM DO FECHO","1"
"1201109","FECHADURA KRIPT PV200F1E - CZ","807105","TRATOR MAÇANETA PV - ZINCADO","1"
"1201109","FECHADURA KRIPT PV200F1E - CZ","807106","TAMPA DO FECHO DE METAL","1"
"1201109","FECHADURA KRIPT PV200F1E - CZ","807138","VERGALHÃO QUADRADO 8MM PV - ZINCADO","1"
"1201109","FECHADURA KRIPT PV200F1E - CZ","811277","ETIQUETA ADES. COUCHE 20MM X 15MM X 04 CAR","1"
"1201109","FECHADURA KRIPT PV200F1E - CZ","811310","ETIQUETA ADES. COUCHE 33MM X 21MM X 03 CAR","1"
"1201109","FECHADURA KRIPT PV200F1E - CZ","811606","CAIXA FECHADURA ELETRICA P/ PORTAS DE VIDRO KRIPT 10,5 X 29,5","1"
"1201109","FECHADURA KRIPT PV200F1E - CZ","811762","SACO ZIP PADRAO - 05X07","1"
"1201109","FECHADURA KRIPT PV200F1E - CZ","807053","BUCHA REDONDA FECHADURA PV -CROMADA","2"
"1201109","FECHADURA KRIPT PV200F1E - CZ","807053","BUCHA REDONDA FECHADURA PV -CROMADA","1"
"1201109","FECHADURA KRIPT PV200F1E - CZ","811322","ETIQUETA ADES. BOPP 40MM X 40MM  BRANCA Bt759","1"
"1201109","FECHADURA KRIPT PV200F1E - CZ","807098","FUNDO ALUMINIO LINGUETA PV200RF1I/E - CINZA","1"
"1201109","FECHADURA KRIPT PV200F1E - CZ","807056","MAÇANETA ALAVANCA - CROMADA","1"
"1201109","FECHADURA KRIPT PV200F1E - CZ","103760","FIO COBRE ESMALTADO 155 TS 30 AWG","0,010787"
"1201109","FECHADURA KRIPT PV200F1E - CZ","801240","PINO DA CAIXINHA DO FECHO - ZINCADO","1"
"1201109","FECHADURA KRIPT PV200F1E - CZ","811681","AGL SOLAPA PORTA VIDRO 10,5 X 29,5 - CALÇO PV200","1"
"1201109","FECHADURA KRIPT PV200F1E - CZ","102817","CHAVE SIMPLES VIRGEM AGL - SEM LOGO","2"
"1201112","FECHADURA AGL PV200R1I - PRETA","806006","FUNDO ALUMINIO LINGUETA PV200RF1I/E - PRETO","1"
"1201112","FECHADURA AGL PV200R1I - PRETA","401002","PARAFUSO 3.5 X 13 A/A CH. PH - ZI","4"
"1201112","FECHADURA AGL PV200R1I - PRETA","401008","PARAFUSO PLASTIC PAN PHILLIPS 3 X 8 ZB","2"
"1201112","FECHADURA AGL PV200R1I - PRETA","401023","PARAFUSO MET M3.5 X 8 CH. PH - ZI","4"
"1201112","FECHADURA AGL PV200R1I - PRETA","401034","PARAFUSO PLASTIC 3 X 6 CH. PH - ZI","2"
"1201112","FECHADURA AGL PV200R1I - PRETA","401083","PF MET CH PHS M4X12MM ZI","2"
"1201112","FECHADURA AGL PV200R1I - PRETA","401089","PARAFUSO MET M3 X 8MM CH PHS ZI","2"
"1201112","FECHADURA AGL PV200R1I - PRETA","401100","PARAFUSO M3 X 12 CC. PH - ZI","1"
"1201112","FECHADURA AGL PV200R1I - PRETA","401101","PARAFUSO M3.5 X 6 CH. PH - ZI","4"
"1201112","FECHADURA AGL PV200R1I - PRETA","401102","PARAFUSO M4 X 8 CH. PH MET - ZI","5"
"1201112","FECHADURA AGL PV200R1I - PRETA","403013","MOLA DE RETORNO DA MAÇANETA FECHADURA PV","1"
"1201112","FECHADURA AGL PV200R1I - PRETA","403014","MOLA DE RETORNO DA TRAVA MAIOR","1"
"1201112","FECHADURA AGL PV200R1I - PRETA","403016","MOLA DE RETORNO DO DISPOSITIVO DE MEMORIA","1"
"1201112","FECHADURA AGL PV200R1I - PRETA","403017","MOLA DE RETORNO DO ROTOR","1"
"1201112","FECHADURA AGL PV200R1I - PRETA","403018","MOLA DE RETORNO DA TRAVA MENOR","1"
"1201112","FECHADURA AGL PV200R1I - PRETA","403022","MOLA PV200 RETORNO DA LINGUETA","1"
"1201112","FECHADURA AGL PV200R1I - PRETA","403025","MOLA DO ARIETE","1"
"1201112","FECHADURA AGL PV200R1I - PRETA","404015","CONJUNTO CILINDRO FECHADURA PORTA DE VIDRO 1 CIL.","1"
"1201112","FECHADURA AGL PV200R1I - PRETA","708018","CORPO DO ARIETE 4,76 X 29MM C/ DIAM 1,6MM - ZINCADO","1"
"1201112","FECHADURA AGL PV200R1I - PRETA","708021","LUVA DO ARIETE 10MM - ZINCADO","1"
"1201112","FECHADURA AGL PV200R1I - PRETA","801208","EIXO DO ROTOR - ZINCADO","1"
"1201112","FECHADURA AGL PV200R1I - PRETA","804210","ARRUELA MAÇANETA PV","1"
"1201112","FECHADURA AGL PV200R1I - PRETA","804321","CARRETEL DO FECHO","1"
"1201112","FECHADURA AGL PV200R1I - PRETA","804323","ACABAMENTO RECORTE PV","1"
"1201112","FECHADURA AGL PV200R1I - PRETA","804324","BLOQUEIO DE CARTÃO PV","1"
"1201112","FECHADURA AGL PV200R1I - PRETA","804428","SOQUETE DO FECHO ELETRICO","1"
"1201112","FECHADURA AGL PV200R1I - PRETA","804468","PONTA DO ARIETE 2,55 X 26MM","1"
"1201112","FECHADURA AGL PV200R1I - PRETA","805087","NARIZ CILINDRO PV200 - ZINCADO","1"
"1201112","FECHADURA AGL PV200R1I - PRETA","805089","BASE FIXAÇÃO MAÇANETA","1"
"1201112","FECHADURA AGL PV200R1I - PRETA","806082","TERMINAL DE LATÃO DO SOQUETE","2"
"1201112","FECHADURA AGL PV200R1I - PRETA","807002","TRAVA MENOR FECHO PV","1"
"1201112","FECHADURA AGL PV200R1I - PRETA","807003","TRAVA MAIOR FECHO PV","1"
"1201112","FECHADURA AGL PV200R1I - PRETA","807049","DISPOSITIVO DE MEMORIA FECHO PV - ZINCADO","1"
"1201112","FECHADURA AGL PV200R1I - PRETA","807069","LINGUETA DAS FECHADURAS PV","1"
"1201112","FECHADURA AGL PV200R1I - PRETA","807088","ROTOR DO FECHO","1"
"1201112","FECHADURA AGL PV200R1I - PRETA","701084","CAIXA DO FECHO - BRUTO","1"
"1201112","FECHADURA AGL PV200R1I - PRETA","807102","BLINDAGEM DO FECHO","1"
"1201112","FECHADURA AGL PV200R1I - PRETA","807105","TRATOR MAÇANETA PV - ZINCADO","1"
"1201112","FECHADURA AGL PV200R1I - PRETA","807106","TAMPA DO FECHO DE METAL","1"
"1201112","FECHADURA AGL PV200R1I - PRETA","807138","VERGALHÃO QUADRADO 8MM PV - ZINCADO","1"
"1201112","FECHADURA AGL PV200R1I - PRETA","811277","ETIQUETA ADES. COUCHE 20MM X 15MM X 04 CAR","1"
"1201112","FECHADURA AGL PV200R1I - PRETA","811310","ETIQUETA ADES. COUCHE 33MM X 21MM X 03 CAR","1"
"1201112","FECHADURA AGL PV200R1I - PRETA","811762","SACO ZIP PADRAO - 05X07","1"
"1201112","FECHADURA AGL PV200R1I - PRETA","811681","AGL SOLAPA PORTA VIDRO 10,5 X 29,5 - CALÇO PV200","1"
"1201112","FECHADURA AGL PV200R1I - PRETA","811700","CAIXA FECHADURA ELETRICA P/ PORTAS DE VIDRO AGL 13,2 X 11,7 X 11,4","1"
"1201112","FECHADURA AGL PV200R1I - PRETA","806089","FRENTE AL LINGUETA PV - PRETA","1"
"1201112","FECHADURA AGL PV200R1I - PRETA","806013","CHAPA BATENTE PV200RF1E - PRETO","1"
"1201112","FECHADURA AGL PV200R1I - PRETA","807053","BUCHA REDONDA FECHADURA PV -CROMADA","2"
"1201112","FECHADURA AGL PV200R1I - PRETA","811322","ETIQUETA ADES. BOPP 40MM X 40MM  BRANCA Bt759","1"
"1201112","FECHADURA AGL PV200R1I - PRETA","810035","ACABAMENTO MAÇANETA BOLA - CROMADO","1"
"1201112","FECHADURA AGL PV200R1I - PRETA","806074","CHAPA C/ PUXADOR PV200R1I - PRETO","1"
"1201112","FECHADURA AGL PV200R1I - PRETA","807055","MAÇANETA BOLA - PRETA","1"
"1201112","FECHADURA AGL PV200R1I - PRETA","103760","FIO COBRE ESMALTADO 155 TS 30 AWG","0,010787"
"1201112","FECHADURA AGL PV200R1I - PRETA","801240","PINO DA CAIXINHA DO FECHO - ZINCADO","1"
"1201113","FECHADURA AGL PV200R2I - PRETA","401008","PARAFUSO PLASTIC PAN PHILLIPS 3 X 8 ZB","2"
"1201113","FECHADURA AGL PV200R2I - PRETA","401023","PARAFUSO MET M3.5 X 8 CH. PH - ZI","4"
"1201113","FECHADURA AGL PV200R2I - PRETA","401034","PARAFUSO PLASTIC 3 X 6 CH. PH - ZI","2"
"1201113","FECHADURA AGL PV200R2I - PRETA","401083","PF MET CH PHS M4X12MM ZI","4"
"1201113","FECHADURA AGL PV200R2I - PRETA","401089","PARAFUSO MET M3 X 8MM CH PHS ZI","2"
"1201113","FECHADURA AGL PV200R2I - PRETA","401100","PARAFUSO M3 X 12 CC. PH - ZI","1"
"1201113","FECHADURA AGL PV200R2I - PRETA","401101","PARAFUSO M3.5 X 6 CH. PH - ZI","8"
"1201113","FECHADURA AGL PV200R2I - PRETA","401102","PARAFUSO M4 X 8 CH. PH MET - ZI","5"
"1201113","FECHADURA AGL PV200R2I - PRETA","403013","MOLA DE RETORNO DA MAÇANETA FECHADURA PV","1"
"1201113","FECHADURA AGL PV200R2I - PRETA","403014","MOLA DE RETORNO DA TRAVA MAIOR","1"
"1201113","FECHADURA AGL PV200R2I - PRETA","403016","MOLA DE RETORNO DO DISPOSITIVO DE MEMORIA","1"
"1201113","FECHADURA AGL PV200R2I - PRETA","403017","MOLA DE RETORNO DO ROTOR","1"
"1201113","FECHADURA AGL PV200R2I - PRETA","403018","MOLA DE RETORNO DA TRAVA MENOR","1"
"1201113","FECHADURA AGL PV200R2I - PRETA","403022","MOLA PV200 RETORNO DA LINGUETA","1"
"1201113","FECHADURA AGL PV200R2I - PRETA","403025","MOLA DO ARIETE","1"
"1201113","FECHADURA AGL PV200R2I - PRETA","404015","CONJUNTO CILINDRO FECHADURA PORTA DE VIDRO 1 CIL.","1"
"1201113","FECHADURA AGL PV200R2I - PRETA","708018","CORPO DO ARIETE 4,76 X 29MM C/ DIAM 1,6MM - ZINCADO","1"
"1201113","FECHADURA AGL PV200R2I - PRETA","708021","LUVA DO ARIETE 10MM - ZINCADO","1"
"1201113","FECHADURA AGL PV200R2I - PRETA","801208","EIXO DO ROTOR - ZINCADO","1"
"1201113","FECHADURA AGL PV200R2I - PRETA","804210","ARRUELA MAÇANETA PV","1"
"1201113","FECHADURA AGL PV200R2I - PRETA","804306","TAMPA PLASTICA DO FECHO","1"
"1201113","FECHADURA AGL PV200R2I - PRETA","804321","CARRETEL DO FECHO","1"
"1201113","FECHADURA AGL PV200R2I - PRETA","804323","ACABAMENTO RECORTE PV","1"
"1201113","FECHADURA AGL PV200R2I - PRETA","804428","SOQUETE DO FECHO ELETRICO","1"
"1201113","FECHADURA AGL PV200R2I - PRETA","804468","PONTA DO ARIETE 2,55 X 26MM","1"
"1201113","FECHADURA AGL PV200R2I - PRETA","805087","NARIZ CILINDRO PV200 - ZINCADO","1"
"1201113","FECHADURA AGL PV200R2I - PRETA","805089","BASE FIXAÇÃO MAÇANETA","1"
"1201113","FECHADURA AGL PV200R2I - PRETA","806089","FRENTE AL LINGUETA PV - PRETA","1"
"1201113","FECHADURA AGL PV200R2I - PRETA","806082","TERMINAL DE LATÃO DO SOQUETE","2"
"1201113","FECHADURA AGL PV200R2I - PRETA","807002","TRAVA MENOR FECHO PV","1"
"1201113","FECHADURA AGL PV200R2I - PRETA","807003","TRAVA MAIOR FECHO PV","1"
"1201113","FECHADURA AGL PV200R2I - PRETA","807049","DISPOSITIVO DE MEMORIA FECHO PV - ZINCADO","1"
"1201113","FECHADURA AGL PV200R2I - PRETA","807069","LINGUETA DAS FECHADURAS PV","1"
"1201113","FECHADURA AGL PV200R2I - PRETA","807088","ROTOR DO FECHO","1"
"1201113","FECHADURA AGL PV200R2I - PRETA","701084","CAIXA DO FECHO - BRUTO","1"
"1201113","FECHADURA AGL PV200R2I - PRETA","807102","BLINDAGEM DO FECHO","1"
"1201113","FECHADURA AGL PV200R2I - PRETA","807105","TRATOR MAÇANETA PV - ZINCADO","1"
"1201113","FECHADURA AGL PV200R2I - PRETA","807138","VERGALHÃO QUADRADO 8MM PV - ZINCADO","1"
"1201113","FECHADURA AGL PV200R2I - PRETA","811277","ETIQUETA ADES. COUCHE 20MM X 15MM X 04 CAR","1"
"1201113","FECHADURA AGL PV200R2I - PRETA","811310","ETIQUETA ADES. COUCHE 33MM X 21MM X 03 CAR","1"
"1201113","FECHADURA AGL PV200R2I - PRETA","811762","SACO ZIP PADRAO - 05X07","1"
"1201113","FECHADURA AGL PV200R2I - PRETA","811681","AGL SOLAPA PORTA VIDRO 10,5 X 29,5 - CALÇO PV200","1"
"1201113","FECHADURA AGL PV200R2I - PRETA","811700","CAIXA FECHADURA ELETRICA P/ PORTAS DE VIDRO AGL 13,2 X 11,7 X 11,4","1"
"1201113","FECHADURA AGL PV200R2I - PRETA","806070","FRENTE AL PQ. FECHO PV - PRETA","1"
"1201113","FECHADURA AGL PV200R2I - PRETA","806051","FUNDO ALUMINIO LINGUETA PV200RF2I - PRETA","1"
"1201113","FECHADURA AGL PV200R2I - PRETA","807053","BUCHA REDONDA FECHADURA PV -CROMADA","2"
"1201113","FECHADURA AGL PV200R2I - PRETA","806053","FUNDO ALUMINIO FECHO PV200RF2I - PRETA","1"
"1201113","FECHADURA AGL PV200R2I - PRETA","811322","ETIQUETA ADES. BOPP 40MM X 40MM  BRANCA Bt759","1"
"1201113","FECHADURA AGL PV200R2I - PRETA","810035","ACABAMENTO MAÇANETA BOLA - CROMADO","1"
"1201113","FECHADURA AGL PV200R2I - PRETA","806075","CHAPA C/ PUXADOR PV200R2I - PRETO","1"
"1201113","FECHADURA AGL PV200R2I - PRETA","806076","CHAPA FECHO PV200R2I - PRETA","1"
"1201113","FECHADURA AGL PV200R2I - PRETA","807055","MAÇANETA BOLA - PRETA","1"
"1201113","FECHADURA AGL PV200R2I - PRETA","103760","FIO COBRE ESMALTADO 155 TS 30 AWG","0,010787"
"1201113","FECHADURA AGL PV200R2I - PRETA","801240","PINO DA CAIXINHA DO FECHO - ZINCADO","1"
"1201114","FECHADURA AGL PV200F2I - BRANCA","806012","CHAPA FECHO PV200F2I - BRANCA","1"
"1201114","FECHADURA AGL PV200F2I - BRANCA","806044","TAMPA AL LINGUETA PV - BRANCA","1"
"1201114","FECHADURA AGL PV200F2I - BRANCA","806048","FRENTE AL PQ. FECHO PV - BRANCA","1"
"1201114","FECHADURA AGL PV200F2I - BRANCA","806050","FUNDO ALUMINIO LINGUETA PV200RF2I - BRANCA","1"
"1201114","FECHADURA AGL PV200F2I - BRANCA","806067","CHAPA C/ PUXADOR PV200F2I - BRANCO","1"
"1201114","FECHADURA AGL PV200F2I - BRANCA","806068","FUNDO ALUMINIO FECHO PV200RF2I - BRANCA","1"
"1201114","FECHADURA AGL PV200F2I - BRANCA","807054","MAÇANETA BOLA - BRANCA","1"
"1201114","FECHADURA AGL PV200F2I - BRANCA","401008","PARAFUSO PLASTIC PAN PHILLIPS 3 X 8 ZB","2"
"1201114","FECHADURA AGL PV200F2I - BRANCA","401023","PARAFUSO MET M3.5 X 8 CH. PH - ZI","4"
"1201114","FECHADURA AGL PV200F2I - BRANCA","401034","PARAFUSO PLASTIC 3 X 6 CH. PH - ZI","2"
"1201114","FECHADURA AGL PV200F2I - BRANCA","401083","PF MET CH PHS M4X12MM ZI","4"
"1201114","FECHADURA AGL PV200F2I - BRANCA","401089","PARAFUSO MET M3 X 8MM CH PHS ZI","2"
"1201114","FECHADURA AGL PV200F2I - BRANCA","401100","PARAFUSO M3 X 12 CC. PH - ZI","1"
"1201114","FECHADURA AGL PV200F2I - BRANCA","401101","PARAFUSO M3.5 X 6 CH. PH - ZI","8"
"1201114","FECHADURA AGL PV200F2I - BRANCA","401102","PARAFUSO M4 X 8 CH. PH MET - ZI","5"
"1201114","FECHADURA AGL PV200F2I - BRANCA","403013","MOLA DE RETORNO DA MAÇANETA FECHADURA PV","1"
"1201114","FECHADURA AGL PV200F2I - BRANCA","403014","MOLA DE RETORNO DA TRAVA MAIOR","1"
"1201114","FECHADURA AGL PV200F2I - BRANCA","403016","MOLA DE RETORNO DO DISPOSITIVO DE MEMORIA","1"
"1201114","FECHADURA AGL PV200F2I - BRANCA","403017","MOLA DE RETORNO DO ROTOR","1"
"1201114","FECHADURA AGL PV200F2I - BRANCA","403018","MOLA DE RETORNO DA TRAVA MENOR","1"
"1201114","FECHADURA AGL PV200F2I - BRANCA","403022","MOLA PV200 RETORNO DA LINGUETA","1"
"1201114","FECHADURA AGL PV200F2I - BRANCA","403025","MOLA DO ARIETE","1"
"1201114","FECHADURA AGL PV200F2I - BRANCA","404015","CONJUNTO CILINDRO FECHADURA PORTA DE VIDRO 1 CIL.","1"
"1201114","FECHADURA AGL PV200F2I - BRANCA","708018","CORPO DO ARIETE 4,76 X 29MM C/ DIAM 1,6MM - ZINCADO","1"
"1201114","FECHADURA AGL PV200F2I - BRANCA","708021","LUVA DO ARIETE 10MM - ZINCADO","1"
"1201114","FECHADURA AGL PV200F2I - BRANCA","801208","EIXO DO ROTOR - ZINCADO","1"
"1201114","FECHADURA AGL PV200F2I - BRANCA","804210","ARRUELA MAÇANETA PV","1"
"1201114","FECHADURA AGL PV200F2I - BRANCA","804306","TAMPA PLASTICA DO FECHO","1"
"1201114","FECHADURA AGL PV200F2I - BRANCA","804321","CARRETEL DO FECHO","1"
"1201114","FECHADURA AGL PV200F2I - BRANCA","804428","SOQUETE DO FECHO ELETRICO","1"
"1201114","FECHADURA AGL PV200F2I - BRANCA","804468","PONTA DO ARIETE 2,55 X 26MM","1"
"1201114","FECHADURA AGL PV200F2I - BRANCA","805087","NARIZ CILINDRO PV200 - ZINCADO","1"
"1201114","FECHADURA AGL PV200F2I - BRANCA","805089","BASE FIXAÇÃO MAÇANETA","1"
"1201114","FECHADURA AGL PV200F2I - BRANCA","806082","TERMINAL DE LATÃO DO SOQUETE","2"
"1201114","FECHADURA AGL PV200F2I - BRANCA","807002","TRAVA MENOR FECHO PV","1"
"1201114","FECHADURA AGL PV200F2I - BRANCA","807003","TRAVA MAIOR FECHO PV","1"
"1201114","FECHADURA AGL PV200F2I - BRANCA","807049","DISPOSITIVO DE MEMORIA FECHO PV - ZINCADO","1"
"1201114","FECHADURA AGL PV200F2I - BRANCA","807069","LINGUETA DAS FECHADURAS PV","1"
"1201114","FECHADURA AGL PV200F2I - BRANCA","807088","ROTOR DO FECHO","1"
"1201114","FECHADURA AGL PV200F2I - BRANCA","701084","CAIXA DO FECHO - BRUTO","1"
"1201114","FECHADURA AGL PV200F2I - BRANCA","807102","BLINDAGEM DO FECHO","1"
"1201114","FECHADURA AGL PV200F2I - BRANCA","807105","TRATOR MAÇANETA PV - ZINCADO","1"
"1201114","FECHADURA AGL PV200F2I - BRANCA","807138","VERGALHÃO QUADRADO 8MM PV - ZINCADO","1"
"1201114","FECHADURA AGL PV200F2I - BRANCA","811277","ETIQUETA ADES. COUCHE 20MM X 15MM X 04 CAR","1"
"1201114","FECHADURA AGL PV200F2I - BRANCA","811310","ETIQUETA ADES. COUCHE 33MM X 21MM X 03 CAR","1"
"1201114","FECHADURA AGL PV200F2I - BRANCA","811762","SACO ZIP PADRAO - 05X07","1"
"1201114","FECHADURA AGL PV200F2I - BRANCA","811681","AGL SOLAPA PORTA VIDRO 10,5 X 29,5 - CALÇO PV200","1"
"1201114","FECHADURA AGL PV200F2I - BRANCA","811700","CAIXA FECHADURA ELETRICA P/ PORTAS DE VIDRO AGL 13,2 X 11,7 X 11,4","1"
"1201114","FECHADURA AGL PV200F2I - BRANCA","807053","BUCHA REDONDA FECHADURA PV -CROMADA","2"
"1201114","FECHADURA AGL PV200F2I - BRANCA","811322","ETIQUETA ADES. BOPP 40MM X 40MM  BRANCA Bt759","1"
"1201114","FECHADURA AGL PV200F2I - BRANCA","810035","ACABAMENTO MAÇANETA BOLA - CROMADO","1"
"1201114","FECHADURA AGL PV200F2I - BRANCA","103760","FIO COBRE ESMALTADO 155 TS 30 AWG","0,010787"
"1201114","FECHADURA AGL PV200F2I - BRANCA","801240","PINO DA CAIXINHA DO FECHO - ZINCADO","1"
"1201115","FECHADURA AGL PV200F1I - PRETA","806006","FUNDO ALUMINIO LINGUETA PV200RF1I/E - PRETO","1"
"1201115","FECHADURA AGL PV200F1I - PRETA","806089","FRENTE AL LINGUETA PV - PRETA","1"
"1201115","FECHADURA AGL PV200F1I - PRETA","401002","PARAFUSO 3.5 X 13 A/A CH. PH - ZI","4"
"1201115","FECHADURA AGL PV200F1I - PRETA","401008","PARAFUSO PLASTIC PAN PHILLIPS 3 X 8 ZB","2"
"1201115","FECHADURA AGL PV200F1I - PRETA","401023","PARAFUSO MET M3.5 X 8 CH. PH - ZI","4"
"1201115","FECHADURA AGL PV200F1I - PRETA","401034","PARAFUSO PLASTIC 3 X 6 CH. PH - ZI","2"
"1201115","FECHADURA AGL PV200F1I - PRETA","401083","PF MET CH PHS M4X12MM ZI","2"
"1201115","FECHADURA AGL PV200F1I - PRETA","401089","PARAFUSO MET M3 X 8MM CH PHS ZI","2"
"1201115","FECHADURA AGL PV200F1I - PRETA","401100","PARAFUSO M3 X 12 CC. PH - ZI","1"
"1201115","FECHADURA AGL PV200F1I - PRETA","401101","PARAFUSO M3.5 X 6 CH. PH - ZI","4"
"1201115","FECHADURA AGL PV200F1I - PRETA","401102","PARAFUSO M4 X 8 CH. PH MET - ZI","5"
"1201115","FECHADURA AGL PV200F1I - PRETA","403013","MOLA DE RETORNO DA MAÇANETA FECHADURA PV","1"
"1201115","FECHADURA AGL PV200F1I - PRETA","403014","MOLA DE RETORNO DA TRAVA MAIOR","1"
"1201115","FECHADURA AGL PV200F1I - PRETA","403016","MOLA DE RETORNO DO DISPOSITIVO DE MEMORIA","1"
"1201115","FECHADURA AGL PV200F1I - PRETA","403017","MOLA DE RETORNO DO ROTOR","1"
"1201115","FECHADURA AGL PV200F1I - PRETA","403018","MOLA DE RETORNO DA TRAVA MENOR","1"
"1201115","FECHADURA AGL PV200F1I - PRETA","403022","MOLA PV200 RETORNO DA LINGUETA","1"
"1201115","FECHADURA AGL PV200F1I - PRETA","403025","MOLA DO ARIETE","1"
"1201115","FECHADURA AGL PV200F1I - PRETA","404015","CONJUNTO CILINDRO FECHADURA PORTA DE VIDRO 1 CIL.","1"
"1201115","FECHADURA AGL PV200F1I - PRETA","708018","CORPO DO ARIETE 4,76 X 29MM C/ DIAM 1,6MM - ZINCADO","1"
"1201115","FECHADURA AGL PV200F1I - PRETA","708021","LUVA DO ARIETE 10MM - ZINCADO","1"
"1201115","FECHADURA AGL PV200F1I - PRETA","801208","EIXO DO ROTOR - ZINCADO","1"
"1201115","FECHADURA AGL PV200F1I - PRETA","804210","ARRUELA MAÇANETA PV","1"
"1201115","FECHADURA AGL PV200F1I - PRETA","804321","CARRETEL DO FECHO","1"
"1201115","FECHADURA AGL PV200F1I - PRETA","804324","BLOQUEIO DE CARTÃO PV","1"
"1201115","FECHADURA AGL PV200F1I - PRETA","804428","SOQUETE DO FECHO ELETRICO","1"
"1201115","FECHADURA AGL PV200F1I - PRETA","804468","PONTA DO ARIETE 2,55 X 26MM","1"
"1201115","FECHADURA AGL PV200F1I - PRETA","805087","NARIZ CILINDRO PV200 - ZINCADO","1"
"1201115","FECHADURA AGL PV200F1I - PRETA","805089","BASE FIXAÇÃO MAÇANETA","1"
"1201115","FECHADURA AGL PV200F1I - PRETA","806082","TERMINAL DE LATÃO DO SOQUETE","2"
"1201115","FECHADURA AGL PV200F1I - PRETA","807002","TRAVA MENOR FECHO PV","1"
"1201115","FECHADURA AGL PV200F1I - PRETA","807003","TRAVA MAIOR FECHO PV","1"
"1201115","FECHADURA AGL PV200F1I - PRETA","807049","DISPOSITIVO DE MEMORIA FECHO PV - ZINCADO","1"
"1201115","FECHADURA AGL PV200F1I - PRETA","807069","LINGUETA DAS FECHADURAS PV","1"
"1201115","FECHADURA AGL PV200F1I - PRETA","807088","ROTOR DO FECHO","1"
"1201115","FECHADURA AGL PV200F1I - PRETA","701084","CAIXA DO FECHO - BRUTO","1"
"1201115","FECHADURA AGL PV200F1I - PRETA","807102","BLINDAGEM DO FECHO","1"
"1201115","FECHADURA AGL PV200F1I - PRETA","807105","TRATOR MAÇANETA PV - ZINCADO","1"
"1201115","FECHADURA AGL PV200F1I - PRETA","807106","TAMPA DO FECHO DE METAL","1"
"1201115","FECHADURA AGL PV200F1I - PRETA","807138","VERGALHÃO QUADRADO 8MM PV - ZINCADO","1"
"1201115","FECHADURA AGL PV200F1I - PRETA","811277","ETIQUETA ADES. COUCHE 20MM X 15MM X 04 CAR","1"
"1201115","FECHADURA AGL PV200F1I - PRETA","811310","ETIQUETA ADES. COUCHE 33MM X 21MM X 03 CAR","1"
"1201115","FECHADURA AGL PV200F1I - PRETA","811762","SACO ZIP PADRAO - 05X07","1"
"1201115","FECHADURA AGL PV200F1I - PRETA","811681","AGL SOLAPA PORTA VIDRO 10,5 X 29,5 - CALÇO PV200","1"
"1201115","FECHADURA AGL PV200F1I - PRETA","811700","CAIXA FECHADURA ELETRICA P/ PORTAS DE VIDRO AGL 13,2 X 11,7 X 11,4","1"
"1201115","FECHADURA AGL PV200F1I - PRETA","807053","BUCHA REDONDA FECHADURA PV -CROMADA","2"
"1201115","FECHADURA AGL PV200F1I - PRETA","811322","ETIQUETA ADES. BOPP 40MM X 40MM  BRANCA Bt759","1"
"1201115","FECHADURA AGL PV200F1I - PRETA","810035","ACABAMENTO MAÇANETA BOLA - CROMADO","1"
"1201115","FECHADURA AGL PV200F1I - PRETA","806049","CHAPA BATENTE PV200RF1I - PRETO","1"
"1201115","FECHADURA AGL PV200F1I - PRETA","806066","CHAPA C/ PUXADOR PV200F1I - PRETO","1"
"1201115","FECHADURA AGL PV200F1I - PRETA","807055","MAÇANETA BOLA - PRETA","1"
"1201115","FECHADURA AGL PV200F1I - PRETA","103760","FIO COBRE ESMALTADO 155 TS 30 AWG","0,010787"
"1201115","FECHADURA AGL PV200F1I - PRETA","801240","PINO DA CAIXINHA DO FECHO - ZINCADO","1"
"1201116","FECHADURA AGL PV200F1E - PRETA","806034","MAÇANETA ALAVANCA - PRETA","1"
"1201116","FECHADURA AGL PV200F1E - PRETA","806006","FUNDO ALUMINIO LINGUETA PV200RF1I/E - PRETO","1"
"1201116","FECHADURA AGL PV200F1E - PRETA","806089","FRENTE AL LINGUETA PV - PRETA","1"
"1201116","FECHADURA AGL PV200F1E - PRETA","401002","PARAFUSO 3.5 X 13 A/A CH. PH - ZI","4"
"1201116","FECHADURA AGL PV200F1E - PRETA","401008","PARAFUSO PLASTIC PAN PHILLIPS 3 X 8 ZB","2"
"1201116","FECHADURA AGL PV200F1E - PRETA","401023","PARAFUSO MET M3.5 X 8 CH. PH - ZI","4"
"1201116","FECHADURA AGL PV200F1E - PRETA","401034","PARAFUSO PLASTIC 3 X 6 CH. PH - ZI","2"
"1201116","FECHADURA AGL PV200F1E - PRETA","401083","PF MET CH PHS M4X12MM ZI","2"
"1201116","FECHADURA AGL PV200F1E - PRETA","401089","PARAFUSO MET M3 X 8MM CH PHS ZI","4"
"1201116","FECHADURA AGL PV200F1E - PRETA","401100","PARAFUSO M3 X 12 CC. PH - ZI","1"
"1201116","FECHADURA AGL PV200F1E - PRETA","401101","PARAFUSO M3.5 X 6 CH. PH - ZI","4"
"1201116","FECHADURA AGL PV200F1E - PRETA","401102","PARAFUSO M4 X 8 CH. PH MET - ZI","5"
"1201116","FECHADURA AGL PV200F1E - PRETA","403013","MOLA DE RETORNO DA MAÇANETA FECHADURA PV","1"
"1201116","FECHADURA AGL PV200F1E - PRETA","403014","MOLA DE RETORNO DA TRAVA MAIOR","1"
"1201116","FECHADURA AGL PV200F1E - PRETA","403016","MOLA DE RETORNO DO DISPOSITIVO DE MEMORIA","1"
"1201116","FECHADURA AGL PV200F1E - PRETA","403017","MOLA DE RETORNO DO ROTOR","1"
"1201116","FECHADURA AGL PV200F1E - PRETA","403018","MOLA DE RETORNO DA TRAVA MENOR","1"
"1201116","FECHADURA AGL PV200F1E - PRETA","403022","MOLA PV200 RETORNO DA LINGUETA","1"
"1201116","FECHADURA AGL PV200F1E - PRETA","403025","MOLA DO ARIETE","1"
"1201116","FECHADURA AGL PV200F1E - PRETA","404015","CONJUNTO CILINDRO FECHADURA PORTA DE VIDRO 1 CIL.","1"
"1201116","FECHADURA AGL PV200F1E - PRETA","708018","CORPO DO ARIETE 4,76 X 29MM C/ DIAM 1,6MM - ZINCADO","1"
"1201116","FECHADURA AGL PV200F1E - PRETA","708021","LUVA DO ARIETE 10MM - ZINCADO","1"
"1201116","FECHADURA AGL PV200F1E - PRETA","801208","EIXO DO ROTOR - ZINCADO","1"
"1201116","FECHADURA AGL PV200F1E - PRETA","804210","ARRUELA MAÇANETA PV","1"
"1201116","FECHADURA AGL PV200F1E - PRETA","804212","ENCOSTO PARA CHAPA DO BATENTE PV","1"
"1201116","FECHADURA AGL PV200F1E - PRETA","804321","CARRETEL DO FECHO","1"
"1201116","FECHADURA AGL PV200F1E - PRETA","804428","SOQUETE DO FECHO ELETRICO","1"
"1201116","FECHADURA AGL PV200F1E - PRETA","804468","PONTA DO ARIETE 2,55 X 26MM","1"
"1201116","FECHADURA AGL PV200F1E - PRETA","805087","NARIZ CILINDRO PV200 - ZINCADO","1"
"1201116","FECHADURA AGL PV200F1E - PRETA","805089","BASE FIXAÇÃO MAÇANETA","1"
"1201116","FECHADURA AGL PV200F1E - PRETA","806082","TERMINAL DE LATÃO DO SOQUETE","2"
"1201116","FECHADURA AGL PV200F1E - PRETA","807002","TRAVA MENOR FECHO PV","1"
"1201116","FECHADURA AGL PV200F1E - PRETA","807003","TRAVA MAIOR FECHO PV","1"
"1201116","FECHADURA AGL PV200F1E - PRETA","807049","DISPOSITIVO DE MEMORIA FECHO PV - ZINCADO","1"
"1201116","FECHADURA AGL PV200F1E - PRETA","807069","LINGUETA DAS FECHADURAS PV","1"
"1201116","FECHADURA AGL PV200F1E - PRETA","807088","ROTOR DO FECHO","1"
"1201116","FECHADURA AGL PV200F1E - PRETA","701084","CAIXA DO FECHO - BRUTO","1"
"1201116","FECHADURA AGL PV200F1E - PRETA","807102","BLINDAGEM DO FECHO","1"
"1201116","FECHADURA AGL PV200F1E - PRETA","807105","TRATOR MAÇANETA PV - ZINCADO","1"
"1201116","FECHADURA AGL PV200F1E - PRETA","807106","TAMPA DO FECHO DE METAL","1"
"1201116","FECHADURA AGL PV200F1E - PRETA","807138","VERGALHÃO QUADRADO 8MM PV - ZINCADO","1"
"1201116","FECHADURA AGL PV200F1E - PRETA","811277","ETIQUETA ADES. COUCHE 20MM X 15MM X 04 CAR","1"
"1201116","FECHADURA AGL PV200F1E - PRETA","811310","ETIQUETA ADES. COUCHE 33MM X 21MM X 03 CAR","1"
"1201116","FECHADURA AGL PV200F1E - PRETA","811762","SACO ZIP PADRAO - 05X07","1"
"1201116","FECHADURA AGL PV200F1E - PRETA","811681","AGL SOLAPA PORTA VIDRO 10,5 X 29,5 - CALÇO PV200","1"
"1201116","FECHADURA AGL PV200F1E - PRETA","811700","CAIXA FECHADURA ELETRICA P/ PORTAS DE VIDRO AGL 13,2 X 11,7 X 11,4","1"
"1201116","FECHADURA AGL PV200F1E - PRETA","806009","CHAPA PUXADOR PV200F1I/E P/ 1 OU 2 CILINDROS (MAIOR) - PRETO","2"
"1201116","FECHADURA AGL PV200F1E - PRETA","806013","CHAPA BATENTE PV200RF1E - PRETO","1"
"1201116","FECHADURA AGL PV200F1E - PRETA","807053","BUCHA REDONDA FECHADURA PV -CROMADA","2"
"1201116","FECHADURA AGL PV200F1E - PRETA","807053","BUCHA REDONDA FECHADURA PV -CROMADA","1"
"1201116","FECHADURA AGL PV200F1E - PRETA","811322","ETIQUETA ADES. BOPP 40MM X 40MM  BRANCA Bt759","1"
"1201116","FECHADURA AGL PV200F1E - PRETA","103760","FIO COBRE ESMALTADO 155 TS 30 AWG","0,010787"
"1201116","FECHADURA AGL PV200F1E - PRETA","801240","PINO DA CAIXINHA DO FECHO - ZINCADO","1"
"1201117","FECHADURA AGL PVF2E - PRETA","806023","CHAPA FECHO PVF2E - PRETA","1"
"1201117","FECHADURA AGL PVF2E - PRETA","806034","MAÇANETA ALAVANCA - PRETA","1"
"1201117","FECHADURA AGL PVF2E - PRETA","806043","FRENTE AL LINGUETA PVR - PRETA","1"
"1201117","FECHADURA AGL PVF2E - PRETA","401008","PARAFUSO PLASTIC PAN PHILLIPS 3 X 8 ZB","2"
"1201117","FECHADURA AGL PVF2E - PRETA","401023","PARAFUSO MET M3.5 X 8 CH. PH - ZI","8"
"1201117","FECHADURA AGL PVF2E - PRETA","401034","PARAFUSO PLASTIC 3 X 6 CH. PH - ZI","2"
"1201117","FECHADURA AGL PVF2E - PRETA","401083","PF MET CH PHS M4X12MM ZI","4"
"1201117","FECHADURA AGL PVF2E - PRETA","401089","PARAFUSO MET M3 X 8MM CH PHS ZI","2"
"1201117","FECHADURA AGL PVF2E - PRETA","401100","PARAFUSO M3 X 12 CC. PH - ZI","1"
"1201117","FECHADURA AGL PVF2E - PRETA","401101","PARAFUSO M3.5 X 6 CH. PH - ZI","8"
"1201117","FECHADURA AGL PVF2E - PRETA","401102","PARAFUSO M4 X 8 CH. PH MET - ZI","1"
"1201117","FECHADURA AGL PVF2E - PRETA","403013","MOLA DE RETORNO DA MAÇANETA FECHADURA PV","1"
"1201117","FECHADURA AGL PVF2E - PRETA","403014","MOLA DE RETORNO DA TRAVA MAIOR","1"
"1201117","FECHADURA AGL PVF2E - PRETA","403016","MOLA DE RETORNO DO DISPOSITIVO DE MEMORIA","1"
"1201117","FECHADURA AGL PVF2E - PRETA","403017","MOLA DE RETORNO DO ROTOR","1"
"1201117","FECHADURA AGL PVF2E - PRETA","403018","MOLA DE RETORNO DA TRAVA MENOR","1"
"1201117","FECHADURA AGL PVF2E - PRETA","403025","MOLA DO ARIETE","1"
"1201117","FECHADURA AGL PVF2E - PRETA","404015","CONJUNTO CILINDRO FECHADURA PORTA DE VIDRO 1 CIL.","1"
"1201117","FECHADURA AGL PVF2E - PRETA","708018","CORPO DO ARIETE 4,76 X 29MM C/ DIAM 1,6MM - ZINCADO","1"
"1201117","FECHADURA AGL PVF2E - PRETA","708021","LUVA DO ARIETE 10MM - ZINCADO","1"
"1201117","FECHADURA AGL PVF2E - PRETA","801208","EIXO DO ROTOR - ZINCADO","1"
"1201117","FECHADURA AGL PVF2E - PRETA","804321","CARRETEL DO FECHO","1"
"1201117","FECHADURA AGL PVF2E - PRETA","804428","SOQUETE DO FECHO ELETRICO","1"
"1201117","FECHADURA AGL PVF2E - PRETA","804468","PONTA DO ARIETE 2,55 X 26MM","1"
"1201117","FECHADURA AGL PVF2E - PRETA","805088","NARIZ CILINDRO PVR - ZINCADO","1"
"1201117","FECHADURA AGL PVF2E - PRETA","805089","BASE FIXAÇÃO MAÇANETA","1"
"1201117","FECHADURA AGL PVF2E - PRETA","806082","TERMINAL DE LATÃO DO SOQUETE","2"
"1201117","FECHADURA AGL PVF2E - PRETA","807002","TRAVA MENOR FECHO PV","1"
"1201117","FECHADURA AGL PVF2E - PRETA","807003","TRAVA MAIOR FECHO PV","1"
"1201117","FECHADURA AGL PVF2E - PRETA","807049","DISPOSITIVO DE MEMORIA FECHO PV - ZINCADO","1"
"1201117","FECHADURA AGL PVF2E - PRETA","807069","LINGUETA DAS FECHADURAS PV","1"
"1201117","FECHADURA AGL PVF2E - PRETA","807088","ROTOR DO FECHO","1"
"1201117","FECHADURA AGL PVF2E - PRETA","701084","CAIXA DO FECHO - BRUTO","1"
"1201117","FECHADURA AGL PVF2E - PRETA","807102","BLINDAGEM DO FECHO","1"
"1201117","FECHADURA AGL PVF2E - PRETA","807105","TRATOR MAÇANETA PV - ZINCADO","1"
"1201117","FECHADURA AGL PVF2E - PRETA","807106","TAMPA DO FECHO DE METAL","1"
"1201117","FECHADURA AGL PVF2E - PRETA","807138","VERGALHÃO QUADRADO 8MM PV - ZINCADO","1"
"1201117","FECHADURA AGL PVF2E - PRETA","811277","ETIQUETA ADES. COUCHE 20MM X 15MM X 04 CAR","1"
"1201117","FECHADURA AGL PVF2E - PRETA","811310","ETIQUETA ADES. COUCHE 33MM X 21MM X 03 CAR","1"
"1201117","FECHADURA AGL PVF2E - PRETA","811762","SACO ZIP PADRAO - 05X07","1"
"1201117","FECHADURA AGL PVF2E - PRETA","811681","AGL SOLAPA PORTA VIDRO 10,5 X 29,5 - CALÇO PV200","1"
"1201117","FECHADURA AGL PVF2E - PRETA","811700","CAIXA FECHADURA ELETRICA P/ PORTAS DE VIDRO AGL 13,2 X 11,7 X 11,4","1"
"1201117","FECHADURA AGL PVF2E - PRETA","806046","FRENTE GR. AL FECHO - PRETA","1"
"1201117","FECHADURA AGL PVF2E - PRETA","806032","FUNDO FECHO PV R/F 2E - PRETO","1"
"1201117","FECHADURA AGL PVF2E - PRETA","807053","BUCHA REDONDA FECHADURA PV -CROMADA","2"
"1201117","FECHADURA AGL PVF2E - PRETA","811322","ETIQUETA ADES. BOPP 40MM X 40MM  BRANCA Bt759","1"
"1201117","FECHADURA AGL PVF2E - PRETA","806033","FUNDO ZAMAC LINGUETA PVRF2E - PRETO","1"
"1201117","FECHADURA AGL PVF2E - PRETA","806064","CHAPA PUXADOR PVF2E P/ 1 OU 2 CILINDROS (MAIOR) - PRETO","1"
"1201117","FECHADURA AGL PVF2E - PRETA","103760","FIO COBRE ESMALTADO 155 TS 30 AWG","0,010787"
"1201117","FECHADURA AGL PVF2E - PRETA","801240","PINO DA CAIXINHA DO FECHO - ZINCADO","1"
"1201118","FECHADURA AGL PVR2E - PRETA","806017","CHAPA FECHO PVR2E - PRETA","1"
"1201118","FECHADURA AGL PVR2E - PRETA","806034","MAÇANETA ALAVANCA - PRETA","1"
"1201118","FECHADURA AGL PVR2E - PRETA","806043","FRENTE AL LINGUETA PVR - PRETA","1"
"1201118","FECHADURA AGL PVR2E - PRETA","401008","PARAFUSO PLASTIC PAN PHILLIPS 3 X 8 ZB","2"
"1201118","FECHADURA AGL PVR2E - PRETA","401023","PARAFUSO MET M3.5 X 8 CH. PH - ZI","8"
"1201118","FECHADURA AGL PVR2E - PRETA","401034","PARAFUSO PLASTIC 3 X 6 CH. PH - ZI","2"
"1201118","FECHADURA AGL PVR2E - PRETA","401083","PF MET CH PHS M4X12MM ZI","4"
"1201118","FECHADURA AGL PVR2E - PRETA","401089","PARAFUSO MET M3 X 8MM CH PHS ZI","2"
"1201118","FECHADURA AGL PVR2E - PRETA","401100","PARAFUSO M3 X 12 CC. PH - ZI","1"
"1201118","FECHADURA AGL PVR2E - PRETA","401101","PARAFUSO M3.5 X 6 CH. PH - ZI","8"
"1201118","FECHADURA AGL PVR2E - PRETA","403013","MOLA DE RETORNO DA MAÇANETA FECHADURA PV","1"
"1201118","FECHADURA AGL PVR2E - PRETA","403014","MOLA DE RETORNO DA TRAVA MAIOR","1"
"1201118","FECHADURA AGL PVR2E - PRETA","403016","MOLA DE RETORNO DO DISPOSITIVO DE MEMORIA","1"
"1201118","FECHADURA AGL PVR2E - PRETA","403017","MOLA DE RETORNO DO ROTOR","1"
"1201118","FECHADURA AGL PVR2E - PRETA","403018","MOLA DE RETORNO DA TRAVA MENOR","1"
"1201118","FECHADURA AGL PVR2E - PRETA","403025","MOLA DO ARIETE","1"
"1201118","FECHADURA AGL PVR2E - PRETA","404015","CONJUNTO CILINDRO FECHADURA PORTA DE VIDRO 1 CIL.","1"
"1201118","FECHADURA AGL PVR2E - PRETA","708018","CORPO DO ARIETE 4,76 X 29MM C/ DIAM 1,6MM - ZINCADO","1"
"1201118","FECHADURA AGL PVR2E - PRETA","708021","LUVA DO ARIETE 10MM - ZINCADO","1"
"1201118","FECHADURA AGL PVR2E - PRETA","801208","EIXO DO ROTOR - ZINCADO","1"
"1201118","FECHADURA AGL PVR2E - PRETA","804321","CARRETEL DO FECHO","1"
"1201118","FECHADURA AGL PVR2E - PRETA","804323","ACABAMENTO RECORTE PV","2"
"1201118","FECHADURA AGL PVR2E - PRETA","804428","SOQUETE DO FECHO ELETRICO","1"
"1201118","FECHADURA AGL PVR2E - PRETA","804468","PONTA DO ARIETE 2,55 X 26MM","1"
"1201118","FECHADURA AGL PVR2E - PRETA","805088","NARIZ CILINDRO PVR - ZINCADO","1"
"1201118","FECHADURA AGL PVR2E - PRETA","805089","BASE FIXAÇÃO MAÇANETA","1"
"1201118","FECHADURA AGL PVR2E - PRETA","806082","TERMINAL DE LATÃO DO SOQUETE","2"
"1201118","FECHADURA AGL PVR2E - PRETA","807002","TRAVA MENOR FECHO PV","1"
"1201118","FECHADURA AGL PVR2E - PRETA","807003","TRAVA MAIOR FECHO PV","1"
"1201118","FECHADURA AGL PVR2E - PRETA","807049","DISPOSITIVO DE MEMORIA FECHO PV - ZINCADO","1"
"1201118","FECHADURA AGL PVR2E - PRETA","807069","LINGUETA DAS FECHADURAS PV","1"
"1201118","FECHADURA AGL PVR2E - PRETA","807088","ROTOR DO FECHO","1"
"1201118","FECHADURA AGL PVR2E - PRETA","701084","CAIXA DO FECHO - BRUTO","1"
"1201118","FECHADURA AGL PVR2E - PRETA","807102","BLINDAGEM DO FECHO","1"
"1201118","FECHADURA AGL PVR2E - PRETA","807105","TRATOR MAÇANETA PV - ZINCADO","1"
"1201118","FECHADURA AGL PVR2E - PRETA","807106","TAMPA DO FECHO DE METAL","1"
"1201118","FECHADURA AGL PVR2E - PRETA","807138","VERGALHÃO QUADRADO 8MM PV - ZINCADO","1"
"1201118","FECHADURA AGL PVR2E - PRETA","811277","ETIQUETA ADES. COUCHE 20MM X 15MM X 04 CAR","1"
"1201118","FECHADURA AGL PVR2E - PRETA","811310","ETIQUETA ADES. COUCHE 33MM X 21MM X 03 CAR","1"
"1201118","FECHADURA AGL PVR2E - PRETA","811762","SACO ZIP PADRAO - 05X07","1"
"1201118","FECHADURA AGL PVR2E - PRETA","811681","AGL SOLAPA PORTA VIDRO 10,5 X 29,5 - CALÇO PV200","1"
"1201118","FECHADURA AGL PVR2E - PRETA","811700","CAIXA FECHADURA ELETRICA P/ PORTAS DE VIDRO AGL 13,2 X 11,7 X 11,4","1"
"1201118","FECHADURA AGL PVR2E - PRETA","806046","FRENTE GR. AL FECHO - PRETA","1"
"1201118","FECHADURA AGL PVR2E - PRETA","806032","FUNDO FECHO PV R/F 2E - PRETO","1"
"1201118","FECHADURA AGL PVR2E - PRETA","807053","BUCHA REDONDA FECHADURA PV -CROMADA","2"
"1201118","FECHADURA AGL PVR2E - PRETA","811322","ETIQUETA ADES. BOPP 40MM X 40MM  BRANCA Bt759","1"
"1201118","FECHADURA AGL PVR2E - PRETA","806033","FUNDO ZAMAC LINGUETA PVRF2E - PRETO","1"
"1201118","FECHADURA AGL PVR2E - PRETA","806080","CHAPA PUXADOR PVR2E P/ 1 OU 2 CILINDROS (MAIOR) - PRETO","1"
"1201118","FECHADURA AGL PVR2E - PRETA","103760","FIO COBRE ESMALTADO 155 TS 30 AWG","0,010787"
"1201118","FECHADURA AGL PVR2E - PRETA","801240","PINO DA CAIXINHA DO FECHO - ZINCADO","1"
"1201118","FECHADURA AGL PVR2E - PRETA","403070","MOLA PVR RETORNO DA LINGUETA","1"
"1201120","FECHADURA AGL PV200F1I - CZ EX","806028","CHAPA S/ PUXADOR PV200F1I - CROMADO","1"
"1201120","FECHADURA AGL PV200F1I - CZ EX","806031","CHAPA BATENTE PV200RF1I - CROMADO","1"
"1201120","FECHADURA AGL PV200F1I - CZ EX","805076","ALUMINIO FECHADURA PV 200","1"
"1201120","FECHADURA AGL PV200F1I - CZ EX","807052","MAÇANETA BOLA - CROMADA","1"
"1201120","FECHADURA AGL PV200F1I - CZ EX","401002","PARAFUSO 3.5 X 13 A/A CH. PH - ZI","4"
"1201120","FECHADURA AGL PV200F1I - CZ EX","401008","PARAFUSO PLASTIC PAN PHILLIPS 3 X 8 ZB","2"
"1201120","FECHADURA AGL PV200F1I - CZ EX","401023","PARAFUSO MET M3.5 X 8 CH. PH - ZI","4"
"1201120","FECHADURA AGL PV200F1I - CZ EX","401034","PARAFUSO PLASTIC 3 X 6 CH. PH - ZI","2"
"1201120","FECHADURA AGL PV200F1I - CZ EX","401083","PF MET CH PHS M4X12MM ZI","2"
"1201120","FECHADURA AGL PV200F1I - CZ EX","401089","PARAFUSO MET M3 X 8MM CH PHS ZI","2"
"1201120","FECHADURA AGL PV200F1I - CZ EX","401100","PARAFUSO M3 X 12 CC. PH - ZI","1"
"1201120","FECHADURA AGL PV200F1I - CZ EX","401101","PARAFUSO M3.5 X 6 CH. PH - ZI","4"
"1201120","FECHADURA AGL PV200F1I - CZ EX","401102","PARAFUSO M4 X 8 CH. PH MET - ZI","5"
"1201120","FECHADURA AGL PV200F1I - CZ EX","403013","MOLA DE RETORNO DA MAÇANETA FECHADURA PV","1"
"1201120","FECHADURA AGL PV200F1I - CZ EX","403014","MOLA DE RETORNO DA TRAVA MAIOR","1"
"1201120","FECHADURA AGL PV200F1I - CZ EX","403016","MOLA DE RETORNO DO DISPOSITIVO DE MEMORIA","1"
"1201120","FECHADURA AGL PV200F1I - CZ EX","403017","MOLA DE RETORNO DO ROTOR","1"
"1201120","FECHADURA AGL PV200F1I - CZ EX","403018","MOLA DE RETORNO DA TRAVA MENOR","1"
"1201120","FECHADURA AGL PV200F1I - CZ EX","403022","MOLA PV200 RETORNO DA LINGUETA","1"
"1201120","FECHADURA AGL PV200F1I - CZ EX","403025","MOLA DO ARIETE","1"
"1201120","FECHADURA AGL PV200F1I - CZ EX","404015","CONJUNTO CILINDRO FECHADURA PORTA DE VIDRO 1 CIL.","1"
"1201120","FECHADURA AGL PV200F1I - CZ EX","708018","CORPO DO ARIETE 4,76 X 29MM C/ DIAM 1,6MM - ZINCADO","1"
"1201120","FECHADURA AGL PV200F1I - CZ EX","708021","LUVA DO ARIETE 10MM - ZINCADO","1"
"1201120","FECHADURA AGL PV200F1I - CZ EX","801208","EIXO DO ROTOR - ZINCADO","1"
"1201120","FECHADURA AGL PV200F1I - CZ EX","804210","ARRUELA MAÇANETA PV","1"
"1201120","FECHADURA AGL PV200F1I - CZ EX","804321","CARRETEL DO FECHO","1"
"1201120","FECHADURA AGL PV200F1I - CZ EX","804324","BLOQUEIO DE CARTÃO PV","1"
"1201120","FECHADURA AGL PV200F1I - CZ EX","804428","SOQUETE DO FECHO ELETRICO","1"
"1201120","FECHADURA AGL PV200F1I - CZ EX","804468","PONTA DO ARIETE 2,55 X 26MM","1"
"1201120","FECHADURA AGL PV200F1I - CZ EX","805087","NARIZ CILINDRO PV200 - ZINCADO","1"
"1201120","FECHADURA AGL PV200F1I - CZ EX","805089","BASE FIXAÇÃO MAÇANETA","1"
"1201120","FECHADURA AGL PV200F1I - CZ EX","806082","TERMINAL DE LATÃO DO SOQUETE","2"
"1201120","FECHADURA AGL PV200F1I - CZ EX","807002","TRAVA MENOR FECHO PV","1"
"1201120","FECHADURA AGL PV200F1I - CZ EX","807003","TRAVA MAIOR FECHO PV","1"
"1201120","FECHADURA AGL PV200F1I - CZ EX","807049","DISPOSITIVO DE MEMORIA FECHO PV - ZINCADO","1"
"1201120","FECHADURA AGL PV200F1I - CZ EX","807069","LINGUETA DAS FECHADURAS PV","1"
"1201120","FECHADURA AGL PV200F1I - CZ EX","807088","ROTOR DO FECHO","1"
"1201120","FECHADURA AGL PV200F1I - CZ EX","701084","CAIXA DO FECHO - BRUTO","1"
"1201120","FECHADURA AGL PV200F1I - CZ EX","807102","BLINDAGEM DO FECHO","1"
"1201120","FECHADURA AGL PV200F1I - CZ EX","807105","TRATOR MAÇANETA PV - ZINCADO","1"
"1201120","FECHADURA AGL PV200F1I - CZ EX","807106","TAMPA DO FECHO DE METAL","1"
"1201120","FECHADURA AGL PV200F1I - CZ EX","807138","VERGALHÃO QUADRADO 8MM PV - ZINCADO","1"
"1201120","FECHADURA AGL PV200F1I - CZ EX","811277","ETIQUETA ADES. COUCHE 20MM X 15MM X 04 CAR","1"
"1201120","FECHADURA AGL PV200F1I - CZ EX","811310","ETIQUETA ADES. COUCHE 33MM X 21MM X 03 CAR","1"
"1201120","FECHADURA AGL PV200F1I - CZ EX","811762","SACO ZIP PADRAO - 05X07","1"
"1201120","FECHADURA AGL PV200F1I - CZ EX","811681","AGL SOLAPA PORTA VIDRO 10,5 X 29,5 - CALÇO PV200","1"
"1201120","FECHADURA AGL PV200F1I - CZ EX","811700","CAIXA FECHADURA ELETRICA P/ PORTAS DE VIDRO AGL 13,2 X 11,7 X 11,4","1"
"1201120","FECHADURA AGL PV200F1I - CZ EX","807053","BUCHA REDONDA FECHADURA PV -CROMADA","2"
"1201120","FECHADURA AGL PV200F1I - CZ EX","811322","ETIQUETA ADES. BOPP 40MM X 40MM  BRANCA Bt759","1"
"1201120","FECHADURA AGL PV200F1I - CZ EX","810035","ACABAMENTO MAÇANETA BOLA - CROMADO","1"
"1201120","FECHADURA AGL PV200F1I - CZ EX","807098","FUNDO ALUMINIO LINGUETA PV200RF1I/E - CINZA","1"
"1201120","FECHADURA AGL PV200F1I - CZ EX","103760","FIO COBRE ESMALTADO 155 TS 30 AWG","0,010787"
"1201120","FECHADURA AGL PV200F1I - CZ EX","801240","PINO DA CAIXINHA DO FECHO - ZINCADO","1"
"1201121","FECHADURA AGL PV200F2I - CZ EX","806007","CHAPA S/ PUXADOR PVF2I - CROMADO","1"
"1201121","FECHADURA AGL PV200F2I - CZ EX","806022","CHAPA FECHO PVF2E - CROMADA","1"
"1201121","FECHADURA AGL PV200F2I - CZ EX","805076","ALUMINIO FECHADURA PV 200","1"
"1201121","FECHADURA AGL PV200F2I - CZ EX","806045","ALUMINIO DO BATENTE PVRF2E","1"
"1201121","FECHADURA AGL PV200F2I - CZ EX","807090","FUNDO ALUMINIO LINGUETA PV200RF2I - CINZA","1"
"1201121","FECHADURA AGL PV200F2I - CZ EX","807052","MAÇANETA BOLA - CROMADA","1"
"1201121","FECHADURA AGL PV200F2I - CZ EX","401008","PARAFUSO PLASTIC PAN PHILLIPS 3 X 8 ZB","2"
"1201121","FECHADURA AGL PV200F2I - CZ EX","401023","PARAFUSO MET M3.5 X 8 CH. PH - ZI","4"
"1201121","FECHADURA AGL PV200F2I - CZ EX","401034","PARAFUSO PLASTIC 3 X 6 CH. PH - ZI","2"
"1201121","FECHADURA AGL PV200F2I - CZ EX","401083","PF MET CH PHS M4X12MM ZI","4"
"1201121","FECHADURA AGL PV200F2I - CZ EX","401089","PARAFUSO MET M3 X 8MM CH PHS ZI","2"
"1201121","FECHADURA AGL PV200F2I - CZ EX","401100","PARAFUSO M3 X 12 CC. PH - ZI","1"
"1201121","FECHADURA AGL PV200F2I - CZ EX","401101","PARAFUSO M3.5 X 6 CH. PH - ZI","8"
"1201121","FECHADURA AGL PV200F2I - CZ EX","401102","PARAFUSO M4 X 8 CH. PH MET - ZI","5"
"1201121","FECHADURA AGL PV200F2I - CZ EX","403013","MOLA DE RETORNO DA MAÇANETA FECHADURA PV","1"
"1201121","FECHADURA AGL PV200F2I - CZ EX","403014","MOLA DE RETORNO DA TRAVA MAIOR","1"
"1201121","FECHADURA AGL PV200F2I - CZ EX","403016","MOLA DE RETORNO DO DISPOSITIVO DE MEMORIA","1"
"1201121","FECHADURA AGL PV200F2I - CZ EX","403017","MOLA DE RETORNO DO ROTOR","1"
"1201121","FECHADURA AGL PV200F2I - CZ EX","403018","MOLA DE RETORNO DA TRAVA MENOR","1"
"1201121","FECHADURA AGL PV200F2I - CZ EX","403022","MOLA PV200 RETORNO DA LINGUETA","1"
"1201121","FECHADURA AGL PV200F2I - CZ EX","403025","MOLA DO ARIETE","1"
"1201121","FECHADURA AGL PV200F2I - CZ EX","404015","CONJUNTO CILINDRO FECHADURA PORTA DE VIDRO 1 CIL.","1"
"1201121","FECHADURA AGL PV200F2I - CZ EX","708018","CORPO DO ARIETE 4,76 X 29MM C/ DIAM 1,6MM - ZINCADO","1"
"1201121","FECHADURA AGL PV200F2I - CZ EX","708021","LUVA DO ARIETE 10MM - ZINCADO","1"
"1201121","FECHADURA AGL PV200F2I - CZ EX","801208","EIXO DO ROTOR - ZINCADO","1"
"1201121","FECHADURA AGL PV200F2I - CZ EX","804210","ARRUELA MAÇANETA PV","1"
"1201121","FECHADURA AGL PV200F2I - CZ EX","804306","TAMPA PLASTICA DO FECHO","1"
"1201121","FECHADURA AGL PV200F2I - CZ EX","804321","CARRETEL DO FECHO","1"
"1201121","FECHADURA AGL PV200F2I - CZ EX","804428","SOQUETE DO FECHO ELETRICO","1"
"1201121","FECHADURA AGL PV200F2I - CZ EX","804468","PONTA DO ARIETE 2,55 X 26MM","1"
"1201121","FECHADURA AGL PV200F2I - CZ EX","805087","NARIZ CILINDRO PV200 - ZINCADO","1"
"1201121","FECHADURA AGL PV200F2I - CZ EX","805089","BASE FIXAÇÃO MAÇANETA","1"
"1201121","FECHADURA AGL PV200F2I - CZ EX","806082","TERMINAL DE LATÃO DO SOQUETE","2"
"1201121","FECHADURA AGL PV200F2I - CZ EX","807002","TRAVA MENOR FECHO PV","1"
"1201121","FECHADURA AGL PV200F2I - CZ EX","807003","TRAVA MAIOR FECHO PV","1"
"1201121","FECHADURA AGL PV200F2I - CZ EX","807049","DISPOSITIVO DE MEMORIA FECHO PV - ZINCADO","1"
"1201121","FECHADURA AGL PV200F2I - CZ EX","807069","LINGUETA DAS FECHADURAS PV","1"
"1201121","FECHADURA AGL PV200F2I - CZ EX","807088","ROTOR DO FECHO","1"
"1201121","FECHADURA AGL PV200F2I - CZ EX","701084","CAIXA DO FECHO - BRUTO","1"
"1201121","FECHADURA AGL PV200F2I - CZ EX","807102","BLINDAGEM DO FECHO","1"
"1201121","FECHADURA AGL PV200F2I - CZ EX","807105","TRATOR MAÇANETA PV - ZINCADO","1"
"1201121","FECHADURA AGL PV200F2I - CZ EX","807138","VERGALHÃO QUADRADO 8MM PV - ZINCADO","1"
"1201121","FECHADURA AGL PV200F2I - CZ EX","811277","ETIQUETA ADES. COUCHE 20MM X 15MM X 04 CAR","1"
"1201121","FECHADURA AGL PV200F2I - CZ EX","811310","ETIQUETA ADES. COUCHE 33MM X 21MM X 03 CAR","1"
"1201121","FECHADURA AGL PV200F2I - CZ EX","811762","SACO ZIP PADRAO - 05X07","1"
"1201121","FECHADURA AGL PV200F2I - CZ EX","811681","AGL SOLAPA PORTA VIDRO 10,5 X 29,5 - CALÇO PV200","1"
"1201121","FECHADURA AGL PV200F2I - CZ EX","811700","CAIXA FECHADURA ELETRICA P/ PORTAS DE VIDRO AGL 13,2 X 11,7 X 11,4","1"
"1201121","FECHADURA AGL PV200F2I - CZ EX","807094","FUNDO ALUMINIO FECHO PV200RF2I - CINZA","1"
"1201121","FECHADURA AGL PV200F2I - CZ EX","807053","BUCHA REDONDA FECHADURA PV -CROMADA","2"
"1201121","FECHADURA AGL PV200F2I - CZ EX","811322","ETIQUETA ADES. BOPP 40MM X 40MM  BRANCA Bt759","1"
"1201121","FECHADURA AGL PV200F2I - CZ EX","810035","ACABAMENTO MAÇANETA BOLA - CROMADO","1"
"1201121","FECHADURA AGL PV200F2I - CZ EX","103760","FIO COBRE ESMALTADO 155 TS 30 AWG","0,010787"
"1201121","FECHADURA AGL PV200F2I - CZ EX","801240","PINO DA CAIXINHA DO FECHO - ZINCADO","1"
"1201122","FECHO ELÉTRICO AGL 12V EX","401002","PARAFUSO 3.5 X 13 A/A CH. PH - ZI","4"
"1201122","FECHO ELÉTRICO AGL 12V EX","401008","PARAFUSO PLASTIC PAN PHILLIPS 3 X 8 ZB","2"
"1201122","FECHO ELÉTRICO AGL 12V EX","401023","PARAFUSO MET M3.5 X 8 CH. PH - ZI","2"
"1201122","FECHO ELÉTRICO AGL 12V EX","401034","PARAFUSO PLASTIC 3 X 6 CH. PH - ZI","2"
"1201122","FECHO ELÉTRICO AGL 12V EX","403014","MOLA DE RETORNO DA TRAVA MAIOR","1"
"1201122","FECHO ELÉTRICO AGL 12V EX","403016","MOLA DE RETORNO DO DISPOSITIVO DE MEMORIA","1"
"1201122","FECHO ELÉTRICO AGL 12V EX","403017","MOLA DE RETORNO DO ROTOR","1"
"1201122","FECHO ELÉTRICO AGL 12V EX","403018","MOLA DE RETORNO DA TRAVA MENOR","1"
"1201122","FECHO ELÉTRICO AGL 12V EX","403025","MOLA DO ARIETE","1"
"1201122","FECHO ELÉTRICO AGL 12V EX","708018","CORPO DO ARIETE 4,76 X 29MM C/ DIAM 1,6MM - ZINCADO","1"
"1201122","FECHO ELÉTRICO AGL 12V EX","708021","LUVA DO ARIETE 10MM - ZINCADO","1"
"1201122","FECHO ELÉTRICO AGL 12V EX","804468","PONTA DO ARIETE 2,55 X 26MM","1"
"1201122","FECHO ELÉTRICO AGL 12V EX","804321","CARRETEL DO FECHO","1"
"1201122","FECHO ELÉTRICO AGL 12V EX","807049","DISPOSITIVO DE MEMORIA FECHO PV - ZINCADO","1"
"1201122","FECHO ELÉTRICO AGL 12V EX","804428","SOQUETE DO FECHO ELETRICO","1"
"1201122","FECHO ELÉTRICO AGL 12V EX","806082","TERMINAL DE LATÃO DO SOQUETE","2"
"1201122","FECHO ELÉTRICO AGL 12V EX","807002","TRAVA MENOR FECHO PV","1"
"1201122","FECHO ELÉTRICO AGL 12V EX","807003","TRAVA MAIOR FECHO PV","1"
"1201122","FECHO ELÉTRICO AGL 12V EX","807088","ROTOR DO FECHO","1"
"1201122","FECHO ELÉTRICO AGL 12V EX","701084","CAIXA DO FECHO - BRUTO","1"
"1201122","FECHO ELÉTRICO AGL 12V EX","807102","BLINDAGEM DO FECHO","1"
"1201122","FECHO ELÉTRICO AGL 12V EX","807103","TESTEIRA DO FECHO CINZA","1"
"1201122","FECHO ELÉTRICO AGL 12V EX","807106","TAMPA DO FECHO DE METAL","1"
"1201122","FECHO ELÉTRICO AGL 12V EX","811277","ETIQUETA ADES. COUCHE 20MM X 15MM X 04 CAR","1"
"1201122","FECHO ELÉTRICO AGL 12V EX","811322","ETIQUETA ADES. BOPP 40MM X 40MM  BRANCA Bt759","1"
"1201122","FECHO ELÉTRICO AGL 12V EX","811736","CAIXA COLORIDA DO FECHO 12V AGL 3,7 X 2,8 X 24,0","1"
"1201122","FECHO ELÉTRICO AGL 12V EX","103760","FIO COBRE ESMALTADO 155 TS 30 AWG","0,010787"
"1201122","FECHO ELÉTRICO AGL 12V EX","801240","PINO DA CAIXINHA DO FECHO - ZINCADO","1"
"1201122","FECHO ELÉTRICO AGL 12V EX","801208","EIXO DO ROTOR - ZINCADO","1"
"1201123","FECHADURA AGL PVF2E - CZ EX","806011","FUNDO ZAMAC LINGUETA PVRF2E - CINZA","1"
"1201123","FECHADURA AGL PVF2E - CZ EX","806022","CHAPA FECHO PVF2E - CROMADA","1"
"1201123","FECHADURA AGL PVF2E - CZ EX","807077","FUNDO ZAMAC FECHO PV R/F 2E - CINZA","1"
"1201123","FECHADURA AGL PVF2E - CZ EX","806042","ALUMINIO FECHADURA PVRF2E","1"
"1201123","FECHADURA AGL PVF2E - CZ EX","806045","ALUMINIO DO BATENTE PVRF2E","1"
"1201123","FECHADURA AGL PVF2E - CZ EX","401008","PARAFUSO PLASTIC PAN PHILLIPS 3 X 8 ZB","2"
"1201123","FECHADURA AGL PVF2E - CZ EX","401023","PARAFUSO MET M3.5 X 8 CH. PH - ZI","8"
"1201123","FECHADURA AGL PVF2E - CZ EX","401034","PARAFUSO PLASTIC 3 X 6 CH. PH - ZI","2"
"1201123","FECHADURA AGL PVF2E - CZ EX","401083","PF MET CH PHS M4X12MM ZI","4"
"1201123","FECHADURA AGL PVF2E - CZ EX","401089","PARAFUSO MET M3 X 8MM CH PHS ZI","2"
"1201123","FECHADURA AGL PVF2E - CZ EX","401100","PARAFUSO M3 X 12 CC. PH - ZI","1"
"1201123","FECHADURA AGL PVF2E - CZ EX","401101","PARAFUSO M3.5 X 6 CH. PH - ZI","8"
"1201123","FECHADURA AGL PVF2E - CZ EX","401102","PARAFUSO M4 X 8 CH. PH MET - ZI","1"
"1201123","FECHADURA AGL PVF2E - CZ EX","403013","MOLA DE RETORNO DA MAÇANETA FECHADURA PV","1"
"1201123","FECHADURA AGL PVF2E - CZ EX","403014","MOLA DE RETORNO DA TRAVA MAIOR","1"
"1201123","FECHADURA AGL PVF2E - CZ EX","403016","MOLA DE RETORNO DO DISPOSITIVO DE MEMORIA","1"
"1201123","FECHADURA AGL PVF2E - CZ EX","403017","MOLA DE RETORNO DO ROTOR","1"
"1201123","FECHADURA AGL PVF2E - CZ EX","403018","MOLA DE RETORNO DA TRAVA MENOR","1"
"1201123","FECHADURA AGL PVF2E - CZ EX","403025","MOLA DO ARIETE","1"
"1201123","FECHADURA AGL PVF2E - CZ EX","404015","CONJUNTO CILINDRO FECHADURA PORTA DE VIDRO 1 CIL.","1"
"1201123","FECHADURA AGL PVF2E - CZ EX","708018","CORPO DO ARIETE 4,76 X 29MM C/ DIAM 1,6MM - ZINCADO","1"
"1201123","FECHADURA AGL PVF2E - CZ EX","708021","LUVA DO ARIETE 10MM - ZINCADO","1"
"1201123","FECHADURA AGL PVF2E - CZ EX","801208","EIXO DO ROTOR - ZINCADO","1"
"1201123","FECHADURA AGL PVF2E - CZ EX","804321","CARRETEL DO FECHO","1"
"1201123","FECHADURA AGL PVF2E - CZ EX","804428","SOQUETE DO FECHO ELETRICO","1"
"1201123","FECHADURA AGL PVF2E - CZ EX","804468","PONTA DO ARIETE 2,55 X 26MM","1"
"1201123","FECHADURA AGL PVF2E - CZ EX","805088","NARIZ CILINDRO PVR - ZINCADO","1"
"1201123","FECHADURA AGL PVF2E - CZ EX","805089","BASE FIXAÇÃO MAÇANETA","1"
"1201123","FECHADURA AGL PVF2E - CZ EX","806005","CHAPA PUXADOR PVF2E P/ 1 OU 2 CILINDROS (MAIOR)","1"
"1201123","FECHADURA AGL PVF2E - CZ EX","806082","TERMINAL DE LATÃO DO SOQUETE","2"
"1201123","FECHADURA AGL PVF2E - CZ EX","807002","TRAVA MENOR FECHO PV","1"
"1201123","FECHADURA AGL PVF2E - CZ EX","807003","TRAVA MAIOR FECHO PV","1"
"1201123","FECHADURA AGL PVF2E - CZ EX","807049","DISPOSITIVO DE MEMORIA FECHO PV - ZINCADO","1"
"1201123","FECHADURA AGL PVF2E - CZ EX","807069","LINGUETA DAS FECHADURAS PV","1"
"1201123","FECHADURA AGL PVF2E - CZ EX","807088","ROTOR DO FECHO","1"
"1201123","FECHADURA AGL PVF2E - CZ EX","701084","CAIXA DO FECHO - BRUTO","1"
"1201123","FECHADURA AGL PVF2E - CZ EX","807102","BLINDAGEM DO FECHO","1"
"1201123","FECHADURA AGL PVF2E - CZ EX","807105","TRATOR MAÇANETA PV - ZINCADO","1"
"1201123","FECHADURA AGL PVF2E - CZ EX","807106","TAMPA DO FECHO DE METAL","1"
"1201123","FECHADURA AGL PVF2E - CZ EX","807138","VERGALHÃO QUADRADO 8MM PV - ZINCADO","1"
"1201123","FECHADURA AGL PVF2E - CZ EX","811277","ETIQUETA ADES. COUCHE 20MM X 15MM X 04 CAR","1"
"1201123","FECHADURA AGL PVF2E - CZ EX","811310","ETIQUETA ADES. COUCHE 33MM X 21MM X 03 CAR","1"
"1201123","FECHADURA AGL PVF2E - CZ EX","811762","SACO ZIP PADRAO - 05X07","1"
"1201123","FECHADURA AGL PVF2E - CZ EX","811681","AGL SOLAPA PORTA VIDRO 10,5 X 29,5 - CALÇO PV200","1"
"1201123","FECHADURA AGL PVF2E - CZ EX","811700","CAIXA FECHADURA ELETRICA P/ PORTAS DE VIDRO AGL 13,2 X 11,7 X 11,4","1"
"1201123","FECHADURA AGL PVF2E - CZ EX","807053","BUCHA REDONDA FECHADURA PV -CROMADA","2"
"1201123","FECHADURA AGL PVF2E - CZ EX","811322","ETIQUETA ADES. BOPP 40MM X 40MM  BRANCA Bt759","1"
"1201123","FECHADURA AGL PVF2E - CZ EX","807056","MAÇANETA ALAVANCA - CROMADA","1"
"1201123","FECHADURA AGL PVF2E - CZ EX","103760","FIO COBRE ESMALTADO 155 TS 30 AWG","0,010787"
"1201123","FECHADURA AGL PVF2E - CZ EX","801240","PINO DA CAIXINHA DO FECHO - ZINCADO","1"
"1201124","FECHADURA SEG PVF2E - BRANCA","806024","CHAPA FECHO PVF2E - BRANCA","1"
"1201124","FECHADURA SEG PVF2E - BRANCA","806090","FRENTE AL LINGUETA PVR - BRANCA","1"
"1201124","FECHADURA SEG PVF2E - BRANCA","806047","FRENTE GR. AL FECHO PVR - BRANCA","1"
"1201124","FECHADURA SEG PVF2E - BRANCA","806065","CHAPA PUXADOR PVF2E P/ 1 OU 2 CILINDROS (MAIOR) - BRANCO","1"
"1201124","FECHADURA SEG PVF2E - BRANCA","807057","MAÇANETA ALAVANCA - BRANCA","1"
"1201124","FECHADURA SEG PVF2E - BRANCA","401008","PARAFUSO PLASTIC PAN PHILLIPS 3 X 8 ZB","2"
"1201124","FECHADURA SEG PVF2E - BRANCA","401023","PARAFUSO MET M3.5 X 8 CH. PH - ZI","8"
"1201124","FECHADURA SEG PVF2E - BRANCA","401034","PARAFUSO PLASTIC 3 X 6 CH. PH - ZI","2"
"1201124","FECHADURA SEG PVF2E - BRANCA","401083","PF MET CH PHS M4X12MM ZI","4"
"1201124","FECHADURA SEG PVF2E - BRANCA","401089","PARAFUSO MET M3 X 8MM CH PHS ZI","2"
"1201124","FECHADURA SEG PVF2E - BRANCA","401100","PARAFUSO M3 X 12 CC. PH - ZI","1"
"1201124","FECHADURA SEG PVF2E - BRANCA","401101","PARAFUSO M3.5 X 6 CH. PH - ZI","8"
"1201124","FECHADURA SEG PVF2E - BRANCA","401102","PARAFUSO M4 X 8 CH. PH MET - ZI","1"
"1201124","FECHADURA SEG PVF2E - BRANCA","403013","MOLA DE RETORNO DA MAÇANETA FECHADURA PV","1"
"1201124","FECHADURA SEG PVF2E - BRANCA","403014","MOLA DE RETORNO DA TRAVA MAIOR","1"
"1201124","FECHADURA SEG PVF2E - BRANCA","403016","MOLA DE RETORNO DO DISPOSITIVO DE MEMORIA","1"
"1201124","FECHADURA SEG PVF2E - BRANCA","403017","MOLA DE RETORNO DO ROTOR","1"
"1201124","FECHADURA SEG PVF2E - BRANCA","403018","MOLA DE RETORNO DA TRAVA MENOR","1"
"1201124","FECHADURA SEG PVF2E - BRANCA","403025","MOLA DO ARIETE","1"
"1201124","FECHADURA SEG PVF2E - BRANCA","404015","CONJUNTO CILINDRO FECHADURA PORTA DE VIDRO 1 CIL.","1"
"1201124","FECHADURA SEG PVF2E - BRANCA","708018","CORPO DO ARIETE 4,76 X 29MM C/ DIAM 1,6MM - ZINCADO","1"
"1201124","FECHADURA SEG PVF2E - BRANCA","708021","LUVA DO ARIETE 10MM - ZINCADO","1"
"1201124","FECHADURA SEG PVF2E - BRANCA","801208","EIXO DO ROTOR - ZINCADO","1"
"1201124","FECHADURA SEG PVF2E - BRANCA","804321","CARRETEL DO FECHO","1"
"1201124","FECHADURA SEG PVF2E - BRANCA","804428","SOQUETE DO FECHO ELETRICO","1"
"1201124","FECHADURA SEG PVF2E - BRANCA","804468","PONTA DO ARIETE 2,55 X 26MM","1"
"1201124","FECHADURA SEG PVF2E - BRANCA","805088","NARIZ CILINDRO PVR - ZINCADO","1"
"1201124","FECHADURA SEG PVF2E - BRANCA","805089","BASE FIXAÇÃO MAÇANETA","1"
"1201124","FECHADURA SEG PVF2E - BRANCA","806002","FUNDO ZAMAC LINGUETA PVRF2E - BRANCO","1"
"1201124","FECHADURA SEG PVF2E - BRANCA","806078","FUNDO FECHO PV R/F 2E - BRANCO","1"
"1201124","FECHADURA SEG PVF2E - BRANCA","806082","TERMINAL DE LATÃO DO SOQUETE","2"
"1201124","FECHADURA SEG PVF2E - BRANCA","807002","TRAVA MENOR FECHO PV","1"
"1201124","FECHADURA SEG PVF2E - BRANCA","807003","TRAVA MAIOR FECHO PV","1"
"1201124","FECHADURA SEG PVF2E - BRANCA","807049","DISPOSITIVO DE MEMORIA FECHO PV - ZINCADO","1"
"1201124","FECHADURA SEG PVF2E - BRANCA","807069","LINGUETA DAS FECHADURAS PV","1"
"1201124","FECHADURA SEG PVF2E - BRANCA","807088","ROTOR DO FECHO","1"
"1201124","FECHADURA SEG PVF2E - BRANCA","701084","CAIXA DO FECHO - BRUTO","1"
"1201124","FECHADURA SEG PVF2E - BRANCA","807102","BLINDAGEM DO FECHO","1"
"1201124","FECHADURA SEG PVF2E - BRANCA","807105","TRATOR MAÇANETA PV - ZINCADO","1"
"1201124","FECHADURA SEG PVF2E - BRANCA","807106","TAMPA DO FECHO DE METAL","1"
"1201124","FECHADURA SEG PVF2E - BRANCA","807138","VERGALHÃO QUADRADO 8MM PV - ZINCADO","1"
"1201124","FECHADURA SEG PVF2E - BRANCA","811277","ETIQUETA ADES. COUCHE 20MM X 15MM X 04 CAR","1"
"1201124","FECHADURA SEG PVF2E - BRANCA","811310","ETIQUETA ADES. COUCHE 33MM X 21MM X 03 CAR","1"
"1201124","FECHADURA SEG PVF2E - BRANCA","811588","CAIXA FECHADURA ELETRICA P/ PORTAS DE VIDRO SEG 10,5 X 29,5","1"
"1201124","FECHADURA SEG PVF2E - BRANCA","811762","SACO ZIP PADRAO - 05X07","1"
"1201124","FECHADURA SEG PVF2E - BRANCA","807053","BUCHA REDONDA FECHADURA PV -CROMADA","2"
"1201124","FECHADURA SEG PVF2E - BRANCA","811322","ETIQUETA ADES. BOPP 40MM X 40MM  BRANCA Bt759","1"
"1201124","FECHADURA SEG PVF2E - BRANCA","103760","FIO COBRE ESMALTADO 155 TS 30 AWG","0,010787"
"1201124","FECHADURA SEG PVF2E - BRANCA","801240","PINO DA CAIXINHA DO FECHO - ZINCADO","1"
"1201124","FECHADURA SEG PVF2E - BRANCA","811681","AGL SOLAPA PORTA VIDRO 10,5 X 29,5 - CALÇO PV200","1"
"1201124","FECHADURA SEG PVF2E - BRANCA","102817","CHAVE SIMPLES VIRGEM AGL - SEM LOGO","2"
"1201125","FECHADURA SEG PVF2E - PRETA","806023","CHAPA FECHO PVF2E - PRETA","1"
"1201125","FECHADURA SEG PVF2E - PRETA","806034","MAÇANETA ALAVANCA - PRETA","1"
"1201125","FECHADURA SEG PVF2E - PRETA","806043","FRENTE AL LINGUETA PVR - PRETA","1"
"1201125","FECHADURA SEG PVF2E - PRETA","401008","PARAFUSO PLASTIC PAN PHILLIPS 3 X 8 ZB","2"
"1201125","FECHADURA SEG PVF2E - PRETA","401023","PARAFUSO MET M3.5 X 8 CH. PH - ZI","8"
"1201125","FECHADURA SEG PVF2E - PRETA","401034","PARAFUSO PLASTIC 3 X 6 CH. PH - ZI","2"
"1201125","FECHADURA SEG PVF2E - PRETA","401083","PF MET CH PHS M4X12MM ZI","4"
"1201125","FECHADURA SEG PVF2E - PRETA","401089","PARAFUSO MET M3 X 8MM CH PHS ZI","2"
"1201125","FECHADURA SEG PVF2E - PRETA","401100","PARAFUSO M3 X 12 CC. PH - ZI","1"
"1201125","FECHADURA SEG PVF2E - PRETA","401101","PARAFUSO M3.5 X 6 CH. PH - ZI","8"
"1201125","FECHADURA SEG PVF2E - PRETA","401102","PARAFUSO M4 X 8 CH. PH MET - ZI","1"
"1201125","FECHADURA SEG PVF2E - PRETA","403013","MOLA DE RETORNO DA MAÇANETA FECHADURA PV","1"
"1201125","FECHADURA SEG PVF2E - PRETA","403014","MOLA DE RETORNO DA TRAVA MAIOR","1"
"1201125","FECHADURA SEG PVF2E - PRETA","403016","MOLA DE RETORNO DO DISPOSITIVO DE MEMORIA","1"
"1201125","FECHADURA SEG PVF2E - PRETA","403017","MOLA DE RETORNO DO ROTOR","1"
"1201125","FECHADURA SEG PVF2E - PRETA","403018","MOLA DE RETORNO DA TRAVA MENOR","1"
"1201125","FECHADURA SEG PVF2E - PRETA","403025","MOLA DO ARIETE","1"
"1201125","FECHADURA SEG PVF2E - PRETA","404015","CONJUNTO CILINDRO FECHADURA PORTA DE VIDRO 1 CIL.","1"
"1201125","FECHADURA SEG PVF2E - PRETA","708018","CORPO DO ARIETE 4,76 X 29MM C/ DIAM 1,6MM - ZINCADO","1"
"1201125","FECHADURA SEG PVF2E - PRETA","708021","LUVA DO ARIETE 10MM - ZINCADO","1"
"1201125","FECHADURA SEG PVF2E - PRETA","801208","EIXO DO ROTOR - ZINCADO","1"
"1201125","FECHADURA SEG PVF2E - PRETA","804321","CARRETEL DO FECHO","1"
"1201125","FECHADURA SEG PVF2E - PRETA","804428","SOQUETE DO FECHO ELETRICO","1"
"1201125","FECHADURA SEG PVF2E - PRETA","804468","PONTA DO ARIETE 2,55 X 26MM","1"
"1201125","FECHADURA SEG PVF2E - PRETA","805088","NARIZ CILINDRO PVR - ZINCADO","1"
"1201125","FECHADURA SEG PVF2E - PRETA","805089","BASE FIXAÇÃO MAÇANETA","1"
"1201125","FECHADURA SEG PVF2E - PRETA","806082","TERMINAL DE LATÃO DO SOQUETE","2"
"1201125","FECHADURA SEG PVF2E - PRETA","807002","TRAVA MENOR FECHO PV","1"
"1201125","FECHADURA SEG PVF2E - PRETA","807003","TRAVA MAIOR FECHO PV","1"
"1201125","FECHADURA SEG PVF2E - PRETA","807049","DISPOSITIVO DE MEMORIA FECHO PV - ZINCADO","1"
"1201125","FECHADURA SEG PVF2E - PRETA","807069","LINGUETA DAS FECHADURAS PV","1"
"1201125","FECHADURA SEG PVF2E - PRETA","807088","ROTOR DO FECHO","1"
"1201125","FECHADURA SEG PVF2E - PRETA","701084","CAIXA DO FECHO - BRUTO","1"
"1201125","FECHADURA SEG PVF2E - PRETA","807102","BLINDAGEM DO FECHO","1"
"1201125","FECHADURA SEG PVF2E - PRETA","807105","TRATOR MAÇANETA PV - ZINCADO","1"
"1201125","FECHADURA SEG PVF2E - PRETA","807106","TAMPA DO FECHO DE METAL","1"
"1201125","FECHADURA SEG PVF2E - PRETA","807138","VERGALHÃO QUADRADO 8MM PV - ZINCADO","1"
"1201125","FECHADURA SEG PVF2E - PRETA","811277","ETIQUETA ADES. COUCHE 20MM X 15MM X 04 CAR","1"
"1201125","FECHADURA SEG PVF2E - PRETA","811310","ETIQUETA ADES. COUCHE 33MM X 21MM X 03 CAR","1"
"1201125","FECHADURA SEG PVF2E - PRETA","811588","CAIXA FECHADURA ELETRICA P/ PORTAS DE VIDRO SEG 10,5 X 29,5","1"
"1201125","FECHADURA SEG PVF2E - PRETA","811762","SACO ZIP PADRAO - 05X07","1"
"1201125","FECHADURA SEG PVF2E - PRETA","806046","FRENTE GR. AL FECHO - PRETA","1"
"1201125","FECHADURA SEG PVF2E - PRETA","806032","FUNDO FECHO PV R/F 2E - PRETO","1"
"1201125","FECHADURA SEG PVF2E - PRETA","807053","BUCHA REDONDA FECHADURA PV -CROMADA","2"
"1201125","FECHADURA SEG PVF2E - PRETA","811322","ETIQUETA ADES. BOPP 40MM X 40MM  BRANCA Bt759","1"
"1201125","FECHADURA SEG PVF2E - PRETA","806064","CHAPA PUXADOR PVF2E P/ 1 OU 2 CILINDROS (MAIOR) - PRETO","1"
"1201125","FECHADURA SEG PVF2E - PRETA","806033","FUNDO ZAMAC LINGUETA PVRF2E - PRETO","1"
"1201125","FECHADURA SEG PVF2E - PRETA","103760","FIO COBRE ESMALTADO 155 TS 30 AWG","0,010787"
"1201125","FECHADURA SEG PVF2E - PRETA","801240","PINO DA CAIXINHA DO FECHO - ZINCADO","1"
"1201125","FECHADURA SEG PVF2E - PRETA","811681","AGL SOLAPA PORTA VIDRO 10,5 X 29,5 - CALÇO PV200","1"
"1201125","FECHADURA SEG PVF2E - PRETA","102817","CHAVE SIMPLES VIRGEM AGL - SEM LOGO","2"
"1201126","FECHADURA SEG PVF2E 2 CILINDROS","806011","FUNDO ZAMAC LINGUETA PVRF2E - CINZA","1"
"1201126","FECHADURA SEG PVF2E 2 CILINDROS","806022","CHAPA FECHO PVF2E - CROMADA","1"
"1201126","FECHADURA SEG PVF2E 2 CILINDROS","807077","FUNDO ZAMAC FECHO PV R/F 2E - CINZA","1"
"1201126","FECHADURA SEG PVF2E 2 CILINDROS","806091","ALUMINIO FECHADURA C/2CIL PVRF2E","1"
"1201126","FECHADURA SEG PVF2E 2 CILINDROS","806045","ALUMINIO DO BATENTE PVRF2E","1"
"1201126","FECHADURA SEG PVF2E 2 CILINDROS","401002","PARAFUSO 3.5 X 13 A/A CH. PH - ZI","4"
"1201126","FECHADURA SEG PVF2E 2 CILINDROS","401008","PARAFUSO PLASTIC PAN PHILLIPS 3 X 8 ZB","2"
"1201126","FECHADURA SEG PVF2E 2 CILINDROS","401023","PARAFUSO MET M3.5 X 8 CH. PH - ZI","10"
"1201126","FECHADURA SEG PVF2E 2 CILINDROS","401034","PARAFUSO PLASTIC 3 X 6 CH. PH - ZI","2"
"1201126","FECHADURA SEG PVF2E 2 CILINDROS","401083","PF MET CH PHS M4X12MM ZI","4"
"1201126","FECHADURA SEG PVF2E 2 CILINDROS","401089","PARAFUSO MET M3 X 8MM CH PHS ZI","4"
"1201126","FECHADURA SEG PVF2E 2 CILINDROS","401101","PARAFUSO M3.5 X 6 CH. PH - ZI","4"
"1201126","FECHADURA SEG PVF2E 2 CILINDROS","403014","MOLA DE RETORNO DA TRAVA MAIOR","1"
"1201126","FECHADURA SEG PVF2E 2 CILINDROS","403016","MOLA DE RETORNO DO DISPOSITIVO DE MEMORIA","1"
"1201126","FECHADURA SEG PVF2E 2 CILINDROS","403017","MOLA DE RETORNO DO ROTOR","1"
"1201126","FECHADURA SEG PVF2E 2 CILINDROS","403018","MOLA DE RETORNO DA TRAVA MENOR","1"
"1201126","FECHADURA SEG PVF2E 2 CILINDROS","403025","MOLA DO ARIETE","1"
"1201126","FECHADURA SEG PVF2E 2 CILINDROS","404016","CONJUNTO CILINDRO FECHADURA PORTA DE VIDRO 2 CIL.","2"
"1201126","FECHADURA SEG PVF2E 2 CILINDROS","708018","CORPO DO ARIETE 4,76 X 29MM C/ DIAM 1,6MM - ZINCADO","1"
"1201126","FECHADURA SEG PVF2E 2 CILINDROS","708021","LUVA DO ARIETE 10MM - ZINCADO","1"
"1201126","FECHADURA SEG PVF2E 2 CILINDROS","801208","EIXO DO ROTOR - ZINCADO","1"
"1201126","FECHADURA SEG PVF2E 2 CILINDROS","804321","CARRETEL DO FECHO","1"
"1201126","FECHADURA SEG PVF2E 2 CILINDROS","804406","ESPACADOR PARA FECHADURA 2 CILINDROS","1"
"1201126","FECHADURA SEG PVF2E 2 CILINDROS","804428","SOQUETE DO FECHO ELETRICO","1"
"1201126","FECHADURA SEG PVF2E 2 CILINDROS","804468","PONTA DO ARIETE 2,55 X 26MM","1"
"1201126","FECHADURA SEG PVF2E 2 CILINDROS","805085","CHAPA DE FIXAÇÃO CILINDRO DUPLO FECH PV - ZINCADA","1"
"1201126","FECHADURA SEG PVF2E 2 CILINDROS","805088","NARIZ CILINDRO PVR - ZINCADO","2"
"1201126","FECHADURA SEG PVF2E 2 CILINDROS","806008","CHAPA PUXADOR PV200R2E P/ 1 OU 2 CILINDROS (MAIOR)","1"
"1201126","FECHADURA SEG PVF2E 2 CILINDROS","806082","TERMINAL DE LATÃO DO SOQUETE","2"
"1201126","FECHADURA SEG PVF2E 2 CILINDROS","807002","TRAVA MENOR FECHO PV","1"
"1201126","FECHADURA SEG PVF2E 2 CILINDROS","807003","TRAVA MAIOR FECHO PV","1"
"1201126","FECHADURA SEG PVF2E 2 CILINDROS","807049","DISPOSITIVO DE MEMORIA FECHO PV - ZINCADO","1"
"1201126","FECHADURA SEG PVF2E 2 CILINDROS","807069","LINGUETA DAS FECHADURAS PV","1"
"1201126","FECHADURA SEG PVF2E 2 CILINDROS","807088","ROTOR DO FECHO","1"
"1201126","FECHADURA SEG PVF2E 2 CILINDROS","701084","CAIXA DO FECHO - BRUTO","1"
"1201126","FECHADURA SEG PVF2E 2 CILINDROS","807102","BLINDAGEM DO FECHO","1"
"1201126","FECHADURA SEG PVF2E 2 CILINDROS","807106","TAMPA DO FECHO DE METAL","1"
"1201126","FECHADURA SEG PVF2E 2 CILINDROS","811277","ETIQUETA ADES. COUCHE 20MM X 15MM X 04 CAR","1"
"1201126","FECHADURA SEG PVF2E 2 CILINDROS","811310","ETIQUETA ADES. COUCHE 33MM X 21MM X 03 CAR","1"
"1201126","FECHADURA SEG PVF2E 2 CILINDROS","811588","CAIXA FECHADURA ELETRICA P/ PORTAS DE VIDRO SEG 10,5 X 29,5","1"
"1201126","FECHADURA SEG PVF2E 2 CILINDROS","811762","SACO ZIP PADRAO - 05X07","1"
"1201126","FECHADURA SEG PVF2E 2 CILINDROS","807053","BUCHA REDONDA FECHADURA PV -CROMADA","2"
"1201126","FECHADURA SEG PVF2E 2 CILINDROS","811322","ETIQUETA ADES. BOPP 40MM X 40MM  BRANCA Bt759","1"
"1201126","FECHADURA SEG PVF2E 2 CILINDROS","103760","FIO COBRE ESMALTADO 155 TS 30 AWG","0,010787"
"1201126","FECHADURA SEG PVF2E 2 CILINDROS","801240","PINO DA CAIXINHA DO FECHO - ZINCADO","1"
"1201126","FECHADURA SEG PVF2E 2 CILINDROS","811681","AGL SOLAPA PORTA VIDRO 10,5 X 29,5 - CALÇO PV200","1"
"1201126","FECHADURA SEG PVF2E 2 CILINDROS","102817","CHAVE SIMPLES VIRGEM AGL - SEM LOGO","2"
"1201127","FECHADURA SEG PVR2E - BRANCA","806018","CHAPA FECHO PVR2E - BRANCA","1"
"1201127","FECHADURA SEG PVR2E - BRANCA","806090","FRENTE AL LINGUETA PVR - BRANCA","1"
"1201127","FECHADURA SEG PVR2E - BRANCA","806047","FRENTE GR. AL FECHO PVR - BRANCA","1"
"1201127","FECHADURA SEG PVR2E - BRANCA","806079","CHAPA PUXADOR PV200R2E P/ 1 OU 2 CILINDROS (MAIOR) BRANCA","1"
"1201127","FECHADURA SEG PVR2E - BRANCA","807057","MAÇANETA ALAVANCA - BRANCA","1"
"1201127","FECHADURA SEG PVR2E - BRANCA","401008","PARAFUSO PLASTIC PAN PHILLIPS 3 X 8 ZB","2"
"1201127","FECHADURA SEG PVR2E - BRANCA","401023","PARAFUSO MET M3.5 X 8 CH. PH - ZI","8"
"1201127","FECHADURA SEG PVR2E - BRANCA","401034","PARAFUSO PLASTIC 3 X 6 CH. PH - ZI","2"
"1201127","FECHADURA SEG PVR2E - BRANCA","401083","PF MET CH PHS M4X12MM ZI","4"
"1201127","FECHADURA SEG PVR2E - BRANCA","401089","PARAFUSO MET M3 X 8MM CH PHS ZI","2"
"1201127","FECHADURA SEG PVR2E - BRANCA","401100","PARAFUSO M3 X 12 CC. PH - ZI","1"
"1201127","FECHADURA SEG PVR2E - BRANCA","401101","PARAFUSO M3.5 X 6 CH. PH - ZI","8"
"1201127","FECHADURA SEG PVR2E - BRANCA","403013","MOLA DE RETORNO DA MAÇANETA FECHADURA PV","1"
"1201127","FECHADURA SEG PVR2E - BRANCA","403014","MOLA DE RETORNO DA TRAVA MAIOR","1"
"1201127","FECHADURA SEG PVR2E - BRANCA","403016","MOLA DE RETORNO DO DISPOSITIVO DE MEMORIA","1"
"1201127","FECHADURA SEG PVR2E - BRANCA","403017","MOLA DE RETORNO DO ROTOR","1"
"1201127","FECHADURA SEG PVR2E - BRANCA","403018","MOLA DE RETORNO DA TRAVA MENOR","1"
"1201127","FECHADURA SEG PVR2E - BRANCA","403025","MOLA DO ARIETE","1"
"1201127","FECHADURA SEG PVR2E - BRANCA","404015","CONJUNTO CILINDRO FECHADURA PORTA DE VIDRO 1 CIL.","1"
"1201127","FECHADURA SEG PVR2E - BRANCA","708018","CORPO DO ARIETE 4,76 X 29MM C/ DIAM 1,6MM - ZINCADO","1"
"1201127","FECHADURA SEG PVR2E - BRANCA","708021","LUVA DO ARIETE 10MM - ZINCADO","1"
"1201127","FECHADURA SEG PVR2E - BRANCA","801208","EIXO DO ROTOR - ZINCADO","1"
"1201127","FECHADURA SEG PVR2E - BRANCA","804321","CARRETEL DO FECHO","1"
"1201127","FECHADURA SEG PVR2E - BRANCA","804323","ACABAMENTO RECORTE PV","2"
"1201127","FECHADURA SEG PVR2E - BRANCA","804428","SOQUETE DO FECHO ELETRICO","1"
"1201127","FECHADURA SEG PVR2E - BRANCA","804468","PONTA DO ARIETE 2,55 X 26MM","1"
"1201127","FECHADURA SEG PVR2E - BRANCA","805088","NARIZ CILINDRO PVR - ZINCADO","1"
"1201127","FECHADURA SEG PVR2E - BRANCA","805089","BASE FIXAÇÃO MAÇANETA","1"
"1201127","FECHADURA SEG PVR2E - BRANCA","806002","FUNDO ZAMAC LINGUETA PVRF2E - BRANCO","1"
"1201127","FECHADURA SEG PVR2E - BRANCA","806078","FUNDO FECHO PV R/F 2E - BRANCO","1"
"1201127","FECHADURA SEG PVR2E - BRANCA","806082","TERMINAL DE LATÃO DO SOQUETE","2"
"1201127","FECHADURA SEG PVR2E - BRANCA","807002","TRAVA MENOR FECHO PV","1"
"1201127","FECHADURA SEG PVR2E - BRANCA","807003","TRAVA MAIOR FECHO PV","1"
"1201127","FECHADURA SEG PVR2E - BRANCA","807049","DISPOSITIVO DE MEMORIA FECHO PV - ZINCADO","1"
"1201127","FECHADURA SEG PVR2E - BRANCA","807069","LINGUETA DAS FECHADURAS PV","1"
"1201127","FECHADURA SEG PVR2E - BRANCA","807088","ROTOR DO FECHO","1"
"1201127","FECHADURA SEG PVR2E - BRANCA","701084","CAIXA DO FECHO - BRUTO","1"
"1201127","FECHADURA SEG PVR2E - BRANCA","807102","BLINDAGEM DO FECHO","1"
"1201127","FECHADURA SEG PVR2E - BRANCA","807105","TRATOR MAÇANETA PV - ZINCADO","1"
"1201127","FECHADURA SEG PVR2E - BRANCA","807106","TAMPA DO FECHO DE METAL","1"
"1201127","FECHADURA SEG PVR2E - BRANCA","807138","VERGALHÃO QUADRADO 8MM PV - ZINCADO","1"
"1201127","FECHADURA SEG PVR2E - BRANCA","811277","ETIQUETA ADES. COUCHE 20MM X 15MM X 04 CAR","1"
"1201127","FECHADURA SEG PVR2E - BRANCA","811310","ETIQUETA ADES. COUCHE 33MM X 21MM X 03 CAR","1"
"1201127","FECHADURA SEG PVR2E - BRANCA","811588","CAIXA FECHADURA ELETRICA P/ PORTAS DE VIDRO SEG 10,5 X 29,5","1"
"1201127","FECHADURA SEG PVR2E - BRANCA","811762","SACO ZIP PADRAO - 05X07","1"
"1201127","FECHADURA SEG PVR2E - BRANCA","807053","BUCHA REDONDA FECHADURA PV -CROMADA","2"
"1201127","FECHADURA SEG PVR2E - BRANCA","811322","ETIQUETA ADES. BOPP 40MM X 40MM  BRANCA Bt759","1"
"1201127","FECHADURA SEG PVR2E - BRANCA","103760","FIO COBRE ESMALTADO 155 TS 30 AWG","0,010787"
"1201127","FECHADURA SEG PVR2E - BRANCA","801240","PINO DA CAIXINHA DO FECHO - ZINCADO","1"
"1201127","FECHADURA SEG PVR2E - BRANCA","403070","MOLA PVR RETORNO DA LINGUETA","1"
"1201127","FECHADURA SEG PVR2E - BRANCA","811681","AGL SOLAPA PORTA VIDRO 10,5 X 29,5 - CALÇO PV200","1"
"1201127","FECHADURA SEG PVR2E - BRANCA","102817","CHAVE SIMPLES VIRGEM AGL - SEM LOGO","2"
"1201128","FECHADURA SEG PVR2E - PRETA","806017","CHAPA FECHO PVR2E - PRETA","1"
"1201128","FECHADURA SEG PVR2E - PRETA","806034","MAÇANETA ALAVANCA - PRETA","1"
"1201128","FECHADURA SEG PVR2E - PRETA","806043","FRENTE AL LINGUETA PVR - PRETA","1"
"1201128","FECHADURA SEG PVR2E - PRETA","401008","PARAFUSO PLASTIC PAN PHILLIPS 3 X 8 ZB","2"
"1201128","FECHADURA SEG PVR2E - PRETA","401023","PARAFUSO MET M3.5 X 8 CH. PH - ZI","8"
"1201128","FECHADURA SEG PVR2E - PRETA","401034","PARAFUSO PLASTIC 3 X 6 CH. PH - ZI","2"
"1201128","FECHADURA SEG PVR2E - PRETA","401083","PF MET CH PHS M4X12MM ZI","4"
"1201128","FECHADURA SEG PVR2E - PRETA","401089","PARAFUSO MET M3 X 8MM CH PHS ZI","2"
"1201128","FECHADURA SEG PVR2E - PRETA","401100","PARAFUSO M3 X 12 CC. PH - ZI","1"
"1201128","FECHADURA SEG PVR2E - PRETA","401101","PARAFUSO M3.5 X 6 CH. PH - ZI","8"
"1201128","FECHADURA SEG PVR2E - PRETA","403013","MOLA DE RETORNO DA MAÇANETA FECHADURA PV","1"
"1201128","FECHADURA SEG PVR2E - PRETA","403014","MOLA DE RETORNO DA TRAVA MAIOR","1"
"1201128","FECHADURA SEG PVR2E - PRETA","403016","MOLA DE RETORNO DO DISPOSITIVO DE MEMORIA","1"
"1201128","FECHADURA SEG PVR2E - PRETA","403017","MOLA DE RETORNO DO ROTOR","1"
"1201128","FECHADURA SEG PVR2E - PRETA","403018","MOLA DE RETORNO DA TRAVA MENOR","1"
"1201128","FECHADURA SEG PVR2E - PRETA","403025","MOLA DO ARIETE","1"
"1201128","FECHADURA SEG PVR2E - PRETA","404015","CONJUNTO CILINDRO FECHADURA PORTA DE VIDRO 1 CIL.","1"
"1201128","FECHADURA SEG PVR2E - PRETA","708018","CORPO DO ARIETE 4,76 X 29MM C/ DIAM 1,6MM - ZINCADO","1"
"1201128","FECHADURA SEG PVR2E - PRETA","708021","LUVA DO ARIETE 10MM - ZINCADO","1"
"1201128","FECHADURA SEG PVR2E - PRETA","801208","EIXO DO ROTOR - ZINCADO","1"
"1201128","FECHADURA SEG PVR2E - PRETA","804321","CARRETEL DO FECHO","1"
"1201128","FECHADURA SEG PVR2E - PRETA","804323","ACABAMENTO RECORTE PV","2"
"1201128","FECHADURA SEG PVR2E - PRETA","804428","SOQUETE DO FECHO ELETRICO","1"
"1201128","FECHADURA SEG PVR2E - PRETA","804468","PONTA DO ARIETE 2,55 X 26MM","1"
"1201128","FECHADURA SEG PVR2E - PRETA","805088","NARIZ CILINDRO PVR - ZINCADO","1"
"1201128","FECHADURA SEG PVR2E - PRETA","805089","BASE FIXAÇÃO MAÇANETA","1"
"1201128","FECHADURA SEG PVR2E - PRETA","806046","FRENTE GR. AL FECHO - PRETA","1"
"1201128","FECHADURA SEG PVR2E - PRETA","806082","TERMINAL DE LATÃO DO SOQUETE","2"
"1201128","FECHADURA SEG PVR2E - PRETA","807002","TRAVA MENOR FECHO PV","1"
"1201128","FECHADURA SEG PVR2E - PRETA","807003","TRAVA MAIOR FECHO PV","1"
"1201128","FECHADURA SEG PVR2E - PRETA","807049","DISPOSITIVO DE MEMORIA FECHO PV - ZINCADO","1"
"1201128","FECHADURA SEG PVR2E - PRETA","807069","LINGUETA DAS FECHADURAS PV","1"
"1201128","FECHADURA SEG PVR2E - PRETA","807088","ROTOR DO FECHO","1"
"1201128","FECHADURA SEG PVR2E - PRETA","701084","CAIXA DO FECHO - BRUTO","1"
"1201128","FECHADURA SEG PVR2E - PRETA","807102","BLINDAGEM DO FECHO","1"
"1201128","FECHADURA SEG PVR2E - PRETA","807105","TRATOR MAÇANETA PV - ZINCADO","1"
"1201128","FECHADURA SEG PVR2E - PRETA","807106","TAMPA DO FECHO DE METAL","1"
"1201128","FECHADURA SEG PVR2E - PRETA","807138","VERGALHÃO QUADRADO 8MM PV - ZINCADO","1"
"1201128","FECHADURA SEG PVR2E - PRETA","811277","ETIQUETA ADES. COUCHE 20MM X 15MM X 04 CAR","1"
"1201128","FECHADURA SEG PVR2E - PRETA","811310","ETIQUETA ADES. COUCHE 33MM X 21MM X 03 CAR","1"
"1201128","FECHADURA SEG PVR2E - PRETA","811588","CAIXA FECHADURA ELETRICA P/ PORTAS DE VIDRO SEG 10,5 X 29,5","1"
"1201128","FECHADURA SEG PVR2E - PRETA","811762","SACO ZIP PADRAO - 05X07","1"
"1201128","FECHADURA SEG PVR2E - PRETA","806032","FUNDO FECHO PV R/F 2E - PRETO","1"
"1201128","FECHADURA SEG PVR2E - PRETA","807053","BUCHA REDONDA FECHADURA PV -CROMADA","2"
"1201128","FECHADURA SEG PVR2E - PRETA","811322","ETIQUETA ADES. BOPP 40MM X 40MM  BRANCA Bt759","1"
"1201128","FECHADURA SEG PVR2E - PRETA","806033","FUNDO ZAMAC LINGUETA PVRF2E - PRETO","1"
"1201128","FECHADURA SEG PVR2E - PRETA","806080","CHAPA PUXADOR PVR2E P/ 1 OU 2 CILINDROS (MAIOR) - PRETO","1"
"1201128","FECHADURA SEG PVR2E - PRETA","103760","FIO COBRE ESMALTADO 155 TS 30 AWG","0,010787"
"1201128","FECHADURA SEG PVR2E - PRETA","801240","PINO DA CAIXINHA DO FECHO - ZINCADO","1"
"1201128","FECHADURA SEG PVR2E - PRETA","403070","MOLA PVR RETORNO DA LINGUETA","1"
"1201128","FECHADURA SEG PVR2E - PRETA","811681","AGL SOLAPA PORTA VIDRO 10,5 X 29,5 - CALÇO PV200","1"
"1201128","FECHADURA SEG PVR2E - PRETA","102817","CHAVE SIMPLES VIRGEM AGL - SEM LOGO","2"
"1201129","FECHADURA SEG PVR2E 2 CILINDROS","806016","CHAPA FECHO PVR2E - CROMADA","1"
"1201129","FECHADURA SEG PVR2E 2 CILINDROS","806011","FUNDO ZAMAC LINGUETA PVRF2E - CINZA","1"
"1201129","FECHADURA SEG PVR2E 2 CILINDROS","807077","FUNDO ZAMAC FECHO PV R/F 2E - CINZA","1"
"1201129","FECHADURA SEG PVR2E 2 CILINDROS","806091","ALUMINIO FECHADURA C/2CIL PVRF2E","1"
"1201129","FECHADURA SEG PVR2E 2 CILINDROS","806045","ALUMINIO DO BATENTE PVRF2E","1"
"1201129","FECHADURA SEG PVR2E 2 CILINDROS","401008","PARAFUSO PLASTIC PAN PHILLIPS 3 X 8 ZB","2"
"1201129","FECHADURA SEG PVR2E 2 CILINDROS","401023","PARAFUSO MET M3.5 X 8 CH. PH - ZI","10"
"1201129","FECHADURA SEG PVR2E 2 CILINDROS","401034","PARAFUSO PLASTIC 3 X 6 CH. PH - ZI","2"
"1201129","FECHADURA SEG PVR2E 2 CILINDROS","401083","PF MET CH PHS M4X12MM ZI","4"
"1201129","FECHADURA SEG PVR2E 2 CILINDROS","401089","PARAFUSO MET M3 X 8MM CH PHS ZI","4"
"1201129","FECHADURA SEG PVR2E 2 CILINDROS","401101","PARAFUSO M3.5 X 6 CH. PH - ZI","4"
"1201129","FECHADURA SEG PVR2E 2 CILINDROS","403014","MOLA DE RETORNO DA TRAVA MAIOR","1"
"1201129","FECHADURA SEG PVR2E 2 CILINDROS","403016","MOLA DE RETORNO DO DISPOSITIVO DE MEMORIA","1"
"1201129","FECHADURA SEG PVR2E 2 CILINDROS","403017","MOLA DE RETORNO DO ROTOR","1"
"1201129","FECHADURA SEG PVR2E 2 CILINDROS","403018","MOLA DE RETORNO DA TRAVA MENOR","1"
"1201129","FECHADURA SEG PVR2E 2 CILINDROS","403025","MOLA DO ARIETE","1"
"1201129","FECHADURA SEG PVR2E 2 CILINDROS","404016","CONJUNTO CILINDRO FECHADURA PORTA DE VIDRO 2 CIL.","2"
"1201129","FECHADURA SEG PVR2E 2 CILINDROS","708018","CORPO DO ARIETE 4,76 X 29MM C/ DIAM 1,6MM - ZINCADO","1"
"1201129","FECHADURA SEG PVR2E 2 CILINDROS","708021","LUVA DO ARIETE 10MM - ZINCADO","1"
"1201129","FECHADURA SEG PVR2E 2 CILINDROS","801208","EIXO DO ROTOR - ZINCADO","1"
"1201129","FECHADURA SEG PVR2E 2 CILINDROS","804321","CARRETEL DO FECHO","1"
"1201129","FECHADURA SEG PVR2E 2 CILINDROS","804323","ACABAMENTO RECORTE PV","2"
"1201129","FECHADURA SEG PVR2E 2 CILINDROS","804406","ESPACADOR PARA FECHADURA 2 CILINDROS","1"
"1201129","FECHADURA SEG PVR2E 2 CILINDROS","804428","SOQUETE DO FECHO ELETRICO","1"
"1201129","FECHADURA SEG PVR2E 2 CILINDROS","804468","PONTA DO ARIETE 2,55 X 26MM","1"
"1201129","FECHADURA SEG PVR2E 2 CILINDROS","805085","CHAPA DE FIXAÇÃO CILINDRO DUPLO FECH PV - ZINCADA","1"
"1201129","FECHADURA SEG PVR2E 2 CILINDROS","805088","NARIZ CILINDRO PVR - ZINCADO","2"
"1201129","FECHADURA SEG PVR2E 2 CILINDROS","806008","CHAPA PUXADOR PV200R2E P/ 1 OU 2 CILINDROS (MAIOR)","1"
"1201129","FECHADURA SEG PVR2E 2 CILINDROS","806082","TERMINAL DE LATÃO DO SOQUETE","2"
"1201129","FECHADURA SEG PVR2E 2 CILINDROS","807002","TRAVA MENOR FECHO PV","1"
"1201129","FECHADURA SEG PVR2E 2 CILINDROS","807003","TRAVA MAIOR FECHO PV","1"
"1201129","FECHADURA SEG PVR2E 2 CILINDROS","807049","DISPOSITIVO DE MEMORIA FECHO PV - ZINCADO","1"
"1201129","FECHADURA SEG PVR2E 2 CILINDROS","807069","LINGUETA DAS FECHADURAS PV","1"
"1201129","FECHADURA SEG PVR2E 2 CILINDROS","807088","ROTOR DO FECHO","1"
"1201129","FECHADURA SEG PVR2E 2 CILINDROS","701084","CAIXA DO FECHO - BRUTO","1"
"1201129","FECHADURA SEG PVR2E 2 CILINDROS","807102","BLINDAGEM DO FECHO","1"
"1201129","FECHADURA SEG PVR2E 2 CILINDROS","807106","TAMPA DO FECHO DE METAL","1"
"1201129","FECHADURA SEG PVR2E 2 CILINDROS","811277","ETIQUETA ADES. COUCHE 20MM X 15MM X 04 CAR","1"
"1201129","FECHADURA SEG PVR2E 2 CILINDROS","811310","ETIQUETA ADES. COUCHE 33MM X 21MM X 03 CAR","1"
"1201129","FECHADURA SEG PVR2E 2 CILINDROS","811588","CAIXA FECHADURA ELETRICA P/ PORTAS DE VIDRO SEG 10,5 X 29,5","1"
"1201129","FECHADURA SEG PVR2E 2 CILINDROS","811762","SACO ZIP PADRAO - 05X07","1"
"1201129","FECHADURA SEG PVR2E 2 CILINDROS","807053","BUCHA REDONDA FECHADURA PV -CROMADA","2"
"1201129","FECHADURA SEG PVR2E 2 CILINDROS","811322","ETIQUETA ADES. BOPP 40MM X 40MM  BRANCA Bt759","1"
"1201129","FECHADURA SEG PVR2E 2 CILINDROS","103760","FIO COBRE ESMALTADO 155 TS 30 AWG","0,010787"
"1201129","FECHADURA SEG PVR2E 2 CILINDROS","801240","PINO DA CAIXINHA DO FECHO - ZINCADO","1"
"1201129","FECHADURA SEG PVR2E 2 CILINDROS","403070","MOLA PVR RETORNO DA LINGUETA","1"
"1201129","FECHADURA SEG PVR2E 2 CILINDROS","811681","AGL SOLAPA PORTA VIDRO 10,5 X 29,5 - CALÇO PV200","1"
"1201129","FECHADURA SEG PVR2E 2 CILINDROS","102817","CHAVE SIMPLES VIRGEM AGL - SEM LOGO","2"
"1201130","FECHADURA SEG PV200F1E - PRETA","806034","MAÇANETA ALAVANCA - PRETA","1"
"1201130","FECHADURA SEG PV200F1E - PRETA","806006","FUNDO ALUMINIO LINGUETA PV200RF1I/E - PRETO","1"
"1201130","FECHADURA SEG PV200F1E - PRETA","806089","FRENTE AL LINGUETA PV - PRETA","1"
"1201130","FECHADURA SEG PV200F1E - PRETA","806009","CHAPA PUXADOR PV200F1I/E P/ 1 OU 2 CILINDROS (MAIOR) - PRETO","2"
"1201130","FECHADURA SEG PV200F1E - PRETA","806013","CHAPA BATENTE PV200RF1E - PRETO","1"
"1201130","FECHADURA SEG PV200F1E - PRETA","401002","PARAFUSO 3.5 X 13 A/A CH. PH - ZI","4"
"1201130","FECHADURA SEG PV200F1E - PRETA","401008","PARAFUSO PLASTIC PAN PHILLIPS 3 X 8 ZB","2"
"1201130","FECHADURA SEG PV200F1E - PRETA","401023","PARAFUSO MET M3.5 X 8 CH. PH - ZI","4"
"1201130","FECHADURA SEG PV200F1E - PRETA","401034","PARAFUSO PLASTIC 3 X 6 CH. PH - ZI","2"
"1201130","FECHADURA SEG PV200F1E - PRETA","401083","PF MET CH PHS M4X12MM ZI","2"
"1201130","FECHADURA SEG PV200F1E - PRETA","401089","PARAFUSO MET M3 X 8MM CH PHS ZI","4"
"1201130","FECHADURA SEG PV200F1E - PRETA","401100","PARAFUSO M3 X 12 CC. PH - ZI","1"
"1201130","FECHADURA SEG PV200F1E - PRETA","401101","PARAFUSO M3.5 X 6 CH. PH - ZI","4"
"1201130","FECHADURA SEG PV200F1E - PRETA","401102","PARAFUSO M4 X 8 CH. PH MET - ZI","5"
"1201130","FECHADURA SEG PV200F1E - PRETA","403013","MOLA DE RETORNO DA MAÇANETA FECHADURA PV","1"
"1201130","FECHADURA SEG PV200F1E - PRETA","403014","MOLA DE RETORNO DA TRAVA MAIOR","1"
"1201130","FECHADURA SEG PV200F1E - PRETA","403016","MOLA DE RETORNO DO DISPOSITIVO DE MEMORIA","1"
"1201130","FECHADURA SEG PV200F1E - PRETA","403017","MOLA DE RETORNO DO ROTOR","1"
"1201130","FECHADURA SEG PV200F1E - PRETA","403018","MOLA DE RETORNO DA TRAVA MENOR","1"
"1201130","FECHADURA SEG PV200F1E - PRETA","403022","MOLA PV200 RETORNO DA LINGUETA","1"
"1201130","FECHADURA SEG PV200F1E - PRETA","403025","MOLA DO ARIETE","1"
"1201130","FECHADURA SEG PV200F1E - PRETA","404015","CONJUNTO CILINDRO FECHADURA PORTA DE VIDRO 1 CIL.","1"
"1201130","FECHADURA SEG PV200F1E - PRETA","708018","CORPO DO ARIETE 4,76 X 29MM C/ DIAM 1,6MM - ZINCADO","1"
"1201130","FECHADURA SEG PV200F1E - PRETA","708021","LUVA DO ARIETE 10MM - ZINCADO","1"
"1201130","FECHADURA SEG PV200F1E - PRETA","801208","EIXO DO ROTOR - ZINCADO","1"
"1201130","FECHADURA SEG PV200F1E - PRETA","804210","ARRUELA MAÇANETA PV","1"
"1201130","FECHADURA SEG PV200F1E - PRETA","804212","ENCOSTO PARA CHAPA DO BATENTE PV","1"
"1201130","FECHADURA SEG PV200F1E - PRETA","804321","CARRETEL DO FECHO","1"
"1201130","FECHADURA SEG PV200F1E - PRETA","804428","SOQUETE DO FECHO ELETRICO","1"
"1201130","FECHADURA SEG PV200F1E - PRETA","804468","PONTA DO ARIETE 2,55 X 26MM","1"
"1201130","FECHADURA SEG PV200F1E - PRETA","805087","NARIZ CILINDRO PV200 - ZINCADO","1"
"1201130","FECHADURA SEG PV200F1E - PRETA","805089","BASE FIXAÇÃO MAÇANETA","1"
"1201130","FECHADURA SEG PV200F1E - PRETA","806082","TERMINAL DE LATÃO DO SOQUETE","2"
"1201130","FECHADURA SEG PV200F1E - PRETA","807002","TRAVA MENOR FECHO PV","1"
"1201130","FECHADURA SEG PV200F1E - PRETA","807003","TRAVA MAIOR FECHO PV","1"
"1201130","FECHADURA SEG PV200F1E - PRETA","807049","DISPOSITIVO DE MEMORIA FECHO PV - ZINCADO","1"
"1201130","FECHADURA SEG PV200F1E - PRETA","807069","LINGUETA DAS FECHADURAS PV","1"
"1201130","FECHADURA SEG PV200F1E - PRETA","807088","ROTOR DO FECHO","1"
"1201130","FECHADURA SEG PV200F1E - PRETA","701084","CAIXA DO FECHO - BRUTO","1"
"1201130","FECHADURA SEG PV200F1E - PRETA","807102","BLINDAGEM DO FECHO","1"
"1201130","FECHADURA SEG PV200F1E - PRETA","807105","TRATOR MAÇANETA PV - ZINCADO","1"
"1201130","FECHADURA SEG PV200F1E - PRETA","807106","TAMPA DO FECHO DE METAL","1"
"1201130","FECHADURA SEG PV200F1E - PRETA","807138","VERGALHÃO QUADRADO 8MM PV - ZINCADO","1"
"1201130","FECHADURA SEG PV200F1E - PRETA","811277","ETIQUETA ADES. COUCHE 20MM X 15MM X 04 CAR","1"
"1201130","FECHADURA SEG PV200F1E - PRETA","811310","ETIQUETA ADES. COUCHE 33MM X 21MM X 03 CAR","1"
"1201130","FECHADURA SEG PV200F1E - PRETA","811588","CAIXA FECHADURA ELETRICA P/ PORTAS DE VIDRO SEG 10,5 X 29,5","1"
"1201130","FECHADURA SEG PV200F1E - PRETA","811762","SACO ZIP PADRAO - 05X07","1"
"1201130","FECHADURA SEG PV200F1E - PRETA","807053","BUCHA REDONDA FECHADURA PV -CROMADA","2"
"1201130","FECHADURA SEG PV200F1E - PRETA","807053","BUCHA REDONDA FECHADURA PV -CROMADA","1"
"1201130","FECHADURA SEG PV200F1E - PRETA","811322","ETIQUETA ADES. BOPP 40MM X 40MM  BRANCA Bt759","1"
"1201130","FECHADURA SEG PV200F1E - PRETA","103760","FIO COBRE ESMALTADO 155 TS 30 AWG","0,010787"
"1201130","FECHADURA SEG PV200F1E - PRETA","801240","PINO DA CAIXINHA DO FECHO - ZINCADO","1"
"1201130","FECHADURA SEG PV200F1E - PRETA","811681","AGL SOLAPA PORTA VIDRO 10,5 X 29,5 - CALÇO PV200","1"
"1201130","FECHADURA SEG PV200F1E - PRETA","102817","CHAVE SIMPLES VIRGEM AGL - SEM LOGO","2"
"1201131","FECHADURA SEG PV200F1I - PRETA","806006","FUNDO ALUMINIO LINGUETA PV200RF1I/E - PRETO","1"
"1201131","FECHADURA SEG PV200F1I - PRETA","806089","FRENTE AL LINGUETA PV - PRETA","1"
"1201131","FECHADURA SEG PV200F1I - PRETA","401002","PARAFUSO 3.5 X 13 A/A CH. PH - ZI","4"
"1201131","FECHADURA SEG PV200F1I - PRETA","401008","PARAFUSO PLASTIC PAN PHILLIPS 3 X 8 ZB","2"
"1201131","FECHADURA SEG PV200F1I - PRETA","401023","PARAFUSO MET M3.5 X 8 CH. PH - ZI","4"
"1201131","FECHADURA SEG PV200F1I - PRETA","401034","PARAFUSO PLASTIC 3 X 6 CH. PH - ZI","2"
"1201131","FECHADURA SEG PV200F1I - PRETA","401083","PF MET CH PHS M4X12MM ZI","2"
"1201131","FECHADURA SEG PV200F1I - PRETA","401089","PARAFUSO MET M3 X 8MM CH PHS ZI","2"
"1201131","FECHADURA SEG PV200F1I - PRETA","401100","PARAFUSO M3 X 12 CC. PH - ZI","1"
"1201131","FECHADURA SEG PV200F1I - PRETA","401101","PARAFUSO M3.5 X 6 CH. PH - ZI","4"
"1201131","FECHADURA SEG PV200F1I - PRETA","401102","PARAFUSO M4 X 8 CH. PH MET - ZI","5"
"1201131","FECHADURA SEG PV200F1I - PRETA","403013","MOLA DE RETORNO DA MAÇANETA FECHADURA PV","1"
"1201131","FECHADURA SEG PV200F1I - PRETA","403014","MOLA DE RETORNO DA TRAVA MAIOR","1"
"1201131","FECHADURA SEG PV200F1I - PRETA","403016","MOLA DE RETORNO DO DISPOSITIVO DE MEMORIA","1"
"1201131","FECHADURA SEG PV200F1I - PRETA","403017","MOLA DE RETORNO DO ROTOR","1"
"1201131","FECHADURA SEG PV200F1I - PRETA","403018","MOLA DE RETORNO DA TRAVA MENOR","1"
"1201131","FECHADURA SEG PV200F1I - PRETA","403022","MOLA PV200 RETORNO DA LINGUETA","1"
"1201131","FECHADURA SEG PV200F1I - PRETA","403025","MOLA DO ARIETE","1"
"1201131","FECHADURA SEG PV200F1I - PRETA","404015","CONJUNTO CILINDRO FECHADURA PORTA DE VIDRO 1 CIL.","1"
"1201131","FECHADURA SEG PV200F1I - PRETA","708018","CORPO DO ARIETE 4,76 X 29MM C/ DIAM 1,6MM - ZINCADO","1"
"1201131","FECHADURA SEG PV200F1I - PRETA","708021","LUVA DO ARIETE 10MM - ZINCADO","1"
"1201131","FECHADURA SEG PV200F1I - PRETA","801208","EIXO DO ROTOR - ZINCADO","1"
"1201131","FECHADURA SEG PV200F1I - PRETA","804210","ARRUELA MAÇANETA PV","1"
"1201131","FECHADURA SEG PV200F1I - PRETA","804321","CARRETEL DO FECHO","1"
"1201131","FECHADURA SEG PV200F1I - PRETA","804324","BLOQUEIO DE CARTÃO PV","1"
"1201131","FECHADURA SEG PV200F1I - PRETA","804428","SOQUETE DO FECHO ELETRICO","1"
"1201131","FECHADURA SEG PV200F1I - PRETA","804468","PONTA DO ARIETE 2,55 X 26MM","1"
"1201131","FECHADURA SEG PV200F1I - PRETA","805087","NARIZ CILINDRO PV200 - ZINCADO","1"
"1201131","FECHADURA SEG PV200F1I - PRETA","805089","BASE FIXAÇÃO MAÇANETA","1"
"1201131","FECHADURA SEG PV200F1I - PRETA","806082","TERMINAL DE LATÃO DO SOQUETE","2"
"1201131","FECHADURA SEG PV200F1I - PRETA","807002","TRAVA MENOR FECHO PV","1"
"1201131","FECHADURA SEG PV200F1I - PRETA","807003","TRAVA MAIOR FECHO PV","1"
"1201131","FECHADURA SEG PV200F1I - PRETA","807049","DISPOSITIVO DE MEMORIA FECHO PV - ZINCADO","1"
"1201131","FECHADURA SEG PV200F1I - PRETA","807069","LINGUETA DAS FECHADURAS PV","1"
"1201131","FECHADURA SEG PV200F1I - PRETA","807088","ROTOR DO FECHO","1"
"1201131","FECHADURA SEG PV200F1I - PRETA","701084","CAIXA DO FECHO - BRUTO","1"
"1201131","FECHADURA SEG PV200F1I - PRETA","807102","BLINDAGEM DO FECHO","1"
"1201131","FECHADURA SEG PV200F1I - PRETA","807105","TRATOR MAÇANETA PV - ZINCADO","1"
"1201131","FECHADURA SEG PV200F1I - PRETA","807106","TAMPA DO FECHO DE METAL","1"
"1201131","FECHADURA SEG PV200F1I - PRETA","807138","VERGALHÃO QUADRADO 8MM PV - ZINCADO","1"
"1201131","FECHADURA SEG PV200F1I - PRETA","811277","ETIQUETA ADES. COUCHE 20MM X 15MM X 04 CAR","1"
"1201131","FECHADURA SEG PV200F1I - PRETA","811310","ETIQUETA ADES. COUCHE 33MM X 21MM X 03 CAR","1"
"1201131","FECHADURA SEG PV200F1I - PRETA","811588","CAIXA FECHADURA ELETRICA P/ PORTAS DE VIDRO SEG 10,5 X 29,5","1"
"1201131","FECHADURA SEG PV200F1I - PRETA","811762","SACO ZIP PADRAO - 05X07","1"
"1201131","FECHADURA SEG PV200F1I - PRETA","807053","BUCHA REDONDA FECHADURA PV -CROMADA","2"
"1201131","FECHADURA SEG PV200F1I - PRETA","810035","ACABAMENTO MAÇANETA BOLA - CROMADO","1"
"1201131","FECHADURA SEG PV200F1I - PRETA","811322","ETIQUETA ADES. BOPP 40MM X 40MM  BRANCA Bt759","1"
"1201131","FECHADURA SEG PV200F1I - PRETA","806049","CHAPA BATENTE PV200RF1I - PRETO","1"
"1201131","FECHADURA SEG PV200F1I - PRETA","806066","CHAPA C/ PUXADOR PV200F1I - PRETO","1"
"1201131","FECHADURA SEG PV200F1I - PRETA","807055","MAÇANETA BOLA - PRETA","1"
"1201131","FECHADURA SEG PV200F1I - PRETA","103760","FIO COBRE ESMALTADO 155 TS 30 AWG","0,010787"
"1201131","FECHADURA SEG PV200F1I - PRETA","801240","PINO DA CAIXINHA DO FECHO - ZINCADO","1"
"1201131","FECHADURA SEG PV200F1I - PRETA","811681","AGL SOLAPA PORTA VIDRO 10,5 X 29,5 - CALÇO PV200","1"
"1201131","FECHADURA SEG PV200F1I - PRETA","102817","CHAVE SIMPLES VIRGEM AGL - SEM LOGO","2"
"1201132","FECHADURA SEG PV200F1I C/ 2 CIL. - CZ","806022","CHAPA FECHO PVF2E - CROMADA","1"
"1201132","FECHADURA SEG PV200F1I C/ 2 CIL. - CZ","806038","ALUMINIO FECHADURA PV200 C/2 CIL","1"
"1201132","FECHADURA SEG PV200F1I C/ 2 CIL. - CZ","807098","FUNDO ALUMINIO LINGUETA PV200RF1I/E - CINZA","1"
"1201132","FECHADURA SEG PV200F1I C/ 2 CIL. - CZ","807094","FUNDO ALUMINIO FECHO PV200RF2I - CINZA","1"
"1201132","FECHADURA SEG PV200F1I C/ 2 CIL. - CZ","401008","PARAFUSO PLASTIC PAN PHILLIPS 3 X 8 ZB","2"
"1201132","FECHADURA SEG PV200F1I C/ 2 CIL. - CZ","401023","PARAFUSO MET M3.5 X 8 CH. PH - ZI","10"
"1201132","FECHADURA SEG PV200F1I C/ 2 CIL. - CZ","401034","PARAFUSO PLASTIC 3 X 6 CH. PH - ZI","2"
"1201132","FECHADURA SEG PV200F1I C/ 2 CIL. - CZ","401083","PF MET CH PHS M4X12MM ZI","4"
"1201132","FECHADURA SEG PV200F1I C/ 2 CIL. - CZ","401089","PARAFUSO MET M3 X 8MM CH PHS ZI","4"
"1201132","FECHADURA SEG PV200F1I C/ 2 CIL. - CZ","401100","PARAFUSO M3 X 12 CC. PH - ZI","1"
"1201132","FECHADURA SEG PV200F1I C/ 2 CIL. - CZ","401101","PARAFUSO M3.5 X 6 CH. PH - ZI","8"
"1201132","FECHADURA SEG PV200F1I C/ 2 CIL. - CZ","401102","PARAFUSO M4 X 8 CH. PH MET - ZI","1"
"1201132","FECHADURA SEG PV200F1I C/ 2 CIL. - CZ","403014","MOLA DE RETORNO DA TRAVA MAIOR","1"
"1201132","FECHADURA SEG PV200F1I C/ 2 CIL. - CZ","403016","MOLA DE RETORNO DO DISPOSITIVO DE MEMORIA","1"
"1201132","FECHADURA SEG PV200F1I C/ 2 CIL. - CZ","403017","MOLA DE RETORNO DO ROTOR","1"
"1201132","FECHADURA SEG PV200F1I C/ 2 CIL. - CZ","403018","MOLA DE RETORNO DA TRAVA MENOR","1"
"1201132","FECHADURA SEG PV200F1I C/ 2 CIL. - CZ","403022","MOLA PV200 RETORNO DA LINGUETA","1"
"1201132","FECHADURA SEG PV200F1I C/ 2 CIL. - CZ","403025","MOLA DO ARIETE","1"
"1201132","FECHADURA SEG PV200F1I C/ 2 CIL. - CZ","404016","CONJUNTO CILINDRO FECHADURA PORTA DE VIDRO 2 CIL.","2"
"1201132","FECHADURA SEG PV200F1I C/ 2 CIL. - CZ","708018","CORPO DO ARIETE 4,76 X 29MM C/ DIAM 1,6MM - ZINCADO","1"
"1201132","FECHADURA SEG PV200F1I C/ 2 CIL. - CZ","708021","LUVA DO ARIETE 10MM - ZINCADO","1"
"1201132","FECHADURA SEG PV200F1I C/ 2 CIL. - CZ","801208","EIXO DO ROTOR - ZINCADO","1"
"1201132","FECHADURA SEG PV200F1I C/ 2 CIL. - CZ","804306","TAMPA PLASTICA DO FECHO","1"
"1201132","FECHADURA SEG PV200F1I C/ 2 CIL. - CZ","804321","CARRETEL DO FECHO","1"
"1201132","FECHADURA SEG PV200F1I C/ 2 CIL. - CZ","804406","ESPACADOR PARA FECHADURA 2 CILINDROS","1"
"1201132","FECHADURA SEG PV200F1I C/ 2 CIL. - CZ","804428","SOQUETE DO FECHO ELETRICO","1"
"1201132","FECHADURA SEG PV200F1I C/ 2 CIL. - CZ","804468","PONTA DO ARIETE 2,55 X 26MM","1"
"1201132","FECHADURA SEG PV200F1I C/ 2 CIL. - CZ","805085","CHAPA DE FIXAÇÃO CILINDRO DUPLO FECH PV - ZINCADA","1"
"1201132","FECHADURA SEG PV200F1I C/ 2 CIL. - CZ","805087","NARIZ CILINDRO PV200 - ZINCADO","2"
"1201132","FECHADURA SEG PV200F1I C/ 2 CIL. - CZ","806025","CHAPA PUXADOR PV200RF1IE P/ 1 OU 2 CILINDROS (MENOR)","1"
"1201132","FECHADURA SEG PV200F1I C/ 2 CIL. - CZ","806035","CHAPA PUXADOR PV200F1I/E P/ 1 OU 2 CILINDROS (MAIOR)","1"
"1201132","FECHADURA SEG PV200F1I C/ 2 CIL. - CZ","806087","ALUMINIO DO BATENTE PV200RF2I","1"
"1201132","FECHADURA SEG PV200F1I C/ 2 CIL. - CZ","806082","TERMINAL DE LATÃO DO SOQUETE","2"
"1201132","FECHADURA SEG PV200F1I C/ 2 CIL. - CZ","807002","TRAVA MENOR FECHO PV","1"
"1201132","FECHADURA SEG PV200F1I C/ 2 CIL. - CZ","807003","TRAVA MAIOR FECHO PV","1"
"1201132","FECHADURA SEG PV200F1I C/ 2 CIL. - CZ","807049","DISPOSITIVO DE MEMORIA FECHO PV - ZINCADO","1"
"1201132","FECHADURA SEG PV200F1I C/ 2 CIL. - CZ","807069","LINGUETA DAS FECHADURAS PV","1"
"1201132","FECHADURA SEG PV200F1I C/ 2 CIL. - CZ","807088","ROTOR DO FECHO","1"
"1201132","FECHADURA SEG PV200F1I C/ 2 CIL. - CZ","701084","CAIXA DO FECHO - BRUTO","1"
"1201132","FECHADURA SEG PV200F1I C/ 2 CIL. - CZ","807102","BLINDAGEM DO FECHO","1"
"1201132","FECHADURA SEG PV200F1I C/ 2 CIL. - CZ","811277","ETIQUETA ADES. COUCHE 20MM X 15MM X 04 CAR","1"
"1201132","FECHADURA SEG PV200F1I C/ 2 CIL. - CZ","811310","ETIQUETA ADES. COUCHE 33MM X 21MM X 03 CAR","1"
"1201132","FECHADURA SEG PV200F1I C/ 2 CIL. - CZ","811588","CAIXA FECHADURA ELETRICA P/ PORTAS DE VIDRO SEG 10,5 X 29,5","1"
"1201132","FECHADURA SEG PV200F1I C/ 2 CIL. - CZ","811762","SACO ZIP PADRAO - 05X07","1"
"1201132","FECHADURA SEG PV200F1I C/ 2 CIL. - CZ","807053","BUCHA REDONDA FECHADURA PV -CROMADA","2"
"1201132","FECHADURA SEG PV200F1I C/ 2 CIL. - CZ","811322","ETIQUETA ADES. BOPP 40MM X 40MM  BRANCA Bt759","1"
"1201132","FECHADURA SEG PV200F1I C/ 2 CIL. - CZ","103760","FIO COBRE ESMALTADO 155 TS 30 AWG","0,010787"
"1201132","FECHADURA SEG PV200F1I C/ 2 CIL. - CZ","801240","PINO DA CAIXINHA DO FECHO - ZINCADO","1"
"1201132","FECHADURA SEG PV200F1I C/ 2 CIL. - CZ","811681","AGL SOLAPA PORTA VIDRO 10,5 X 29,5 - CALÇO PV200","1"
"1201132","FECHADURA SEG PV200F1I C/ 2 CIL. - CZ","102817","CHAVE SIMPLES VIRGEM AGL - SEM LOGO","2"
"1201133","FECHADURA SEG PV200F2I - BRANCA","806012","CHAPA FECHO PV200F2I - BRANCA","1"
"1201133","FECHADURA SEG PV200F2I - BRANCA","806044","TAMPA AL LINGUETA PV - BRANCA","1"
"1201133","FECHADURA SEG PV200F2I - BRANCA","806048","FRENTE AL PQ. FECHO PV - BRANCA","1"
"1201133","FECHADURA SEG PV200F2I - BRANCA","806050","FUNDO ALUMINIO LINGUETA PV200RF2I - BRANCA","1"
"1201133","FECHADURA SEG PV200F2I - BRANCA","806067","CHAPA C/ PUXADOR PV200F2I - BRANCO","1"
"1201133","FECHADURA SEG PV200F2I - BRANCA","806068","FUNDO ALUMINIO FECHO PV200RF2I - BRANCA","1"
"1201133","FECHADURA SEG PV200F2I - BRANCA","807054","MAÇANETA BOLA - BRANCA","1"
"1201133","FECHADURA SEG PV200F2I - BRANCA","401008","PARAFUSO PLASTIC PAN PHILLIPS 3 X 8 ZB","2"
"1201133","FECHADURA SEG PV200F2I - BRANCA","401023","PARAFUSO MET M3.5 X 8 CH. PH - ZI","4"
"1201133","FECHADURA SEG PV200F2I - BRANCA","401034","PARAFUSO PLASTIC 3 X 6 CH. PH - ZI","2"
"1201133","FECHADURA SEG PV200F2I - BRANCA","401083","PF MET CH PHS M4X12MM ZI","4"
"1201133","FECHADURA SEG PV200F2I - BRANCA","401089","PARAFUSO MET M3 X 8MM CH PHS ZI","2"
"1201133","FECHADURA SEG PV200F2I - BRANCA","401100","PARAFUSO M3 X 12 CC. PH - ZI","1"
"1201133","FECHADURA SEG PV200F2I - BRANCA","401101","PARAFUSO M3.5 X 6 CH. PH - ZI","8"
"1201133","FECHADURA SEG PV200F2I - BRANCA","401102","PARAFUSO M4 X 8 CH. PH MET - ZI","5"
"1201133","FECHADURA SEG PV200F2I - BRANCA","403013","MOLA DE RETORNO DA MAÇANETA FECHADURA PV","1"
"1201133","FECHADURA SEG PV200F2I - BRANCA","403014","MOLA DE RETORNO DA TRAVA MAIOR","1"
"1201133","FECHADURA SEG PV200F2I - BRANCA","403016","MOLA DE RETORNO DO DISPOSITIVO DE MEMORIA","1"
"1201133","FECHADURA SEG PV200F2I - BRANCA","403017","MOLA DE RETORNO DO ROTOR","1"
"1201133","FECHADURA SEG PV200F2I - BRANCA","403018","MOLA DE RETORNO DA TRAVA MENOR","1"
"1201133","FECHADURA SEG PV200F2I - BRANCA","403022","MOLA PV200 RETORNO DA LINGUETA","1"
"1201133","FECHADURA SEG PV200F2I - BRANCA","403025","MOLA DO ARIETE","1"
"1201133","FECHADURA SEG PV200F2I - BRANCA","404015","CONJUNTO CILINDRO FECHADURA PORTA DE VIDRO 1 CIL.","1"
"1201133","FECHADURA SEG PV200F2I - BRANCA","708018","CORPO DO ARIETE 4,76 X 29MM C/ DIAM 1,6MM - ZINCADO","1"
"1201133","FECHADURA SEG PV200F2I - BRANCA","708021","LUVA DO ARIETE 10MM - ZINCADO","1"
"1201133","FECHADURA SEG PV200F2I - BRANCA","801208","EIXO DO ROTOR - ZINCADO","1"
"1201133","FECHADURA SEG PV200F2I - BRANCA","804210","ARRUELA MAÇANETA PV","1"
"1201133","FECHADURA SEG PV200F2I - BRANCA","804306","TAMPA PLASTICA DO FECHO","1"
"1201133","FECHADURA SEG PV200F2I - BRANCA","804321","CARRETEL DO FECHO","1"
"1201133","FECHADURA SEG PV200F2I - BRANCA","804428","SOQUETE DO FECHO ELETRICO","1"
"1201133","FECHADURA SEG PV200F2I - BRANCA","804468","PONTA DO ARIETE 2,55 X 26MM","1"
"1201133","FECHADURA SEG PV200F2I - BRANCA","805087","NARIZ CILINDRO PV200 - ZINCADO","1"
"1201133","FECHADURA SEG PV200F2I - BRANCA","805089","BASE FIXAÇÃO MAÇANETA","1"
"1201133","FECHADURA SEG PV200F2I - BRANCA","806082","TERMINAL DE LATÃO DO SOQUETE","2"
"1201133","FECHADURA SEG PV200F2I - BRANCA","807002","TRAVA MENOR FECHO PV","1"
"1201133","FECHADURA SEG PV200F2I - BRANCA","807003","TRAVA MAIOR FECHO PV","1"
"1201133","FECHADURA SEG PV200F2I - BRANCA","807049","DISPOSITIVO DE MEMORIA FECHO PV - ZINCADO","1"
"1201133","FECHADURA SEG PV200F2I - BRANCA","807069","LINGUETA DAS FECHADURAS PV","1"
"1201133","FECHADURA SEG PV200F2I - BRANCA","807088","ROTOR DO FECHO","1"
"1201133","FECHADURA SEG PV200F2I - BRANCA","701084","CAIXA DO FECHO - BRUTO","1"
"1201133","FECHADURA SEG PV200F2I - BRANCA","807102","BLINDAGEM DO FECHO","1"
"1201133","FECHADURA SEG PV200F2I - BRANCA","807105","TRATOR MAÇANETA PV - ZINCADO","1"
"1201133","FECHADURA SEG PV200F2I - BRANCA","807138","VERGALHÃO QUADRADO 8MM PV - ZINCADO","1"
"1201133","FECHADURA SEG PV200F2I - BRANCA","811277","ETIQUETA ADES. COUCHE 20MM X 15MM X 04 CAR","1"
"1201133","FECHADURA SEG PV200F2I - BRANCA","811310","ETIQUETA ADES. COUCHE 33MM X 21MM X 03 CAR","1"
"1201133","FECHADURA SEG PV200F2I - BRANCA","811588","CAIXA FECHADURA ELETRICA P/ PORTAS DE VIDRO SEG 10,5 X 29,5","1"
"1201133","FECHADURA SEG PV200F2I - BRANCA","811762","SACO ZIP PADRAO - 05X07","1"
"1201133","FECHADURA SEG PV200F2I - BRANCA","807053","BUCHA REDONDA FECHADURA PV -CROMADA","2"
"1201133","FECHADURA SEG PV200F2I - BRANCA","810035","ACABAMENTO MAÇANETA BOLA - CROMADO","1"
"1201133","FECHADURA SEG PV200F2I - BRANCA","811322","ETIQUETA ADES. BOPP 40MM X 40MM  BRANCA Bt759","1"
"1201133","FECHADURA SEG PV200F2I - BRANCA","103760","FIO COBRE ESMALTADO 155 TS 30 AWG","0,010787"
"1201133","FECHADURA SEG PV200F2I - BRANCA","801240","PINO DA CAIXINHA DO FECHO - ZINCADO","1"
"1201133","FECHADURA SEG PV200F2I - BRANCA","811681","AGL SOLAPA PORTA VIDRO 10,5 X 29,5 - CALÇO PV200","1"
"1201133","FECHADURA SEG PV200F2I - BRANCA","102817","CHAVE SIMPLES VIRGEM AGL - SEM LOGO","2"
"1201134","FECHADURA SEG PV200F2I - PRETA","806010","CHAPA FECHO PV200F2I - PRETA","1"
"1201134","FECHADURA SEG PV200F2I - PRETA","806089","FRENTE AL LINGUETA PV - PRETA","1"
"1201134","FECHADURA SEG PV200F2I - PRETA","806070","FRENTE AL PQ. FECHO PV - PRETA","1"
"1201134","FECHADURA SEG PV200F2I - PRETA","401008","PARAFUSO PLASTIC PAN PHILLIPS 3 X 8 ZB","2"
"1201134","FECHADURA SEG PV200F2I - PRETA","401023","PARAFUSO MET M3.5 X 8 CH. PH - ZI","4"
"1201134","FECHADURA SEG PV200F2I - PRETA","401034","PARAFUSO PLASTIC 3 X 6 CH. PH - ZI","2"
"1201134","FECHADURA SEG PV200F2I - PRETA","401083","PF MET CH PHS M4X12MM ZI","4"
"1201134","FECHADURA SEG PV200F2I - PRETA","401089","PARAFUSO MET M3 X 8MM CH PHS ZI","2"
"1201134","FECHADURA SEG PV200F2I - PRETA","401100","PARAFUSO M3 X 12 CC. PH - ZI","1"
"1201134","FECHADURA SEG PV200F2I - PRETA","401101","PARAFUSO M3.5 X 6 CH. PH - ZI","8"
"1201134","FECHADURA SEG PV200F2I - PRETA","401102","PARAFUSO M4 X 8 CH. PH MET - ZI","5"
"1201134","FECHADURA SEG PV200F2I - PRETA","403013","MOLA DE RETORNO DA MAÇANETA FECHADURA PV","1"
"1201134","FECHADURA SEG PV200F2I - PRETA","403014","MOLA DE RETORNO DA TRAVA MAIOR","1"
"1201134","FECHADURA SEG PV200F2I - PRETA","403016","MOLA DE RETORNO DO DISPOSITIVO DE MEMORIA","1"
"1201134","FECHADURA SEG PV200F2I - PRETA","403017","MOLA DE RETORNO DO ROTOR","1"
"1201134","FECHADURA SEG PV200F2I - PRETA","403018","MOLA DE RETORNO DA TRAVA MENOR","1"
"1201134","FECHADURA SEG PV200F2I - PRETA","403022","MOLA PV200 RETORNO DA LINGUETA","1"
"1201134","FECHADURA SEG PV200F2I - PRETA","403025","MOLA DO ARIETE","1"
"1201134","FECHADURA SEG PV200F2I - PRETA","404015","CONJUNTO CILINDRO FECHADURA PORTA DE VIDRO 1 CIL.","1"
"1201134","FECHADURA SEG PV200F2I - PRETA","708018","CORPO DO ARIETE 4,76 X 29MM C/ DIAM 1,6MM - ZINCADO","1"
"1201134","FECHADURA SEG PV200F2I - PRETA","708021","LUVA DO ARIETE 10MM - ZINCADO","1"
"1201134","FECHADURA SEG PV200F2I - PRETA","801208","EIXO DO ROTOR - ZINCADO","1"
"1201134","FECHADURA SEG PV200F2I - PRETA","804210","ARRUELA MAÇANETA PV","1"
"1201134","FECHADURA SEG PV200F2I - PRETA","804306","TAMPA PLASTICA DO FECHO","1"
"1201134","FECHADURA SEG PV200F2I - PRETA","804321","CARRETEL DO FECHO","1"
"1201134","FECHADURA SEG PV200F2I - PRETA","804428","SOQUETE DO FECHO ELETRICO","1"
"1201134","FECHADURA SEG PV200F2I - PRETA","804468","PONTA DO ARIETE 2,55 X 26MM","1"
"1201134","FECHADURA SEG PV200F2I - PRETA","805087","NARIZ CILINDRO PV200 - ZINCADO","1"
"1201134","FECHADURA SEG PV200F2I - PRETA","805089","BASE FIXAÇÃO MAÇANETA","1"
"1201134","FECHADURA SEG PV200F2I - PRETA","806051","FUNDO ALUMINIO LINGUETA PV200RF2I - PRETA","1"
"1201134","FECHADURA SEG PV200F2I - PRETA","806082","TERMINAL DE LATÃO DO SOQUETE","2"
"1201134","FECHADURA SEG PV200F2I - PRETA","807002","TRAVA MENOR FECHO PV","1"
"1201134","FECHADURA SEG PV200F2I - PRETA","807003","TRAVA MAIOR FECHO PV","1"
"1201134","FECHADURA SEG PV200F2I - PRETA","807049","DISPOSITIVO DE MEMORIA FECHO PV - ZINCADO","1"
"1201134","FECHADURA SEG PV200F2I - PRETA","807069","LINGUETA DAS FECHADURAS PV","1"
"1201134","FECHADURA SEG PV200F2I - PRETA","807088","ROTOR DO FECHO","1"
"1201134","FECHADURA SEG PV200F2I - PRETA","701084","CAIXA DO FECHO - BRUTO","1"
"1201134","FECHADURA SEG PV200F2I - PRETA","807102","BLINDAGEM DO FECHO","1"
"1201134","FECHADURA SEG PV200F2I - PRETA","807105","TRATOR MAÇANETA PV - ZINCADO","1"
"1201134","FECHADURA SEG PV200F2I - PRETA","807138","VERGALHÃO QUADRADO 8MM PV - ZINCADO","1"
"1201134","FECHADURA SEG PV200F2I - PRETA","811277","ETIQUETA ADES. COUCHE 20MM X 15MM X 04 CAR","1"
"1201134","FECHADURA SEG PV200F2I - PRETA","811310","ETIQUETA ADES. COUCHE 33MM X 21MM X 03 CAR","1"
"1201134","FECHADURA SEG PV200F2I - PRETA","811588","CAIXA FECHADURA ELETRICA P/ PORTAS DE VIDRO SEG 10,5 X 29,5","1"
"1201134","FECHADURA SEG PV200F2I - PRETA","811762","SACO ZIP PADRAO - 05X07","1"
"1201134","FECHADURA SEG PV200F2I - PRETA","806053","FUNDO ALUMINIO FECHO PV200RF2I - PRETA","1"
"1201134","FECHADURA SEG PV200F2I - PRETA","807053","BUCHA REDONDA FECHADURA PV -CROMADA","2"
"1201134","FECHADURA SEG PV200F2I - PRETA","810035","ACABAMENTO MAÇANETA BOLA - CROMADO","1"
"1201134","FECHADURA SEG PV200F2I - PRETA","811322","ETIQUETA ADES. BOPP 40MM X 40MM  BRANCA Bt759","1"
"1201134","FECHADURA SEG PV200F2I - PRETA","806069","CHAPA C/ PUXADOR PV200F2I - PRETO","1"
"1201134","FECHADURA SEG PV200F2I - PRETA","807055","MAÇANETA BOLA - PRETA","1"
"1201134","FECHADURA SEG PV200F2I - PRETA","103760","FIO COBRE ESMALTADO 155 TS 30 AWG","0,010787"
"1201134","FECHADURA SEG PV200F2I - PRETA","801240","PINO DA CAIXINHA DO FECHO - ZINCADO","1"
"1201134","FECHADURA SEG PV200F2I - PRETA","811681","AGL SOLAPA PORTA VIDRO 10,5 X 29,5 - CALÇO PV200","1"
"1201134","FECHADURA SEG PV200F2I - PRETA","102817","CHAVE SIMPLES VIRGEM AGL - SEM LOGO","2"
"1201135","FECHADURA SEG PV200F2I C/ 2 CIL. - CZ","806022","CHAPA FECHO PVF2E - CROMADA","1"
"1201135","FECHADURA SEG PV200F2I C/ 2 CIL. - CZ","806038","ALUMINIO FECHADURA PV200 C/2 CIL","1"
"1201135","FECHADURA SEG PV200F2I C/ 2 CIL. - CZ","807090","FUNDO ALUMINIO LINGUETA PV200RF2I - CINZA","1"
"1201135","FECHADURA SEG PV200F2I C/ 2 CIL. - CZ","807094","FUNDO ALUMINIO FECHO PV200RF2I - CINZA","1"
"1201135","FECHADURA SEG PV200F2I C/ 2 CIL. - CZ","401008","PARAFUSO PLASTIC PAN PHILLIPS 3 X 8 ZB","2"
"1201135","FECHADURA SEG PV200F2I C/ 2 CIL. - CZ","401023","PARAFUSO MET M3.5 X 8 CH. PH - ZI","6"
"1201135","FECHADURA SEG PV200F2I C/ 2 CIL. - CZ","401034","PARAFUSO PLASTIC 3 X 6 CH. PH - ZI","2"
"1201135","FECHADURA SEG PV200F2I C/ 2 CIL. - CZ","401083","PF MET CH PHS M4X12MM ZI","4"
"1201135","FECHADURA SEG PV200F2I C/ 2 CIL. - CZ","401089","PARAFUSO MET M3 X 8MM CH PHS ZI","4"
"1201135","FECHADURA SEG PV200F2I C/ 2 CIL. - CZ","401100","PARAFUSO M3 X 12 CC. PH - ZI","1"
"1201135","FECHADURA SEG PV200F2I C/ 2 CIL. - CZ","401101","PARAFUSO M3.5 X 6 CH. PH - ZI","8"
"1201135","FECHADURA SEG PV200F2I C/ 2 CIL. - CZ","401102","PARAFUSO M4 X 8 CH. PH MET - ZI","5"
"1201135","FECHADURA SEG PV200F2I C/ 2 CIL. - CZ","403014","MOLA DE RETORNO DA TRAVA MAIOR","1"
"1201135","FECHADURA SEG PV200F2I C/ 2 CIL. - CZ","403016","MOLA DE RETORNO DO DISPOSITIVO DE MEMORIA","1"
"1201135","FECHADURA SEG PV200F2I C/ 2 CIL. - CZ","403017","MOLA DE RETORNO DO ROTOR","1"
"1201135","FECHADURA SEG PV200F2I C/ 2 CIL. - CZ","403018","MOLA DE RETORNO DA TRAVA MENOR","1"
"1201135","FECHADURA SEG PV200F2I C/ 2 CIL. - CZ","403022","MOLA PV200 RETORNO DA LINGUETA","1"
"1201135","FECHADURA SEG PV200F2I C/ 2 CIL. - CZ","403025","MOLA DO ARIETE","1"
"1201135","FECHADURA SEG PV200F2I C/ 2 CIL. - CZ","404016","CONJUNTO CILINDRO FECHADURA PORTA DE VIDRO 2 CIL.","2"
"1201135","FECHADURA SEG PV200F2I C/ 2 CIL. - CZ","708018","CORPO DO ARIETE 4,76 X 29MM C/ DIAM 1,6MM - ZINCADO","1"
"1201135","FECHADURA SEG PV200F2I C/ 2 CIL. - CZ","708021","LUVA DO ARIETE 10MM - ZINCADO","1"
"1201135","FECHADURA SEG PV200F2I C/ 2 CIL. - CZ","801208","EIXO DO ROTOR - ZINCADO","1"
"1201135","FECHADURA SEG PV200F2I C/ 2 CIL. - CZ","804306","TAMPA PLASTICA DO FECHO","1"
"1201135","FECHADURA SEG PV200F2I C/ 2 CIL. - CZ","804321","CARRETEL DO FECHO","1"
"1201135","FECHADURA SEG PV200F2I C/ 2 CIL. - CZ","804406","ESPACADOR PARA FECHADURA 2 CILINDROS","1"
"1201135","FECHADURA SEG PV200F2I C/ 2 CIL. - CZ","804428","SOQUETE DO FECHO ELETRICO","1"
"1201135","FECHADURA SEG PV200F2I C/ 2 CIL. - CZ","804468","PONTA DO ARIETE 2,55 X 26MM","1"
"1201135","FECHADURA SEG PV200F2I C/ 2 CIL. - CZ","805085","CHAPA DE FIXAÇÃO CILINDRO DUPLO FECH PV - ZINCADA","1"
"1201135","FECHADURA SEG PV200F2I C/ 2 CIL. - CZ","805087","NARIZ CILINDRO PV200 - ZINCADO","2"
"1201135","FECHADURA SEG PV200F2I C/ 2 CIL. - CZ","806087","ALUMINIO DO BATENTE PV200RF2I","1"
"1201135","FECHADURA SEG PV200F2I C/ 2 CIL. - CZ","806052","CHAPA PUXADOR PV200F2I P/ 1 OU 2 CILINDROS (MAIOR)","1"
"1201135","FECHADURA SEG PV200F2I C/ 2 CIL. - CZ","806054","CHAPA PUXADOR PV200RF2I P/ 1 OU 2 CILINDROS (MENOR)","1"
"1201135","FECHADURA SEG PV200F2I C/ 2 CIL. - CZ","806082","TERMINAL DE LATÃO DO SOQUETE","2"
"1201135","FECHADURA SEG PV200F2I C/ 2 CIL. - CZ","807002","TRAVA MENOR FECHO PV","1"
"1201135","FECHADURA SEG PV200F2I C/ 2 CIL. - CZ","807003","TRAVA MAIOR FECHO PV","1"
"1201135","FECHADURA SEG PV200F2I C/ 2 CIL. - CZ","807049","DISPOSITIVO DE MEMORIA FECHO PV - ZINCADO","1"
"1201135","FECHADURA SEG PV200F2I C/ 2 CIL. - CZ","807069","LINGUETA DAS FECHADURAS PV","1"
"1201135","FECHADURA SEG PV200F2I C/ 2 CIL. - CZ","807088","ROTOR DO FECHO","1"
"1201135","FECHADURA SEG PV200F2I C/ 2 CIL. - CZ","701084","CAIXA DO FECHO - BRUTO","1"
"1201135","FECHADURA SEG PV200F2I C/ 2 CIL. - CZ","807102","BLINDAGEM DO FECHO","1"
"1201135","FECHADURA SEG PV200F2I C/ 2 CIL. - CZ","811277","ETIQUETA ADES. COUCHE 20MM X 15MM X 04 CAR","1"
"1201135","FECHADURA SEG PV200F2I C/ 2 CIL. - CZ","811310","ETIQUETA ADES. COUCHE 33MM X 21MM X 03 CAR","1"
"1201135","FECHADURA SEG PV200F2I C/ 2 CIL. - CZ","811588","CAIXA FECHADURA ELETRICA P/ PORTAS DE VIDRO SEG 10,5 X 29,5","1"
"1201135","FECHADURA SEG PV200F2I C/ 2 CIL. - CZ","811762","SACO ZIP PADRAO - 05X07","1"
"1201135","FECHADURA SEG PV200F2I C/ 2 CIL. - CZ","807053","BUCHA REDONDA FECHADURA PV -CROMADA","2"
"1201135","FECHADURA SEG PV200F2I C/ 2 CIL. - CZ","811322","ETIQUETA ADES. BOPP 40MM X 40MM  BRANCA Bt759","1"
"1201135","FECHADURA SEG PV200F2I C/ 2 CIL. - CZ","103760","FIO COBRE ESMALTADO 155 TS 30 AWG","0,010787"
"1201135","FECHADURA SEG PV200F2I C/ 2 CIL. - CZ","801240","PINO DA CAIXINHA DO FECHO - ZINCADO","1"
"1201135","FECHADURA SEG PV200F2I C/ 2 CIL. - CZ","811681","AGL SOLAPA PORTA VIDRO 10,5 X 29,5 - CALÇO PV200","1"
"1201135","FECHADURA SEG PV200F2I C/ 2 CIL. - CZ","102817","CHAVE SIMPLES VIRGEM AGL - SEM LOGO","2"
"1201136","FECHADURA SEG PV200R1E - BRANCA","806044","TAMPA AL LINGUETA PV - BRANCA","1"
"1201136","FECHADURA SEG PV200R1E - BRANCA","807057","MAÇANETA ALAVANCA - BRANCA","1"
"1201136","FECHADURA SEG PV200R1E - BRANCA","401002","PARAFUSO 3.5 X 13 A/A CH. PH - ZI","4"
"1201136","FECHADURA SEG PV200R1E - BRANCA","401008","PARAFUSO PLASTIC PAN PHILLIPS 3 X 8 ZB","2"
"1201136","FECHADURA SEG PV200R1E - BRANCA","401023","PARAFUSO MET M3.5 X 8 CH. PH - ZI","4"
"1201136","FECHADURA SEG PV200R1E - BRANCA","401034","PARAFUSO PLASTIC 3 X 6 CH. PH - ZI","2"
"1201136","FECHADURA SEG PV200R1E - BRANCA","401083","PF MET CH PHS M4X12MM ZI","2"
"1201136","FECHADURA SEG PV200R1E - BRANCA","401089","PARAFUSO MET M3 X 8MM CH PHS ZI","4"
"1201136","FECHADURA SEG PV200R1E - BRANCA","401100","PARAFUSO M3 X 12 CC. PH - ZI","1"
"1201136","FECHADURA SEG PV200R1E - BRANCA","401101","PARAFUSO M3.5 X 6 CH. PH - ZI","4"
"1201136","FECHADURA SEG PV200R1E - BRANCA","401102","PARAFUSO M4 X 8 CH. PH MET - ZI","5"
"1201136","FECHADURA SEG PV200R1E - BRANCA","403013","MOLA DE RETORNO DA MAÇANETA FECHADURA PV","1"
"1201136","FECHADURA SEG PV200R1E - BRANCA","403014","MOLA DE RETORNO DA TRAVA MAIOR","1"
"1201136","FECHADURA SEG PV200R1E - BRANCA","403016","MOLA DE RETORNO DO DISPOSITIVO DE MEMORIA","1"
"1201136","FECHADURA SEG PV200R1E - BRANCA","403017","MOLA DE RETORNO DO ROTOR","1"
"1201136","FECHADURA SEG PV200R1E - BRANCA","403018","MOLA DE RETORNO DA TRAVA MENOR","1"
"1201136","FECHADURA SEG PV200R1E - BRANCA","403022","MOLA PV200 RETORNO DA LINGUETA","1"
"1201136","FECHADURA SEG PV200R1E - BRANCA","403025","MOLA DO ARIETE","1"
"1201136","FECHADURA SEG PV200R1E - BRANCA","404015","CONJUNTO CILINDRO FECHADURA PORTA DE VIDRO 1 CIL.","1"
"1201136","FECHADURA SEG PV200R1E - BRANCA","708018","CORPO DO ARIETE 4,76 X 29MM C/ DIAM 1,6MM - ZINCADO","1"
"1201136","FECHADURA SEG PV200R1E - BRANCA","708021","LUVA DO ARIETE 10MM - ZINCADO","1"
"1201136","FECHADURA SEG PV200R1E - BRANCA","801208","EIXO DO ROTOR - ZINCADO","1"
"1201136","FECHADURA SEG PV200R1E - BRANCA","804210","ARRUELA MAÇANETA PV","1"
"1201136","FECHADURA SEG PV200R1E - BRANCA","804212","ENCOSTO PARA CHAPA DO BATENTE PV","1"
"1201136","FECHADURA SEG PV200R1E - BRANCA","804321","CARRETEL DO FECHO","1"
"1201136","FECHADURA SEG PV200R1E - BRANCA","804323","ACABAMENTO RECORTE PV","1"
"1201136","FECHADURA SEG PV200R1E - BRANCA","804428","SOQUETE DO FECHO ELETRICO","1"
"1201136","FECHADURA SEG PV200R1E - BRANCA","804468","PONTA DO ARIETE 2,55 X 26MM","1"
"1201136","FECHADURA SEG PV200R1E - BRANCA","805088","NARIZ CILINDRO PVR - ZINCADO","1"
"1201136","FECHADURA SEG PV200R1E - BRANCA","805089","BASE FIXAÇÃO MAÇANETA","1"
"1201136","FECHADURA SEG PV200R1E - BRANCA","806037","CHAPA BATENTE EXTERNO PV200RF1E - BRANCO","1"
"1201136","FECHADURA SEG PV200R1E - BRANCA","806060","CHAPA PUXADOR PV200R1I/E P/ 1 OU 2 CILINDROS (MAIOR) - BRANCO","2"
"1201136","FECHADURA SEG PV200R1E - BRANCA","806082","TERMINAL DE LATÃO DO SOQUETE","2"
"1201136","FECHADURA SEG PV200R1E - BRANCA","807002","TRAVA MENOR FECHO PV","1"
"1201136","FECHADURA SEG PV200R1E - BRANCA","807003","TRAVA MAIOR FECHO PV","1"
"1201136","FECHADURA SEG PV200R1E - BRANCA","807049","DISPOSITIVO DE MEMORIA FECHO PV - ZINCADO","1"
"1201136","FECHADURA SEG PV200R1E - BRANCA","807069","LINGUETA DAS FECHADURAS PV","1"
"1201136","FECHADURA SEG PV200R1E - BRANCA","807088","ROTOR DO FECHO","1"
"1201136","FECHADURA SEG PV200R1E - BRANCA","807099","FUNDO ALUMINIO LINGUETA PV200RF1I/E - BRANCO","1"
"1201136","FECHADURA SEG PV200R1E - BRANCA","701084","CAIXA DO FECHO - BRUTO","1"
"1201136","FECHADURA SEG PV200R1E - BRANCA","807102","BLINDAGEM DO FECHO","1"
"1201136","FECHADURA SEG PV200R1E - BRANCA","807105","TRATOR MAÇANETA PV - ZINCADO","1"
"1201136","FECHADURA SEG PV200R1E - BRANCA","807106","TAMPA DO FECHO DE METAL","1"
"1201136","FECHADURA SEG PV200R1E - BRANCA","807138","VERGALHÃO QUADRADO 8MM PV - ZINCADO","1"
"1201136","FECHADURA SEG PV200R1E - BRANCA","811277","ETIQUETA ADES. COUCHE 20MM X 15MM X 04 CAR","1"
"1201136","FECHADURA SEG PV200R1E - BRANCA","811310","ETIQUETA ADES. COUCHE 33MM X 21MM X 03 CAR","1"
"1201136","FECHADURA SEG PV200R1E - BRANCA","811588","CAIXA FECHADURA ELETRICA P/ PORTAS DE VIDRO SEG 10,5 X 29,5","1"
"1201136","FECHADURA SEG PV200R1E - BRANCA","811762","SACO ZIP PADRAO - 05X07","1"
"1201136","FECHADURA SEG PV200R1E - BRANCA","807053","BUCHA REDONDA FECHADURA PV -CROMADA","2"
"1201136","FECHADURA SEG PV200R1E - BRANCA","807053","BUCHA REDONDA FECHADURA PV -CROMADA","1"
"1201136","FECHADURA SEG PV200R1E - BRANCA","811322","ETIQUETA ADES. BOPP 40MM X 40MM  BRANCA Bt759","1"
"1201136","FECHADURA SEG PV200R1E - BRANCA","103760","FIO COBRE ESMALTADO 155 TS 30 AWG","0,010787"
"1201136","FECHADURA SEG PV200R1E - BRANCA","801240","PINO DA CAIXINHA DO FECHO - ZINCADO","1"
"1201136","FECHADURA SEG PV200R1E - BRANCA","811681","AGL SOLAPA PORTA VIDRO 10,5 X 29,5 - CALÇO PV200","1"
"1201136","FECHADURA SEG PV200R1E - BRANCA","102817","CHAVE SIMPLES VIRGEM AGL - SEM LOGO","2"
"1201137","FECHADURA AGL PV200R1E - PRETA","806034","MAÇANETA ALAVANCA - PRETA","1"
"1201137","FECHADURA AGL PV200R1E - PRETA","806006","FUNDO ALUMINIO LINGUETA PV200RF1I/E - PRETO","1"
"1201137","FECHADURA AGL PV200R1E - PRETA","806089","FRENTE AL LINGUETA PV - PRETA","1"
"1201137","FECHADURA AGL PV200R1E - PRETA","806013","CHAPA BATENTE PV200RF1E - PRETO","1"
"1201137","FECHADURA AGL PV200R1E - PRETA","401002","PARAFUSO 3.5 X 13 A/A CH. PH - ZI","4"
"1201137","FECHADURA AGL PV200R1E - PRETA","401008","PARAFUSO PLASTIC PAN PHILLIPS 3 X 8 ZB","2"
"1201137","FECHADURA AGL PV200R1E - PRETA","401023","PARAFUSO MET M3.5 X 8 CH. PH - ZI","4"
"1201137","FECHADURA AGL PV200R1E - PRETA","401034","PARAFUSO PLASTIC 3 X 6 CH. PH - ZI","2"
"1201137","FECHADURA AGL PV200R1E - PRETA","401083","PF MET CH PHS M4X12MM ZI","2"
"1201137","FECHADURA AGL PV200R1E - PRETA","401089","PARAFUSO MET M3 X 8MM CH PHS ZI","4"
"1201137","FECHADURA AGL PV200R1E - PRETA","401100","PARAFUSO M3 X 12 CC. PH - ZI","1"
"1201137","FECHADURA AGL PV200R1E - PRETA","401101","PARAFUSO M3.5 X 6 CH. PH - ZI","4"
"1201137","FECHADURA AGL PV200R1E - PRETA","401102","PARAFUSO M4 X 8 CH. PH MET - ZI","5"
"1201137","FECHADURA AGL PV200R1E - PRETA","403013","MOLA DE RETORNO DA MAÇANETA FECHADURA PV","1"
"1201137","FECHADURA AGL PV200R1E - PRETA","403014","MOLA DE RETORNO DA TRAVA MAIOR","1"
"1201137","FECHADURA AGL PV200R1E - PRETA","403016","MOLA DE RETORNO DO DISPOSITIVO DE MEMORIA","1"
"1201137","FECHADURA AGL PV200R1E - PRETA","403017","MOLA DE RETORNO DO ROTOR","1"
"1201137","FECHADURA AGL PV200R1E - PRETA","403018","MOLA DE RETORNO DA TRAVA MENOR","1"
"1201137","FECHADURA AGL PV200R1E - PRETA","403022","MOLA PV200 RETORNO DA LINGUETA","1"
"1201137","FECHADURA AGL PV200R1E - PRETA","403025","MOLA DO ARIETE","1"
"1201137","FECHADURA AGL PV200R1E - PRETA","404015","CONJUNTO CILINDRO FECHADURA PORTA DE VIDRO 1 CIL.","1"
"1201137","FECHADURA AGL PV200R1E - PRETA","708018","CORPO DO ARIETE 4,76 X 29MM C/ DIAM 1,6MM - ZINCADO","1"
"1201137","FECHADURA AGL PV200R1E - PRETA","708021","LUVA DO ARIETE 10MM - ZINCADO","1"
"1201137","FECHADURA AGL PV200R1E - PRETA","801208","EIXO DO ROTOR - ZINCADO","1"
"1201137","FECHADURA AGL PV200R1E - PRETA","804210","ARRUELA MAÇANETA PV","1"
"1201137","FECHADURA AGL PV200R1E - PRETA","804212","ENCOSTO PARA CHAPA DO BATENTE PV","1"
"1201137","FECHADURA AGL PV200R1E - PRETA","804321","CARRETEL DO FECHO","1"
"1201137","FECHADURA AGL PV200R1E - PRETA","804323","ACABAMENTO RECORTE PV","1"
"1201137","FECHADURA AGL PV200R1E - PRETA","804428","SOQUETE DO FECHO ELETRICO","1"
"1201137","FECHADURA AGL PV200R1E - PRETA","804468","PONTA DO ARIETE 2,55 X 26MM","1"
"1201137","FECHADURA AGL PV200R1E - PRETA","805088","NARIZ CILINDRO PVR - ZINCADO","1"
"1201137","FECHADURA AGL PV200R1E - PRETA","805089","BASE FIXAÇÃO MAÇANETA","1"
"1201137","FECHADURA AGL PV200R1E - PRETA","806082","TERMINAL DE LATÃO DO SOQUETE","2"
"1201137","FECHADURA AGL PV200R1E - PRETA","807002","TRAVA MENOR FECHO PV","1"
"1201137","FECHADURA AGL PV200R1E - PRETA","807003","TRAVA MAIOR FECHO PV","1"
"1201137","FECHADURA AGL PV200R1E - PRETA","807049","DISPOSITIVO DE MEMORIA FECHO PV - ZINCADO","1"
"1201137","FECHADURA AGL PV200R1E - PRETA","807069","LINGUETA DAS FECHADURAS PV","1"
"1201137","FECHADURA AGL PV200R1E - PRETA","807088","ROTOR DO FECHO","1"
"1201137","FECHADURA AGL PV200R1E - PRETA","701084","CAIXA DO FECHO - BRUTO","1"
"1201137","FECHADURA AGL PV200R1E - PRETA","807102","BLINDAGEM DO FECHO","1"
"1201137","FECHADURA AGL PV200R1E - PRETA","807105","TRATOR MAÇANETA PV - ZINCADO","1"
"1201137","FECHADURA AGL PV200R1E - PRETA","807106","TAMPA DO FECHO DE METAL","1"
"1201137","FECHADURA AGL PV200R1E - PRETA","807138","VERGALHÃO QUADRADO 8MM PV - ZINCADO","1"
"1201137","FECHADURA AGL PV200R1E - PRETA","811277","ETIQUETA ADES. COUCHE 20MM X 15MM X 04 CAR","1"
"1201137","FECHADURA AGL PV200R1E - PRETA","811310","ETIQUETA ADES. COUCHE 33MM X 21MM X 03 CAR","1"
"1201137","FECHADURA AGL PV200R1E - PRETA","811762","SACO ZIP PADRAO - 05X07","1"
"1201137","FECHADURA AGL PV200R1E - PRETA","811681","AGL SOLAPA PORTA VIDRO 10,5 X 29,5 - CALÇO PV200","1"
"1201137","FECHADURA AGL PV200R1E - PRETA","811700","CAIXA FECHADURA ELETRICA P/ PORTAS DE VIDRO AGL 13,2 X 11,7 X 11,4","1"
"1201137","FECHADURA AGL PV200R1E - PRETA","807053","BUCHA REDONDA FECHADURA PV -CROMADA","2"
"1201137","FECHADURA AGL PV200R1E - PRETA","807053","BUCHA REDONDA FECHADURA PV -CROMADA","1"
"1201137","FECHADURA AGL PV200R1E - PRETA","811322","ETIQUETA ADES. BOPP 40MM X 40MM  BRANCA Bt759","1"
"1201137","FECHADURA AGL PV200R1E - PRETA","806071","CHAPA PUXADOR PV200R1I/E P/ 1 OU 2 CILINDROS (MAIOR) - PRETO","2"
"1201137","FECHADURA AGL PV200R1E - PRETA","103760","FIO COBRE ESMALTADO 155 TS 30 AWG","0,010787"
"1201137","FECHADURA AGL PV200R1E - PRETA","801240","PINO DA CAIXINHA DO FECHO - ZINCADO","1"
"1201138","FECHADURA SEG PV200R1I - BRANCA","806044","TAMPA AL LINGUETA PV - BRANCA","1"
"1201138","FECHADURA SEG PV200R1I - BRANCA","807052","MAÇANETA BOLA - CROMADA","1"
"1201138","FECHADURA SEG PV200R1I - BRANCA","806073","CHAPA C/ PUXADOR PV200R1I - BRANCO","1"
"1201138","FECHADURA SEG PV200R1I - BRANCA","401002","PARAFUSO 3.5 X 13 A/A CH. PH - ZI","4"
"1201138","FECHADURA SEG PV200R1I - BRANCA","401008","PARAFUSO PLASTIC PAN PHILLIPS 3 X 8 ZB","2"
"1201138","FECHADURA SEG PV200R1I - BRANCA","401023","PARAFUSO MET M3.5 X 8 CH. PH - ZI","4"
"1201138","FECHADURA SEG PV200R1I - BRANCA","401034","PARAFUSO PLASTIC 3 X 6 CH. PH - ZI","2"
"1201138","FECHADURA SEG PV200R1I - BRANCA","401083","PF MET CH PHS M4X12MM ZI","2"
"1201138","FECHADURA SEG PV200R1I - BRANCA","401089","PARAFUSO MET M3 X 8MM CH PHS ZI","2"
"1201138","FECHADURA SEG PV200R1I - BRANCA","401100","PARAFUSO M3 X 12 CC. PH - ZI","1"
"1201138","FECHADURA SEG PV200R1I - BRANCA","401101","PARAFUSO M3.5 X 6 CH. PH - ZI","4"
"1201138","FECHADURA SEG PV200R1I - BRANCA","401102","PARAFUSO M4 X 8 CH. PH MET - ZI","5"
"1201138","FECHADURA SEG PV200R1I - BRANCA","403013","MOLA DE RETORNO DA MAÇANETA FECHADURA PV","1"
"1201138","FECHADURA SEG PV200R1I - BRANCA","403014","MOLA DE RETORNO DA TRAVA MAIOR","1"
"1201138","FECHADURA SEG PV200R1I - BRANCA","403016","MOLA DE RETORNO DO DISPOSITIVO DE MEMORIA","1"
"1201138","FECHADURA SEG PV200R1I - BRANCA","403017","MOLA DE RETORNO DO ROTOR","1"
"1201138","FECHADURA SEG PV200R1I - BRANCA","403018","MOLA DE RETORNO DA TRAVA MENOR","1"
"1201138","FECHADURA SEG PV200R1I - BRANCA","403022","MOLA PV200 RETORNO DA LINGUETA","1"
"1201138","FECHADURA SEG PV200R1I - BRANCA","403025","MOLA DO ARIETE","1"
"1201138","FECHADURA SEG PV200R1I - BRANCA","404015","CONJUNTO CILINDRO FECHADURA PORTA DE VIDRO 1 CIL.","1"
"1201138","FECHADURA SEG PV200R1I - BRANCA","708018","CORPO DO ARIETE 4,76 X 29MM C/ DIAM 1,6MM - ZINCADO","1"
"1201138","FECHADURA SEG PV200R1I - BRANCA","708021","LUVA DO ARIETE 10MM - ZINCADO","1"
"1201138","FECHADURA SEG PV200R1I - BRANCA","801208","EIXO DO ROTOR - ZINCADO","1"
"1201138","FECHADURA SEG PV200R1I - BRANCA","804210","ARRUELA MAÇANETA PV","1"
"1201138","FECHADURA SEG PV200R1I - BRANCA","804321","CARRETEL DO FECHO","1"
"1201138","FECHADURA SEG PV200R1I - BRANCA","804323","ACABAMENTO RECORTE PV","1"
"1201138","FECHADURA SEG PV200R1I - BRANCA","804324","BLOQUEIO DE CARTÃO PV","1"
"1201138","FECHADURA SEG PV200R1I - BRANCA","804428","SOQUETE DO FECHO ELETRICO","1"
"1201138","FECHADURA SEG PV200R1I - BRANCA","804468","PONTA DO ARIETE 2,55 X 26MM","1"
"1201138","FECHADURA SEG PV200R1I - BRANCA","805087","NARIZ CILINDRO PV200 - ZINCADO","1"
"1201138","FECHADURA SEG PV200R1I - BRANCA","805089","BASE FIXAÇÃO MAÇANETA","1"
"1201138","FECHADURA SEG PV200R1I - BRANCA","806015","CHAPA BATENTE PV200RF1I - BRANCO","1"
"1201138","FECHADURA SEG PV200R1I - BRANCA","806082","TERMINAL DE LATÃO DO SOQUETE","2"
"1201138","FECHADURA SEG PV200R1I - BRANCA","807002","TRAVA MENOR FECHO PV","1"
"1201138","FECHADURA SEG PV200R1I - BRANCA","807003","TRAVA MAIOR FECHO PV","1"
"1201138","FECHADURA SEG PV200R1I - BRANCA","807049","DISPOSITIVO DE MEMORIA FECHO PV - ZINCADO","1"
"1201138","FECHADURA SEG PV200R1I - BRANCA","807069","LINGUETA DAS FECHADURAS PV","1"
"1201138","FECHADURA SEG PV200R1I - BRANCA","807088","ROTOR DO FECHO","1"
"1201138","FECHADURA SEG PV200R1I - BRANCA","807099","FUNDO ALUMINIO LINGUETA PV200RF1I/E - BRANCO","1"
"1201138","FECHADURA SEG PV200R1I - BRANCA","701084","CAIXA DO FECHO - BRUTO","1"
"1201138","FECHADURA SEG PV200R1I - BRANCA","807102","BLINDAGEM DO FECHO","1"
"1201138","FECHADURA SEG PV200R1I - BRANCA","807105","TRATOR MAÇANETA PV - ZINCADO","1"
"1201138","FECHADURA SEG PV200R1I - BRANCA","807106","TAMPA DO FECHO DE METAL","1"
"1201138","FECHADURA SEG PV200R1I - BRANCA","807138","VERGALHÃO QUADRADO 8MM PV - ZINCADO","1"
"1201138","FECHADURA SEG PV200R1I - BRANCA","811277","ETIQUETA ADES. COUCHE 20MM X 15MM X 04 CAR","1"
"1201138","FECHADURA SEG PV200R1I - BRANCA","811310","ETIQUETA ADES. COUCHE 33MM X 21MM X 03 CAR","1"
"1201138","FECHADURA SEG PV200R1I - BRANCA","811588","CAIXA FECHADURA ELETRICA P/ PORTAS DE VIDRO SEG 10,5 X 29,5","1"
"1201138","FECHADURA SEG PV200R1I - BRANCA","811762","SACO ZIP PADRAO - 05X07","1"
"1201138","FECHADURA SEG PV200R1I - BRANCA","807053","BUCHA REDONDA FECHADURA PV -CROMADA","2"
"1201138","FECHADURA SEG PV200R1I - BRANCA","810035","ACABAMENTO MAÇANETA BOLA - CROMADO","1"
"1201138","FECHADURA SEG PV200R1I - BRANCA","811322","ETIQUETA ADES. BOPP 40MM X 40MM  BRANCA Bt759","1"
"1201138","FECHADURA SEG PV200R1I - BRANCA","103760","FIO COBRE ESMALTADO 155 TS 30 AWG","0,010787"
"1201138","FECHADURA SEG PV200R1I - BRANCA","801240","PINO DA CAIXINHA DO FECHO - ZINCADO","1"
"1201138","FECHADURA SEG PV200R1I - BRANCA","811681","AGL SOLAPA PORTA VIDRO 10,5 X 29,5 - CALÇO PV200","1"
"1201138","FECHADURA SEG PV200R1I - BRANCA","102817","CHAVE SIMPLES VIRGEM AGL - SEM LOGO","2"
"1201139","FECHADURA SEG PV200R1I - PRETA","806006","FUNDO ALUMINIO LINGUETA PV200RF1I/E - PRETO","1"
"1201139","FECHADURA SEG PV200R1I - PRETA","806089","FRENTE AL LINGUETA PV - PRETA","1"
"1201139","FECHADURA SEG PV200R1I - PRETA","806013","CHAPA BATENTE PV200RF1E - PRETO","1"
"1201139","FECHADURA SEG PV200R1I - PRETA","401002","PARAFUSO 3.5 X 13 A/A CH. PH - ZI","4"
"1201139","FECHADURA SEG PV200R1I - PRETA","401008","PARAFUSO PLASTIC PAN PHILLIPS 3 X 8 ZB","2"
"1201139","FECHADURA SEG PV200R1I - PRETA","401023","PARAFUSO MET M3.5 X 8 CH. PH - ZI","4"
"1201139","FECHADURA SEG PV200R1I - PRETA","401034","PARAFUSO PLASTIC 3 X 6 CH. PH - ZI","2"
"1201139","FECHADURA SEG PV200R1I - PRETA","401083","PF MET CH PHS M4X12MM ZI","2"
"1201139","FECHADURA SEG PV200R1I - PRETA","401089","PARAFUSO MET M3 X 8MM CH PHS ZI","2"
"1201139","FECHADURA SEG PV200R1I - PRETA","401100","PARAFUSO M3 X 12 CC. PH - ZI","1"
"1201139","FECHADURA SEG PV200R1I - PRETA","401101","PARAFUSO M3.5 X 6 CH. PH - ZI","4"
"1201139","FECHADURA SEG PV200R1I - PRETA","401102","PARAFUSO M4 X 8 CH. PH MET - ZI","5"
"1201139","FECHADURA SEG PV200R1I - PRETA","403013","MOLA DE RETORNO DA MAÇANETA FECHADURA PV","1"
"1201139","FECHADURA SEG PV200R1I - PRETA","403014","MOLA DE RETORNO DA TRAVA MAIOR","1"
"1201139","FECHADURA SEG PV200R1I - PRETA","403016","MOLA DE RETORNO DO DISPOSITIVO DE MEMORIA","1"
"1201139","FECHADURA SEG PV200R1I - PRETA","403017","MOLA DE RETORNO DO ROTOR","1"
"1201139","FECHADURA SEG PV200R1I - PRETA","403018","MOLA DE RETORNO DA TRAVA MENOR","1"
"1201139","FECHADURA SEG PV200R1I - PRETA","403022","MOLA PV200 RETORNO DA LINGUETA","1"
"1201139","FECHADURA SEG PV200R1I - PRETA","403025","MOLA DO ARIETE","1"
"1201139","FECHADURA SEG PV200R1I - PRETA","404015","CONJUNTO CILINDRO FECHADURA PORTA DE VIDRO 1 CIL.","1"
"1201139","FECHADURA SEG PV200R1I - PRETA","708018","CORPO DO ARIETE 4,76 X 29MM C/ DIAM 1,6MM - ZINCADO","1"
"1201139","FECHADURA SEG PV200R1I - PRETA","708021","LUVA DO ARIETE 10MM - ZINCADO","1"
"1201139","FECHADURA SEG PV200R1I - PRETA","801208","EIXO DO ROTOR - ZINCADO","1"
"1201139","FECHADURA SEG PV200R1I - PRETA","804210","ARRUELA MAÇANETA PV","1"
"1201139","FECHADURA SEG PV200R1I - PRETA","804321","CARRETEL DO FECHO","1"
"1201139","FECHADURA SEG PV200R1I - PRETA","804323","ACABAMENTO RECORTE PV","1"
"1201139","FECHADURA SEG PV200R1I - PRETA","804324","BLOQUEIO DE CARTÃO PV","1"
"1201139","FECHADURA SEG PV200R1I - PRETA","804428","SOQUETE DO FECHO ELETRICO","1"
"1201139","FECHADURA SEG PV200R1I - PRETA","804468","PONTA DO ARIETE 2,55 X 26MM","1"
"1201139","FECHADURA SEG PV200R1I - PRETA","805087","NARIZ CILINDRO PV200 - ZINCADO","1"
"1201139","FECHADURA SEG PV200R1I - PRETA","805089","BASE FIXAÇÃO MAÇANETA","1"
"1201139","FECHADURA SEG PV200R1I - PRETA","806082","TERMINAL DE LATÃO DO SOQUETE","2"
"1201139","FECHADURA SEG PV200R1I - PRETA","807002","TRAVA MENOR FECHO PV","1"
"1201139","FECHADURA SEG PV200R1I - PRETA","807003","TRAVA MAIOR FECHO PV","1"
"1201139","FECHADURA SEG PV200R1I - PRETA","807049","DISPOSITIVO DE MEMORIA FECHO PV - ZINCADO","1"
"1201139","FECHADURA SEG PV200R1I - PRETA","807069","LINGUETA DAS FECHADURAS PV","1"
"1201139","FECHADURA SEG PV200R1I - PRETA","807088","ROTOR DO FECHO","1"
"1201139","FECHADURA SEG PV200R1I - PRETA","701084","CAIXA DO FECHO - BRUTO","1"
"1201139","FECHADURA SEG PV200R1I - PRETA","807102","BLINDAGEM DO FECHO","1"
"1201139","FECHADURA SEG PV200R1I - PRETA","807105","TRATOR MAÇANETA PV - ZINCADO","1"
"1201139","FECHADURA SEG PV200R1I - PRETA","807106","TAMPA DO FECHO DE METAL","1"
"1201139","FECHADURA SEG PV200R1I - PRETA","807138","VERGALHÃO QUADRADO 8MM PV - ZINCADO","1"
"1201139","FECHADURA SEG PV200R1I - PRETA","811277","ETIQUETA ADES. COUCHE 20MM X 15MM X 04 CAR","1"
"1201139","FECHADURA SEG PV200R1I - PRETA","811310","ETIQUETA ADES. COUCHE 33MM X 21MM X 03 CAR","1"
"1201139","FECHADURA SEG PV200R1I - PRETA","811588","CAIXA FECHADURA ELETRICA P/ PORTAS DE VIDRO SEG 10,5 X 29,5","1"
"1201139","FECHADURA SEG PV200R1I - PRETA","811762","SACO ZIP PADRAO - 05X07","1"
"1201139","FECHADURA SEG PV200R1I - PRETA","807053","BUCHA REDONDA FECHADURA PV -CROMADA","2"
"1201139","FECHADURA SEG PV200R1I - PRETA","811322","ETIQUETA ADES. BOPP 40MM X 40MM  BRANCA Bt759","1"
"1201139","FECHADURA SEG PV200R1I - PRETA","810035","ACABAMENTO MAÇANETA BOLA - CROMADO","1"
"1201139","FECHADURA SEG PV200R1I - PRETA","806074","CHAPA C/ PUXADOR PV200R1I - PRETO","1"
"1201139","FECHADURA SEG PV200R1I - PRETA","807055","MAÇANETA BOLA - PRETA","1"
"1201139","FECHADURA SEG PV200R1I - PRETA","103760","FIO COBRE ESMALTADO 155 TS 30 AWG","0,010787"
"1201139","FECHADURA SEG PV200R1I - PRETA","801240","PINO DA CAIXINHA DO FECHO - ZINCADO","1"
"1201139","FECHADURA SEG PV200R1I - PRETA","811681","AGL SOLAPA PORTA VIDRO 10,5 X 29,5 - CALÇO PV200","1"
"1201139","FECHADURA SEG PV200R1I - PRETA","102817","CHAVE SIMPLES VIRGEM AGL - SEM LOGO","2"
"1201140","FECHADURA SEG PV200R1I C/ 2 CIL","806038","ALUMINIO FECHADURA PV200 C/2 CIL","1"
"1201140","FECHADURA SEG PV200R1I C/ 2 CIL","806036","CHAPA BATENTE PV200RF1E - CROMADO","1"
"1201140","FECHADURA SEG PV200R1I C/ 2 CIL","401002","PARAFUSO 3.5 X 13 A/A CH. PH - ZI","4"
"1201140","FECHADURA SEG PV200R1I C/ 2 CIL","401008","PARAFUSO PLASTIC PAN PHILLIPS 3 X 8 ZB","2"
"1201140","FECHADURA SEG PV200R1I C/ 2 CIL","401023","PARAFUSO MET M3.5 X 8 CH. PH - ZI","6"
"1201140","FECHADURA SEG PV200R1I C/ 2 CIL","401034","PARAFUSO PLASTIC 3 X 6 CH. PH - ZI","2"
"1201140","FECHADURA SEG PV200R1I C/ 2 CIL","401083","PF MET CH PHS M4X12MM ZI","2"
"1201140","FECHADURA SEG PV200R1I C/ 2 CIL","401089","PARAFUSO MET M3 X 8MM CH PHS ZI","4"
"1201140","FECHADURA SEG PV200R1I C/ 2 CIL","401101","PARAFUSO M3.5 X 6 CH. PH - ZI","4"
"1201140","FECHADURA SEG PV200R1I C/ 2 CIL","403014","MOLA DE RETORNO DA TRAVA MAIOR","1"
"1201140","FECHADURA SEG PV200R1I C/ 2 CIL","403016","MOLA DE RETORNO DO DISPOSITIVO DE MEMORIA","1"
"1201140","FECHADURA SEG PV200R1I C/ 2 CIL","403017","MOLA DE RETORNO DO ROTOR","1"
"1201140","FECHADURA SEG PV200R1I C/ 2 CIL","403018","MOLA DE RETORNO DA TRAVA MENOR","1"
"1201140","FECHADURA SEG PV200R1I C/ 2 CIL","403022","MOLA PV200 RETORNO DA LINGUETA","1"
"1201140","FECHADURA SEG PV200R1I C/ 2 CIL","403025","MOLA DO ARIETE","1"
"1201140","FECHADURA SEG PV200R1I C/ 2 CIL","404016","CONJUNTO CILINDRO FECHADURA PORTA DE VIDRO 2 CIL.","2"
"1201140","FECHADURA SEG PV200R1I C/ 2 CIL","708018","CORPO DO ARIETE 4,76 X 29MM C/ DIAM 1,6MM - ZINCADO","1"
"1201140","FECHADURA SEG PV200R1I C/ 2 CIL","708021","LUVA DO ARIETE 10MM - ZINCADO","1"
"1201140","FECHADURA SEG PV200R1I C/ 2 CIL","801208","EIXO DO ROTOR - ZINCADO","1"
"1201140","FECHADURA SEG PV200R1I C/ 2 CIL","804321","CARRETEL DO FECHO","1"
"1201140","FECHADURA SEG PV200R1I C/ 2 CIL","804323","ACABAMENTO RECORTE PV","1"
"1201140","FECHADURA SEG PV200R1I C/ 2 CIL","804324","BLOQUEIO DE CARTÃO PV","1"
"1201140","FECHADURA SEG PV200R1I C/ 2 CIL","804406","ESPACADOR PARA FECHADURA 2 CILINDROS","1"
"1201140","FECHADURA SEG PV200R1I C/ 2 CIL","804428","SOQUETE DO FECHO ELETRICO","1"
"1201140","FECHADURA SEG PV200R1I C/ 2 CIL","804468","PONTA DO ARIETE 2,55 X 26MM","1"
"1201140","FECHADURA SEG PV200R1I C/ 2 CIL","805085","CHAPA DE FIXAÇÃO CILINDRO DUPLO FECH PV - ZINCADA","1"
"1201140","FECHADURA SEG PV200R1I C/ 2 CIL","805087","NARIZ CILINDRO PV200 - ZINCADO","2"
"1201140","FECHADURA SEG PV200R1I C/ 2 CIL","806025","CHAPA PUXADOR PV200RF1IE P/ 1 OU 2 CILINDROS (MENOR)","1"
"1201140","FECHADURA SEG PV200R1I C/ 2 CIL","806035","CHAPA PUXADOR PV200F1I/E P/ 1 OU 2 CILINDROS (MAIOR)","1"
"1201140","FECHADURA SEG PV200R1I C/ 2 CIL","806082","TERMINAL DE LATÃO DO SOQUETE","2"
"1201140","FECHADURA SEG PV200R1I C/ 2 CIL","807002","TRAVA MENOR FECHO PV","1"
"1201140","FECHADURA SEG PV200R1I C/ 2 CIL","807003","TRAVA MAIOR FECHO PV","1"
"1201140","FECHADURA SEG PV200R1I C/ 2 CIL","807049","DISPOSITIVO DE MEMORIA FECHO PV - ZINCADO","1"
"1201140","FECHADURA SEG PV200R1I C/ 2 CIL","807069","LINGUETA DAS FECHADURAS PV","1"
"1201140","FECHADURA SEG PV200R1I C/ 2 CIL","807088","ROTOR DO FECHO","1"
"1201140","FECHADURA SEG PV200R1I C/ 2 CIL","701084","CAIXA DO FECHO - BRUTO","1"
"1201140","FECHADURA SEG PV200R1I C/ 2 CIL","807102","BLINDAGEM DO FECHO","1"
"1201140","FECHADURA SEG PV200R1I C/ 2 CIL","807106","TAMPA DO FECHO DE METAL","1"
"1201140","FECHADURA SEG PV200R1I C/ 2 CIL","811277","ETIQUETA ADES. COUCHE 20MM X 15MM X 04 CAR","1"
"1201140","FECHADURA SEG PV200R1I C/ 2 CIL","811310","ETIQUETA ADES. COUCHE 33MM X 21MM X 03 CAR","1"
"1201140","FECHADURA SEG PV200R1I C/ 2 CIL","811588","CAIXA FECHADURA ELETRICA P/ PORTAS DE VIDRO SEG 10,5 X 29,5","1"
"1201140","FECHADURA SEG PV200R1I C/ 2 CIL","811762","SACO ZIP PADRAO - 05X07","1"
"1201140","FECHADURA SEG PV200R1I C/ 2 CIL","807053","BUCHA REDONDA FECHADURA PV -CROMADA","2"
"1201140","FECHADURA SEG PV200R1I C/ 2 CIL","811322","ETIQUETA ADES. BOPP 40MM X 40MM  BRANCA Bt759","1"
"1201140","FECHADURA SEG PV200R1I C/ 2 CIL","807098","FUNDO ALUMINIO LINGUETA PV200RF1I/E - CINZA","1"
"1201140","FECHADURA SEG PV200R1I C/ 2 CIL","103760","FIO COBRE ESMALTADO 155 TS 30 AWG","0,010787"
"1201140","FECHADURA SEG PV200R1I C/ 2 CIL","801240","PINO DA CAIXINHA DO FECHO - ZINCADO","1"
"1201140","FECHADURA SEG PV200R1I C/ 2 CIL","811681","AGL SOLAPA PORTA VIDRO 10,5 X 29,5 - CALÇO PV200","1"
"1201140","FECHADURA SEG PV200R1I C/ 2 CIL","102817","CHAVE SIMPLES VIRGEM AGL - SEM LOGO","2"
"1201141","FECHADURA SEG PV200R2I - BRANCA","806004","CHAPA FECHO PVR2I - CROMADA","1"
"1201141","FECHADURA SEG PV200R2I - BRANCA","806044","TAMPA AL LINGUETA PV - BRANCA","1"
"1201141","FECHADURA SEG PV200R2I - BRANCA","806048","FRENTE AL PQ. FECHO PV - BRANCA","1"
"1201141","FECHADURA SEG PV200R2I - BRANCA","807090","FUNDO ALUMINIO LINGUETA PV200RF2I - CINZA","1"
"1201141","FECHADURA SEG PV200R2I - BRANCA","806068","FUNDO ALUMINIO FECHO PV200RF2I - BRANCA","1"
"1201141","FECHADURA SEG PV200R2I - BRANCA","806072","CHAPA C/ PUXADOR PV200R2I - BRANCO","1"
"1201141","FECHADURA SEG PV200R2I - BRANCA","807054","MAÇANETA BOLA - BRANCA","1"
"1201141","FECHADURA SEG PV200R2I - BRANCA","401008","PARAFUSO PLASTIC PAN PHILLIPS 3 X 8 ZB","2"
"1201141","FECHADURA SEG PV200R2I - BRANCA","401023","PARAFUSO MET M3.5 X 8 CH. PH - ZI","4"
"1201141","FECHADURA SEG PV200R2I - BRANCA","401034","PARAFUSO PLASTIC 3 X 6 CH. PH - ZI","2"
"1201141","FECHADURA SEG PV200R2I - BRANCA","401083","PF MET CH PHS M4X12MM ZI","4"
"1201141","FECHADURA SEG PV200R2I - BRANCA","401089","PARAFUSO MET M3 X 8MM CH PHS ZI","2"
"1201141","FECHADURA SEG PV200R2I - BRANCA","401100","PARAFUSO M3 X 12 CC. PH - ZI","1"
"1201141","FECHADURA SEG PV200R2I - BRANCA","401101","PARAFUSO M3.5 X 6 CH. PH - ZI","8"
"1201141","FECHADURA SEG PV200R2I - BRANCA","401102","PARAFUSO M4 X 8 CH. PH MET - ZI","5"
"1201141","FECHADURA SEG PV200R2I - BRANCA","403013","MOLA DE RETORNO DA MAÇANETA FECHADURA PV","1"
"1201141","FECHADURA SEG PV200R2I - BRANCA","403014","MOLA DE RETORNO DA TRAVA MAIOR","1"
"1201141","FECHADURA SEG PV200R2I - BRANCA","403016","MOLA DE RETORNO DO DISPOSITIVO DE MEMORIA","1"
"1201141","FECHADURA SEG PV200R2I - BRANCA","403017","MOLA DE RETORNO DO ROTOR","1"
"1201141","FECHADURA SEG PV200R2I - BRANCA","403018","MOLA DE RETORNO DA TRAVA MENOR","1"
"1201141","FECHADURA SEG PV200R2I - BRANCA","403022","MOLA PV200 RETORNO DA LINGUETA","1"
"1201141","FECHADURA SEG PV200R2I - BRANCA","403025","MOLA DO ARIETE","1"
"1201141","FECHADURA SEG PV200R2I - BRANCA","404015","CONJUNTO CILINDRO FECHADURA PORTA DE VIDRO 1 CIL.","1"
"1201141","FECHADURA SEG PV200R2I - BRANCA","708018","CORPO DO ARIETE 4,76 X 29MM C/ DIAM 1,6MM - ZINCADO","1"
"1201141","FECHADURA SEG PV200R2I - BRANCA","708021","LUVA DO ARIETE 10MM - ZINCADO","1"
"1201141","FECHADURA SEG PV200R2I - BRANCA","801208","EIXO DO ROTOR - ZINCADO","1"
"1201141","FECHADURA SEG PV200R2I - BRANCA","804210","ARRUELA MAÇANETA PV","1"
"1201141","FECHADURA SEG PV200R2I - BRANCA","804306","TAMPA PLASTICA DO FECHO","1"
"1201141","FECHADURA SEG PV200R2I - BRANCA","804321","CARRETEL DO FECHO","1"
"1201141","FECHADURA SEG PV200R2I - BRANCA","804323","ACABAMENTO RECORTE PV","1"
"1201141","FECHADURA SEG PV200R2I - BRANCA","804428","SOQUETE DO FECHO ELETRICO","1"
"1201141","FECHADURA SEG PV200R2I - BRANCA","804468","PONTA DO ARIETE 2,55 X 26MM","1"
"1201141","FECHADURA SEG PV200R2I - BRANCA","805087","NARIZ CILINDRO PV200 - ZINCADO","1"
"1201141","FECHADURA SEG PV200R2I - BRANCA","805089","BASE FIXAÇÃO MAÇANETA","1"
"1201141","FECHADURA SEG PV200R2I - BRANCA","806082","TERMINAL DE LATÃO DO SOQUETE","2"
"1201141","FECHADURA SEG PV200R2I - BRANCA","807002","TRAVA MENOR FECHO PV","1"
"1201141","FECHADURA SEG PV200R2I - BRANCA","807003","TRAVA MAIOR FECHO PV","1"
"1201141","FECHADURA SEG PV200R2I - BRANCA","807049","DISPOSITIVO DE MEMORIA FECHO PV - ZINCADO","1"
"1201141","FECHADURA SEG PV200R2I - BRANCA","807069","LINGUETA DAS FECHADURAS PV","1"
"1201141","FECHADURA SEG PV200R2I - BRANCA","807088","ROTOR DO FECHO","1"
"1201141","FECHADURA SEG PV200R2I - BRANCA","701084","CAIXA DO FECHO - BRUTO","1"
"1201141","FECHADURA SEG PV200R2I - BRANCA","807102","BLINDAGEM DO FECHO","1"
"1201141","FECHADURA SEG PV200R2I - BRANCA","807105","TRATOR MAÇANETA PV - ZINCADO","1"
"1201141","FECHADURA SEG PV200R2I - BRANCA","807138","VERGALHÃO QUADRADO 8MM PV - ZINCADO","1"
"1201141","FECHADURA SEG PV200R2I - BRANCA","811277","ETIQUETA ADES. COUCHE 20MM X 15MM X 04 CAR","1"
"1201141","FECHADURA SEG PV200R2I - BRANCA","811310","ETIQUETA ADES. COUCHE 33MM X 21MM X 03 CAR","1"
"1201141","FECHADURA SEG PV200R2I - BRANCA","811588","CAIXA FECHADURA ELETRICA P/ PORTAS DE VIDRO SEG 10,5 X 29,5","1"
"1201141","FECHADURA SEG PV200R2I - BRANCA","811762","SACO ZIP PADRAO - 05X07","1"
"1201141","FECHADURA SEG PV200R2I - BRANCA","807053","BUCHA REDONDA FECHADURA PV -CROMADA","2"
"1201141","FECHADURA SEG PV200R2I - BRANCA","811322","ETIQUETA ADES. BOPP 40MM X 40MM  BRANCA Bt759","1"
"1201141","FECHADURA SEG PV200R2I - BRANCA","810035","ACABAMENTO MAÇANETA BOLA - CROMADO","1"
"1201141","FECHADURA SEG PV200R2I - BRANCA","103760","FIO COBRE ESMALTADO 155 TS 30 AWG","0,010787"
"1201141","FECHADURA SEG PV200R2I - BRANCA","801240","PINO DA CAIXINHA DO FECHO - ZINCADO","1"
"1201141","FECHADURA SEG PV200R2I - BRANCA","811681","AGL SOLAPA PORTA VIDRO 10,5 X 29,5 - CALÇO PV200","1"
"1201141","FECHADURA SEG PV200R2I - BRANCA","102817","CHAVE SIMPLES VIRGEM AGL - SEM LOGO","2"
"1201142","FECHADURA SEG PV200R2I - PRETA","806089","FRENTE AL LINGUETA PV - PRETA","1"
"1201142","FECHADURA SEG PV200R2I - PRETA","806070","FRENTE AL PQ. FECHO PV - PRETA","1"
"1201142","FECHADURA SEG PV200R2I - PRETA","806051","FUNDO ALUMINIO LINGUETA PV200RF2I - PRETA","1"
"1201142","FECHADURA SEG PV200R2I - PRETA","401008","PARAFUSO PLASTIC PAN PHILLIPS 3 X 8 ZB","2"
"1201142","FECHADURA SEG PV200R2I - PRETA","401023","PARAFUSO MET M3.5 X 8 CH. PH - ZI","4"
"1201142","FECHADURA SEG PV200R2I - PRETA","401034","PARAFUSO PLASTIC 3 X 6 CH. PH - ZI","2"
"1201142","FECHADURA SEG PV200R2I - PRETA","401083","PF MET CH PHS M4X12MM ZI","4"
"1201142","FECHADURA SEG PV200R2I - PRETA","401089","PARAFUSO MET M3 X 8MM CH PHS ZI","2"
"1201142","FECHADURA SEG PV200R2I - PRETA","401100","PARAFUSO M3 X 12 CC. PH - ZI","1"
"1201142","FECHADURA SEG PV200R2I - PRETA","401101","PARAFUSO M3.5 X 6 CH. PH - ZI","8"
"1201142","FECHADURA SEG PV200R2I - PRETA","401102","PARAFUSO M4 X 8 CH. PH MET - ZI","5"
"1201142","FECHADURA SEG PV200R2I - PRETA","403013","MOLA DE RETORNO DA MAÇANETA FECHADURA PV","1"
"1201142","FECHADURA SEG PV200R2I - PRETA","403014","MOLA DE RETORNO DA TRAVA MAIOR","1"
"1201142","FECHADURA SEG PV200R2I - PRETA","403016","MOLA DE RETORNO DO DISPOSITIVO DE MEMORIA","1"
"1201142","FECHADURA SEG PV200R2I - PRETA","403017","MOLA DE RETORNO DO ROTOR","1"
"1201142","FECHADURA SEG PV200R2I - PRETA","403018","MOLA DE RETORNO DA TRAVA MENOR","1"
"1201142","FECHADURA SEG PV200R2I - PRETA","403022","MOLA PV200 RETORNO DA LINGUETA","1"
"1201142","FECHADURA SEG PV200R2I - PRETA","403025","MOLA DO ARIETE","1"
"1201142","FECHADURA SEG PV200R2I - PRETA","404015","CONJUNTO CILINDRO FECHADURA PORTA DE VIDRO 1 CIL.","1"
"1201142","FECHADURA SEG PV200R2I - PRETA","708018","CORPO DO ARIETE 4,76 X 29MM C/ DIAM 1,6MM - ZINCADO","1"
"1201142","FECHADURA SEG PV200R2I - PRETA","708021","LUVA DO ARIETE 10MM - ZINCADO","1"
"1201142","FECHADURA SEG PV200R2I - PRETA","801208","EIXO DO ROTOR - ZINCADO","1"
"1201142","FECHADURA SEG PV200R2I - PRETA","804210","ARRUELA MAÇANETA PV","1"
"1201142","FECHADURA SEG PV200R2I - PRETA","804306","TAMPA PLASTICA DO FECHO","1"
"1201142","FECHADURA SEG PV200R2I - PRETA","804321","CARRETEL DO FECHO","1"
"1201142","FECHADURA SEG PV200R2I - PRETA","804323","ACABAMENTO RECORTE PV","1"
"1201142","FECHADURA SEG PV200R2I - PRETA","804428","SOQUETE DO FECHO ELETRICO","1"
"1201142","FECHADURA SEG PV200R2I - PRETA","804468","PONTA DO ARIETE 2,55 X 26MM","1"
"1201142","FECHADURA SEG PV200R2I - PRETA","805087","NARIZ CILINDRO PV200 - ZINCADO","1"
"1201142","FECHADURA SEG PV200R2I - PRETA","805089","BASE FIXAÇÃO MAÇANETA","1"
"1201142","FECHADURA SEG PV200R2I - PRETA","806082","TERMINAL DE LATÃO DO SOQUETE","2"
"1201142","FECHADURA SEG PV200R2I - PRETA","807002","TRAVA MENOR FECHO PV","1"
"1201142","FECHADURA SEG PV200R2I - PRETA","807003","TRAVA MAIOR FECHO PV","1"
"1201142","FECHADURA SEG PV200R2I - PRETA","807049","DISPOSITIVO DE MEMORIA FECHO PV - ZINCADO","1"
"1201142","FECHADURA SEG PV200R2I - PRETA","807069","LINGUETA DAS FECHADURAS PV","1"
"1201142","FECHADURA SEG PV200R2I - PRETA","807088","ROTOR DO FECHO","1"
"1201142","FECHADURA SEG PV200R2I - PRETA","701084","CAIXA DO FECHO - BRUTO","1"
"1201142","FECHADURA SEG PV200R2I - PRETA","807102","BLINDAGEM DO FECHO","1"
"1201142","FECHADURA SEG PV200R2I - PRETA","807105","TRATOR MAÇANETA PV - ZINCADO","1"
"1201142","FECHADURA SEG PV200R2I - PRETA","807138","VERGALHÃO QUADRADO 8MM PV - ZINCADO","1"
"1201142","FECHADURA SEG PV200R2I - PRETA","811277","ETIQUETA ADES. COUCHE 20MM X 15MM X 04 CAR","1"
"1201142","FECHADURA SEG PV200R2I - PRETA","811310","ETIQUETA ADES. COUCHE 33MM X 21MM X 03 CAR","1"
"1201142","FECHADURA SEG PV200R2I - PRETA","811588","CAIXA FECHADURA ELETRICA P/ PORTAS DE VIDRO SEG 10,5 X 29,5","1"
"1201142","FECHADURA SEG PV200R2I - PRETA","811762","SACO ZIP PADRAO - 05X07","1"
"1201142","FECHADURA SEG PV200R2I - PRETA","806053","FUNDO ALUMINIO FECHO PV200RF2I - PRETA","1"
"1201142","FECHADURA SEG PV200R2I - PRETA","807053","BUCHA REDONDA FECHADURA PV -CROMADA","2"
"1201142","FECHADURA SEG PV200R2I - PRETA","811322","ETIQUETA ADES. BOPP 40MM X 40MM  BRANCA Bt759","1"
"1201142","FECHADURA SEG PV200R2I - PRETA","810035","ACABAMENTO MAÇANETA BOLA - CROMADO","1"
"1201142","FECHADURA SEG PV200R2I - PRETA","806075","CHAPA C/ PUXADOR PV200R2I - PRETO","1"
"1201142","FECHADURA SEG PV200R2I - PRETA","806076","CHAPA FECHO PV200R2I - PRETA","1"
"1201142","FECHADURA SEG PV200R2I - PRETA","807055","MAÇANETA BOLA - PRETA","1"
"1201142","FECHADURA SEG PV200R2I - PRETA","103760","FIO COBRE ESMALTADO 155 TS 30 AWG","0,010787"
"1201142","FECHADURA SEG PV200R2I - PRETA","801240","PINO DA CAIXINHA DO FECHO - ZINCADO","1"
"1201142","FECHADURA SEG PV200R2I - PRETA","811681","AGL SOLAPA PORTA VIDRO 10,5 X 29,5 - CALÇO PV200","1"
"1201142","FECHADURA SEG PV200R2I - PRETA","102817","CHAVE SIMPLES VIRGEM AGL - SEM LOGO","2"
"1201143","FECHADURA SEG PV200R2I C/ 2 CIL - BRANCA","806084","CHAPA FECHO PVR2I - BRANCA","1"
"1201143","FECHADURA SEG PV200R2I C/ 2 CIL - BRANCA","806039","FRENTE ALUMINIO LING. C/2 CIL. PV - BRANCA","1"
"1201143","FECHADURA SEG PV200R2I C/ 2 CIL - BRANCA","806048","FRENTE AL PQ. FECHO PV - BRANCA","1"
"1201143","FECHADURA SEG PV200R2I C/ 2 CIL - BRANCA","806050","FUNDO ALUMINIO LINGUETA PV200RF2I - BRANCA","1"
"1201143","FECHADURA SEG PV200R2I C/ 2 CIL - BRANCA","806061","CHAPA PUXADOR PV200RF2I P/ 1 OU 2 CILINDROS (MENOR) - BRANCO","1"
"1201143","FECHADURA SEG PV200R2I C/ 2 CIL - BRANCA","806062","CHAPA PUXADOR PV200R2I P/ 1 OU 2 CILINDROS (MAIOR) - BRANCA","1"
"1201143","FECHADURA SEG PV200R2I C/ 2 CIL - BRANCA","806068","FUNDO ALUMINIO FECHO PV200RF2I - BRANCA","1"
"1201143","FECHADURA SEG PV200R2I C/ 2 CIL - BRANCA","401008","PARAFUSO PLASTIC PAN PHILLIPS 3 X 8 ZB","2"
"1201143","FECHADURA SEG PV200R2I C/ 2 CIL - BRANCA","401023","PARAFUSO MET M3.5 X 8 CH. PH - ZI","6"
"1201143","FECHADURA SEG PV200R2I C/ 2 CIL - BRANCA","401034","PARAFUSO PLASTIC 3 X 6 CH. PH - ZI","2"
"1201143","FECHADURA SEG PV200R2I C/ 2 CIL - BRANCA","401083","PF MET CH PHS M4X12MM ZI","4"
"1201143","FECHADURA SEG PV200R2I C/ 2 CIL - BRANCA","401089","PARAFUSO MET M3 X 8MM CH PHS ZI","4"
"1201143","FECHADURA SEG PV200R2I C/ 2 CIL - BRANCA","401100","PARAFUSO M3 X 12 CC. PH - ZI","1"
"1201143","FECHADURA SEG PV200R2I C/ 2 CIL - BRANCA","401101","PARAFUSO M3.5 X 6 CH. PH - ZI","8"
"1201143","FECHADURA SEG PV200R2I C/ 2 CIL - BRANCA","401102","PARAFUSO M4 X 8 CH. PH MET - ZI","5"
"1201143","FECHADURA SEG PV200R2I C/ 2 CIL - BRANCA","403014","MOLA DE RETORNO DA TRAVA MAIOR","1"
"1201143","FECHADURA SEG PV200R2I C/ 2 CIL - BRANCA","403016","MOLA DE RETORNO DO DISPOSITIVO DE MEMORIA","1"
"1201143","FECHADURA SEG PV200R2I C/ 2 CIL - BRANCA","403017","MOLA DE RETORNO DO ROTOR","1"
"1201143","FECHADURA SEG PV200R2I C/ 2 CIL - BRANCA","403018","MOLA DE RETORNO DA TRAVA MENOR","1"
"1201143","FECHADURA SEG PV200R2I C/ 2 CIL - BRANCA","403022","MOLA PV200 RETORNO DA LINGUETA","1"
"1201143","FECHADURA SEG PV200R2I C/ 2 CIL - BRANCA","403025","MOLA DO ARIETE","1"
"1201143","FECHADURA SEG PV200R2I C/ 2 CIL - BRANCA","404016","CONJUNTO CILINDRO FECHADURA PORTA DE VIDRO 2 CIL.","2"
"1201143","FECHADURA SEG PV200R2I C/ 2 CIL - BRANCA","708018","CORPO DO ARIETE 4,76 X 29MM C/ DIAM 1,6MM - ZINCADO","1"
"1201143","FECHADURA SEG PV200R2I C/ 2 CIL - BRANCA","708021","LUVA DO ARIETE 10MM - ZINCADO","1"
"1201143","FECHADURA SEG PV200R2I C/ 2 CIL - BRANCA","801208","EIXO DO ROTOR - ZINCADO","1"
"1201143","FECHADURA SEG PV200R2I C/ 2 CIL - BRANCA","804306","TAMPA PLASTICA DO FECHO","1"
"1201143","FECHADURA SEG PV200R2I C/ 2 CIL - BRANCA","804321","CARRETEL DO FECHO","1"
"1201143","FECHADURA SEG PV200R2I C/ 2 CIL - BRANCA","804323","ACABAMENTO RECORTE PV","1"
"1201143","FECHADURA SEG PV200R2I C/ 2 CIL - BRANCA","804406","ESPACADOR PARA FECHADURA 2 CILINDROS","1"
"1201143","FECHADURA SEG PV200R2I C/ 2 CIL - BRANCA","804428","SOQUETE DO FECHO ELETRICO","1"
"1201143","FECHADURA SEG PV200R2I C/ 2 CIL - BRANCA","804468","PONTA DO ARIETE 2,55 X 26MM","1"
"1201143","FECHADURA SEG PV200R2I C/ 2 CIL - BRANCA","805085","CHAPA DE FIXAÇÃO CILINDRO DUPLO FECH PV - ZINCADA","1"
"1201143","FECHADURA SEG PV200R2I C/ 2 CIL - BRANCA","805087","NARIZ CILINDRO PV200 - ZINCADO","2"
"1201143","FECHADURA SEG PV200R2I C/ 2 CIL - BRANCA","806082","TERMINAL DE LATÃO DO SOQUETE","2"
"1201143","FECHADURA SEG PV200R2I C/ 2 CIL - BRANCA","807002","TRAVA MENOR FECHO PV","1"
"1201143","FECHADURA SEG PV200R2I C/ 2 CIL - BRANCA","807003","TRAVA MAIOR FECHO PV","1"
"1201143","FECHADURA SEG PV200R2I C/ 2 CIL - BRANCA","807049","DISPOSITIVO DE MEMORIA FECHO PV - ZINCADO","1"
"1201143","FECHADURA SEG PV200R2I C/ 2 CIL - BRANCA","807069","LINGUETA DAS FECHADURAS PV","1"
"1201143","FECHADURA SEG PV200R2I C/ 2 CIL - BRANCA","807088","ROTOR DO FECHO","1"
"1201143","FECHADURA SEG PV200R2I C/ 2 CIL - BRANCA","701084","CAIXA DO FECHO - BRUTO","1"
"1201143","FECHADURA SEG PV200R2I C/ 2 CIL - BRANCA","807102","BLINDAGEM DO FECHO","1"
"1201143","FECHADURA SEG PV200R2I C/ 2 CIL - BRANCA","811277","ETIQUETA ADES. COUCHE 20MM X 15MM X 04 CAR","1"
"1201143","FECHADURA SEG PV200R2I C/ 2 CIL - BRANCA","811310","ETIQUETA ADES. COUCHE 33MM X 21MM X 03 CAR","1"
"1201143","FECHADURA SEG PV200R2I C/ 2 CIL - BRANCA","811588","CAIXA FECHADURA ELETRICA P/ PORTAS DE VIDRO SEG 10,5 X 29,5","1"
"1201143","FECHADURA SEG PV200R2I C/ 2 CIL - BRANCA","811762","SACO ZIP PADRAO - 05X07","1"
"1201143","FECHADURA SEG PV200R2I C/ 2 CIL - BRANCA","807053","BUCHA REDONDA FECHADURA PV -CROMADA","2"
"1201143","FECHADURA SEG PV200R2I C/ 2 CIL - BRANCA","811322","ETIQUETA ADES. BOPP 40MM X 40MM  BRANCA Bt759","1"
"1201143","FECHADURA SEG PV200R2I C/ 2 CIL - BRANCA","103760","FIO COBRE ESMALTADO 155 TS 30 AWG","0,010787"
"1201143","FECHADURA SEG PV200R2I C/ 2 CIL - BRANCA","801240","PINO DA CAIXINHA DO FECHO - ZINCADO","1"
"1201143","FECHADURA SEG PV200R2I C/ 2 CIL - BRANCA","811681","AGL SOLAPA PORTA VIDRO 10,5 X 29,5 - CALÇO PV200","1"
"1201143","FECHADURA SEG PV200R2I C/ 2 CIL - BRANCA","102817","CHAVE SIMPLES VIRGEM AGL - SEM LOGO","2"
"1201144","FECHADURA SEG PV200R2I C/ 2 CIL - PRETA","806040","FRENTE ALUMINIO LING. C/2 CIL. PV - PRETA","1"
"1201144","FECHADURA SEG PV200R2I C/ 2 CIL - PRETA","806051","FUNDO ALUMINIO LINGUETA PV200RF2I - PRETA","1"
"1201144","FECHADURA SEG PV200R2I C/ 2 CIL - PRETA","806052","CHAPA PUXADOR PV200F2I P/ 1 OU 2 CILINDROS (MAIOR)","1"
"1201144","FECHADURA SEG PV200R2I C/ 2 CIL - PRETA","401008","PARAFUSO PLASTIC PAN PHILLIPS 3 X 8 ZB","2"
"1201144","FECHADURA SEG PV200R2I C/ 2 CIL - PRETA","401023","PARAFUSO MET M3.5 X 8 CH. PH - ZI","6"
"1201144","FECHADURA SEG PV200R2I C/ 2 CIL - PRETA","401034","PARAFUSO PLASTIC 3 X 6 CH. PH - ZI","2"
"1201144","FECHADURA SEG PV200R2I C/ 2 CIL - PRETA","401083","PF MET CH PHS M4X12MM ZI","4"
"1201144","FECHADURA SEG PV200R2I C/ 2 CIL - PRETA","401089","PARAFUSO MET M3 X 8MM CH PHS ZI","4"
"1201144","FECHADURA SEG PV200R2I C/ 2 CIL - PRETA","401100","PARAFUSO M3 X 12 CC. PH - ZI","1"
"1201144","FECHADURA SEG PV200R2I C/ 2 CIL - PRETA","401101","PARAFUSO M3.5 X 6 CH. PH - ZI","8"
"1201144","FECHADURA SEG PV200R2I C/ 2 CIL - PRETA","401102","PARAFUSO M4 X 8 CH. PH MET - ZI","5"
"1201144","FECHADURA SEG PV200R2I C/ 2 CIL - PRETA","403014","MOLA DE RETORNO DA TRAVA MAIOR","1"
"1201144","FECHADURA SEG PV200R2I C/ 2 CIL - PRETA","403016","MOLA DE RETORNO DO DISPOSITIVO DE MEMORIA","1"
"1201144","FECHADURA SEG PV200R2I C/ 2 CIL - PRETA","403017","MOLA DE RETORNO DO ROTOR","1"
"1201144","FECHADURA SEG PV200R2I C/ 2 CIL - PRETA","403018","MOLA DE RETORNO DA TRAVA MENOR","1"
"1201144","FECHADURA SEG PV200R2I C/ 2 CIL - PRETA","403022","MOLA PV200 RETORNO DA LINGUETA","1"
"1201144","FECHADURA SEG PV200R2I C/ 2 CIL - PRETA","403025","MOLA DO ARIETE","1"
"1201144","FECHADURA SEG PV200R2I C/ 2 CIL - PRETA","404016","CONJUNTO CILINDRO FECHADURA PORTA DE VIDRO 2 CIL.","2"
"1201144","FECHADURA SEG PV200R2I C/ 2 CIL - PRETA","708018","CORPO DO ARIETE 4,76 X 29MM C/ DIAM 1,6MM - ZINCADO","1"
"1201144","FECHADURA SEG PV200R2I C/ 2 CIL - PRETA","708021","LUVA DO ARIETE 10MM - ZINCADO","1"
"1201144","FECHADURA SEG PV200R2I C/ 2 CIL - PRETA","801208","EIXO DO ROTOR - ZINCADO","1"
"1201144","FECHADURA SEG PV200R2I C/ 2 CIL - PRETA","804306","TAMPA PLASTICA DO FECHO","1"
"1201144","FECHADURA SEG PV200R2I C/ 2 CIL - PRETA","804321","CARRETEL DO FECHO","1"
"1201144","FECHADURA SEG PV200R2I C/ 2 CIL - PRETA","804323","ACABAMENTO RECORTE PV","1"
"1201144","FECHADURA SEG PV200R2I C/ 2 CIL - PRETA","804406","ESPACADOR PARA FECHADURA 2 CILINDROS","1"
"1201144","FECHADURA SEG PV200R2I C/ 2 CIL - PRETA","804428","SOQUETE DO FECHO ELETRICO","1"
"1201144","FECHADURA SEG PV200R2I C/ 2 CIL - PRETA","804468","PONTA DO ARIETE 2,55 X 26MM","1"
"1201144","FECHADURA SEG PV200R2I C/ 2 CIL - PRETA","805085","CHAPA DE FIXAÇÃO CILINDRO DUPLO FECH PV - ZINCADA","1"
"1201144","FECHADURA SEG PV200R2I C/ 2 CIL - PRETA","805087","NARIZ CILINDRO PV200 - ZINCADO","2"
"1201144","FECHADURA SEG PV200R2I C/ 2 CIL - PRETA","806053","FUNDO ALUMINIO FECHO PV200RF2I - PRETA","1"
"1201144","FECHADURA SEG PV200R2I C/ 2 CIL - PRETA","806082","TERMINAL DE LATÃO DO SOQUETE","2"
"1201144","FECHADURA SEG PV200R2I C/ 2 CIL - PRETA","807002","TRAVA MENOR FECHO PV","1"
"1201144","FECHADURA SEG PV200R2I C/ 2 CIL - PRETA","807003","TRAVA MAIOR FECHO PV","1"
"1201144","FECHADURA SEG PV200R2I C/ 2 CIL - PRETA","807049","DISPOSITIVO DE MEMORIA FECHO PV - ZINCADO","1"
"1201144","FECHADURA SEG PV200R2I C/ 2 CIL - PRETA","807069","LINGUETA DAS FECHADURAS PV","1"
"1201144","FECHADURA SEG PV200R2I C/ 2 CIL - PRETA","807088","ROTOR DO FECHO","1"
"1201144","FECHADURA SEG PV200R2I C/ 2 CIL - PRETA","701084","CAIXA DO FECHO - BRUTO","1"
"1201144","FECHADURA SEG PV200R2I C/ 2 CIL - PRETA","807102","BLINDAGEM DO FECHO","1"
"1201144","FECHADURA SEG PV200R2I C/ 2 CIL - PRETA","811277","ETIQUETA ADES. COUCHE 20MM X 15MM X 04 CAR","1"
"1201144","FECHADURA SEG PV200R2I C/ 2 CIL - PRETA","811310","ETIQUETA ADES. COUCHE 33MM X 21MM X 03 CAR","1"
"1201144","FECHADURA SEG PV200R2I C/ 2 CIL - PRETA","811588","CAIXA FECHADURA ELETRICA P/ PORTAS DE VIDRO SEG 10,5 X 29,5","1"
"1201144","FECHADURA SEG PV200R2I C/ 2 CIL - PRETA","811762","SACO ZIP PADRAO - 05X07","1"
"1201144","FECHADURA SEG PV200R2I C/ 2 CIL - PRETA","807053","BUCHA REDONDA FECHADURA PV -CROMADA","2"
"1201144","FECHADURA SEG PV200R2I C/ 2 CIL - PRETA","806063","CHAPA PUXADOR PV200R2I P/ 1 OU 2 CILINDROS (MAIOR) - PRETO","1"
"1201144","FECHADURA SEG PV200R2I C/ 2 CIL - PRETA","811322","ETIQUETA ADES. BOPP 40MM X 40MM  BRANCA Bt759","1"
"1201144","FECHADURA SEG PV200R2I C/ 2 CIL - PRETA","806070","FRENTE AL PQ. FECHO PV - PRETA","1"
"1201144","FECHADURA SEG PV200R2I C/ 2 CIL - PRETA","806076","CHAPA FECHO PV200R2I - PRETA","1"
"1201144","FECHADURA SEG PV200R2I C/ 2 CIL - PRETA","103760","FIO COBRE ESMALTADO 155 TS 30 AWG","0,010787"
"1201144","FECHADURA SEG PV200R2I C/ 2 CIL - PRETA","801240","PINO DA CAIXINHA DO FECHO - ZINCADO","1"
"1201144","FECHADURA SEG PV200R2I C/ 2 CIL - PRETA","811681","AGL SOLAPA PORTA VIDRO 10,5 X 29,5 - CALÇO PV200","1"
"1201144","FECHADURA SEG PV200R2I C/ 2 CIL - PRETA","102817","CHAVE SIMPLES VIRGEM AGL - SEM LOGO","2"
"1201145","FECHADURA SEG PV200F1E 2 CILINDROS","806038","ALUMINIO FECHADURA PV200 C/2 CIL","1"
"1201145","FECHADURA SEG PV200F1E 2 CILINDROS","806036","CHAPA BATENTE PV200RF1E - CROMADO","1"
"1201145","FECHADURA SEG PV200F1E 2 CILINDROS","401002","PARAFUSO 3.5 X 13 A/A CH. PH - ZI","4"
"1201145","FECHADURA SEG PV200F1E 2 CILINDROS","401008","PARAFUSO PLASTIC PAN PHILLIPS 3 X 8 ZB","2"
"1201145","FECHADURA SEG PV200F1E 2 CILINDROS","401023","PARAFUSO MET M3.5 X 8 CH. PH - ZI","6"
"1201145","FECHADURA SEG PV200F1E 2 CILINDROS","401034","PARAFUSO PLASTIC 3 X 6 CH. PH - ZI","2"
"1201145","FECHADURA SEG PV200F1E 2 CILINDROS","401083","PF MET CH PHS M4X12MM ZI","2"
"1201145","FECHADURA SEG PV200F1E 2 CILINDROS","401089","PARAFUSO MET M3 X 8MM CH PHS ZI","6"
"1201145","FECHADURA SEG PV200F1E 2 CILINDROS","401101","PARAFUSO M3.5 X 6 CH. PH - ZI","4"
"1201145","FECHADURA SEG PV200F1E 2 CILINDROS","401102","PARAFUSO M4 X 8 CH. PH MET - ZI","4"
"1201145","FECHADURA SEG PV200F1E 2 CILINDROS","403014","MOLA DE RETORNO DA TRAVA MAIOR","1"
"1201145","FECHADURA SEG PV200F1E 2 CILINDROS","403016","MOLA DE RETORNO DO DISPOSITIVO DE MEMORIA","1"
"1201145","FECHADURA SEG PV200F1E 2 CILINDROS","403017","MOLA DE RETORNO DO ROTOR","1"
"1201145","FECHADURA SEG PV200F1E 2 CILINDROS","403018","MOLA DE RETORNO DA TRAVA MENOR","1"
"1201145","FECHADURA SEG PV200F1E 2 CILINDROS","403022","MOLA PV200 RETORNO DA LINGUETA","1"
"1201145","FECHADURA SEG PV200F1E 2 CILINDROS","403025","MOLA DO ARIETE","1"
"1201145","FECHADURA SEG PV200F1E 2 CILINDROS","404016","CONJUNTO CILINDRO FECHADURA PORTA DE VIDRO 2 CIL.","2"
"1201145","FECHADURA SEG PV200F1E 2 CILINDROS","708018","CORPO DO ARIETE 4,76 X 29MM C/ DIAM 1,6MM - ZINCADO","1"
"1201145","FECHADURA SEG PV200F1E 2 CILINDROS","708021","LUVA DO ARIETE 10MM - ZINCADO","1"
"1201145","FECHADURA SEG PV200F1E 2 CILINDROS","801208","EIXO DO ROTOR - ZINCADO","1"
"1201145","FECHADURA SEG PV200F1E 2 CILINDROS","804212","ENCOSTO PARA CHAPA DO BATENTE PV","1"
"1201145","FECHADURA SEG PV200F1E 2 CILINDROS","804321","CARRETEL DO FECHO","1"
"1201145","FECHADURA SEG PV200F1E 2 CILINDROS","804406","ESPACADOR PARA FECHADURA 2 CILINDROS","1"
"1201145","FECHADURA SEG PV200F1E 2 CILINDROS","804428","SOQUETE DO FECHO ELETRICO","1"
"1201145","FECHADURA SEG PV200F1E 2 CILINDROS","804468","PONTA DO ARIETE 2,55 X 26MM","1"
"1201145","FECHADURA SEG PV200F1E 2 CILINDROS","805085","CHAPA DE FIXAÇÃO CILINDRO DUPLO FECH PV - ZINCADA","1"
"1201145","FECHADURA SEG PV200F1E 2 CILINDROS","805087","NARIZ CILINDRO PV200 - ZINCADO","2"
"1201145","FECHADURA SEG PV200F1E 2 CILINDROS","806025","CHAPA PUXADOR PV200RF1IE P/ 1 OU 2 CILINDROS (MENOR)","1"
"1201145","FECHADURA SEG PV200F1E 2 CILINDROS","806035","CHAPA PUXADOR PV200F1I/E P/ 1 OU 2 CILINDROS (MAIOR)","2"
"1201145","FECHADURA SEG PV200F1E 2 CILINDROS","806082","TERMINAL DE LATÃO DO SOQUETE","2"
"1201145","FECHADURA SEG PV200F1E 2 CILINDROS","807002","TRAVA MENOR FECHO PV","1"
"1201145","FECHADURA SEG PV200F1E 2 CILINDROS","807003","TRAVA MAIOR FECHO PV","1"
"1201145","FECHADURA SEG PV200F1E 2 CILINDROS","807049","DISPOSITIVO DE MEMORIA FECHO PV - ZINCADO","1"
"1201145","FECHADURA SEG PV200F1E 2 CILINDROS","807069","LINGUETA DAS FECHADURAS PV","1"
"1201145","FECHADURA SEG PV200F1E 2 CILINDROS","807088","ROTOR DO FECHO","1"
"1201145","FECHADURA SEG PV200F1E 2 CILINDROS","701084","CAIXA DO FECHO - BRUTO","1"
"1201145","FECHADURA SEG PV200F1E 2 CILINDROS","807102","BLINDAGEM DO FECHO","1"
"1201145","FECHADURA SEG PV200F1E 2 CILINDROS","807106","TAMPA DO FECHO DE METAL","1"
"1201145","FECHADURA SEG PV200F1E 2 CILINDROS","811277","ETIQUETA ADES. COUCHE 20MM X 15MM X 04 CAR","1"
"1201145","FECHADURA SEG PV200F1E 2 CILINDROS","811310","ETIQUETA ADES. COUCHE 33MM X 21MM X 03 CAR","1"
"1201145","FECHADURA SEG PV200F1E 2 CILINDROS","811588","CAIXA FECHADURA ELETRICA P/ PORTAS DE VIDRO SEG 10,5 X 29,5","1"
"1201145","FECHADURA SEG PV200F1E 2 CILINDROS","811762","SACO ZIP PADRAO - 05X07","1"
"1201145","FECHADURA SEG PV200F1E 2 CILINDROS","807053","BUCHA REDONDA FECHADURA PV -CROMADA","2"
"1201145","FECHADURA SEG PV200F1E 2 CILINDROS","807053","BUCHA REDONDA FECHADURA PV -CROMADA","1"
"1201145","FECHADURA SEG PV200F1E 2 CILINDROS","811322","ETIQUETA ADES. BOPP 40MM X 40MM  BRANCA Bt759","1"
"1201145","FECHADURA SEG PV200F1E 2 CILINDROS","807098","FUNDO ALUMINIO LINGUETA PV200RF1I/E - CINZA","1"
"1201145","FECHADURA SEG PV200F1E 2 CILINDROS","103760","FIO COBRE ESMALTADO 155 TS 30 AWG","0,010787"
"1201145","FECHADURA SEG PV200F1E 2 CILINDROS","801240","PINO DA CAIXINHA DO FECHO - ZINCADO","1"
"1201145","FECHADURA SEG PV200F1E 2 CILINDROS","811681","AGL SOLAPA PORTA VIDRO 10,5 X 29,5 - CALÇO PV200","1"
"1201145","FECHADURA SEG PV200F1E 2 CILINDROS","102817","CHAVE SIMPLES VIRGEM AGL - SEM LOGO","2"
"1201146","FECHADURA SEG PV200R1E 2 CILINDROS","806038","ALUMINIO FECHADURA PV200 C/2 CIL","1"
"1201146","FECHADURA SEG PV200R1E 2 CILINDROS","806036","CHAPA BATENTE PV200RF1E - CROMADO","1"
"1201146","FECHADURA SEG PV200R1E 2 CILINDROS","401002","PARAFUSO 3.5 X 13 A/A CH. PH - ZI","4"
"1201146","FECHADURA SEG PV200R1E 2 CILINDROS","401008","PARAFUSO PLASTIC PAN PHILLIPS 3 X 8 ZB","2"
"1201146","FECHADURA SEG PV200R1E 2 CILINDROS","401023","PARAFUSO MET M3.5 X 8 CH. PH - ZI","6"
"1201146","FECHADURA SEG PV200R1E 2 CILINDROS","401034","PARAFUSO PLASTIC 3 X 6 CH. PH - ZI","2"
"1201146","FECHADURA SEG PV200R1E 2 CILINDROS","401083","PF MET CH PHS M4X12MM ZI","2"
"1201146","FECHADURA SEG PV200R1E 2 CILINDROS","401089","PARAFUSO MET M3 X 8MM CH PHS ZI","6"
"1201146","FECHADURA SEG PV200R1E 2 CILINDROS","401101","PARAFUSO M3.5 X 6 CH. PH - ZI","4"
"1201146","FECHADURA SEG PV200R1E 2 CILINDROS","401102","PARAFUSO M4 X 8 CH. PH MET - ZI","4"
"1201146","FECHADURA SEG PV200R1E 2 CILINDROS","403014","MOLA DE RETORNO DA TRAVA MAIOR","1"
"1201146","FECHADURA SEG PV200R1E 2 CILINDROS","403016","MOLA DE RETORNO DO DISPOSITIVO DE MEMORIA","1"
"1201146","FECHADURA SEG PV200R1E 2 CILINDROS","403017","MOLA DE RETORNO DO ROTOR","1"
"1201146","FECHADURA SEG PV200R1E 2 CILINDROS","403018","MOLA DE RETORNO DA TRAVA MENOR","1"
"1201146","FECHADURA SEG PV200R1E 2 CILINDROS","403022","MOLA PV200 RETORNO DA LINGUETA","1"
"1201146","FECHADURA SEG PV200R1E 2 CILINDROS","403025","MOLA DO ARIETE","1"
"1201146","FECHADURA SEG PV200R1E 2 CILINDROS","404016","CONJUNTO CILINDRO FECHADURA PORTA DE VIDRO 2 CIL.","2"
"1201146","FECHADURA SEG PV200R1E 2 CILINDROS","708018","CORPO DO ARIETE 4,76 X 29MM C/ DIAM 1,6MM - ZINCADO","1"
"1201146","FECHADURA SEG PV200R1E 2 CILINDROS","708021","LUVA DO ARIETE 10MM - ZINCADO","1"
"1201146","FECHADURA SEG PV200R1E 2 CILINDROS","801208","EIXO DO ROTOR - ZINCADO","1"
"1201146","FECHADURA SEG PV200R1E 2 CILINDROS","804306","TAMPA PLASTICA DO FECHO","1"
"1201146","FECHADURA SEG PV200R1E 2 CILINDROS","804321","CARRETEL DO FECHO","1"
"1201146","FECHADURA SEG PV200R1E 2 CILINDROS","804406","ESPACADOR PARA FECHADURA 2 CILINDROS","1"
"1201146","FECHADURA SEG PV200R1E 2 CILINDROS","804428","SOQUETE DO FECHO ELETRICO","1"
"1201146","FECHADURA SEG PV200R1E 2 CILINDROS","804468","PONTA DO ARIETE 2,55 X 26MM","1"
"1201146","FECHADURA SEG PV200R1E 2 CILINDROS","805085","CHAPA DE FIXAÇÃO CILINDRO DUPLO FECH PV - ZINCADA","1"
"1201146","FECHADURA SEG PV200R1E 2 CILINDROS","805087","NARIZ CILINDRO PV200 - ZINCADO","2"
"1201146","FECHADURA SEG PV200R1E 2 CILINDROS","806025","CHAPA PUXADOR PV200RF1IE P/ 1 OU 2 CILINDROS (MENOR)","1"
"1201146","FECHADURA SEG PV200R1E 2 CILINDROS","806055","CHAPA PUXADOR PV200R1I/E P/ 1 OU 2 CILINDROS (MAIOR)","2"
"1201146","FECHADURA SEG PV200R1E 2 CILINDROS","806082","TERMINAL DE LATÃO DO SOQUETE","2"
"1201146","FECHADURA SEG PV200R1E 2 CILINDROS","807002","TRAVA MENOR FECHO PV","1"
"1201146","FECHADURA SEG PV200R1E 2 CILINDROS","807003","TRAVA MAIOR FECHO PV","1"
"1201146","FECHADURA SEG PV200R1E 2 CILINDROS","807049","DISPOSITIVO DE MEMORIA FECHO PV - ZINCADO","1"
"1201146","FECHADURA SEG PV200R1E 2 CILINDROS","807069","LINGUETA DAS FECHADURAS PV","1"
"1201146","FECHADURA SEG PV200R1E 2 CILINDROS","807088","ROTOR DO FECHO","1"
"1201146","FECHADURA SEG PV200R1E 2 CILINDROS","701084","CAIXA DO FECHO - BRUTO","1"
"1201146","FECHADURA SEG PV200R1E 2 CILINDROS","807102","BLINDAGEM DO FECHO","1"
"1201146","FECHADURA SEG PV200R1E 2 CILINDROS","811277","ETIQUETA ADES. COUCHE 20MM X 15MM X 04 CAR","1"
"1201146","FECHADURA SEG PV200R1E 2 CILINDROS","811310","ETIQUETA ADES. COUCHE 33MM X 21MM X 03 CAR","1"
"1201146","FECHADURA SEG PV200R1E 2 CILINDROS","811588","CAIXA FECHADURA ELETRICA P/ PORTAS DE VIDRO SEG 10,5 X 29,5","1"
"1201146","FECHADURA SEG PV200R1E 2 CILINDROS","811762","SACO ZIP PADRAO - 05X07","1"
"1201146","FECHADURA SEG PV200R1E 2 CILINDROS","807053","BUCHA REDONDA FECHADURA PV -CROMADA","2"
"1201146","FECHADURA SEG PV200R1E 2 CILINDROS","811322","ETIQUETA ADES. BOPP 40MM X 40MM  BRANCA Bt759","1"
"1201146","FECHADURA SEG PV200R1E 2 CILINDROS","807098","FUNDO ALUMINIO LINGUETA PV200RF1I/E - CINZA","1"
"1201146","FECHADURA SEG PV200R1E 2 CILINDROS","103760","FIO COBRE ESMALTADO 155 TS 30 AWG","0,010787"
"1201146","FECHADURA SEG PV200R1E 2 CILINDROS","801240","PINO DA CAIXINHA DO FECHO - ZINCADO","1"
"1201146","FECHADURA SEG PV200R1E 2 CILINDROS","811681","AGL SOLAPA PORTA VIDRO 10,5 X 29,5 - CALÇO PV200","1"
"1201146","FECHADURA SEG PV200R1E 2 CILINDROS","102817","CHAVE SIMPLES VIRGEM AGL - SEM LOGO","2"
"1201147","FECHO ELÉTRICO AGL 12V EMBALAGEM COM 10 UNIDADES","401002","PARAFUSO 3.5 X 13 A/A CH. PH - ZI","40"
"1201147","FECHO ELÉTRICO AGL 12V EMBALAGEM COM 10 UNIDADES","811793","CAIXA MALETA CORTE/VINCO 255 X 200 X 65 SETA PAPELAO DUPLEX (EMBALAGEM MASTER VCOM)","1"
"1201147","FECHO ELÉTRICO AGL 12V EMBALAGEM COM 10 UNIDADES","401008","PARAFUSO PLASTIC PAN PHILLIPS 3 X 8 ZB","20"
"1201147","FECHO ELÉTRICO AGL 12V EMBALAGEM COM 10 UNIDADES","401023","PARAFUSO MET M3.5 X 8 CH. PH - ZI","20"
"1201147","FECHO ELÉTRICO AGL 12V EMBALAGEM COM 10 UNIDADES","401034","PARAFUSO PLASTIC 3 X 6 CH. PH - ZI","20"
"1201147","FECHO ELÉTRICO AGL 12V EMBALAGEM COM 10 UNIDADES","403014","MOLA DE RETORNO DA TRAVA MAIOR","10"
"1201147","FECHO ELÉTRICO AGL 12V EMBALAGEM COM 10 UNIDADES","403016","MOLA DE RETORNO DO DISPOSITIVO DE MEMORIA","10"
"1201147","FECHO ELÉTRICO AGL 12V EMBALAGEM COM 10 UNIDADES","403017","MOLA DE RETORNO DO ROTOR","10"
"1201147","FECHO ELÉTRICO AGL 12V EMBALAGEM COM 10 UNIDADES","403018","MOLA DE RETORNO DA TRAVA MENOR","10"
"1201147","FECHO ELÉTRICO AGL 12V EMBALAGEM COM 10 UNIDADES","403025","MOLA DO ARIETE","10"
"1201147","FECHO ELÉTRICO AGL 12V EMBALAGEM COM 10 UNIDADES","708018","CORPO DO ARIETE 4,76 X 29MM C/ DIAM 1,6MM - ZINCADO","10"
"1201147","FECHO ELÉTRICO AGL 12V EMBALAGEM COM 10 UNIDADES","708021","LUVA DO ARIETE 10MM - ZINCADO","10"
"1201147","FECHO ELÉTRICO AGL 12V EMBALAGEM COM 10 UNIDADES","804468","PONTA DO ARIETE 2,55 X 26MM","10"
"1201147","FECHO ELÉTRICO AGL 12V EMBALAGEM COM 10 UNIDADES","804321","CARRETEL DO FECHO","10"
"1201147","FECHO ELÉTRICO AGL 12V EMBALAGEM COM 10 UNIDADES","807049","DISPOSITIVO DE MEMORIA FECHO PV - ZINCADO","10"
"1201147","FECHO ELÉTRICO AGL 12V EMBALAGEM COM 10 UNIDADES","804428","SOQUETE DO FECHO ELETRICO","10"
"1201147","FECHO ELÉTRICO AGL 12V EMBALAGEM COM 10 UNIDADES","806082","TERMINAL DE LATÃO DO SOQUETE","20"
"1201147","FECHO ELÉTRICO AGL 12V EMBALAGEM COM 10 UNIDADES","807002","TRAVA MENOR FECHO PV","10"
"1201147","FECHO ELÉTRICO AGL 12V EMBALAGEM COM 10 UNIDADES","807003","TRAVA MAIOR FECHO PV","10"
"1201147","FECHO ELÉTRICO AGL 12V EMBALAGEM COM 10 UNIDADES","807088","ROTOR DO FECHO","10"
"1201147","FECHO ELÉTRICO AGL 12V EMBALAGEM COM 10 UNIDADES","701084","CAIXA DO FECHO - BRUTO","10"
"1201147","FECHO ELÉTRICO AGL 12V EMBALAGEM COM 10 UNIDADES","807102","BLINDAGEM DO FECHO","10"
"1201147","FECHO ELÉTRICO AGL 12V EMBALAGEM COM 10 UNIDADES","807103","TESTEIRA DO FECHO CINZA","10"
"1201147","FECHO ELÉTRICO AGL 12V EMBALAGEM COM 10 UNIDADES","807106","TAMPA DO FECHO DE METAL","10"
"1201147","FECHO ELÉTRICO AGL 12V EMBALAGEM COM 10 UNIDADES","811277","ETIQUETA ADES. COUCHE 20MM X 15MM X 04 CAR","10"
"1201147","FECHO ELÉTRICO AGL 12V EMBALAGEM COM 10 UNIDADES","811307","ETIQUETA ADES. COUCHE 50MM X 40MM X 02 CAR","1"
"1201147","FECHO ELÉTRICO AGL 12V EMBALAGEM COM 10 UNIDADES","811322","ETIQUETA ADES. BOPP 40MM X 40MM  BRANCA Bt759","10"
"1201147","FECHO ELÉTRICO AGL 12V EMBALAGEM COM 10 UNIDADES","811736","CAIXA COLORIDA DO FECHO 12V AGL 3,7 X 2,8 X 24,0","10"
"1201147","FECHO ELÉTRICO AGL 12V EMBALAGEM COM 10 UNIDADES","103760","FIO COBRE ESMALTADO 155 TS 30 AWG","0,010787"
"1201147","FECHO ELÉTRICO AGL 12V EMBALAGEM COM 10 UNIDADES","811322","ETIQUETA ADES. BOPP 40MM X 40MM  BRANCA Bt759","1"
"1201147","FECHO ELÉTRICO AGL 12V EMBALAGEM COM 10 UNIDADES","801240","PINO DA CAIXINHA DO FECHO - ZINCADO","1"
"1201147","FECHO ELÉTRICO AGL 12V EMBALAGEM COM 10 UNIDADES","801208","EIXO DO ROTOR - ZINCADO","1"
"1201148","FECHO ELÉTRICO UNISYSTEM 12V","401002","PARAFUSO 3.5 X 13 A/A CH. PH - ZI","4"
"1201148","FECHO ELÉTRICO UNISYSTEM 12V","401008","PARAFUSO PLASTIC PAN PHILLIPS 3 X 8 ZB","2"
"1201148","FECHO ELÉTRICO UNISYSTEM 12V","401023","PARAFUSO MET M3.5 X 8 CH. PH - ZI","2"
"1201148","FECHO ELÉTRICO UNISYSTEM 12V","401034","PARAFUSO PLASTIC 3 X 6 CH. PH - ZI","2"
"1201148","FECHO ELÉTRICO UNISYSTEM 12V","403014","MOLA DE RETORNO DA TRAVA MAIOR","1"
"1201148","FECHO ELÉTRICO UNISYSTEM 12V","403016","MOLA DE RETORNO DO DISPOSITIVO DE MEMORIA","1"
"1201148","FECHO ELÉTRICO UNISYSTEM 12V","403017","MOLA DE RETORNO DO ROTOR","1"
"1201148","FECHO ELÉTRICO UNISYSTEM 12V","403018","MOLA DE RETORNO DA TRAVA MENOR","1"
"1201148","FECHO ELÉTRICO UNISYSTEM 12V","403025","MOLA DO ARIETE","1"
"1201148","FECHO ELÉTRICO UNISYSTEM 12V","708018","CORPO DO ARIETE 4,76 X 29MM C/ DIAM 1,6MM - ZINCADO","1"
"1201148","FECHO ELÉTRICO UNISYSTEM 12V","708021","LUVA DO ARIETE 10MM - ZINCADO","1"
"1201148","FECHO ELÉTRICO UNISYSTEM 12V","804468","PONTA DO ARIETE 2,55 X 26MM","1"
"1201148","FECHO ELÉTRICO UNISYSTEM 12V","804321","CARRETEL DO FECHO","1"
"1201148","FECHO ELÉTRICO UNISYSTEM 12V","807049","DISPOSITIVO DE MEMORIA FECHO PV - ZINCADO","1"
"1201148","FECHO ELÉTRICO UNISYSTEM 12V","804428","SOQUETE DO FECHO ELETRICO","1"
"1201148","FECHO ELÉTRICO UNISYSTEM 12V","806082","TERMINAL DE LATÃO DO SOQUETE","2"
"1201148","FECHO ELÉTRICO UNISYSTEM 12V","807002","TRAVA MENOR FECHO PV","1"
"1201148","FECHO ELÉTRICO UNISYSTEM 12V","807003","TRAVA MAIOR FECHO PV","1"
"1201148","FECHO ELÉTRICO UNISYSTEM 12V","807088","ROTOR DO FECHO","1"
"1201148","FECHO ELÉTRICO UNISYSTEM 12V","701084","CAIXA DO FECHO - BRUTO","1"
"1201148","FECHO ELÉTRICO UNISYSTEM 12V","807102","BLINDAGEM DO FECHO","1"
"1201148","FECHO ELÉTRICO UNISYSTEM 12V","807103","TESTEIRA DO FECHO CINZA","1"
"1201148","FECHO ELÉTRICO UNISYSTEM 12V","807106","TAMPA DO FECHO DE METAL","1"
"1201148","FECHO ELÉTRICO UNISYSTEM 12V","811277","ETIQUETA ADES. COUCHE 20MM X 15MM X 04 CAR","1"
"1201148","FECHO ELÉTRICO UNISYSTEM 12V","811322","ETIQUETA ADES. BOPP 40MM X 40MM  BRANCA Bt759","1"
"1201148","FECHO ELÉTRICO UNISYSTEM 12V","811736","CAIXA COLORIDA DO FECHO 12V AGL 3,7 X 2,8 X 24,0","1"
"1201148","FECHO ELÉTRICO UNISYSTEM 12V","103760","FIO COBRE ESMALTADO 155 TS 30 AWG","0,010787"
"1201148","FECHO ELÉTRICO UNISYSTEM 12V","801240","PINO DA CAIXINHA DO FECHO - ZINCADO","1"
"1201148","FECHO ELÉTRICO UNISYSTEM 12V","801208","EIXO DO ROTOR - ZINCADO","1"
"1201149","FECHADURA UNISYSTEM PV200R1I - CZ","806019","CHAPA S/ PUXADOR PV200R2I - CROMADO","1"
"1201149","FECHADURA UNISYSTEM PV200R1I - CZ","806031","CHAPA BATENTE PV200RF1I - CROMADO","1"
"1201149","FECHADURA UNISYSTEM PV200R1I - CZ","805076","ALUMINIO FECHADURA PV 200","1"
"1201149","FECHADURA UNISYSTEM PV200R1I - CZ","807052","MAÇANETA BOLA - CROMADA","1"
"1201149","FECHADURA UNISYSTEM PV200R1I - CZ","401002","PARAFUSO 3.5 X 13 A/A CH. PH - ZI","4"
"1201149","FECHADURA UNISYSTEM PV200R1I - CZ","401008","PARAFUSO PLASTIC PAN PHILLIPS 3 X 8 ZB","2"
"1201149","FECHADURA UNISYSTEM PV200R1I - CZ","401023","PARAFUSO MET M3.5 X 8 CH. PH - ZI","4"
"1201149","FECHADURA UNISYSTEM PV200R1I - CZ","401034","PARAFUSO PLASTIC 3 X 6 CH. PH - ZI","2"
"1201149","FECHADURA UNISYSTEM PV200R1I - CZ","401083","PF MET CH PHS M4X12MM ZI","2"
"1201149","FECHADURA UNISYSTEM PV200R1I - CZ","401089","PARAFUSO MET M3 X 8MM CH PHS ZI","2"
"1201149","FECHADURA UNISYSTEM PV200R1I - CZ","401100","PARAFUSO M3 X 12 CC. PH - ZI","1"
"1201149","FECHADURA UNISYSTEM PV200R1I - CZ","401101","PARAFUSO M3.5 X 6 CH. PH - ZI","4"
"1201149","FECHADURA UNISYSTEM PV200R1I - CZ","401102","PARAFUSO M4 X 8 CH. PH MET - ZI","5"
"1201149","FECHADURA UNISYSTEM PV200R1I - CZ","403013","MOLA DE RETORNO DA MAÇANETA FECHADURA PV","1"
"1201149","FECHADURA UNISYSTEM PV200R1I - CZ","403014","MOLA DE RETORNO DA TRAVA MAIOR","1"
"1201149","FECHADURA UNISYSTEM PV200R1I - CZ","403016","MOLA DE RETORNO DO DISPOSITIVO DE MEMORIA","1"
"1201149","FECHADURA UNISYSTEM PV200R1I - CZ","403017","MOLA DE RETORNO DO ROTOR","1"
"1201149","FECHADURA UNISYSTEM PV200R1I - CZ","403018","MOLA DE RETORNO DA TRAVA MENOR","1"
"1201149","FECHADURA UNISYSTEM PV200R1I - CZ","403022","MOLA PV200 RETORNO DA LINGUETA","1"
"1201149","FECHADURA UNISYSTEM PV200R1I - CZ","403025","MOLA DO ARIETE","1"
"1201149","FECHADURA UNISYSTEM PV200R1I - CZ","404015","CONJUNTO CILINDRO FECHADURA PORTA DE VIDRO 1 CIL.","1"
"1201149","FECHADURA UNISYSTEM PV200R1I - CZ","708018","CORPO DO ARIETE 4,76 X 29MM C/ DIAM 1,6MM - ZINCADO","1"
"1201149","FECHADURA UNISYSTEM PV200R1I - CZ","708021","LUVA DO ARIETE 10MM - ZINCADO","1"
"1201149","FECHADURA UNISYSTEM PV200R1I - CZ","801208","EIXO DO ROTOR - ZINCADO","1"
"1201149","FECHADURA UNISYSTEM PV200R1I - CZ","804210","ARRUELA MAÇANETA PV","1"
"1201149","FECHADURA UNISYSTEM PV200R1I - CZ","804321","CARRETEL DO FECHO","1"
"1201149","FECHADURA UNISYSTEM PV200R1I - CZ","804323","ACABAMENTO RECORTE PV","1"
"1201149","FECHADURA UNISYSTEM PV200R1I - CZ","804324","BLOQUEIO DE CARTÃO PV","1"
"1201149","FECHADURA UNISYSTEM PV200R1I - CZ","804428","SOQUETE DO FECHO ELETRICO","1"
"1201149","FECHADURA UNISYSTEM PV200R1I - CZ","804468","PONTA DO ARIETE 2,55 X 26MM","1"
"1201149","FECHADURA UNISYSTEM PV200R1I - CZ","805087","NARIZ CILINDRO PV200 - ZINCADO","1"
"1201149","FECHADURA UNISYSTEM PV200R1I - CZ","805089","BASE FIXAÇÃO MAÇANETA","1"
"1201149","FECHADURA UNISYSTEM PV200R1I - CZ","806082","TERMINAL DE LATÃO DO SOQUETE","2"
"1201149","FECHADURA UNISYSTEM PV200R1I - CZ","807002","TRAVA MENOR FECHO PV","1"
"1201149","FECHADURA UNISYSTEM PV200R1I - CZ","807003","TRAVA MAIOR FECHO PV","1"
"1201149","FECHADURA UNISYSTEM PV200R1I - CZ","807049","DISPOSITIVO DE MEMORIA FECHO PV - ZINCADO","1"
"1201149","FECHADURA UNISYSTEM PV200R1I - CZ","807069","LINGUETA DAS FECHADURAS PV","1"
"1201149","FECHADURA UNISYSTEM PV200R1I - CZ","807088","ROTOR DO FECHO","1"
"1201149","FECHADURA UNISYSTEM PV200R1I - CZ","701084","CAIXA DO FECHO - BRUTO","1"
"1201149","FECHADURA UNISYSTEM PV200R1I - CZ","807102","BLINDAGEM DO FECHO","1"
"1201149","FECHADURA UNISYSTEM PV200R1I - CZ","807105","TRATOR MAÇANETA PV - ZINCADO","1"
"1201149","FECHADURA UNISYSTEM PV200R1I - CZ","807106","TAMPA DO FECHO DE METAL","1"
"1201149","FECHADURA UNISYSTEM PV200R1I - CZ","807138","VERGALHÃO QUADRADO 8MM PV - ZINCADO","1"
"1201149","FECHADURA UNISYSTEM PV200R1I - CZ","811277","ETIQUETA ADES. COUCHE 20MM X 15MM X 04 CAR","1"
"1201149","FECHADURA UNISYSTEM PV200R1I - CZ","811310","ETIQUETA ADES. COUCHE 33MM X 21MM X 03 CAR","1"
"1201149","FECHADURA UNISYSTEM PV200R1I - CZ","811762","SACO ZIP PADRAO - 05X07","1"
"1201149","FECHADURA UNISYSTEM PV200R1I - CZ","811700","CAIXA FECHADURA ELETRICA P/ PORTAS DE VIDRO AGL 13,2 X 11,7 X 11,4","1"
"1201149","FECHADURA UNISYSTEM PV200R1I - CZ","807053","BUCHA REDONDA FECHADURA PV -CROMADA","2"
"1201149","FECHADURA UNISYSTEM PV200R1I - CZ","811322","ETIQUETA ADES. BOPP 40MM X 40MM  BRANCA Bt759","1"
"1201149","FECHADURA UNISYSTEM PV200R1I - CZ","807098","FUNDO ALUMINIO LINGUETA PV200RF1I/E - CINZA","1"
"1201149","FECHADURA UNISYSTEM PV200R1I - CZ","810035","ACABAMENTO MAÇANETA BOLA - CROMADO","1"
"1201149","FECHADURA UNISYSTEM PV200R1I - CZ","103760","FIO COBRE ESMALTADO 155 TS 30 AWG","0,010787"
"1201149","FECHADURA UNISYSTEM PV200R1I - CZ","801240","PINO DA CAIXINHA DO FECHO - ZINCADO","1"
"1201149","FECHADURA UNISYSTEM PV200R1I - CZ","811681","AGL SOLAPA PORTA VIDRO 10,5 X 29,5 - CALÇO PV200","1"
"1201150","FECHADURA UNISYSTEM PV200R2I - CZ","806004","CHAPA FECHO PVR2I - CROMADA","1"
"1201150","FECHADURA UNISYSTEM PV200R2I - CZ","806019","CHAPA S/ PUXADOR PV200R2I - CROMADO","1"
"1201150","FECHADURA UNISYSTEM PV200R2I - CZ","805076","ALUMINIO FECHADURA PV 200","1"
"1201150","FECHADURA UNISYSTEM PV200R2I - CZ","806045","ALUMINIO DO BATENTE PVRF2E","1"
"1201150","FECHADURA UNISYSTEM PV200R2I - CZ","807052","MAÇANETA BOLA - CROMADA","1"
"1201150","FECHADURA UNISYSTEM PV200R2I - CZ","807090","FUNDO ALUMINIO LINGUETA PV200RF2I - CINZA","1"
"1201150","FECHADURA UNISYSTEM PV200R2I - CZ","807094","FUNDO ALUMINIO FECHO PV200RF2I - CINZA","1"
"1201150","FECHADURA UNISYSTEM PV200R2I - CZ","401008","PARAFUSO PLASTIC PAN PHILLIPS 3 X 8 ZB","2"
"1201150","FECHADURA UNISYSTEM PV200R2I - CZ","401023","PARAFUSO MET M3.5 X 8 CH. PH - ZI","4"
"1201150","FECHADURA UNISYSTEM PV200R2I - CZ","401034","PARAFUSO PLASTIC 3 X 6 CH. PH - ZI","2"
"1201150","FECHADURA UNISYSTEM PV200R2I - CZ","401083","PF MET CH PHS M4X12MM ZI","4"
"1201150","FECHADURA UNISYSTEM PV200R2I - CZ","401089","PARAFUSO MET M3 X 8MM CH PHS ZI","2"
"1201150","FECHADURA UNISYSTEM PV200R2I - CZ","401100","PARAFUSO M3 X 12 CC. PH - ZI","1"
"1201150","FECHADURA UNISYSTEM PV200R2I - CZ","401101","PARAFUSO M3.5 X 6 CH. PH - ZI","8"
"1201150","FECHADURA UNISYSTEM PV200R2I - CZ","401102","PARAFUSO M4 X 8 CH. PH MET - ZI","5"
"1201150","FECHADURA UNISYSTEM PV200R2I - CZ","403013","MOLA DE RETORNO DA MAÇANETA FECHADURA PV","1"
"1201150","FECHADURA UNISYSTEM PV200R2I - CZ","403014","MOLA DE RETORNO DA TRAVA MAIOR","1"
"1201150","FECHADURA UNISYSTEM PV200R2I - CZ","403016","MOLA DE RETORNO DO DISPOSITIVO DE MEMORIA","1"
"1201150","FECHADURA UNISYSTEM PV200R2I - CZ","403017","MOLA DE RETORNO DO ROTOR","1"
"1201150","FECHADURA UNISYSTEM PV200R2I - CZ","403018","MOLA DE RETORNO DA TRAVA MENOR","1"
"1201150","FECHADURA UNISYSTEM PV200R2I - CZ","403022","MOLA PV200 RETORNO DA LINGUETA","1"
"1201150","FECHADURA UNISYSTEM PV200R2I - CZ","403025","MOLA DO ARIETE","1"
"1201150","FECHADURA UNISYSTEM PV200R2I - CZ","404015","CONJUNTO CILINDRO FECHADURA PORTA DE VIDRO 1 CIL.","1"
"1201150","FECHADURA UNISYSTEM PV200R2I - CZ","708018","CORPO DO ARIETE 4,76 X 29MM C/ DIAM 1,6MM - ZINCADO","1"
"1201150","FECHADURA UNISYSTEM PV200R2I - CZ","708021","LUVA DO ARIETE 10MM - ZINCADO","1"
"1201150","FECHADURA UNISYSTEM PV200R2I - CZ","801208","EIXO DO ROTOR - ZINCADO","1"
"1201150","FECHADURA UNISYSTEM PV200R2I - CZ","804210","ARRUELA MAÇANETA PV","1"
"1201150","FECHADURA UNISYSTEM PV200R2I - CZ","804306","TAMPA PLASTICA DO FECHO","1"
"1201150","FECHADURA UNISYSTEM PV200R2I - CZ","804321","CARRETEL DO FECHO","1"
"1201150","FECHADURA UNISYSTEM PV200R2I - CZ","804323","ACABAMENTO RECORTE PV","1"
"1201150","FECHADURA UNISYSTEM PV200R2I - CZ","804428","SOQUETE DO FECHO ELETRICO","1"
"1201150","FECHADURA UNISYSTEM PV200R2I - CZ","804468","PONTA DO ARIETE 2,55 X 26MM","1"
"1201150","FECHADURA UNISYSTEM PV200R2I - CZ","805087","NARIZ CILINDRO PV200 - ZINCADO","1"
"1201150","FECHADURA UNISYSTEM PV200R2I - CZ","805089","BASE FIXAÇÃO MAÇANETA","1"
"1201150","FECHADURA UNISYSTEM PV200R2I - CZ","806082","TERMINAL DE LATÃO DO SOQUETE","2"
"1201150","FECHADURA UNISYSTEM PV200R2I - CZ","807002","TRAVA MENOR FECHO PV","1"
"1201150","FECHADURA UNISYSTEM PV200R2I - CZ","807003","TRAVA MAIOR FECHO PV","1"
"1201150","FECHADURA UNISYSTEM PV200R2I - CZ","807049","DISPOSITIVO DE MEMORIA FECHO PV - ZINCADO","1"
"1201150","FECHADURA UNISYSTEM PV200R2I - CZ","807069","LINGUETA DAS FECHADURAS PV","1"
"1201150","FECHADURA UNISYSTEM PV200R2I - CZ","807088","ROTOR DO FECHO","1"
"1201150","FECHADURA UNISYSTEM PV200R2I - CZ","701084","CAIXA DO FECHO - BRUTO","1"
"1201150","FECHADURA UNISYSTEM PV200R2I - CZ","807102","BLINDAGEM DO FECHO","1"
"1201150","FECHADURA UNISYSTEM PV200R2I - CZ","807105","TRATOR MAÇANETA PV - ZINCADO","1"
"1201150","FECHADURA UNISYSTEM PV200R2I - CZ","807138","VERGALHÃO QUADRADO 8MM PV - ZINCADO","1"
"1201150","FECHADURA UNISYSTEM PV200R2I - CZ","811277","ETIQUETA ADES. COUCHE 20MM X 15MM X 04 CAR","1"
"1201150","FECHADURA UNISYSTEM PV200R2I - CZ","811310","ETIQUETA ADES. COUCHE 33MM X 21MM X 03 CAR","1"
"1201150","FECHADURA UNISYSTEM PV200R2I - CZ","811762","SACO ZIP PADRAO - 05X07","1"
"1201150","FECHADURA UNISYSTEM PV200R2I - CZ","807053","BUCHA REDONDA FECHADURA PV -CROMADA","2"
"1201150","FECHADURA UNISYSTEM PV200R2I - CZ","811322","ETIQUETA ADES. BOPP 40MM X 40MM  BRANCA Bt759","1"
"1201150","FECHADURA UNISYSTEM PV200R2I - CZ","810035","ACABAMENTO MAÇANETA BOLA - CROMADO","1"
"1201150","FECHADURA UNISYSTEM PV200R2I - CZ","811701","CAIXA FECHADURA ELETRICA P/ PORTAS DE VIDRO BRANCA 10,5 X 29,5","1"
"1201150","FECHADURA UNISYSTEM PV200R2I - CZ","103760","FIO COBRE ESMALTADO 155 TS 30 AWG","0,010787"
"1201150","FECHADURA UNISYSTEM PV200R2I - CZ","801240","PINO DA CAIXINHA DO FECHO - ZINCADO","1"
"1201150","FECHADURA UNISYSTEM PV200R2I - CZ","811681","AGL SOLAPA PORTA VIDRO 10,5 X 29,5 - CALÇO PV200","1"
"1201151","FECHADURA PADO PVR2E - CZ","806016","CHAPA FECHO PVR2E - CROMADA","1"
"1201151","FECHADURA PADO PVR2E - CZ","806011","FUNDO ZAMAC LINGUETA PVRF2E - CINZA","1"
"1201151","FECHADURA PADO PVR2E - CZ","807077","FUNDO ZAMAC FECHO PV R/F 2E - CINZA","1"
"1201151","FECHADURA PADO PVR2E - CZ","806042","ALUMINIO FECHADURA PVRF2E","1"
"1201151","FECHADURA PADO PVR2E - CZ","806045","ALUMINIO DO BATENTE PVRF2E","1"
"1201151","FECHADURA PADO PVR2E - CZ","401008","PARAFUSO PLASTIC PAN PHILLIPS 3 X 8 ZB","2"
"1201151","FECHADURA PADO PVR2E - CZ","401023","PARAFUSO MET M3.5 X 8 CH. PH - ZI","8"
"1201151","FECHADURA PADO PVR2E - CZ","401034","PARAFUSO PLASTIC 3 X 6 CH. PH - ZI","2"
"1201151","FECHADURA PADO PVR2E - CZ","401083","PF MET CH PHS M4X12MM ZI","4"
"1201151","FECHADURA PADO PVR2E - CZ","401089","PARAFUSO MET M3 X 8MM CH PHS ZI","2"
"1201151","FECHADURA PADO PVR2E - CZ","401100","PARAFUSO M3 X 12 CC. PH - ZI","1"
"1201151","FECHADURA PADO PVR2E - CZ","401101","PARAFUSO M3.5 X 6 CH. PH - ZI","8"
"1201151","FECHADURA PADO PVR2E - CZ","403013","MOLA DE RETORNO DA MAÇANETA FECHADURA PV","1"
"1201151","FECHADURA PADO PVR2E - CZ","403014","MOLA DE RETORNO DA TRAVA MAIOR","1"
"1201151","FECHADURA PADO PVR2E - CZ","403016","MOLA DE RETORNO DO DISPOSITIVO DE MEMORIA","1"
"1201151","FECHADURA PADO PVR2E - CZ","403017","MOLA DE RETORNO DO ROTOR","1"
"1201151","FECHADURA PADO PVR2E - CZ","403018","MOLA DE RETORNO DA TRAVA MENOR","1"
"1201151","FECHADURA PADO PVR2E - CZ","403025","MOLA DO ARIETE","1"
"1201151","FECHADURA PADO PVR2E - CZ","404015","CONJUNTO CILINDRO FECHADURA PORTA DE VIDRO 1 CIL.","1"
"1201151","FECHADURA PADO PVR2E - CZ","708018","CORPO DO ARIETE 4,76 X 29MM C/ DIAM 1,6MM - ZINCADO","1"
"1201151","FECHADURA PADO PVR2E - CZ","708021","LUVA DO ARIETE 10MM - ZINCADO","1"
"1201151","FECHADURA PADO PVR2E - CZ","801208","EIXO DO ROTOR - ZINCADO","1"
"1201151","FECHADURA PADO PVR2E - CZ","804321","CARRETEL DO FECHO","1"
"1201151","FECHADURA PADO PVR2E - CZ","804323","ACABAMENTO RECORTE PV","2"
"1201151","FECHADURA PADO PVR2E - CZ","804428","SOQUETE DO FECHO ELETRICO","1"
"1201151","FECHADURA PADO PVR2E - CZ","804468","PONTA DO ARIETE 2,55 X 26MM","1"
"1201151","FECHADURA PADO PVR2E - CZ","805088","NARIZ CILINDRO PVR - ZINCADO","1"
"1201151","FECHADURA PADO PVR2E - CZ","805089","BASE FIXAÇÃO MAÇANETA","1"
"1201151","FECHADURA PADO PVR2E - CZ","806008","CHAPA PUXADOR PV200R2E P/ 1 OU 2 CILINDROS (MAIOR)","1"
"1201151","FECHADURA PADO PVR2E - CZ","806082","TERMINAL DE LATÃO DO SOQUETE","2"
"1201151","FECHADURA PADO PVR2E - CZ","807002","TRAVA MENOR FECHO PV","1"
"1201151","FECHADURA PADO PVR2E - CZ","807003","TRAVA MAIOR FECHO PV","1"
"1201151","FECHADURA PADO PVR2E - CZ","807049","DISPOSITIVO DE MEMORIA FECHO PV - ZINCADO","1"
"1201151","FECHADURA PADO PVR2E - CZ","807069","LINGUETA DAS FECHADURAS PV","1"
"1201151","FECHADURA PADO PVR2E - CZ","807088","ROTOR DO FECHO","1"
"1201151","FECHADURA PADO PVR2E - CZ","701084","CAIXA DO FECHO - BRUTO","1"
"1201151","FECHADURA PADO PVR2E - CZ","807102","BLINDAGEM DO FECHO","1"
"1201151","FECHADURA PADO PVR2E - CZ","807105","TRATOR MAÇANETA PV - ZINCADO","1"
"1201151","FECHADURA PADO PVR2E - CZ","807106","TAMPA DO FECHO DE METAL","1"
"1201151","FECHADURA PADO PVR2E - CZ","807138","VERGALHÃO QUADRADO 8MM PV - ZINCADO","1"
"1201151","FECHADURA PADO PVR2E - CZ","811277","ETIQUETA ADES. COUCHE 20MM X 15MM X 04 CAR","1"
"1201151","FECHADURA PADO PVR2E - CZ","811310","ETIQUETA ADES. COUCHE 33MM X 21MM X 03 CAR","1"
"1201151","FECHADURA PADO PVR2E - CZ","811762","SACO ZIP PADRAO - 05X07","1"
"1201151","FECHADURA PADO PVR2E - CZ","811700","CAIXA FECHADURA ELETRICA P/ PORTAS DE VIDRO AGL 13,2 X 11,7 X 11,4","1"
"1201151","FECHADURA PADO PVR2E - CZ","807053","BUCHA REDONDA FECHADURA PV -CROMADA","2"
"1201151","FECHADURA PADO PVR2E - CZ","811322","ETIQUETA ADES. BOPP 40MM X 40MM  BRANCA Bt759","1"
"1201151","FECHADURA PADO PVR2E - CZ","807056","MAÇANETA ALAVANCA - CROMADA","1"
"1201151","FECHADURA PADO PVR2E - CZ","103760","FIO COBRE ESMALTADO 155 TS 30 AWG","0,010787"
"1201151","FECHADURA PADO PVR2E - CZ","801240","PINO DA CAIXINHA DO FECHO - ZINCADO","1"
"1201151","FECHADURA PADO PVR2E - CZ","403070","MOLA PVR RETORNO DA LINGUETA","1"
"1201151","FECHADURA PADO PVR2E - CZ","811681","AGL SOLAPA PORTA VIDRO 10,5 X 29,5 - CALÇO PV200","1"
"1201152","FECHADURA PADO PV200R1E - CZ","805076","ALUMINIO FECHADURA PV 200","1"
"1201152","FECHADURA PADO PV200R1E - CZ","806036","CHAPA BATENTE PV200RF1E - CROMADO","1"
"1201152","FECHADURA PADO PV200R1E - CZ","401002","PARAFUSO 3.5 X 13 A/A CH. PH - ZI","4"
"1201152","FECHADURA PADO PV200R1E - CZ","401008","PARAFUSO PLASTIC PAN PHILLIPS 3 X 8 ZB","2"
"1201152","FECHADURA PADO PV200R1E - CZ","401023","PARAFUSO MET M3.5 X 8 CH. PH - ZI","4"
"1201152","FECHADURA PADO PV200R1E - CZ","401034","PARAFUSO PLASTIC 3 X 6 CH. PH - ZI","2"
"1201152","FECHADURA PADO PV200R1E - CZ","401083","PF MET CH PHS M4X12MM ZI","2"
"1201152","FECHADURA PADO PV200R1E - CZ","401089","PARAFUSO MET M3 X 8MM CH PHS ZI","4"
"1201152","FECHADURA PADO PV200R1E - CZ","401100","PARAFUSO M3 X 12 CC. PH - ZI","1"
"1201152","FECHADURA PADO PV200R1E - CZ","401101","PARAFUSO M3.5 X 6 CH. PH - ZI","4"
"1201152","FECHADURA PADO PV200R1E - CZ","401102","PARAFUSO M4 X 8 CH. PH MET - ZI","5"
"1201152","FECHADURA PADO PV200R1E - CZ","403013","MOLA DE RETORNO DA MAÇANETA FECHADURA PV","1"
"1201152","FECHADURA PADO PV200R1E - CZ","403014","MOLA DE RETORNO DA TRAVA MAIOR","1"
"1201152","FECHADURA PADO PV200R1E - CZ","403016","MOLA DE RETORNO DO DISPOSITIVO DE MEMORIA","1"
"1201152","FECHADURA PADO PV200R1E - CZ","403017","MOLA DE RETORNO DO ROTOR","1"
"1201152","FECHADURA PADO PV200R1E - CZ","403018","MOLA DE RETORNO DA TRAVA MENOR","1"
"1201152","FECHADURA PADO PV200R1E - CZ","403022","MOLA PV200 RETORNO DA LINGUETA","1"
"1201152","FECHADURA PADO PV200R1E - CZ","403025","MOLA DO ARIETE","1"
"1201152","FECHADURA PADO PV200R1E - CZ","404015","CONJUNTO CILINDRO FECHADURA PORTA DE VIDRO 1 CIL.","1"
"1201152","FECHADURA PADO PV200R1E - CZ","708018","CORPO DO ARIETE 4,76 X 29MM C/ DIAM 1,6MM - ZINCADO","1"
"1201152","FECHADURA PADO PV200R1E - CZ","708021","LUVA DO ARIETE 10MM - ZINCADO","1"
"1201152","FECHADURA PADO PV200R1E - CZ","801208","EIXO DO ROTOR - ZINCADO","1"
"1201152","FECHADURA PADO PV200R1E - CZ","804210","ARRUELA MAÇANETA PV","1"
"1201152","FECHADURA PADO PV200R1E - CZ","804212","ENCOSTO PARA CHAPA DO BATENTE PV","1"
"1201152","FECHADURA PADO PV200R1E - CZ","804321","CARRETEL DO FECHO","1"
"1201152","FECHADURA PADO PV200R1E - CZ","804323","ACABAMENTO RECORTE PV","1"
"1201152","FECHADURA PADO PV200R1E - CZ","804428","SOQUETE DO FECHO ELETRICO","1"
"1201152","FECHADURA PADO PV200R1E - CZ","804468","PONTA DO ARIETE 2,55 X 26MM","1"
"1201152","FECHADURA PADO PV200R1E - CZ","805088","NARIZ CILINDRO PVR - ZINCADO","1"
"1201152","FECHADURA PADO PV200R1E - CZ","805089","BASE FIXAÇÃO MAÇANETA","1"
"1201152","FECHADURA PADO PV200R1E - CZ","806055","CHAPA PUXADOR PV200R1I/E P/ 1 OU 2 CILINDROS (MAIOR)","2"
"1201152","FECHADURA PADO PV200R1E - CZ","806082","TERMINAL DE LATÃO DO SOQUETE","2"
"1201152","FECHADURA PADO PV200R1E - CZ","807002","TRAVA MENOR FECHO PV","1"
"1201152","FECHADURA PADO PV200R1E - CZ","807003","TRAVA MAIOR FECHO PV","1"
"1201152","FECHADURA PADO PV200R1E - CZ","807049","DISPOSITIVO DE MEMORIA FECHO PV - ZINCADO","1"
"1201152","FECHADURA PADO PV200R1E - CZ","807069","LINGUETA DAS FECHADURAS PV","1"
"1201152","FECHADURA PADO PV200R1E - CZ","807088","ROTOR DO FECHO","1"
"1201152","FECHADURA PADO PV200R1E - CZ","701084","CAIXA DO FECHO - BRUTO","1"
"1201152","FECHADURA PADO PV200R1E - CZ","807102","BLINDAGEM DO FECHO","1"
"1201152","FECHADURA PADO PV200R1E - CZ","807105","TRATOR MAÇANETA PV - ZINCADO","1"
"1201152","FECHADURA PADO PV200R1E - CZ","807106","TAMPA DO FECHO DE METAL","1"
"1201152","FECHADURA PADO PV200R1E - CZ","807138","VERGALHÃO QUADRADO 8MM PV - ZINCADO","1"
"1201152","FECHADURA PADO PV200R1E - CZ","811277","ETIQUETA ADES. COUCHE 20MM X 15MM X 04 CAR","1"
"1201152","FECHADURA PADO PV200R1E - CZ","811310","ETIQUETA ADES. COUCHE 33MM X 21MM X 03 CAR","1"
"1201152","FECHADURA PADO PV200R1E - CZ","811762","SACO ZIP PADRAO - 05X07","1"
"1201152","FECHADURA PADO PV200R1E - CZ","811700","CAIXA FECHADURA ELETRICA P/ PORTAS DE VIDRO AGL 13,2 X 11,7 X 11,4","1"
"1201152","FECHADURA PADO PV200R1E - CZ","807053","BUCHA REDONDA FECHADURA PV -CROMADA","2"
"1201152","FECHADURA PADO PV200R1E - CZ","807053","BUCHA REDONDA FECHADURA PV -CROMADA","1"
"1201152","FECHADURA PADO PV200R1E - CZ","811322","ETIQUETA ADES. BOPP 40MM X 40MM  BRANCA Bt759","1"
"1201152","FECHADURA PADO PV200R1E - CZ","807098","FUNDO ALUMINIO LINGUETA PV200RF1I/E - CINZA","1"
"1201152","FECHADURA PADO PV200R1E - CZ","807056","MAÇANETA ALAVANCA - CROMADA","1"
"1201152","FECHADURA PADO PV200R1E - CZ","103760","FIO COBRE ESMALTADO 155 TS 30 AWG","0,010787"
"1201152","FECHADURA PADO PV200R1E - CZ","801240","PINO DA CAIXINHA DO FECHO - ZINCADO","1"
"1201152","FECHADURA PADO PV200R1E - CZ","811681","AGL SOLAPA PORTA VIDRO 10,5 X 29,5 - CALÇO PV200","1"
"1201153","FECHADURA PADO PV200R2I - CZ","806004","CHAPA FECHO PVR2I - CROMADA","1"
"1201153","FECHADURA PADO PV200R2I - CZ","806019","CHAPA S/ PUXADOR PV200R2I - CROMADO","1"
"1201153","FECHADURA PADO PV200R2I - CZ","805076","ALUMINIO FECHADURA PV 200","1"
"1201153","FECHADURA PADO PV200R2I - CZ","806045","ALUMINIO DO BATENTE PVRF2E","1"
"1201153","FECHADURA PADO PV200R2I - CZ","807052","MAÇANETA BOLA - CROMADA","1"
"1201153","FECHADURA PADO PV200R2I - CZ","807090","FUNDO ALUMINIO LINGUETA PV200RF2I - CINZA","1"
"1201153","FECHADURA PADO PV200R2I - CZ","807094","FUNDO ALUMINIO FECHO PV200RF2I - CINZA","1"
"1201153","FECHADURA PADO PV200R2I - CZ","401008","PARAFUSO PLASTIC PAN PHILLIPS 3 X 8 ZB","2"
"1201153","FECHADURA PADO PV200R2I - CZ","401023","PARAFUSO MET M3.5 X 8 CH. PH - ZI","4"
"1201153","FECHADURA PADO PV200R2I - CZ","401034","PARAFUSO PLASTIC 3 X 6 CH. PH - ZI","2"
"1201153","FECHADURA PADO PV200R2I - CZ","401083","PF MET CH PHS M4X12MM ZI","4"
"1201153","FECHADURA PADO PV200R2I - CZ","401089","PARAFUSO MET M3 X 8MM CH PHS ZI","2"
"1201153","FECHADURA PADO PV200R2I - CZ","401100","PARAFUSO M3 X 12 CC. PH - ZI","1"
"1201153","FECHADURA PADO PV200R2I - CZ","401101","PARAFUSO M3.5 X 6 CH. PH - ZI","8"
"1201153","FECHADURA PADO PV200R2I - CZ","401102","PARAFUSO M4 X 8 CH. PH MET - ZI","5"
"1201153","FECHADURA PADO PV200R2I - CZ","403013","MOLA DE RETORNO DA MAÇANETA FECHADURA PV","1"
"1201153","FECHADURA PADO PV200R2I - CZ","403014","MOLA DE RETORNO DA TRAVA MAIOR","1"
"1201153","FECHADURA PADO PV200R2I - CZ","403016","MOLA DE RETORNO DO DISPOSITIVO DE MEMORIA","1"
"1201153","FECHADURA PADO PV200R2I - CZ","403017","MOLA DE RETORNO DO ROTOR","1"
"1201153","FECHADURA PADO PV200R2I - CZ","403018","MOLA DE RETORNO DA TRAVA MENOR","1"
"1201153","FECHADURA PADO PV200R2I - CZ","403022","MOLA PV200 RETORNO DA LINGUETA","1"
"1201153","FECHADURA PADO PV200R2I - CZ","403025","MOLA DO ARIETE","1"
"1201153","FECHADURA PADO PV200R2I - CZ","404015","CONJUNTO CILINDRO FECHADURA PORTA DE VIDRO 1 CIL.","1"
"1201153","FECHADURA PADO PV200R2I - CZ","708018","CORPO DO ARIETE 4,76 X 29MM C/ DIAM 1,6MM - ZINCADO","1"
"1201153","FECHADURA PADO PV200R2I - CZ","708021","LUVA DO ARIETE 10MM - ZINCADO","1"
"1201153","FECHADURA PADO PV200R2I - CZ","801208","EIXO DO ROTOR - ZINCADO","1"
"1201153","FECHADURA PADO PV200R2I - CZ","804210","ARRUELA MAÇANETA PV","1"
"1201153","FECHADURA PADO PV200R2I - CZ","804306","TAMPA PLASTICA DO FECHO","1"
"1201153","FECHADURA PADO PV200R2I - CZ","804321","CARRETEL DO FECHO","1"
"1201153","FECHADURA PADO PV200R2I - CZ","804323","ACABAMENTO RECORTE PV","1"
"1201153","FECHADURA PADO PV200R2I - CZ","804428","SOQUETE DO FECHO ELETRICO","1"
"1201153","FECHADURA PADO PV200R2I - CZ","804468","PONTA DO ARIETE 2,55 X 26MM","1"
"1201153","FECHADURA PADO PV200R2I - CZ","805087","NARIZ CILINDRO PV200 - ZINCADO","1"
"1201153","FECHADURA PADO PV200R2I - CZ","805089","BASE FIXAÇÃO MAÇANETA","1"
"1201153","FECHADURA PADO PV200R2I - CZ","806082","TERMINAL DE LATÃO DO SOQUETE","2"
"1201153","FECHADURA PADO PV200R2I - CZ","807002","TRAVA MENOR FECHO PV","1"
"1201153","FECHADURA PADO PV200R2I - CZ","807003","TRAVA MAIOR FECHO PV","1"
"1201153","FECHADURA PADO PV200R2I - CZ","807049","DISPOSITIVO DE MEMORIA FECHO PV - ZINCADO","1"
"1201153","FECHADURA PADO PV200R2I - CZ","807069","LINGUETA DAS FECHADURAS PV","1"
"1201153","FECHADURA PADO PV200R2I - CZ","807088","ROTOR DO FECHO","1"
"1201153","FECHADURA PADO PV200R2I - CZ","701084","CAIXA DO FECHO - BRUTO","1"
"1201153","FECHADURA PADO PV200R2I - CZ","807102","BLINDAGEM DO FECHO","1"
"1201153","FECHADURA PADO PV200R2I - CZ","807105","TRATOR MAÇANETA PV - ZINCADO","1"
"1201153","FECHADURA PADO PV200R2I - CZ","807138","VERGALHÃO QUADRADO 8MM PV - ZINCADO","1"
"1201153","FECHADURA PADO PV200R2I - CZ","811277","ETIQUETA ADES. COUCHE 20MM X 15MM X 04 CAR","1"
"1201153","FECHADURA PADO PV200R2I - CZ","811310","ETIQUETA ADES. COUCHE 33MM X 21MM X 03 CAR","1"
"1201153","FECHADURA PADO PV200R2I - CZ","811762","SACO ZIP PADRAO - 05X07","1"
"1201153","FECHADURA PADO PV200R2I - CZ","811700","CAIXA FECHADURA ELETRICA P/ PORTAS DE VIDRO AGL 13,2 X 11,7 X 11,4","1"
"1201153","FECHADURA PADO PV200R2I - CZ","807053","BUCHA REDONDA FECHADURA PV -CROMADA","2"
"1201153","FECHADURA PADO PV200R2I - CZ","811322","ETIQUETA ADES. BOPP 40MM X 40MM  BRANCA Bt759","1"
"1201153","FECHADURA PADO PV200R2I - CZ","810035","ACABAMENTO MAÇANETA BOLA - CROMADO","1"
"1201153","FECHADURA PADO PV200R2I - CZ","103760","FIO COBRE ESMALTADO 155 TS 30 AWG","0,010787"
"1201153","FECHADURA PADO PV200R2I - CZ","801240","PINO DA CAIXINHA DO FECHO - ZINCADO","1"
"1201153","FECHADURA PADO PV200R2I - CZ","811681","AGL SOLAPA PORTA VIDRO 10,5 X 29,5 - CALÇO PV200","1"
"1201154","FECHADURA PADO PV200R1I - CZ","806019","CHAPA S/ PUXADOR PV200R2I - CROMADO","1"
"1201154","FECHADURA PADO PV200R1I - CZ","806031","CHAPA BATENTE PV200RF1I - CROMADO","1"
"1201154","FECHADURA PADO PV200R1I - CZ","805076","ALUMINIO FECHADURA PV 200","1"
"1201154","FECHADURA PADO PV200R1I - CZ","807052","MAÇANETA BOLA - CROMADA","1"
"1201154","FECHADURA PADO PV200R1I - CZ","401002","PARAFUSO 3.5 X 13 A/A CH. PH - ZI","4"
"1201154","FECHADURA PADO PV200R1I - CZ","401008","PARAFUSO PLASTIC PAN PHILLIPS 3 X 8 ZB","2"
"1201154","FECHADURA PADO PV200R1I - CZ","401023","PARAFUSO MET M3.5 X 8 CH. PH - ZI","4"
"1201154","FECHADURA PADO PV200R1I - CZ","401034","PARAFUSO PLASTIC 3 X 6 CH. PH - ZI","2"
"1201154","FECHADURA PADO PV200R1I - CZ","401083","PF MET CH PHS M4X12MM ZI","2"
"1201154","FECHADURA PADO PV200R1I - CZ","401089","PARAFUSO MET M3 X 8MM CH PHS ZI","2"
"1201154","FECHADURA PADO PV200R1I - CZ","401100","PARAFUSO M3 X 12 CC. PH - ZI","1"
"1201154","FECHADURA PADO PV200R1I - CZ","401101","PARAFUSO M3.5 X 6 CH. PH - ZI","4"
"1201154","FECHADURA PADO PV200R1I - CZ","401102","PARAFUSO M4 X 8 CH. PH MET - ZI","5"
"1201154","FECHADURA PADO PV200R1I - CZ","403013","MOLA DE RETORNO DA MAÇANETA FECHADURA PV","1"
"1201154","FECHADURA PADO PV200R1I - CZ","403014","MOLA DE RETORNO DA TRAVA MAIOR","1"
"1201154","FECHADURA PADO PV200R1I - CZ","403016","MOLA DE RETORNO DO DISPOSITIVO DE MEMORIA","1"
"1201154","FECHADURA PADO PV200R1I - CZ","403017","MOLA DE RETORNO DO ROTOR","1"
"1201154","FECHADURA PADO PV200R1I - CZ","403018","MOLA DE RETORNO DA TRAVA MENOR","1"
"1201154","FECHADURA PADO PV200R1I - CZ","403022","MOLA PV200 RETORNO DA LINGUETA","1"
"1201154","FECHADURA PADO PV200R1I - CZ","403025","MOLA DO ARIETE","1"
"1201154","FECHADURA PADO PV200R1I - CZ","404015","CONJUNTO CILINDRO FECHADURA PORTA DE VIDRO 1 CIL.","1"
"1201154","FECHADURA PADO PV200R1I - CZ","708018","CORPO DO ARIETE 4,76 X 29MM C/ DIAM 1,6MM - ZINCADO","1"
"1201154","FECHADURA PADO PV200R1I - CZ","708021","LUVA DO ARIETE 10MM - ZINCADO","1"
"1201154","FECHADURA PADO PV200R1I - CZ","801208","EIXO DO ROTOR - ZINCADO","1"
"1201154","FECHADURA PADO PV200R1I - CZ","804210","ARRUELA MAÇANETA PV","1"
"1201154","FECHADURA PADO PV200R1I - CZ","804321","CARRETEL DO FECHO","1"
"1201154","FECHADURA PADO PV200R1I - CZ","804323","ACABAMENTO RECORTE PV","1"
"1201154","FECHADURA PADO PV200R1I - CZ","804324","BLOQUEIO DE CARTÃO PV","1"
"1201154","FECHADURA PADO PV200R1I - CZ","804428","SOQUETE DO FECHO ELETRICO","1"
"1201154","FECHADURA PADO PV200R1I - CZ","804468","PONTA DO ARIETE 2,55 X 26MM","1"
"1201154","FECHADURA PADO PV200R1I - CZ","805087","NARIZ CILINDRO PV200 - ZINCADO","1"
"1201154","FECHADURA PADO PV200R1I - CZ","805089","BASE FIXAÇÃO MAÇANETA","1"
"1201154","FECHADURA PADO PV200R1I - CZ","806082","TERMINAL DE LATÃO DO SOQUETE","2"
"1201154","FECHADURA PADO PV200R1I - CZ","807002","TRAVA MENOR FECHO PV","1"
"1201154","FECHADURA PADO PV200R1I - CZ","807003","TRAVA MAIOR FECHO PV","1"
"1201154","FECHADURA PADO PV200R1I - CZ","807049","DISPOSITIVO DE MEMORIA FECHO PV - ZINCADO","1"
"1201154","FECHADURA PADO PV200R1I - CZ","807069","LINGUETA DAS FECHADURAS PV","1"
"1201154","FECHADURA PADO PV200R1I - CZ","807088","ROTOR DO FECHO","1"
"1201154","FECHADURA PADO PV200R1I - CZ","701084","CAIXA DO FECHO - BRUTO","1"
"1201154","FECHADURA PADO PV200R1I - CZ","807102","BLINDAGEM DO FECHO","1"
"1201154","FECHADURA PADO PV200R1I - CZ","807105","TRATOR MAÇANETA PV - ZINCADO","1"
"1201154","FECHADURA PADO PV200R1I - CZ","807106","TAMPA DO FECHO DE METAL","1"
"1201154","FECHADURA PADO PV200R1I - CZ","807138","VERGALHÃO QUADRADO 8MM PV - ZINCADO","1"
"1201154","FECHADURA PADO PV200R1I - CZ","811277","ETIQUETA ADES. COUCHE 20MM X 15MM X 04 CAR","1"
"1201154","FECHADURA PADO PV200R1I - CZ","811310","ETIQUETA ADES. COUCHE 33MM X 21MM X 03 CAR","1"
"1201154","FECHADURA PADO PV200R1I - CZ","811762","SACO ZIP PADRAO - 05X07","1"
"1201154","FECHADURA PADO PV200R1I - CZ","811700","CAIXA FECHADURA ELETRICA P/ PORTAS DE VIDRO AGL 13,2 X 11,7 X 11,4","1"
"1201154","FECHADURA PADO PV200R1I - CZ","807053","BUCHA REDONDA FECHADURA PV -CROMADA","2"
"1201154","FECHADURA PADO PV200R1I - CZ","811322","ETIQUETA ADES. BOPP 40MM X 40MM  BRANCA Bt759","1"
"1201154","FECHADURA PADO PV200R1I - CZ","807098","FUNDO ALUMINIO LINGUETA PV200RF1I/E - CINZA","1"
"1201154","FECHADURA PADO PV200R1I - CZ","810035","ACABAMENTO MAÇANETA BOLA - CROMADO","1"
"1201154","FECHADURA PADO PV200R1I - CZ","811701","CAIXA FECHADURA ELETRICA P/ PORTAS DE VIDRO BRANCA 10,5 X 29,5","1"
"1201154","FECHADURA PADO PV200R1I - CZ","103760","FIO COBRE ESMALTADO 155 TS 30 AWG","0,010787"
"1201154","FECHADURA PADO PV200R1I - CZ","801240","PINO DA CAIXINHA DO FECHO - ZINCADO","1"
"1201154","FECHADURA PADO PV200R1I - CZ","811681","AGL SOLAPA PORTA VIDRO 10,5 X 29,5 - CALÇO PV200","1"
"1201155","FECHADURA PADO PVF2E - CZ","806011","FUNDO ZAMAC LINGUETA PVRF2E - CINZA","1"
"1201155","FECHADURA PADO PVF2E - CZ","806022","CHAPA FECHO PVF2E - CROMADA","1"
"1201155","FECHADURA PADO PVF2E - CZ","807077","FUNDO ZAMAC FECHO PV R/F 2E - CINZA","1"
"1201155","FECHADURA PADO PVF2E - CZ","806042","ALUMINIO FECHADURA PVRF2E","1"
"1201155","FECHADURA PADO PVF2E - CZ","806045","ALUMINIO DO BATENTE PVRF2E","1"
"1201155","FECHADURA PADO PVF2E - CZ","401008","PARAFUSO PLASTIC PAN PHILLIPS 3 X 8 ZB","2"
"1201155","FECHADURA PADO PVF2E - CZ","401023","PARAFUSO MET M3.5 X 8 CH. PH - ZI","8"
"1201155","FECHADURA PADO PVF2E - CZ","401034","PARAFUSO PLASTIC 3 X 6 CH. PH - ZI","2"
"1201155","FECHADURA PADO PVF2E - CZ","401083","PF MET CH PHS M4X12MM ZI","4"
"1201155","FECHADURA PADO PVF2E - CZ","401089","PARAFUSO MET M3 X 8MM CH PHS ZI","2"
"1201155","FECHADURA PADO PVF2E - CZ","401100","PARAFUSO M3 X 12 CC. PH - ZI","1"
"1201155","FECHADURA PADO PVF2E - CZ","401101","PARAFUSO M3.5 X 6 CH. PH - ZI","8"
"1201155","FECHADURA PADO PVF2E - CZ","401102","PARAFUSO M4 X 8 CH. PH MET - ZI","1"
"1201155","FECHADURA PADO PVF2E - CZ","403013","MOLA DE RETORNO DA MAÇANETA FECHADURA PV","1"
"1201155","FECHADURA PADO PVF2E - CZ","403014","MOLA DE RETORNO DA TRAVA MAIOR","1"
"1201155","FECHADURA PADO PVF2E - CZ","403016","MOLA DE RETORNO DO DISPOSITIVO DE MEMORIA","1"
"1201155","FECHADURA PADO PVF2E - CZ","403017","MOLA DE RETORNO DO ROTOR","1"
"1201155","FECHADURA PADO PVF2E - CZ","403018","MOLA DE RETORNO DA TRAVA MENOR","1"
"1201155","FECHADURA PADO PVF2E - CZ","403025","MOLA DO ARIETE","1"
"1201155","FECHADURA PADO PVF2E - CZ","404015","CONJUNTO CILINDRO FECHADURA PORTA DE VIDRO 1 CIL.","1"
"1201155","FECHADURA PADO PVF2E - CZ","708018","CORPO DO ARIETE 4,76 X 29MM C/ DIAM 1,6MM - ZINCADO","1"
"1201155","FECHADURA PADO PVF2E - CZ","708021","LUVA DO ARIETE 10MM - ZINCADO","1"
"1201155","FECHADURA PADO PVF2E - CZ","801208","EIXO DO ROTOR - ZINCADO","1"
"1201155","FECHADURA PADO PVF2E - CZ","807003","TRAVA MAIOR FECHO PV","1"
"1201155","FECHADURA PADO PVF2E - CZ","807002","TRAVA MENOR FECHO PV","1"
"1201155","FECHADURA PADO PVF2E - CZ","804321","CARRETEL DO FECHO","1"
"1201155","FECHADURA PADO PVF2E - CZ","804428","SOQUETE DO FECHO ELETRICO","1"
"1201155","FECHADURA PADO PVF2E - CZ","804468","PONTA DO ARIETE 2,55 X 26MM","1"
"1201155","FECHADURA PADO PVF2E - CZ","805088","NARIZ CILINDRO PVR - ZINCADO","1"
"1201155","FECHADURA PADO PVF2E - CZ","805089","BASE FIXAÇÃO MAÇANETA","1"
"1201155","FECHADURA PADO PVF2E - CZ","806005","CHAPA PUXADOR PVF2E P/ 1 OU 2 CILINDROS (MAIOR)","1"
"1201155","FECHADURA PADO PVF2E - CZ","806082","TERMINAL DE LATÃO DO SOQUETE","2"
"1201155","FECHADURA PADO PVF2E - CZ","807049","DISPOSITIVO DE MEMORIA FECHO PV - ZINCADO","1"
"1201155","FECHADURA PADO PVF2E - CZ","807069","LINGUETA DAS FECHADURAS PV","1"
"1201155","FECHADURA PADO PVF2E - CZ","807088","ROTOR DO FECHO","1"
"1201155","FECHADURA PADO PVF2E - CZ","701084","CAIXA DO FECHO - BRUTO","1"
"1201155","FECHADURA PADO PVF2E - CZ","807102","BLINDAGEM DO FECHO","1"
"1201155","FECHADURA PADO PVF2E - CZ","807105","TRATOR MAÇANETA PV - ZINCADO","1"
"1201155","FECHADURA PADO PVF2E - CZ","807106","TAMPA DO FECHO DE METAL","1"
"1201155","FECHADURA PADO PVF2E - CZ","807138","VERGALHÃO QUADRADO 8MM PV - ZINCADO","1"
"1201155","FECHADURA PADO PVF2E - CZ","811277","ETIQUETA ADES. COUCHE 20MM X 15MM X 04 CAR","1"
"1201155","FECHADURA PADO PVF2E - CZ","811310","ETIQUETA ADES. COUCHE 33MM X 21MM X 03 CAR","1"
"1201155","FECHADURA PADO PVF2E - CZ","811762","SACO ZIP PADRAO - 05X07","1"
"1201155","FECHADURA PADO PVF2E - CZ","811700","CAIXA FECHADURA ELETRICA P/ PORTAS DE VIDRO AGL 13,2 X 11,7 X 11,4","1"
"1201155","FECHADURA PADO PVF2E - CZ","807053","BUCHA REDONDA FECHADURA PV -CROMADA","2"
"1201155","FECHADURA PADO PVF2E - CZ","811322","ETIQUETA ADES. BOPP 40MM X 40MM  BRANCA Bt759","1"
"1201155","FECHADURA PADO PVF2E - CZ","807056","MAÇANETA ALAVANCA - CROMADA","1"
"1201155","FECHADURA PADO PVF2E - CZ","103760","FIO COBRE ESMALTADO 155 TS 30 AWG","0,010787"
"1201155","FECHADURA PADO PVF2E - CZ","801240","PINO DA CAIXINHA DO FECHO - ZINCADO","1"
"1201155","FECHADURA PADO PVF2E - CZ","811681","AGL SOLAPA PORTA VIDRO 10,5 X 29,5 - CALÇO PV200","1"
"1201156","FECHADURA PADO PV200F1E - CZ","805076","ALUMINIO FECHADURA PV 200","1"
"1201156","FECHADURA PADO PV200F1E - CZ","806036","CHAPA BATENTE PV200RF1E - CROMADO","1"
"1201156","FECHADURA PADO PV200F1E - CZ","401002","PARAFUSO 3.5 X 13 A/A CH. PH - ZI","4"
"1201156","FECHADURA PADO PV200F1E - CZ","401008","PARAFUSO PLASTIC PAN PHILLIPS 3 X 8 ZB","2"
"1201156","FECHADURA PADO PV200F1E - CZ","401023","PARAFUSO MET M3.5 X 8 CH. PH - ZI","4"
"1201156","FECHADURA PADO PV200F1E - CZ","401034","PARAFUSO PLASTIC 3 X 6 CH. PH - ZI","2"
"1201156","FECHADURA PADO PV200F1E - CZ","401083","PF MET CH PHS M4X12MM ZI","2"
"1201156","FECHADURA PADO PV200F1E - CZ","401089","PARAFUSO MET M3 X 8MM CH PHS ZI","4"
"1201156","FECHADURA PADO PV200F1E - CZ","401100","PARAFUSO M3 X 12 CC. PH - ZI","1"
"1201156","FECHADURA PADO PV200F1E - CZ","401101","PARAFUSO M3.5 X 6 CH. PH - ZI","4"
"1201156","FECHADURA PADO PV200F1E - CZ","401102","PARAFUSO M4 X 8 CH. PH MET - ZI","5"
"1201156","FECHADURA PADO PV200F1E - CZ","403013","MOLA DE RETORNO DA MAÇANETA FECHADURA PV","1"
"1201156","FECHADURA PADO PV200F1E - CZ","403014","MOLA DE RETORNO DA TRAVA MAIOR","1"
"1201156","FECHADURA PADO PV200F1E - CZ","403016","MOLA DE RETORNO DO DISPOSITIVO DE MEMORIA","1"
"1201156","FECHADURA PADO PV200F1E - CZ","403017","MOLA DE RETORNO DO ROTOR","1"
"1201156","FECHADURA PADO PV200F1E - CZ","403018","MOLA DE RETORNO DA TRAVA MENOR","1"
"1201156","FECHADURA PADO PV200F1E - CZ","403022","MOLA PV200 RETORNO DA LINGUETA","1"
"1201156","FECHADURA PADO PV200F1E - CZ","403025","MOLA DO ARIETE","1"
"1201156","FECHADURA PADO PV200F1E - CZ","404015","CONJUNTO CILINDRO FECHADURA PORTA DE VIDRO 1 CIL.","1"
"1201156","FECHADURA PADO PV200F1E - CZ","708018","CORPO DO ARIETE 4,76 X 29MM C/ DIAM 1,6MM - ZINCADO","1"
"1201156","FECHADURA PADO PV200F1E - CZ","708021","LUVA DO ARIETE 10MM - ZINCADO","1"
"1201156","FECHADURA PADO PV200F1E - CZ","801208","EIXO DO ROTOR - ZINCADO","1"
"1201156","FECHADURA PADO PV200F1E - CZ","804210","ARRUELA MAÇANETA PV","1"
"1201156","FECHADURA PADO PV200F1E - CZ","804212","ENCOSTO PARA CHAPA DO BATENTE PV","1"
"1201156","FECHADURA PADO PV200F1E - CZ","804321","CARRETEL DO FECHO","1"
"1201156","FECHADURA PADO PV200F1E - CZ","804428","SOQUETE DO FECHO ELETRICO","1"
"1201156","FECHADURA PADO PV200F1E - CZ","804468","PONTA DO ARIETE 2,55 X 26MM","1"
"1201156","FECHADURA PADO PV200F1E - CZ","805087","NARIZ CILINDRO PV200 - ZINCADO","1"
"1201156","FECHADURA PADO PV200F1E - CZ","805089","BASE FIXAÇÃO MAÇANETA","1"
"1201156","FECHADURA PADO PV200F1E - CZ","806035","CHAPA PUXADOR PV200F1I/E P/ 1 OU 2 CILINDROS (MAIOR)","2"
"1201156","FECHADURA PADO PV200F1E - CZ","806082","TERMINAL DE LATÃO DO SOQUETE","2"
"1201156","FECHADURA PADO PV200F1E - CZ","807002","TRAVA MENOR FECHO PV","1"
"1201156","FECHADURA PADO PV200F1E - CZ","807003","TRAVA MAIOR FECHO PV","1"
"1201156","FECHADURA PADO PV200F1E - CZ","807049","DISPOSITIVO DE MEMORIA FECHO PV - ZINCADO","1"
"1201156","FECHADURA PADO PV200F1E - CZ","807069","LINGUETA DAS FECHADURAS PV","1"
"1201156","FECHADURA PADO PV200F1E - CZ","807088","ROTOR DO FECHO","1"
"1201156","FECHADURA PADO PV200F1E - CZ","701084","CAIXA DO FECHO - BRUTO","1"
"1201156","FECHADURA PADO PV200F1E - CZ","807102","BLINDAGEM DO FECHO","1"
"1201156","FECHADURA PADO PV200F1E - CZ","807105","TRATOR MAÇANETA PV - ZINCADO","1"
"1201156","FECHADURA PADO PV200F1E - CZ","807106","TAMPA DO FECHO DE METAL","1"
"1201156","FECHADURA PADO PV200F1E - CZ","807138","VERGALHÃO QUADRADO 8MM PV - ZINCADO","1"
"1201156","FECHADURA PADO PV200F1E - CZ","811277","ETIQUETA ADES. COUCHE 20MM X 15MM X 04 CAR","1"
"1201156","FECHADURA PADO PV200F1E - CZ","811310","ETIQUETA ADES. COUCHE 33MM X 21MM X 03 CAR","1"
"1201156","FECHADURA PADO PV200F1E - CZ","811762","SACO ZIP PADRAO - 05X07","1"
"1201156","FECHADURA PADO PV200F1E - CZ","811700","CAIXA FECHADURA ELETRICA P/ PORTAS DE VIDRO AGL 13,2 X 11,7 X 11,4","1"
"1201156","FECHADURA PADO PV200F1E - CZ","807053","BUCHA REDONDA FECHADURA PV -CROMADA","2"
"1201156","FECHADURA PADO PV200F1E - CZ","807053","BUCHA REDONDA FECHADURA PV -CROMADA","1"
"1201156","FECHADURA PADO PV200F1E - CZ","811322","ETIQUETA ADES. BOPP 40MM X 40MM  BRANCA Bt759","1"
"1201156","FECHADURA PADO PV200F1E - CZ","807098","FUNDO ALUMINIO LINGUETA PV200RF1I/E - CINZA","1"
"1201156","FECHADURA PADO PV200F1E - CZ","807056","MAÇANETA ALAVANCA - CROMADA","1"
"1201156","FECHADURA PADO PV200F1E - CZ","103760","FIO COBRE ESMALTADO 155 TS 30 AWG","0,010787"
"1201156","FECHADURA PADO PV200F1E - CZ","801240","PINO DA CAIXINHA DO FECHO - ZINCADO","1"
"1201156","FECHADURA PADO PV200F1E - CZ","811681","AGL SOLAPA PORTA VIDRO 10,5 X 29,5 - CALÇO PV200","1"
"1201157","FECHADURA PADO PV200F2I - CZ","806007","CHAPA S/ PUXADOR PVF2I - CROMADO","1"
"1201157","FECHADURA PADO PV200F2I - CZ","806022","CHAPA FECHO PVF2E - CROMADA","1"
"1201157","FECHADURA PADO PV200F2I - CZ","805076","ALUMINIO FECHADURA PV 200","1"
"1201157","FECHADURA PADO PV200F2I - CZ","806045","ALUMINIO DO BATENTE PVRF2E","1"
"1201157","FECHADURA PADO PV200F2I - CZ","807052","MAÇANETA BOLA - CROMADA","1"
"1201157","FECHADURA PADO PV200F2I - CZ","807090","FUNDO ALUMINIO LINGUETA PV200RF2I - CINZA","1"
"1201157","FECHADURA PADO PV200F2I - CZ","807094","FUNDO ALUMINIO FECHO PV200RF2I - CINZA","1"
"1201157","FECHADURA PADO PV200F2I - CZ","401008","PARAFUSO PLASTIC PAN PHILLIPS 3 X 8 ZB","2"
"1201157","FECHADURA PADO PV200F2I - CZ","401023","PARAFUSO MET M3.5 X 8 CH. PH - ZI","4"
"1201157","FECHADURA PADO PV200F2I - CZ","401034","PARAFUSO PLASTIC 3 X 6 CH. PH - ZI","2"
"1201157","FECHADURA PADO PV200F2I - CZ","401083","PF MET CH PHS M4X12MM ZI","4"
"1201157","FECHADURA PADO PV200F2I - CZ","401089","PARAFUSO MET M3 X 8MM CH PHS ZI","2"
"1201157","FECHADURA PADO PV200F2I - CZ","401100","PARAFUSO M3 X 12 CC. PH - ZI","1"
"1201157","FECHADURA PADO PV200F2I - CZ","401101","PARAFUSO M3.5 X 6 CH. PH - ZI","8"
"1201157","FECHADURA PADO PV200F2I - CZ","401102","PARAFUSO M4 X 8 CH. PH MET - ZI","5"
"1201157","FECHADURA PADO PV200F2I - CZ","403013","MOLA DE RETORNO DA MAÇANETA FECHADURA PV","1"
"1201157","FECHADURA PADO PV200F2I - CZ","403014","MOLA DE RETORNO DA TRAVA MAIOR","1"
"1201157","FECHADURA PADO PV200F2I - CZ","403016","MOLA DE RETORNO DO DISPOSITIVO DE MEMORIA","1"
"1201157","FECHADURA PADO PV200F2I - CZ","403017","MOLA DE RETORNO DO ROTOR","1"
"1201157","FECHADURA PADO PV200F2I - CZ","403018","MOLA DE RETORNO DA TRAVA MENOR","1"
"1201157","FECHADURA PADO PV200F2I - CZ","403022","MOLA PV200 RETORNO DA LINGUETA","1"
"1201157","FECHADURA PADO PV200F2I - CZ","403025","MOLA DO ARIETE","1"
"1201157","FECHADURA PADO PV200F2I - CZ","404015","CONJUNTO CILINDRO FECHADURA PORTA DE VIDRO 1 CIL.","1"
"1201157","FECHADURA PADO PV200F2I - CZ","708018","CORPO DO ARIETE 4,76 X 29MM C/ DIAM 1,6MM - ZINCADO","1"
"1201157","FECHADURA PADO PV200F2I - CZ","708021","LUVA DO ARIETE 10MM - ZINCADO","1"
"1201157","FECHADURA PADO PV200F2I - CZ","801208","EIXO DO ROTOR - ZINCADO","1"
"1201157","FECHADURA PADO PV200F2I - CZ","804210","ARRUELA MAÇANETA PV","1"
"1201157","FECHADURA PADO PV200F2I - CZ","804306","TAMPA PLASTICA DO FECHO","1"
"1201157","FECHADURA PADO PV200F2I - CZ","804321","CARRETEL DO FECHO","1"
"1201157","FECHADURA PADO PV200F2I - CZ","804428","SOQUETE DO FECHO ELETRICO","1"
"1201157","FECHADURA PADO PV200F2I - CZ","804468","PONTA DO ARIETE 2,55 X 26MM","1"
"1201157","FECHADURA PADO PV200F2I - CZ","805087","NARIZ CILINDRO PV200 - ZINCADO","1"
"1201157","FECHADURA PADO PV200F2I - CZ","805089","BASE FIXAÇÃO MAÇANETA","1"
"1201157","FECHADURA PADO PV200F2I - CZ","806082","TERMINAL DE LATÃO DO SOQUETE","2"
"1201157","FECHADURA PADO PV200F2I - CZ","807002","TRAVA MENOR FECHO PV","1"
"1201157","FECHADURA PADO PV200F2I - CZ","807003","TRAVA MAIOR FECHO PV","1"
"1201157","FECHADURA PADO PV200F2I - CZ","807049","DISPOSITIVO DE MEMORIA FECHO PV - ZINCADO","1"
"1201157","FECHADURA PADO PV200F2I - CZ","807053","BUCHA REDONDA FECHADURA PV -CROMADA","2"
"1201157","FECHADURA PADO PV200F2I - CZ","807069","LINGUETA DAS FECHADURAS PV","1"
"1201157","FECHADURA PADO PV200F2I - CZ","807088","ROTOR DO FECHO","1"
"1201157","FECHADURA PADO PV200F2I - CZ","701084","CAIXA DO FECHO - BRUTO","1"
"1201157","FECHADURA PADO PV200F2I - CZ","807102","BLINDAGEM DO FECHO","1"
"1201157","FECHADURA PADO PV200F2I - CZ","807105","TRATOR MAÇANETA PV - ZINCADO","1"
"1201157","FECHADURA PADO PV200F2I - CZ","807138","VERGALHÃO QUADRADO 8MM PV - ZINCADO","1"
"1201157","FECHADURA PADO PV200F2I - CZ","811277","ETIQUETA ADES. COUCHE 20MM X 15MM X 04 CAR","1"
"1201157","FECHADURA PADO PV200F2I - CZ","811310","ETIQUETA ADES. COUCHE 33MM X 21MM X 03 CAR","1"
"1201157","FECHADURA PADO PV200F2I - CZ","811762","SACO ZIP PADRAO - 05X07","1"
"1201157","FECHADURA PADO PV200F2I - CZ","811700","CAIXA FECHADURA ELETRICA P/ PORTAS DE VIDRO AGL 13,2 X 11,7 X 11,4","1"
"1201157","FECHADURA PADO PV200F2I - CZ","811322","ETIQUETA ADES. BOPP 40MM X 40MM  BRANCA Bt759","1"
"1201157","FECHADURA PADO PV200F2I - CZ","810035","ACABAMENTO MAÇANETA BOLA - CROMADO","1"
"1201157","FECHADURA PADO PV200F2I - CZ","103760","FIO COBRE ESMALTADO 155 TS 30 AWG","0,010787"
"1201157","FECHADURA PADO PV200F2I - CZ","801240","PINO DA CAIXINHA DO FECHO - ZINCADO","1"
"1201157","FECHADURA PADO PV200F2I - CZ","811681","AGL SOLAPA PORTA VIDRO 10,5 X 29,5 - CALÇO PV200","1"
"1201158","FECHADURA PADO PV200F1I - CZ","806028","CHAPA S/ PUXADOR PV200F1I - CROMADO","1"
"1201158","FECHADURA PADO PV200F1I - CZ","806031","CHAPA BATENTE PV200RF1I - CROMADO","1"
"1201158","FECHADURA PADO PV200F1I - CZ","805076","ALUMINIO FECHADURA PV 200","1"
"1201158","FECHADURA PADO PV200F1I - CZ","807052","MAÇANETA BOLA - CROMADA","1"
"1201158","FECHADURA PADO PV200F1I - CZ","401002","PARAFUSO 3.5 X 13 A/A CH. PH - ZI","4"
"1201158","FECHADURA PADO PV200F1I - CZ","401008","PARAFUSO PLASTIC PAN PHILLIPS 3 X 8 ZB","2"
"1201158","FECHADURA PADO PV200F1I - CZ","401023","PARAFUSO MET M3.5 X 8 CH. PH - ZI","4"
"1201158","FECHADURA PADO PV200F1I - CZ","401034","PARAFUSO PLASTIC 3 X 6 CH. PH - ZI","2"
"1201158","FECHADURA PADO PV200F1I - CZ","401083","PF MET CH PHS M4X12MM ZI","2"
"1201158","FECHADURA PADO PV200F1I - CZ","401089","PARAFUSO MET M3 X 8MM CH PHS ZI","2"
"1201158","FECHADURA PADO PV200F1I - CZ","401100","PARAFUSO M3 X 12 CC. PH - ZI","1"
"1201158","FECHADURA PADO PV200F1I - CZ","401101","PARAFUSO M3.5 X 6 CH. PH - ZI","4"
"1201158","FECHADURA PADO PV200F1I - CZ","401102","PARAFUSO M4 X 8 CH. PH MET - ZI","5"
"1201158","FECHADURA PADO PV200F1I - CZ","403013","MOLA DE RETORNO DA MAÇANETA FECHADURA PV","1"
"1201158","FECHADURA PADO PV200F1I - CZ","403014","MOLA DE RETORNO DA TRAVA MAIOR","1"
"1201158","FECHADURA PADO PV200F1I - CZ","403016","MOLA DE RETORNO DO DISPOSITIVO DE MEMORIA","1"
"1201158","FECHADURA PADO PV200F1I - CZ","403017","MOLA DE RETORNO DO ROTOR","1"
"1201158","FECHADURA PADO PV200F1I - CZ","403018","MOLA DE RETORNO DA TRAVA MENOR","1"
"1201158","FECHADURA PADO PV200F1I - CZ","403022","MOLA PV200 RETORNO DA LINGUETA","1"
"1201158","FECHADURA PADO PV200F1I - CZ","403025","MOLA DO ARIETE","1"
"1201158","FECHADURA PADO PV200F1I - CZ","404015","CONJUNTO CILINDRO FECHADURA PORTA DE VIDRO 1 CIL.","1"
"1201158","FECHADURA PADO PV200F1I - CZ","708018","CORPO DO ARIETE 4,76 X 29MM C/ DIAM 1,6MM - ZINCADO","1"
"1201158","FECHADURA PADO PV200F1I - CZ","708021","LUVA DO ARIETE 10MM - ZINCADO","1"
"1201158","FECHADURA PADO PV200F1I - CZ","801208","EIXO DO ROTOR - ZINCADO","1"
"1201158","FECHADURA PADO PV200F1I - CZ","804210","ARRUELA MAÇANETA PV","1"
"1201158","FECHADURA PADO PV200F1I - CZ","804321","CARRETEL DO FECHO","1"
"1201158","FECHADURA PADO PV200F1I - CZ","804324","BLOQUEIO DE CARTÃO PV","1"
"1201158","FECHADURA PADO PV200F1I - CZ","804428","SOQUETE DO FECHO ELETRICO","1"
"1201158","FECHADURA PADO PV200F1I - CZ","804468","PONTA DO ARIETE 2,55 X 26MM","1"
"1201158","FECHADURA PADO PV200F1I - CZ","805087","NARIZ CILINDRO PV200 - ZINCADO","1"
"1201158","FECHADURA PADO PV200F1I - CZ","805089","BASE FIXAÇÃO MAÇANETA","1"
"1201158","FECHADURA PADO PV200F1I - CZ","807053","BUCHA REDONDA FECHADURA PV -CROMADA","2"
"1201158","FECHADURA PADO PV200F1I - CZ","806082","TERMINAL DE LATÃO DO SOQUETE","2"
"1201158","FECHADURA PADO PV200F1I - CZ","807002","TRAVA MENOR FECHO PV","1"
"1201158","FECHADURA PADO PV200F1I - CZ","807003","TRAVA MAIOR FECHO PV","1"
"1201158","FECHADURA PADO PV200F1I - CZ","807049","DISPOSITIVO DE MEMORIA FECHO PV - ZINCADO","1"
"1201158","FECHADURA PADO PV200F1I - CZ","807069","LINGUETA DAS FECHADURAS PV","1"
"1201158","FECHADURA PADO PV200F1I - CZ","807088","ROTOR DO FECHO","1"
"1201158","FECHADURA PADO PV200F1I - CZ","701084","CAIXA DO FECHO - BRUTO","1"
"1201158","FECHADURA PADO PV200F1I - CZ","807102","BLINDAGEM DO FECHO","1"
"1201158","FECHADURA PADO PV200F1I - CZ","807105","TRATOR MAÇANETA PV - ZINCADO","1"
"1201158","FECHADURA PADO PV200F1I - CZ","807106","TAMPA DO FECHO DE METAL","1"
"1201158","FECHADURA PADO PV200F1I - CZ","807138","VERGALHÃO QUADRADO 8MM PV - ZINCADO","1"
"1201158","FECHADURA PADO PV200F1I - CZ","811277","ETIQUETA ADES. COUCHE 20MM X 15MM X 04 CAR","1"
"1201158","FECHADURA PADO PV200F1I - CZ","811310","ETIQUETA ADES. COUCHE 33MM X 21MM X 03 CAR","1"
"1201158","FECHADURA PADO PV200F1I - CZ","811762","SACO ZIP PADRAO - 05X07","1"
"1201158","FECHADURA PADO PV200F1I - CZ","811700","CAIXA FECHADURA ELETRICA P/ PORTAS DE VIDRO AGL 13,2 X 11,7 X 11,4","1"
"1201158","FECHADURA PADO PV200F1I - CZ","811322","ETIQUETA ADES. BOPP 40MM X 40MM  BRANCA Bt759","1"
"1201158","FECHADURA PADO PV200F1I - CZ","807098","FUNDO ALUMINIO LINGUETA PV200RF1I/E - CINZA","1"
"1201158","FECHADURA PADO PV200F1I - CZ","810035","ACABAMENTO MAÇANETA BOLA - CROMADO","1"
"1201158","FECHADURA PADO PV200F1I - CZ","103760","FIO COBRE ESMALTADO 155 TS 30 AWG","0,010787"
"1201158","FECHADURA PADO PV200F1I - CZ","801240","PINO DA CAIXINHA DO FECHO - ZINCADO","1"
"1201158","FECHADURA PADO PV200F1I - CZ","811681","AGL SOLAPA PORTA VIDRO 10,5 X 29,5 - CALÇO PV200","1"
"1201159","FECHADURA AGL PVF2E - BRANCA EX","806024","CHAPA FECHO PVF2E - BRANCA","1"
"1201159","FECHADURA AGL PVF2E - BRANCA EX","806090","FRENTE AL LINGUETA PVR - BRANCA","1"
"1201159","FECHADURA AGL PVF2E - BRANCA EX","806047","FRENTE GR. AL FECHO PVR - BRANCA","1"
"1201159","FECHADURA AGL PVF2E - BRANCA EX","806065","CHAPA PUXADOR PVF2E P/ 1 OU 2 CILINDROS (MAIOR) - BRANCO","1"
"1201159","FECHADURA AGL PVF2E - BRANCA EX","807057","MAÇANETA ALAVANCA - BRANCA","1"
"1201159","FECHADURA AGL PVF2E - BRANCA EX","807053","BUCHA REDONDA FECHADURA PV -CROMADA","2"
"1201159","FECHADURA AGL PVF2E - BRANCA EX","401008","PARAFUSO PLASTIC PAN PHILLIPS 3 X 8 ZB","2"
"1201159","FECHADURA AGL PVF2E - BRANCA EX","401023","PARAFUSO MET M3.5 X 8 CH. PH - ZI","8"
"1201159","FECHADURA AGL PVF2E - BRANCA EX","401034","PARAFUSO PLASTIC 3 X 6 CH. PH - ZI","2"
"1201159","FECHADURA AGL PVF2E - BRANCA EX","401083","PF MET CH PHS M4X12MM ZI","4"
"1201159","FECHADURA AGL PVF2E - BRANCA EX","401089","PARAFUSO MET M3 X 8MM CH PHS ZI","2"
"1201159","FECHADURA AGL PVF2E - BRANCA EX","401100","PARAFUSO M3 X 12 CC. PH - ZI","1"
"1201159","FECHADURA AGL PVF2E - BRANCA EX","401101","PARAFUSO M3.5 X 6 CH. PH - ZI","8"
"1201159","FECHADURA AGL PVF2E - BRANCA EX","401102","PARAFUSO M4 X 8 CH. PH MET - ZI","1"
"1201159","FECHADURA AGL PVF2E - BRANCA EX","403013","MOLA DE RETORNO DA MAÇANETA FECHADURA PV","1"
"1201159","FECHADURA AGL PVF2E - BRANCA EX","403014","MOLA DE RETORNO DA TRAVA MAIOR","1"
"1201159","FECHADURA AGL PVF2E - BRANCA EX","403016","MOLA DE RETORNO DO DISPOSITIVO DE MEMORIA","1"
"1201159","FECHADURA AGL PVF2E - BRANCA EX","403017","MOLA DE RETORNO DO ROTOR","1"
"1201159","FECHADURA AGL PVF2E - BRANCA EX","403018","MOLA DE RETORNO DA TRAVA MENOR","1"
"1201159","FECHADURA AGL PVF2E - BRANCA EX","403025","MOLA DO ARIETE","1"
"1201159","FECHADURA AGL PVF2E - BRANCA EX","404015","CONJUNTO CILINDRO FECHADURA PORTA DE VIDRO 1 CIL.","1"
"1201159","FECHADURA AGL PVF2E - BRANCA EX","708018","CORPO DO ARIETE 4,76 X 29MM C/ DIAM 1,6MM - ZINCADO","1"
"1201159","FECHADURA AGL PVF2E - BRANCA EX","708021","LUVA DO ARIETE 10MM - ZINCADO","1"
"1201159","FECHADURA AGL PVF2E - BRANCA EX","801208","EIXO DO ROTOR - ZINCADO","1"
"1201159","FECHADURA AGL PVF2E - BRANCA EX","804321","CARRETEL DO FECHO","1"
"1201159","FECHADURA AGL PVF2E - BRANCA EX","804428","SOQUETE DO FECHO ELETRICO","1"
"1201159","FECHADURA AGL PVF2E - BRANCA EX","804468","PONTA DO ARIETE 2,55 X 26MM","1"
"1201159","FECHADURA AGL PVF2E - BRANCA EX","805088","NARIZ CILINDRO PVR - ZINCADO","1"
"1201159","FECHADURA AGL PVF2E - BRANCA EX","805089","BASE FIXAÇÃO MAÇANETA","1"
"1201159","FECHADURA AGL PVF2E - BRANCA EX","806002","FUNDO ZAMAC LINGUETA PVRF2E - BRANCO","1"
"1201159","FECHADURA AGL PVF2E - BRANCA EX","806078","FUNDO FECHO PV R/F 2E - BRANCO","1"
"1201159","FECHADURA AGL PVF2E - BRANCA EX","806082","TERMINAL DE LATÃO DO SOQUETE","2"
"1201159","FECHADURA AGL PVF2E - BRANCA EX","807002","TRAVA MENOR FECHO PV","1"
"1201159","FECHADURA AGL PVF2E - BRANCA EX","807003","TRAVA MAIOR FECHO PV","1"
"1201159","FECHADURA AGL PVF2E - BRANCA EX","807049","DISPOSITIVO DE MEMORIA FECHO PV - ZINCADO","1"
"1201159","FECHADURA AGL PVF2E - BRANCA EX","807069","LINGUETA DAS FECHADURAS PV","1"
"1201159","FECHADURA AGL PVF2E - BRANCA EX","807088","ROTOR DO FECHO","1"
"1201159","FECHADURA AGL PVF2E - BRANCA EX","701084","CAIXA DO FECHO - BRUTO","1"
"1201159","FECHADURA AGL PVF2E - BRANCA EX","807102","BLINDAGEM DO FECHO","1"
"1201159","FECHADURA AGL PVF2E - BRANCA EX","807105","TRATOR MAÇANETA PV - ZINCADO","1"
"1201159","FECHADURA AGL PVF2E - BRANCA EX","807106","TAMPA DO FECHO DE METAL","1"
"1201159","FECHADURA AGL PVF2E - BRANCA EX","807138","VERGALHÃO QUADRADO 8MM PV - ZINCADO","1"
"1201159","FECHADURA AGL PVF2E - BRANCA EX","811277","ETIQUETA ADES. COUCHE 20MM X 15MM X 04 CAR","1"
"1201159","FECHADURA AGL PVF2E - BRANCA EX","811310","ETIQUETA ADES. COUCHE 33MM X 21MM X 03 CAR","1"
"1201159","FECHADURA AGL PVF2E - BRANCA EX","811762","SACO ZIP PADRAO - 05X07","1"
"1201159","FECHADURA AGL PVF2E - BRANCA EX","811681","AGL SOLAPA PORTA VIDRO 10,5 X 29,5 - CALÇO PV200","1"
"1201159","FECHADURA AGL PVF2E - BRANCA EX","811700","CAIXA FECHADURA ELETRICA P/ PORTAS DE VIDRO AGL 13,2 X 11,7 X 11,4","1"
"1201159","FECHADURA AGL PVF2E - BRANCA EX","811322","ETIQUETA ADES. BOPP 40MM X 40MM  BRANCA Bt759","1"
"1201159","FECHADURA AGL PVF2E - BRANCA EX","103760","FIO COBRE ESMALTADO 155 TS 30 AWG","0,010787"
"1201159","FECHADURA AGL PVF2E - BRANCA EX","801240","PINO DA CAIXINHA DO FECHO - ZINCADO","1"
"1201160","FECHADURA AGL PVF2E - PRETA EX","806023","CHAPA FECHO PVF2E - PRETA","1"
"1201160","FECHADURA AGL PVF2E - PRETA EX","806034","MAÇANETA ALAVANCA - PRETA","1"
"1201160","FECHADURA AGL PVF2E - PRETA EX","806043","FRENTE AL LINGUETA PVR - PRETA","1"
"1201160","FECHADURA AGL PVF2E - PRETA EX","806046","FRENTE GR. AL FECHO - PRETA","1"
"1201160","FECHADURA AGL PVF2E - PRETA EX","806032","FUNDO FECHO PV R/F 2E - PRETO","1"
"1201160","FECHADURA AGL PVF2E - PRETA EX","807053","BUCHA REDONDA FECHADURA PV -CROMADA","2"
"1201160","FECHADURA AGL PVF2E - PRETA EX","401008","PARAFUSO PLASTIC PAN PHILLIPS 3 X 8 ZB","2"
"1201160","FECHADURA AGL PVF2E - PRETA EX","401023","PARAFUSO MET M3.5 X 8 CH. PH - ZI","8"
"1201160","FECHADURA AGL PVF2E - PRETA EX","401034","PARAFUSO PLASTIC 3 X 6 CH. PH - ZI","2"
"1201160","FECHADURA AGL PVF2E - PRETA EX","401083","PF MET CH PHS M4X12MM ZI","4"
"1201160","FECHADURA AGL PVF2E - PRETA EX","401089","PARAFUSO MET M3 X 8MM CH PHS ZI","2"
"1201160","FECHADURA AGL PVF2E - PRETA EX","401100","PARAFUSO M3 X 12 CC. PH - ZI","1"
"1201160","FECHADURA AGL PVF2E - PRETA EX","401101","PARAFUSO M3.5 X 6 CH. PH - ZI","8"
"1201160","FECHADURA AGL PVF2E - PRETA EX","401102","PARAFUSO M4 X 8 CH. PH MET - ZI","1"
"1201160","FECHADURA AGL PVF2E - PRETA EX","403013","MOLA DE RETORNO DA MAÇANETA FECHADURA PV","1"
"1201160","FECHADURA AGL PVF2E - PRETA EX","403014","MOLA DE RETORNO DA TRAVA MAIOR","1"
"1201160","FECHADURA AGL PVF2E - PRETA EX","403016","MOLA DE RETORNO DO DISPOSITIVO DE MEMORIA","1"
"1201160","FECHADURA AGL PVF2E - PRETA EX","403017","MOLA DE RETORNO DO ROTOR","1"
"1201160","FECHADURA AGL PVF2E - PRETA EX","403018","MOLA DE RETORNO DA TRAVA MENOR","1"
"1201160","FECHADURA AGL PVF2E - PRETA EX","403025","MOLA DO ARIETE","1"
"1201160","FECHADURA AGL PVF2E - PRETA EX","404015","CONJUNTO CILINDRO FECHADURA PORTA DE VIDRO 1 CIL.","1"
"1201160","FECHADURA AGL PVF2E - PRETA EX","708018","CORPO DO ARIETE 4,76 X 29MM C/ DIAM 1,6MM - ZINCADO","1"
"1201160","FECHADURA AGL PVF2E - PRETA EX","708021","LUVA DO ARIETE 10MM - ZINCADO","1"
"1201160","FECHADURA AGL PVF2E - PRETA EX","801208","EIXO DO ROTOR - ZINCADO","1"
"1201160","FECHADURA AGL PVF2E - PRETA EX","804321","CARRETEL DO FECHO","1"
"1201160","FECHADURA AGL PVF2E - PRETA EX","804428","SOQUETE DO FECHO ELETRICO","1"
"1201160","FECHADURA AGL PVF2E - PRETA EX","804468","PONTA DO ARIETE 2,55 X 26MM","1"
"1201160","FECHADURA AGL PVF2E - PRETA EX","805088","NARIZ CILINDRO PVR - ZINCADO","1"
"1201160","FECHADURA AGL PVF2E - PRETA EX","805089","BASE FIXAÇÃO MAÇANETA","1"
"1201160","FECHADURA AGL PVF2E - PRETA EX","806082","TERMINAL DE LATÃO DO SOQUETE","2"
"1201160","FECHADURA AGL PVF2E - PRETA EX","807002","TRAVA MENOR FECHO PV","1"
"1201160","FECHADURA AGL PVF2E - PRETA EX","807003","TRAVA MAIOR FECHO PV","1"
"1201160","FECHADURA AGL PVF2E - PRETA EX","807049","DISPOSITIVO DE MEMORIA FECHO PV - ZINCADO","1"
"1201160","FECHADURA AGL PVF2E - PRETA EX","807069","LINGUETA DAS FECHADURAS PV","1"
"1201160","FECHADURA AGL PVF2E - PRETA EX","807088","ROTOR DO FECHO","1"
"1201160","FECHADURA AGL PVF2E - PRETA EX","701084","CAIXA DO FECHO - BRUTO","1"
"1201160","FECHADURA AGL PVF2E - PRETA EX","807102","BLINDAGEM DO FECHO","1"
"1201160","FECHADURA AGL PVF2E - PRETA EX","807105","TRATOR MAÇANETA PV - ZINCADO","1"
"1201160","FECHADURA AGL PVF2E - PRETA EX","807106","TAMPA DO FECHO DE METAL","1"
"1201160","FECHADURA AGL PVF2E - PRETA EX","807138","VERGALHÃO QUADRADO 8MM PV - ZINCADO","1"
"1201160","FECHADURA AGL PVF2E - PRETA EX","811277","ETIQUETA ADES. COUCHE 20MM X 15MM X 04 CAR","1"
"1201160","FECHADURA AGL PVF2E - PRETA EX","811310","ETIQUETA ADES. COUCHE 33MM X 21MM X 03 CAR","1"
"1201160","FECHADURA AGL PVF2E - PRETA EX","811762","SACO ZIP PADRAO - 05X07","1"
"1201160","FECHADURA AGL PVF2E - PRETA EX","811681","AGL SOLAPA PORTA VIDRO 10,5 X 29,5 - CALÇO PV200","1"
"1201160","FECHADURA AGL PVF2E - PRETA EX","811700","CAIXA FECHADURA ELETRICA P/ PORTAS DE VIDRO AGL 13,2 X 11,7 X 11,4","1"
"1201160","FECHADURA AGL PVF2E - PRETA EX","806064","CHAPA PUXADOR PVF2E P/ 1 OU 2 CILINDROS (MAIOR) - PRETO","1"
"1201160","FECHADURA AGL PVF2E - PRETA EX","806033","FUNDO ZAMAC LINGUETA PVRF2E - PRETO","1"
"1201160","FECHADURA AGL PVF2E - PRETA EX","811322","ETIQUETA ADES. BOPP 40MM X 40MM  BRANCA Bt759","1"
"1201160","FECHADURA AGL PVF2E - PRETA EX","103760","FIO COBRE ESMALTADO 155 TS 30 AWG","0,010787"
"1201160","FECHADURA AGL PVF2E - PRETA EX","801240","PINO DA CAIXINHA DO FECHO - ZINCADO","1"
"1201161","FECHADURA AGL PVF2E 2 CILINDROS EX","806011","FUNDO ZAMAC LINGUETA PVRF2E - CINZA","1"
"1201161","FECHADURA AGL PVF2E 2 CILINDROS EX","806022","CHAPA FECHO PVF2E - CROMADA","1"
"1201161","FECHADURA AGL PVF2E 2 CILINDROS EX","806091","ALUMINIO FECHADURA C/2CIL PVRF2E","1"
"1201161","FECHADURA AGL PVF2E 2 CILINDROS EX","807077","FUNDO ZAMAC FECHO PV R/F 2E - CINZA","1"
"1201161","FECHADURA AGL PVF2E 2 CILINDROS EX","806045","ALUMINIO DO BATENTE PVRF2E","1"
"1201161","FECHADURA AGL PVF2E 2 CILINDROS EX","807053","BUCHA REDONDA FECHADURA PV -CROMADA","2"
"1201161","FECHADURA AGL PVF2E 2 CILINDROS EX","401002","PARAFUSO 3.5 X 13 A/A CH. PH - ZI","4"
"1201161","FECHADURA AGL PVF2E 2 CILINDROS EX","401008","PARAFUSO PLASTIC PAN PHILLIPS 3 X 8 ZB","2"
"1201161","FECHADURA AGL PVF2E 2 CILINDROS EX","401023","PARAFUSO MET M3.5 X 8 CH. PH - ZI","10"
"1201161","FECHADURA AGL PVF2E 2 CILINDROS EX","401034","PARAFUSO PLASTIC 3 X 6 CH. PH - ZI","2"
"1201161","FECHADURA AGL PVF2E 2 CILINDROS EX","401083","PF MET CH PHS M4X12MM ZI","4"
"1201161","FECHADURA AGL PVF2E 2 CILINDROS EX","401089","PARAFUSO MET M3 X 8MM CH PHS ZI","4"
"1201161","FECHADURA AGL PVF2E 2 CILINDROS EX","401101","PARAFUSO M3.5 X 6 CH. PH - ZI","4"
"1201161","FECHADURA AGL PVF2E 2 CILINDROS EX","403014","MOLA DE RETORNO DA TRAVA MAIOR","1"
"1201161","FECHADURA AGL PVF2E 2 CILINDROS EX","403016","MOLA DE RETORNO DO DISPOSITIVO DE MEMORIA","1"
"1201161","FECHADURA AGL PVF2E 2 CILINDROS EX","403017","MOLA DE RETORNO DO ROTOR","1"
"1201161","FECHADURA AGL PVF2E 2 CILINDROS EX","403018","MOLA DE RETORNO DA TRAVA MENOR","1"
"1201161","FECHADURA AGL PVF2E 2 CILINDROS EX","403025","MOLA DO ARIETE","1"
"1201161","FECHADURA AGL PVF2E 2 CILINDROS EX","404016","CONJUNTO CILINDRO FECHADURA PORTA DE VIDRO 2 CIL.","2"
"1201161","FECHADURA AGL PVF2E 2 CILINDROS EX","708018","CORPO DO ARIETE 4,76 X 29MM C/ DIAM 1,6MM - ZINCADO","1"
"1201161","FECHADURA AGL PVF2E 2 CILINDROS EX","708021","LUVA DO ARIETE 10MM - ZINCADO","1"
"1201161","FECHADURA AGL PVF2E 2 CILINDROS EX","801208","EIXO DO ROTOR - ZINCADO","1"
"1201161","FECHADURA AGL PVF2E 2 CILINDROS EX","804321","CARRETEL DO FECHO","1"
"1201161","FECHADURA AGL PVF2E 2 CILINDROS EX","804406","ESPACADOR PARA FECHADURA 2 CILINDROS","1"
"1201161","FECHADURA AGL PVF2E 2 CILINDROS EX","804428","SOQUETE DO FECHO ELETRICO","1"
"1201161","FECHADURA AGL PVF2E 2 CILINDROS EX","804468","PONTA DO ARIETE 2,55 X 26MM","1"
"1201161","FECHADURA AGL PVF2E 2 CILINDROS EX","805085","CHAPA DE FIXAÇÃO CILINDRO DUPLO FECH PV - ZINCADA","1"
"1201161","FECHADURA AGL PVF2E 2 CILINDROS EX","805088","NARIZ CILINDRO PVR - ZINCADO","2"
"1201161","FECHADURA AGL PVF2E 2 CILINDROS EX","806008","CHAPA PUXADOR PV200R2E P/ 1 OU 2 CILINDROS (MAIOR)","1"
"1201161","FECHADURA AGL PVF2E 2 CILINDROS EX","806082","TERMINAL DE LATÃO DO SOQUETE","2"
"1201161","FECHADURA AGL PVF2E 2 CILINDROS EX","807002","TRAVA MENOR FECHO PV","1"
"1201161","FECHADURA AGL PVF2E 2 CILINDROS EX","807003","TRAVA MAIOR FECHO PV","1"
"1201161","FECHADURA AGL PVF2E 2 CILINDROS EX","807049","DISPOSITIVO DE MEMORIA FECHO PV - ZINCADO","1"
"1201161","FECHADURA AGL PVF2E 2 CILINDROS EX","807069","LINGUETA DAS FECHADURAS PV","1"
"1201161","FECHADURA AGL PVF2E 2 CILINDROS EX","807088","ROTOR DO FECHO","1"
"1201161","FECHADURA AGL PVF2E 2 CILINDROS EX","701084","CAIXA DO FECHO - BRUTO","1"
"1201161","FECHADURA AGL PVF2E 2 CILINDROS EX","807102","BLINDAGEM DO FECHO","1"
"1201161","FECHADURA AGL PVF2E 2 CILINDROS EX","807106","TAMPA DO FECHO DE METAL","1"
"1201161","FECHADURA AGL PVF2E 2 CILINDROS EX","811277","ETIQUETA ADES. COUCHE 20MM X 15MM X 04 CAR","1"
"1201161","FECHADURA AGL PVF2E 2 CILINDROS EX","811310","ETIQUETA ADES. COUCHE 33MM X 21MM X 03 CAR","1"
"1201161","FECHADURA AGL PVF2E 2 CILINDROS EX","811762","SACO ZIP PADRAO - 05X07","1"
"1201161","FECHADURA AGL PVF2E 2 CILINDROS EX","811681","AGL SOLAPA PORTA VIDRO 10,5 X 29,5 - CALÇO PV200","1"
"1201161","FECHADURA AGL PVF2E 2 CILINDROS EX","811700","CAIXA FECHADURA ELETRICA P/ PORTAS DE VIDRO AGL 13,2 X 11,7 X 11,4","1"
"1201161","FECHADURA AGL PVF2E 2 CILINDROS EX","811322","ETIQUETA ADES. BOPP 40MM X 40MM  BRANCA Bt759","1"
"1201161","FECHADURA AGL PVF2E 2 CILINDROS EX","103760","FIO COBRE ESMALTADO 155 TS 30 AWG","0,010787"
"1201161","FECHADURA AGL PVF2E 2 CILINDROS EX","801240","PINO DA CAIXINHA DO FECHO - ZINCADO","1"
"1201162","FECHADURA AGL PVR2E - BRANCA EX","806018","CHAPA FECHO PVR2E - BRANCA","1"
"1201162","FECHADURA AGL PVR2E - BRANCA EX","806090","FRENTE AL LINGUETA PVR - BRANCA","1"
"1201162","FECHADURA AGL PVR2E - BRANCA EX","806047","FRENTE GR. AL FECHO PVR - BRANCA","1"
"1201162","FECHADURA AGL PVR2E - BRANCA EX","806079","CHAPA PUXADOR PV200R2E P/ 1 OU 2 CILINDROS (MAIOR) BRANCA","1"
"1201162","FECHADURA AGL PVR2E - BRANCA EX","807057","MAÇANETA ALAVANCA - BRANCA","1"
"1201162","FECHADURA AGL PVR2E - BRANCA EX","807053","BUCHA REDONDA FECHADURA PV -CROMADA","2"
"1201162","FECHADURA AGL PVR2E - BRANCA EX","401008","PARAFUSO PLASTIC PAN PHILLIPS 3 X 8 ZB","2"
"1201162","FECHADURA AGL PVR2E - BRANCA EX","401023","PARAFUSO MET M3.5 X 8 CH. PH - ZI","8"
"1201162","FECHADURA AGL PVR2E - BRANCA EX","401034","PARAFUSO PLASTIC 3 X 6 CH. PH - ZI","2"
"1201162","FECHADURA AGL PVR2E - BRANCA EX","401083","PF MET CH PHS M4X12MM ZI","4"
"1201162","FECHADURA AGL PVR2E - BRANCA EX","401089","PARAFUSO MET M3 X 8MM CH PHS ZI","2"
"1201162","FECHADURA AGL PVR2E - BRANCA EX","401100","PARAFUSO M3 X 12 CC. PH - ZI","1"
"1201162","FECHADURA AGL PVR2E - BRANCA EX","401101","PARAFUSO M3.5 X 6 CH. PH - ZI","8"
"1201162","FECHADURA AGL PVR2E - BRANCA EX","403013","MOLA DE RETORNO DA MAÇANETA FECHADURA PV","1"
"1201162","FECHADURA AGL PVR2E - BRANCA EX","403014","MOLA DE RETORNO DA TRAVA MAIOR","1"
"1201162","FECHADURA AGL PVR2E - BRANCA EX","403016","MOLA DE RETORNO DO DISPOSITIVO DE MEMORIA","1"
"1201162","FECHADURA AGL PVR2E - BRANCA EX","403017","MOLA DE RETORNO DO ROTOR","1"
"1201162","FECHADURA AGL PVR2E - BRANCA EX","403018","MOLA DE RETORNO DA TRAVA MENOR","1"
"1201162","FECHADURA AGL PVR2E - BRANCA EX","403025","MOLA DO ARIETE","1"
"1201162","FECHADURA AGL PVR2E - BRANCA EX","404015","CONJUNTO CILINDRO FECHADURA PORTA DE VIDRO 1 CIL.","1"
"1201162","FECHADURA AGL PVR2E - BRANCA EX","708018","CORPO DO ARIETE 4,76 X 29MM C/ DIAM 1,6MM - ZINCADO","1"
"1201162","FECHADURA AGL PVR2E - BRANCA EX","708021","LUVA DO ARIETE 10MM - ZINCADO","1"
"1201162","FECHADURA AGL PVR2E - BRANCA EX","801208","EIXO DO ROTOR - ZINCADO","1"
"1201162","FECHADURA AGL PVR2E - BRANCA EX","804321","CARRETEL DO FECHO","1"
"1201162","FECHADURA AGL PVR2E - BRANCA EX","804323","ACABAMENTO RECORTE PV","2"
"1201162","FECHADURA AGL PVR2E - BRANCA EX","804428","SOQUETE DO FECHO ELETRICO","1"
"1201162","FECHADURA AGL PVR2E - BRANCA EX","804468","PONTA DO ARIETE 2,55 X 26MM","1"
"1201162","FECHADURA AGL PVR2E - BRANCA EX","805088","NARIZ CILINDRO PVR - ZINCADO","1"
"1201162","FECHADURA AGL PVR2E - BRANCA EX","805089","BASE FIXAÇÃO MAÇANETA","1"
"1201162","FECHADURA AGL PVR2E - BRANCA EX","806002","FUNDO ZAMAC LINGUETA PVRF2E - BRANCO","1"
"1201162","FECHADURA AGL PVR2E - BRANCA EX","806078","FUNDO FECHO PV R/F 2E - BRANCO","1"
"1201162","FECHADURA AGL PVR2E - BRANCA EX","806082","TERMINAL DE LATÃO DO SOQUETE","2"
"1201162","FECHADURA AGL PVR2E - BRANCA EX","807002","TRAVA MENOR FECHO PV","1"
"1201162","FECHADURA AGL PVR2E - BRANCA EX","807003","TRAVA MAIOR FECHO PV","1"
"1201162","FECHADURA AGL PVR2E - BRANCA EX","807049","DISPOSITIVO DE MEMORIA FECHO PV - ZINCADO","1"
"1201162","FECHADURA AGL PVR2E - BRANCA EX","807069","LINGUETA DAS FECHADURAS PV","1"
"1201162","FECHADURA AGL PVR2E - BRANCA EX","807088","ROTOR DO FECHO","1"
"1201162","FECHADURA AGL PVR2E - BRANCA EX","701084","CAIXA DO FECHO - BRUTO","1"
"1201162","FECHADURA AGL PVR2E - BRANCA EX","807102","BLINDAGEM DO FECHO","1"
"1201162","FECHADURA AGL PVR2E - BRANCA EX","807105","TRATOR MAÇANETA PV - ZINCADO","1"
"1201162","FECHADURA AGL PVR2E - BRANCA EX","807106","TAMPA DO FECHO DE METAL","1"
"1201162","FECHADURA AGL PVR2E - BRANCA EX","807138","VERGALHÃO QUADRADO 8MM PV - ZINCADO","1"
"1201162","FECHADURA AGL PVR2E - BRANCA EX","811277","ETIQUETA ADES. COUCHE 20MM X 15MM X 04 CAR","1"
"1201162","FECHADURA AGL PVR2E - BRANCA EX","811310","ETIQUETA ADES. COUCHE 33MM X 21MM X 03 CAR","1"
"1201162","FECHADURA AGL PVR2E - BRANCA EX","811762","SACO ZIP PADRAO - 05X07","1"
"1201162","FECHADURA AGL PVR2E - BRANCA EX","811681","AGL SOLAPA PORTA VIDRO 10,5 X 29,5 - CALÇO PV200","1"
"1201162","FECHADURA AGL PVR2E - BRANCA EX","811700","CAIXA FECHADURA ELETRICA P/ PORTAS DE VIDRO AGL 13,2 X 11,7 X 11,4","1"
"1201162","FECHADURA AGL PVR2E - BRANCA EX","811322","ETIQUETA ADES. BOPP 40MM X 40MM  BRANCA Bt759","1"
"1201162","FECHADURA AGL PVR2E - BRANCA EX","103760","FIO COBRE ESMALTADO 155 TS 30 AWG","0,010787"
"1201162","FECHADURA AGL PVR2E - BRANCA EX","801240","PINO DA CAIXINHA DO FECHO - ZINCADO","1"
"1201162","FECHADURA AGL PVR2E - BRANCA EX","403070","MOLA PVR RETORNO DA LINGUETA","1"
"1201163","FECHADURA AGL PVR2E - CZ EX","806016","CHAPA FECHO PVR2E - CROMADA","1"
"1201163","FECHADURA AGL PVR2E - CZ EX","806011","FUNDO ZAMAC LINGUETA PVRF2E - CINZA","1"
"1201163","FECHADURA AGL PVR2E - CZ EX","807077","FUNDO ZAMAC FECHO PV R/F 2E - CINZA","1"
"1201163","FECHADURA AGL PVR2E - CZ EX","806042","ALUMINIO FECHADURA PVRF2E","1"
"1201163","FECHADURA AGL PVR2E - CZ EX","806045","ALUMINIO DO BATENTE PVRF2E","1"
"1201163","FECHADURA AGL PVR2E - CZ EX","807053","BUCHA REDONDA FECHADURA PV -CROMADA","2"
"1201163","FECHADURA AGL PVR2E - CZ EX","401008","PARAFUSO PLASTIC PAN PHILLIPS 3 X 8 ZB","2"
"1201163","FECHADURA AGL PVR2E - CZ EX","401023","PARAFUSO MET M3.5 X 8 CH. PH - ZI","8"
"1201163","FECHADURA AGL PVR2E - CZ EX","401034","PARAFUSO PLASTIC 3 X 6 CH. PH - ZI","2"
"1201163","FECHADURA AGL PVR2E - CZ EX","401083","PF MET CH PHS M4X12MM ZI","4"
"1201163","FECHADURA AGL PVR2E - CZ EX","401089","PARAFUSO MET M3 X 8MM CH PHS ZI","2"
"1201163","FECHADURA AGL PVR2E - CZ EX","401100","PARAFUSO M3 X 12 CC. PH - ZI","1"
"1201163","FECHADURA AGL PVR2E - CZ EX","401101","PARAFUSO M3.5 X 6 CH. PH - ZI","8"
"1201163","FECHADURA AGL PVR2E - CZ EX","403013","MOLA DE RETORNO DA MAÇANETA FECHADURA PV","1"
"1201163","FECHADURA AGL PVR2E - CZ EX","403014","MOLA DE RETORNO DA TRAVA MAIOR","1"
"1201163","FECHADURA AGL PVR2E - CZ EX","403016","MOLA DE RETORNO DO DISPOSITIVO DE MEMORIA","1"
"1201163","FECHADURA AGL PVR2E - CZ EX","403017","MOLA DE RETORNO DO ROTOR","1"
"1201163","FECHADURA AGL PVR2E - CZ EX","403018","MOLA DE RETORNO DA TRAVA MENOR","1"
"1201163","FECHADURA AGL PVR2E - CZ EX","403025","MOLA DO ARIETE","1"
"1201163","FECHADURA AGL PVR2E - CZ EX","404015","CONJUNTO CILINDRO FECHADURA PORTA DE VIDRO 1 CIL.","1"
"1201163","FECHADURA AGL PVR2E - CZ EX","708018","CORPO DO ARIETE 4,76 X 29MM C/ DIAM 1,6MM - ZINCADO","1"
"1201163","FECHADURA AGL PVR2E - CZ EX","708021","LUVA DO ARIETE 10MM - ZINCADO","1"
"1201163","FECHADURA AGL PVR2E - CZ EX","801208","EIXO DO ROTOR - ZINCADO","1"
"1201163","FECHADURA AGL PVR2E - CZ EX","804321","CARRETEL DO FECHO","1"
"1201163","FECHADURA AGL PVR2E - CZ EX","804323","ACABAMENTO RECORTE PV","2"
"1201163","FECHADURA AGL PVR2E - CZ EX","804428","SOQUETE DO FECHO ELETRICO","1"
"1201163","FECHADURA AGL PVR2E - CZ EX","804468","PONTA DO ARIETE 2,55 X 26MM","1"
"1201163","FECHADURA AGL PVR2E - CZ EX","805088","NARIZ CILINDRO PVR - ZINCADO","1"
"1201163","FECHADURA AGL PVR2E - CZ EX","805089","BASE FIXAÇÃO MAÇANETA","1"
"1201163","FECHADURA AGL PVR2E - CZ EX","806008","CHAPA PUXADOR PV200R2E P/ 1 OU 2 CILINDROS (MAIOR)","1"
"1201163","FECHADURA AGL PVR2E - CZ EX","806082","TERMINAL DE LATÃO DO SOQUETE","2"
"1201163","FECHADURA AGL PVR2E - CZ EX","807002","TRAVA MENOR FECHO PV","1"
"1201163","FECHADURA AGL PVR2E - CZ EX","807003","TRAVA MAIOR FECHO PV","1"
"1201163","FECHADURA AGL PVR2E - CZ EX","807049","DISPOSITIVO DE MEMORIA FECHO PV - ZINCADO","1"
"1201163","FECHADURA AGL PVR2E - CZ EX","807069","LINGUETA DAS FECHADURAS PV","1"
"1201163","FECHADURA AGL PVR2E - CZ EX","807088","ROTOR DO FECHO","1"
"1201163","FECHADURA AGL PVR2E - CZ EX","701084","CAIXA DO FECHO - BRUTO","1"
"1201163","FECHADURA AGL PVR2E - CZ EX","807102","BLINDAGEM DO FECHO","1"
"1201163","FECHADURA AGL PVR2E - CZ EX","807105","TRATOR MAÇANETA PV - ZINCADO","1"
"1201163","FECHADURA AGL PVR2E - CZ EX","807106","TAMPA DO FECHO DE METAL","1"
"1201163","FECHADURA AGL PVR2E - CZ EX","807138","VERGALHÃO QUADRADO 8MM PV - ZINCADO","1"
"1201163","FECHADURA AGL PVR2E - CZ EX","811277","ETIQUETA ADES. COUCHE 20MM X 15MM X 04 CAR","1"
"1201163","FECHADURA AGL PVR2E - CZ EX","811310","ETIQUETA ADES. COUCHE 33MM X 21MM X 03 CAR","1"
"1201163","FECHADURA AGL PVR2E - CZ EX","811762","SACO ZIP PADRAO - 05X07","1"
"1201163","FECHADURA AGL PVR2E - CZ EX","811681","AGL SOLAPA PORTA VIDRO 10,5 X 29,5 - CALÇO PV200","1"
"1201163","FECHADURA AGL PVR2E - CZ EX","811700","CAIXA FECHADURA ELETRICA P/ PORTAS DE VIDRO AGL 13,2 X 11,7 X 11,4","1"
"1201163","FECHADURA AGL PVR2E - CZ EX","811322","ETIQUETA ADES. BOPP 40MM X 40MM  BRANCA Bt759","1"
"1201163","FECHADURA AGL PVR2E - CZ EX","807056","MAÇANETA ALAVANCA - CROMADA","1"
"1201163","FECHADURA AGL PVR2E - CZ EX","103760","FIO COBRE ESMALTADO 155 TS 30 AWG","0,010787"
"1201163","FECHADURA AGL PVR2E - CZ EX","801240","PINO DA CAIXINHA DO FECHO - ZINCADO","1"
"1201163","FECHADURA AGL PVR2E - CZ EX","403070","MOLA PVR RETORNO DA LINGUETA","1"
"1201164","FECHADURA AGL PVR2E - PRETA EX","806017","CHAPA FECHO PVR2E - PRETA","1"
"1201164","FECHADURA AGL PVR2E - PRETA EX","806034","MAÇANETA ALAVANCA - PRETA","1"
"1201164","FECHADURA AGL PVR2E - PRETA EX","806043","FRENTE AL LINGUETA PVR - PRETA","1"
"1201164","FECHADURA AGL PVR2E - PRETA EX","806046","FRENTE GR. AL FECHO - PRETA","1"
"1201164","FECHADURA AGL PVR2E - PRETA EX","806032","FUNDO FECHO PV R/F 2E - PRETO","1"
"1201164","FECHADURA AGL PVR2E - PRETA EX","807053","BUCHA REDONDA FECHADURA PV -CROMADA","2"
"1201164","FECHADURA AGL PVR2E - PRETA EX","401008","PARAFUSO PLASTIC PAN PHILLIPS 3 X 8 ZB","2"
"1201164","FECHADURA AGL PVR2E - PRETA EX","401023","PARAFUSO MET M3.5 X 8 CH. PH - ZI","8"
"1201164","FECHADURA AGL PVR2E - PRETA EX","401034","PARAFUSO PLASTIC 3 X 6 CH. PH - ZI","2"
"1201164","FECHADURA AGL PVR2E - PRETA EX","401083","PF MET CH PHS M4X12MM ZI","4"
"1201164","FECHADURA AGL PVR2E - PRETA EX","401089","PARAFUSO MET M3 X 8MM CH PHS ZI","2"
"1201164","FECHADURA AGL PVR2E - PRETA EX","401100","PARAFUSO M3 X 12 CC. PH - ZI","1"
"1201164","FECHADURA AGL PVR2E - PRETA EX","401101","PARAFUSO M3.5 X 6 CH. PH - ZI","8"
"1201164","FECHADURA AGL PVR2E - PRETA EX","403013","MOLA DE RETORNO DA MAÇANETA FECHADURA PV","1"
"1201164","FECHADURA AGL PVR2E - PRETA EX","403014","MOLA DE RETORNO DA TRAVA MAIOR","1"
"1201164","FECHADURA AGL PVR2E - PRETA EX","403016","MOLA DE RETORNO DO DISPOSITIVO DE MEMORIA","1"
"1201164","FECHADURA AGL PVR2E - PRETA EX","403017","MOLA DE RETORNO DO ROTOR","1"
"1201164","FECHADURA AGL PVR2E - PRETA EX","403018","MOLA DE RETORNO DA TRAVA MENOR","1"
"1201164","FECHADURA AGL PVR2E - PRETA EX","403025","MOLA DO ARIETE","1"
"1201164","FECHADURA AGL PVR2E - PRETA EX","404015","CONJUNTO CILINDRO FECHADURA PORTA DE VIDRO 1 CIL.","1"
"1201164","FECHADURA AGL PVR2E - PRETA EX","708018","CORPO DO ARIETE 4,76 X 29MM C/ DIAM 1,6MM - ZINCADO","1"
"1201164","FECHADURA AGL PVR2E - PRETA EX","708021","LUVA DO ARIETE 10MM - ZINCADO","1"
"1201164","FECHADURA AGL PVR2E - PRETA EX","801208","EIXO DO ROTOR - ZINCADO","1"
"1201164","FECHADURA AGL PVR2E - PRETA EX","804321","CARRETEL DO FECHO","1"
"1201164","FECHADURA AGL PVR2E - PRETA EX","804323","ACABAMENTO RECORTE PV","2"
"1201164","FECHADURA AGL PVR2E - PRETA EX","804428","SOQUETE DO FECHO ELETRICO","1"
"1201164","FECHADURA AGL PVR2E - PRETA EX","804468","PONTA DO ARIETE 2,55 X 26MM","1"
"1201164","FECHADURA AGL PVR2E - PRETA EX","805088","NARIZ CILINDRO PVR - ZINCADO","1"
"1201164","FECHADURA AGL PVR2E - PRETA EX","805089","BASE FIXAÇÃO MAÇANETA","1"
"1201164","FECHADURA AGL PVR2E - PRETA EX","806082","TERMINAL DE LATÃO DO SOQUETE","2"
"1201164","FECHADURA AGL PVR2E - PRETA EX","807002","TRAVA MENOR FECHO PV","1"
"1201164","FECHADURA AGL PVR2E - PRETA EX","807003","TRAVA MAIOR FECHO PV","1"
"1201164","FECHADURA AGL PVR2E - PRETA EX","807049","DISPOSITIVO DE MEMORIA FECHO PV - ZINCADO","1"
"1201164","FECHADURA AGL PVR2E - PRETA EX","807069","LINGUETA DAS FECHADURAS PV","1"
"1201164","FECHADURA AGL PVR2E - PRETA EX","807088","ROTOR DO FECHO","1"
"1201164","FECHADURA AGL PVR2E - PRETA EX","701084","CAIXA DO FECHO - BRUTO","1"
"1201164","FECHADURA AGL PVR2E - PRETA EX","807102","BLINDAGEM DO FECHO","1"
"1201164","FECHADURA AGL PVR2E - PRETA EX","807105","TRATOR MAÇANETA PV - ZINCADO","1"
"1201164","FECHADURA AGL PVR2E - PRETA EX","807106","TAMPA DO FECHO DE METAL","1"
"1201164","FECHADURA AGL PVR2E - PRETA EX","807138","VERGALHÃO QUADRADO 8MM PV - ZINCADO","1"
"1201164","FECHADURA AGL PVR2E - PRETA EX","811277","ETIQUETA ADES. COUCHE 20MM X 15MM X 04 CAR","1"
"1201164","FECHADURA AGL PVR2E - PRETA EX","811310","ETIQUETA ADES. COUCHE 33MM X 21MM X 03 CAR","1"
"1201164","FECHADURA AGL PVR2E - PRETA EX","811762","SACO ZIP PADRAO - 05X07","1"
"1201164","FECHADURA AGL PVR2E - PRETA EX","811681","AGL SOLAPA PORTA VIDRO 10,5 X 29,5 - CALÇO PV200","1"
"1201164","FECHADURA AGL PVR2E - PRETA EX","811700","CAIXA FECHADURA ELETRICA P/ PORTAS DE VIDRO AGL 13,2 X 11,7 X 11,4","1"
"1201164","FECHADURA AGL PVR2E - PRETA EX","806033","FUNDO ZAMAC LINGUETA PVRF2E - PRETO","1"
"1201164","FECHADURA AGL PVR2E - PRETA EX","811322","ETIQUETA ADES. BOPP 40MM X 40MM  BRANCA Bt759","1"
"1201164","FECHADURA AGL PVR2E - PRETA EX","806080","CHAPA PUXADOR PVR2E P/ 1 OU 2 CILINDROS (MAIOR) - PRETO","1"
"1201164","FECHADURA AGL PVR2E - PRETA EX","103760","FIO COBRE ESMALTADO 155 TS 30 AWG","0,010787"
"1201164","FECHADURA AGL PVR2E - PRETA EX","801240","PINO DA CAIXINHA DO FECHO - ZINCADO","1"
"1201164","FECHADURA AGL PVR2E - PRETA EX","403070","MOLA PVR RETORNO DA LINGUETA","1"
"1201165","FECHADURA AGL PVR2E 2 CILINDROS EX","806016","CHAPA FECHO PVR2E - CROMADA","1"
"1201165","FECHADURA AGL PVR2E 2 CILINDROS EX","806011","FUNDO ZAMAC LINGUETA PVRF2E - CINZA","1"
"1201165","FECHADURA AGL PVR2E 2 CILINDROS EX","806091","ALUMINIO FECHADURA C/2CIL PVRF2E","1"
"1201165","FECHADURA AGL PVR2E 2 CILINDROS EX","807077","FUNDO ZAMAC FECHO PV R/F 2E - CINZA","1"
"1201165","FECHADURA AGL PVR2E 2 CILINDROS EX","806045","ALUMINIO DO BATENTE PVRF2E","1"
"1201165","FECHADURA AGL PVR2E 2 CILINDROS EX","807053","BUCHA REDONDA FECHADURA PV -CROMADA","2"
"1201165","FECHADURA AGL PVR2E 2 CILINDROS EX","401008","PARAFUSO PLASTIC PAN PHILLIPS 3 X 8 ZB","2"
"1201165","FECHADURA AGL PVR2E 2 CILINDROS EX","401023","PARAFUSO MET M3.5 X 8 CH. PH - ZI","10"
"1201165","FECHADURA AGL PVR2E 2 CILINDROS EX","401034","PARAFUSO PLASTIC 3 X 6 CH. PH - ZI","2"
"1201165","FECHADURA AGL PVR2E 2 CILINDROS EX","401083","PF MET CH PHS M4X12MM ZI","4"
"1201165","FECHADURA AGL PVR2E 2 CILINDROS EX","401089","PARAFUSO MET M3 X 8MM CH PHS ZI","4"
"1201165","FECHADURA AGL PVR2E 2 CILINDROS EX","401101","PARAFUSO M3.5 X 6 CH. PH - ZI","4"
"1201165","FECHADURA AGL PVR2E 2 CILINDROS EX","403014","MOLA DE RETORNO DA TRAVA MAIOR","1"
"1201165","FECHADURA AGL PVR2E 2 CILINDROS EX","403016","MOLA DE RETORNO DO DISPOSITIVO DE MEMORIA","1"
"1201165","FECHADURA AGL PVR2E 2 CILINDROS EX","403017","MOLA DE RETORNO DO ROTOR","1"
"1201165","FECHADURA AGL PVR2E 2 CILINDROS EX","403018","MOLA DE RETORNO DA TRAVA MENOR","1"
"1201165","FECHADURA AGL PVR2E 2 CILINDROS EX","403025","MOLA DO ARIETE","1"
"1201165","FECHADURA AGL PVR2E 2 CILINDROS EX","404016","CONJUNTO CILINDRO FECHADURA PORTA DE VIDRO 2 CIL.","2"
"1201165","FECHADURA AGL PVR2E 2 CILINDROS EX","708018","CORPO DO ARIETE 4,76 X 29MM C/ DIAM 1,6MM - ZINCADO","1"
"1201165","FECHADURA AGL PVR2E 2 CILINDROS EX","708021","LUVA DO ARIETE 10MM - ZINCADO","1"
"1201165","FECHADURA AGL PVR2E 2 CILINDROS EX","801208","EIXO DO ROTOR - ZINCADO","1"
"1201165","FECHADURA AGL PVR2E 2 CILINDROS EX","804321","CARRETEL DO FECHO","1"
"1201165","FECHADURA AGL PVR2E 2 CILINDROS EX","804323","ACABAMENTO RECORTE PV","2"
"1201165","FECHADURA AGL PVR2E 2 CILINDROS EX","804406","ESPACADOR PARA FECHADURA 2 CILINDROS","1"
"1201165","FECHADURA AGL PVR2E 2 CILINDROS EX","804428","SOQUETE DO FECHO ELETRICO","1"
"1201165","FECHADURA AGL PVR2E 2 CILINDROS EX","804468","PONTA DO ARIETE 2,55 X 26MM","1"
"1201165","FECHADURA AGL PVR2E 2 CILINDROS EX","805085","CHAPA DE FIXAÇÃO CILINDRO DUPLO FECH PV - ZINCADA","1"
"1201165","FECHADURA AGL PVR2E 2 CILINDROS EX","805088","NARIZ CILINDRO PVR - ZINCADO","2"
"1201165","FECHADURA AGL PVR2E 2 CILINDROS EX","806008","CHAPA PUXADOR PV200R2E P/ 1 OU 2 CILINDROS (MAIOR)","1"
"1201165","FECHADURA AGL PVR2E 2 CILINDROS EX","806082","TERMINAL DE LATÃO DO SOQUETE","2"
"1201165","FECHADURA AGL PVR2E 2 CILINDROS EX","807002","TRAVA MENOR FECHO PV","1"
"1201165","FECHADURA AGL PVR2E 2 CILINDROS EX","807003","TRAVA MAIOR FECHO PV","1"
"1201165","FECHADURA AGL PVR2E 2 CILINDROS EX","807049","DISPOSITIVO DE MEMORIA FECHO PV - ZINCADO","1"
"1201165","FECHADURA AGL PVR2E 2 CILINDROS EX","807069","LINGUETA DAS FECHADURAS PV","1"
"1201165","FECHADURA AGL PVR2E 2 CILINDROS EX","807088","ROTOR DO FECHO","1"
"1201165","FECHADURA AGL PVR2E 2 CILINDROS EX","701084","CAIXA DO FECHO - BRUTO","1"
"1201165","FECHADURA AGL PVR2E 2 CILINDROS EX","807102","BLINDAGEM DO FECHO","1"
"1201165","FECHADURA AGL PVR2E 2 CILINDROS EX","807106","TAMPA DO FECHO DE METAL","1"
"1201165","FECHADURA AGL PVR2E 2 CILINDROS EX","811277","ETIQUETA ADES. COUCHE 20MM X 15MM X 04 CAR","1"
"1201165","FECHADURA AGL PVR2E 2 CILINDROS EX","811310","ETIQUETA ADES. COUCHE 33MM X 21MM X 03 CAR","1"
"1201165","FECHADURA AGL PVR2E 2 CILINDROS EX","811762","SACO ZIP PADRAO - 05X07","1"
"1201165","FECHADURA AGL PVR2E 2 CILINDROS EX","811681","AGL SOLAPA PORTA VIDRO 10,5 X 29,5 - CALÇO PV200","1"
"1201165","FECHADURA AGL PVR2E 2 CILINDROS EX","811700","CAIXA FECHADURA ELETRICA P/ PORTAS DE VIDRO AGL 13,2 X 11,7 X 11,4","1"
"1201165","FECHADURA AGL PVR2E 2 CILINDROS EX","811322","ETIQUETA ADES. BOPP 40MM X 40MM  BRANCA Bt759","1"
"1201165","FECHADURA AGL PVR2E 2 CILINDROS EX","103760","FIO COBRE ESMALTADO 155 TS 30 AWG","0,010787"
"1201165","FECHADURA AGL PVR2E 2 CILINDROS EX","801240","PINO DA CAIXINHA DO FECHO - ZINCADO","1"
"1201165","FECHADURA AGL PVR2E 2 CILINDROS EX","403070","MOLA PVR RETORNO DA LINGUETA","1"
"1201166","FECHADURA AGL PV200F1E - CZ EX","805076","ALUMINIO FECHADURA PV 200","1"
"1201166","FECHADURA AGL PV200F1E - CZ EX","806036","CHAPA BATENTE PV200RF1E - CROMADO","1"
"1201166","FECHADURA AGL PV200F1E - CZ EX","807053","BUCHA REDONDA FECHADURA PV -CROMADA","2"
"1201166","FECHADURA AGL PV200F1E - CZ EX","807053","BUCHA REDONDA FECHADURA PV -CROMADA","1"
"1201166","FECHADURA AGL PV200F1E - CZ EX","401002","PARAFUSO 3.5 X 13 A/A CH. PH - ZI","4"
"1201166","FECHADURA AGL PV200F1E - CZ EX","401008","PARAFUSO PLASTIC PAN PHILLIPS 3 X 8 ZB","2"
"1201166","FECHADURA AGL PV200F1E - CZ EX","401023","PARAFUSO MET M3.5 X 8 CH. PH - ZI","4"
"1201166","FECHADURA AGL PV200F1E - CZ EX","401034","PARAFUSO PLASTIC 3 X 6 CH. PH - ZI","2"
"1201166","FECHADURA AGL PV200F1E - CZ EX","401083","PF MET CH PHS M4X12MM ZI","2"
"1201166","FECHADURA AGL PV200F1E - CZ EX","401089","PARAFUSO MET M3 X 8MM CH PHS ZI","4"
"1201166","FECHADURA AGL PV200F1E - CZ EX","401100","PARAFUSO M3 X 12 CC. PH - ZI","1"
"1201166","FECHADURA AGL PV200F1E - CZ EX","401101","PARAFUSO M3.5 X 6 CH. PH - ZI","4"
"1201166","FECHADURA AGL PV200F1E - CZ EX","401102","PARAFUSO M4 X 8 CH. PH MET - ZI","5"
"1201166","FECHADURA AGL PV200F1E - CZ EX","403013","MOLA DE RETORNO DA MAÇANETA FECHADURA PV","1"
"1201166","FECHADURA AGL PV200F1E - CZ EX","403014","MOLA DE RETORNO DA TRAVA MAIOR","1"
"1201166","FECHADURA AGL PV200F1E - CZ EX","403016","MOLA DE RETORNO DO DISPOSITIVO DE MEMORIA","1"
"1201166","FECHADURA AGL PV200F1E - CZ EX","403017","MOLA DE RETORNO DO ROTOR","1"
"1201166","FECHADURA AGL PV200F1E - CZ EX","403018","MOLA DE RETORNO DA TRAVA MENOR","1"
"1201166","FECHADURA AGL PV200F1E - CZ EX","403022","MOLA PV200 RETORNO DA LINGUETA","1"
"1201166","FECHADURA AGL PV200F1E - CZ EX","403025","MOLA DO ARIETE","1"
"1201166","FECHADURA AGL PV200F1E - CZ EX","404015","CONJUNTO CILINDRO FECHADURA PORTA DE VIDRO 1 CIL.","1"
"1201166","FECHADURA AGL PV200F1E - CZ EX","708018","CORPO DO ARIETE 4,76 X 29MM C/ DIAM 1,6MM - ZINCADO","1"
"1201166","FECHADURA AGL PV200F1E - CZ EX","708021","LUVA DO ARIETE 10MM - ZINCADO","1"
"1201166","FECHADURA AGL PV200F1E - CZ EX","801208","EIXO DO ROTOR - ZINCADO","1"
"1201166","FECHADURA AGL PV200F1E - CZ EX","804210","ARRUELA MAÇANETA PV","1"
"1201166","FECHADURA AGL PV200F1E - CZ EX","804212","ENCOSTO PARA CHAPA DO BATENTE PV","1"
"1201166","FECHADURA AGL PV200F1E - CZ EX","804321","CARRETEL DO FECHO","1"
"1201166","FECHADURA AGL PV200F1E - CZ EX","804428","SOQUETE DO FECHO ELETRICO","1"
"1201166","FECHADURA AGL PV200F1E - CZ EX","804468","PONTA DO ARIETE 2,55 X 26MM","1"
"1201166","FECHADURA AGL PV200F1E - CZ EX","805087","NARIZ CILINDRO PV200 - ZINCADO","1"
"1201166","FECHADURA AGL PV200F1E - CZ EX","805089","BASE FIXAÇÃO MAÇANETA","1"
"1201166","FECHADURA AGL PV200F1E - CZ EX","806035","CHAPA PUXADOR PV200F1I/E P/ 1 OU 2 CILINDROS (MAIOR)","2"
"1201166","FECHADURA AGL PV200F1E - CZ EX","806082","TERMINAL DE LATÃO DO SOQUETE","2"
"1201166","FECHADURA AGL PV200F1E - CZ EX","807002","TRAVA MENOR FECHO PV","1"
"1201166","FECHADURA AGL PV200F1E - CZ EX","807003","TRAVA MAIOR FECHO PV","1"
"1201166","FECHADURA AGL PV200F1E - CZ EX","807049","DISPOSITIVO DE MEMORIA FECHO PV - ZINCADO","1"
"1201166","FECHADURA AGL PV200F1E - CZ EX","807069","LINGUETA DAS FECHADURAS PV","1"
"1201166","FECHADURA AGL PV200F1E - CZ EX","807088","ROTOR DO FECHO","1"
"1201166","FECHADURA AGL PV200F1E - CZ EX","701084","CAIXA DO FECHO - BRUTO","1"
"1201166","FECHADURA AGL PV200F1E - CZ EX","807102","BLINDAGEM DO FECHO","1"
"1201166","FECHADURA AGL PV200F1E - CZ EX","807105","TRATOR MAÇANETA PV - ZINCADO","1"
"1201166","FECHADURA AGL PV200F1E - CZ EX","807106","TAMPA DO FECHO DE METAL","1"
"1201166","FECHADURA AGL PV200F1E - CZ EX","807138","VERGALHÃO QUADRADO 8MM PV - ZINCADO","1"
"1201166","FECHADURA AGL PV200F1E - CZ EX","811277","ETIQUETA ADES. COUCHE 20MM X 15MM X 04 CAR","1"
"1201166","FECHADURA AGL PV200F1E - CZ EX","811310","ETIQUETA ADES. COUCHE 33MM X 21MM X 03 CAR","1"
"1201166","FECHADURA AGL PV200F1E - CZ EX","811762","SACO ZIP PADRAO - 05X07","1"
"1201166","FECHADURA AGL PV200F1E - CZ EX","811681","AGL SOLAPA PORTA VIDRO 10,5 X 29,5 - CALÇO PV200","1"
"1201166","FECHADURA AGL PV200F1E - CZ EX","811700","CAIXA FECHADURA ELETRICA P/ PORTAS DE VIDRO AGL 13,2 X 11,7 X 11,4","1"
"1201166","FECHADURA AGL PV200F1E - CZ EX","811322","ETIQUETA ADES. BOPP 40MM X 40MM  BRANCA Bt759","1"
"1201166","FECHADURA AGL PV200F1E - CZ EX","807098","FUNDO ALUMINIO LINGUETA PV200RF1I/E - CINZA","1"
"1201166","FECHADURA AGL PV200F1E - CZ EX","807056","MAÇANETA ALAVANCA - CROMADA","1"
"1201166","FECHADURA AGL PV200F1E - CZ EX","103760","FIO COBRE ESMALTADO 155 TS 30 AWG","0,010787"
"1201166","FECHADURA AGL PV200F1E - CZ EX","801240","PINO DA CAIXINHA DO FECHO - ZINCADO","1"
"1201167","FECHADURA AGL PV200F1E - PRETA EX","806034","MAÇANETA ALAVANCA - PRETA","1"
"1201167","FECHADURA AGL PV200F1E - PRETA EX","806006","FUNDO ALUMINIO LINGUETA PV200RF1I/E - PRETO","1"
"1201167","FECHADURA AGL PV200F1E - PRETA EX","806009","CHAPA PUXADOR PV200F1I/E P/ 1 OU 2 CILINDROS (MAIOR) - PRETO","2"
"1201167","FECHADURA AGL PV200F1E - PRETA EX","806089","FRENTE AL LINGUETA PV - PRETA","1"
"1201167","FECHADURA AGL PV200F1E - PRETA EX","806013","CHAPA BATENTE PV200RF1E - PRETO","1"
"1201167","FECHADURA AGL PV200F1E - PRETA EX","807053","BUCHA REDONDA FECHADURA PV -CROMADA","2"
"1201167","FECHADURA AGL PV200F1E - PRETA EX","807053","BUCHA REDONDA FECHADURA PV -CROMADA","1"
"1201167","FECHADURA AGL PV200F1E - PRETA EX","401002","PARAFUSO 3.5 X 13 A/A CH. PH - ZI","4"
"1201167","FECHADURA AGL PV200F1E - PRETA EX","401008","PARAFUSO PLASTIC PAN PHILLIPS 3 X 8 ZB","2"
"1201167","FECHADURA AGL PV200F1E - PRETA EX","401023","PARAFUSO MET M3.5 X 8 CH. PH - ZI","4"
"1201167","FECHADURA AGL PV200F1E - PRETA EX","401034","PARAFUSO PLASTIC 3 X 6 CH. PH - ZI","2"
"1201167","FECHADURA AGL PV200F1E - PRETA EX","401083","PF MET CH PHS M4X12MM ZI","2"
"1201167","FECHADURA AGL PV200F1E - PRETA EX","401089","PARAFUSO MET M3 X 8MM CH PHS ZI","4"
"1201167","FECHADURA AGL PV200F1E - PRETA EX","401100","PARAFUSO M3 X 12 CC. PH - ZI","1"
"1201167","FECHADURA AGL PV200F1E - PRETA EX","401101","PARAFUSO M3.5 X 6 CH. PH - ZI","4"
"1201167","FECHADURA AGL PV200F1E - PRETA EX","401102","PARAFUSO M4 X 8 CH. PH MET - ZI","5"
"1201167","FECHADURA AGL PV200F1E - PRETA EX","403013","MOLA DE RETORNO DA MAÇANETA FECHADURA PV","1"
"1201167","FECHADURA AGL PV200F1E - PRETA EX","403014","MOLA DE RETORNO DA TRAVA MAIOR","1"
"1201167","FECHADURA AGL PV200F1E - PRETA EX","403016","MOLA DE RETORNO DO DISPOSITIVO DE MEMORIA","1"
"1201167","FECHADURA AGL PV200F1E - PRETA EX","403017","MOLA DE RETORNO DO ROTOR","1"
"1201167","FECHADURA AGL PV200F1E - PRETA EX","403018","MOLA DE RETORNO DA TRAVA MENOR","1"
"1201167","FECHADURA AGL PV200F1E - PRETA EX","403022","MOLA PV200 RETORNO DA LINGUETA","1"
"1201167","FECHADURA AGL PV200F1E - PRETA EX","403025","MOLA DO ARIETE","1"
"1201167","FECHADURA AGL PV200F1E - PRETA EX","404015","CONJUNTO CILINDRO FECHADURA PORTA DE VIDRO 1 CIL.","1"
"1201167","FECHADURA AGL PV200F1E - PRETA EX","708018","CORPO DO ARIETE 4,76 X 29MM C/ DIAM 1,6MM - ZINCADO","1"
"1201167","FECHADURA AGL PV200F1E - PRETA EX","708021","LUVA DO ARIETE 10MM - ZINCADO","1"
"1201167","FECHADURA AGL PV200F1E - PRETA EX","801208","EIXO DO ROTOR - ZINCADO","1"
"1201167","FECHADURA AGL PV200F1E - PRETA EX","804210","ARRUELA MAÇANETA PV","1"
"1201167","FECHADURA AGL PV200F1E - PRETA EX","804212","ENCOSTO PARA CHAPA DO BATENTE PV","1"
"1201167","FECHADURA AGL PV200F1E - PRETA EX","804321","CARRETEL DO FECHO","1"
"1201167","FECHADURA AGL PV200F1E - PRETA EX","804428","SOQUETE DO FECHO ELETRICO","1"
"1201167","FECHADURA AGL PV200F1E - PRETA EX","804468","PONTA DO ARIETE 2,55 X 26MM","1"
"1201167","FECHADURA AGL PV200F1E - PRETA EX","805087","NARIZ CILINDRO PV200 - ZINCADO","1"
"1201167","FECHADURA AGL PV200F1E - PRETA EX","805089","BASE FIXAÇÃO MAÇANETA","1"
"1201167","FECHADURA AGL PV200F1E - PRETA EX","806082","TERMINAL DE LATÃO DO SOQUETE","2"
"1201167","FECHADURA AGL PV200F1E - PRETA EX","807002","TRAVA MENOR FECHO PV","1"
"1201167","FECHADURA AGL PV200F1E - PRETA EX","807003","TRAVA MAIOR FECHO PV","1"
"1201167","FECHADURA AGL PV200F1E - PRETA EX","807049","DISPOSITIVO DE MEMORIA FECHO PV - ZINCADO","1"
"1201167","FECHADURA AGL PV200F1E - PRETA EX","807069","LINGUETA DAS FECHADURAS PV","1"
"1201167","FECHADURA AGL PV200F1E - PRETA EX","807088","ROTOR DO FECHO","1"
"1201167","FECHADURA AGL PV200F1E - PRETA EX","701084","CAIXA DO FECHO - BRUTO","1"
"1201167","FECHADURA AGL PV200F1E - PRETA EX","807102","BLINDAGEM DO FECHO","1"
"1201167","FECHADURA AGL PV200F1E - PRETA EX","807105","TRATOR MAÇANETA PV - ZINCADO","1"
"1201167","FECHADURA AGL PV200F1E - PRETA EX","807106","TAMPA DO FECHO DE METAL","1"
"1201167","FECHADURA AGL PV200F1E - PRETA EX","807138","VERGALHÃO QUADRADO 8MM PV - ZINCADO","1"
"1201167","FECHADURA AGL PV200F1E - PRETA EX","811277","ETIQUETA ADES. COUCHE 20MM X 15MM X 04 CAR","1"
"1201167","FECHADURA AGL PV200F1E - PRETA EX","811310","ETIQUETA ADES. COUCHE 33MM X 21MM X 03 CAR","1"
"1201167","FECHADURA AGL PV200F1E - PRETA EX","811762","SACO ZIP PADRAO - 05X07","1"
"1201167","FECHADURA AGL PV200F1E - PRETA EX","811681","AGL SOLAPA PORTA VIDRO 10,5 X 29,5 - CALÇO PV200","1"
"1201167","FECHADURA AGL PV200F1E - PRETA EX","811700","CAIXA FECHADURA ELETRICA P/ PORTAS DE VIDRO AGL 13,2 X 11,7 X 11,4","1"
"1201167","FECHADURA AGL PV200F1E - PRETA EX","811322","ETIQUETA ADES. BOPP 40MM X 40MM  BRANCA Bt759","1"
"1201167","FECHADURA AGL PV200F1E - PRETA EX","103760","FIO COBRE ESMALTADO 155 TS 30 AWG","0,010787"
"1201167","FECHADURA AGL PV200F1E - PRETA EX","801240","PINO DA CAIXINHA DO FECHO - ZINCADO","1"
"1201168","FECHADURA AGL PV200F1I - PRETA EX","806006","FUNDO ALUMINIO LINGUETA PV200RF1I/E - PRETO","1"
"1201168","FECHADURA AGL PV200F1I - PRETA EX","806089","FRENTE AL LINGUETA PV - PRETA","1"
"1201168","FECHADURA AGL PV200F1I - PRETA EX","807053","BUCHA REDONDA FECHADURA PV -CROMADA","2"
"1201168","FECHADURA AGL PV200F1I - PRETA EX","401002","PARAFUSO 3.5 X 13 A/A CH. PH - ZI","4"
"1201168","FECHADURA AGL PV200F1I - PRETA EX","401008","PARAFUSO PLASTIC PAN PHILLIPS 3 X 8 ZB","2"
"1201168","FECHADURA AGL PV200F1I - PRETA EX","401023","PARAFUSO MET M3.5 X 8 CH. PH - ZI","4"
"1201168","FECHADURA AGL PV200F1I - PRETA EX","401034","PARAFUSO PLASTIC 3 X 6 CH. PH - ZI","2"
"1201168","FECHADURA AGL PV200F1I - PRETA EX","401083","PF MET CH PHS M4X12MM ZI","2"
"1201168","FECHADURA AGL PV200F1I - PRETA EX","401089","PARAFUSO MET M3 X 8MM CH PHS ZI","2"
"1201168","FECHADURA AGL PV200F1I - PRETA EX","401100","PARAFUSO M3 X 12 CC. PH - ZI","1"
"1201168","FECHADURA AGL PV200F1I - PRETA EX","401101","PARAFUSO M3.5 X 6 CH. PH - ZI","4"
"1201168","FECHADURA AGL PV200F1I - PRETA EX","401102","PARAFUSO M4 X 8 CH. PH MET - ZI","5"
"1201168","FECHADURA AGL PV200F1I - PRETA EX","403013","MOLA DE RETORNO DA MAÇANETA FECHADURA PV","1"
"1201168","FECHADURA AGL PV200F1I - PRETA EX","403014","MOLA DE RETORNO DA TRAVA MAIOR","1"
"1201168","FECHADURA AGL PV200F1I - PRETA EX","403016","MOLA DE RETORNO DO DISPOSITIVO DE MEMORIA","1"
"1201168","FECHADURA AGL PV200F1I - PRETA EX","403017","MOLA DE RETORNO DO ROTOR","1"
"1201168","FECHADURA AGL PV200F1I - PRETA EX","403018","MOLA DE RETORNO DA TRAVA MENOR","1"
"1201168","FECHADURA AGL PV200F1I - PRETA EX","403022","MOLA PV200 RETORNO DA LINGUETA","1"
"1201168","FECHADURA AGL PV200F1I - PRETA EX","403025","MOLA DO ARIETE","1"
"1201168","FECHADURA AGL PV200F1I - PRETA EX","404015","CONJUNTO CILINDRO FECHADURA PORTA DE VIDRO 1 CIL.","1"
"1201168","FECHADURA AGL PV200F1I - PRETA EX","708018","CORPO DO ARIETE 4,76 X 29MM C/ DIAM 1,6MM - ZINCADO","1"
"1201168","FECHADURA AGL PV200F1I - PRETA EX","708021","LUVA DO ARIETE 10MM - ZINCADO","1"
"1201168","FECHADURA AGL PV200F1I - PRETA EX","801208","EIXO DO ROTOR - ZINCADO","1"
"1201168","FECHADURA AGL PV200F1I - PRETA EX","804210","ARRUELA MAÇANETA PV","1"
"1201168","FECHADURA AGL PV200F1I - PRETA EX","804321","CARRETEL DO FECHO","1"
"1201168","FECHADURA AGL PV200F1I - PRETA EX","804324","BLOQUEIO DE CARTÃO PV","1"
"1201168","FECHADURA AGL PV200F1I - PRETA EX","804428","SOQUETE DO FECHO ELETRICO","1"
"1201168","FECHADURA AGL PV200F1I - PRETA EX","804468","PONTA DO ARIETE 2,55 X 26MM","1"
"1201168","FECHADURA AGL PV200F1I - PRETA EX","805087","NARIZ CILINDRO PV200 - ZINCADO","1"
"1201168","FECHADURA AGL PV200F1I - PRETA EX","805089","BASE FIXAÇÃO MAÇANETA","1"
"1201168","FECHADURA AGL PV200F1I - PRETA EX","806049","CHAPA BATENTE PV200RF1I - PRETO","1"
"1201168","FECHADURA AGL PV200F1I - PRETA EX","806082","TERMINAL DE LATÃO DO SOQUETE","2"
"1201168","FECHADURA AGL PV200F1I - PRETA EX","807002","TRAVA MENOR FECHO PV","1"
"1201168","FECHADURA AGL PV200F1I - PRETA EX","807003","TRAVA MAIOR FECHO PV","1"
"1201168","FECHADURA AGL PV200F1I - PRETA EX","807049","DISPOSITIVO DE MEMORIA FECHO PV - ZINCADO","1"
"1201168","FECHADURA AGL PV200F1I - PRETA EX","807069","LINGUETA DAS FECHADURAS PV","1"
"1201168","FECHADURA AGL PV200F1I - PRETA EX","807088","ROTOR DO FECHO","1"
"1201168","FECHADURA AGL PV200F1I - PRETA EX","701084","CAIXA DO FECHO - BRUTO","1"
"1201168","FECHADURA AGL PV200F1I - PRETA EX","807102","BLINDAGEM DO FECHO","1"
"1201168","FECHADURA AGL PV200F1I - PRETA EX","807105","TRATOR MAÇANETA PV - ZINCADO","1"
"1201168","FECHADURA AGL PV200F1I - PRETA EX","807106","TAMPA DO FECHO DE METAL","1"
"1201168","FECHADURA AGL PV200F1I - PRETA EX","807138","VERGALHÃO QUADRADO 8MM PV - ZINCADO","1"
"1201168","FECHADURA AGL PV200F1I - PRETA EX","811277","ETIQUETA ADES. COUCHE 20MM X 15MM X 04 CAR","1"
"1201168","FECHADURA AGL PV200F1I - PRETA EX","811310","ETIQUETA ADES. COUCHE 33MM X 21MM X 03 CAR","1"
"1201168","FECHADURA AGL PV200F1I - PRETA EX","811762","SACO ZIP PADRAO - 05X07","1"
"1201168","FECHADURA AGL PV200F1I - PRETA EX","811681","AGL SOLAPA PORTA VIDRO 10,5 X 29,5 - CALÇO PV200","1"
"1201168","FECHADURA AGL PV200F1I - PRETA EX","811700","CAIXA FECHADURA ELETRICA P/ PORTAS DE VIDRO AGL 13,2 X 11,7 X 11,4","1"
"1201168","FECHADURA AGL PV200F1I - PRETA EX","811322","ETIQUETA ADES. BOPP 40MM X 40MM  BRANCA Bt759","1"
"1201168","FECHADURA AGL PV200F1I - PRETA EX","806066","CHAPA C/ PUXADOR PV200F1I - PRETO","1"
"1201168","FECHADURA AGL PV200F1I - PRETA EX","810035","ACABAMENTO MAÇANETA BOLA - CROMADO","1"
"1201168","FECHADURA AGL PV200F1I - PRETA EX","807055","MAÇANETA BOLA - PRETA","1"
"1201168","FECHADURA AGL PV200F1I - PRETA EX","103760","FIO COBRE ESMALTADO 155 TS 30 AWG","0,010787"
"1201168","FECHADURA AGL PV200F1I - PRETA EX","801240","PINO DA CAIXINHA DO FECHO - ZINCADO","1"
"1201169","FECHADURA AGL PV200F1I C/ 2 CIL. - CZ EX","806022","CHAPA FECHO PVF2E - CROMADA","1"
"1201169","FECHADURA AGL PV200F1I C/ 2 CIL. - CZ EX","806038","ALUMINIO FECHADURA PV200 C/2 CIL","1"
"1201169","FECHADURA AGL PV200F1I C/ 2 CIL. - CZ EX","807098","FUNDO ALUMINIO LINGUETA PV200RF1I/E - CINZA","1"
"1201169","FECHADURA AGL PV200F1I C/ 2 CIL. - CZ EX","807094","FUNDO ALUMINIO FECHO PV200RF2I - CINZA","1"
"1201169","FECHADURA AGL PV200F1I C/ 2 CIL. - CZ EX","807053","BUCHA REDONDA FECHADURA PV -CROMADA","2"
"1201169","FECHADURA AGL PV200F1I C/ 2 CIL. - CZ EX","401008","PARAFUSO PLASTIC PAN PHILLIPS 3 X 8 ZB","2"
"1201169","FECHADURA AGL PV200F1I C/ 2 CIL. - CZ EX","401023","PARAFUSO MET M3.5 X 8 CH. PH - ZI","10"
"1201169","FECHADURA AGL PV200F1I C/ 2 CIL. - CZ EX","401034","PARAFUSO PLASTIC 3 X 6 CH. PH - ZI","2"
"1201169","FECHADURA AGL PV200F1I C/ 2 CIL. - CZ EX","401083","PF MET CH PHS M4X12MM ZI","4"
"1201169","FECHADURA AGL PV200F1I C/ 2 CIL. - CZ EX","401089","PARAFUSO MET M3 X 8MM CH PHS ZI","4"
"1201169","FECHADURA AGL PV200F1I C/ 2 CIL. - CZ EX","401100","PARAFUSO M3 X 12 CC. PH - ZI","1"
"1201169","FECHADURA AGL PV200F1I C/ 2 CIL. - CZ EX","401101","PARAFUSO M3.5 X 6 CH. PH - ZI","8"
"1201169","FECHADURA AGL PV200F1I C/ 2 CIL. - CZ EX","401102","PARAFUSO M4 X 8 CH. PH MET - ZI","1"
"1201169","FECHADURA AGL PV200F1I C/ 2 CIL. - CZ EX","403014","MOLA DE RETORNO DA TRAVA MAIOR","1"
"1201169","FECHADURA AGL PV200F1I C/ 2 CIL. - CZ EX","403016","MOLA DE RETORNO DO DISPOSITIVO DE MEMORIA","1"
"1201169","FECHADURA AGL PV200F1I C/ 2 CIL. - CZ EX","403017","MOLA DE RETORNO DO ROTOR","1"
"1201169","FECHADURA AGL PV200F1I C/ 2 CIL. - CZ EX","403018","MOLA DE RETORNO DA TRAVA MENOR","1"
"1201169","FECHADURA AGL PV200F1I C/ 2 CIL. - CZ EX","403022","MOLA PV200 RETORNO DA LINGUETA","1"
"1201169","FECHADURA AGL PV200F1I C/ 2 CIL. - CZ EX","403025","MOLA DO ARIETE","1"
"1201169","FECHADURA AGL PV200F1I C/ 2 CIL. - CZ EX","404016","CONJUNTO CILINDRO FECHADURA PORTA DE VIDRO 2 CIL.","2"
"1201169","FECHADURA AGL PV200F1I C/ 2 CIL. - CZ EX","708018","CORPO DO ARIETE 4,76 X 29MM C/ DIAM 1,6MM - ZINCADO","1"
"1201169","FECHADURA AGL PV200F1I C/ 2 CIL. - CZ EX","708021","LUVA DO ARIETE 10MM - ZINCADO","1"
"1201169","FECHADURA AGL PV200F1I C/ 2 CIL. - CZ EX","801208","EIXO DO ROTOR - ZINCADO","1"
"1201169","FECHADURA AGL PV200F1I C/ 2 CIL. - CZ EX","804306","TAMPA PLASTICA DO FECHO","1"
"1201169","FECHADURA AGL PV200F1I C/ 2 CIL. - CZ EX","804321","CARRETEL DO FECHO","1"
"1201169","FECHADURA AGL PV200F1I C/ 2 CIL. - CZ EX","804406","ESPACADOR PARA FECHADURA 2 CILINDROS","1"
"1201169","FECHADURA AGL PV200F1I C/ 2 CIL. - CZ EX","804428","SOQUETE DO FECHO ELETRICO","1"
"1201169","FECHADURA AGL PV200F1I C/ 2 CIL. - CZ EX","804468","PONTA DO ARIETE 2,55 X 26MM","1"
"1201169","FECHADURA AGL PV200F1I C/ 2 CIL. - CZ EX","805085","CHAPA DE FIXAÇÃO CILINDRO DUPLO FECH PV - ZINCADA","1"
"1201169","FECHADURA AGL PV200F1I C/ 2 CIL. - CZ EX","805087","NARIZ CILINDRO PV200 - ZINCADO","2"
"1201169","FECHADURA AGL PV200F1I C/ 2 CIL. - CZ EX","806025","CHAPA PUXADOR PV200RF1IE P/ 1 OU 2 CILINDROS (MENOR)","1"
"1201169","FECHADURA AGL PV200F1I C/ 2 CIL. - CZ EX","806035","CHAPA PUXADOR PV200F1I/E P/ 1 OU 2 CILINDROS (MAIOR)","1"
"1201169","FECHADURA AGL PV200F1I C/ 2 CIL. - CZ EX","806087","ALUMINIO DO BATENTE PV200RF2I","1"
"1201169","FECHADURA AGL PV200F1I C/ 2 CIL. - CZ EX","806082","TERMINAL DE LATÃO DO SOQUETE","2"
"1201169","FECHADURA AGL PV200F1I C/ 2 CIL. - CZ EX","807002","TRAVA MENOR FECHO PV","1"
"1201169","FECHADURA AGL PV200F1I C/ 2 CIL. - CZ EX","807003","TRAVA MAIOR FECHO PV","1"
"1201169","FECHADURA AGL PV200F1I C/ 2 CIL. - CZ EX","807049","DISPOSITIVO DE MEMORIA FECHO PV - ZINCADO","1"
"1201169","FECHADURA AGL PV200F1I C/ 2 CIL. - CZ EX","807069","LINGUETA DAS FECHADURAS PV","1"
"1201169","FECHADURA AGL PV200F1I C/ 2 CIL. - CZ EX","807088","ROTOR DO FECHO","1"
"1201169","FECHADURA AGL PV200F1I C/ 2 CIL. - CZ EX","701084","CAIXA DO FECHO - BRUTO","1"
"1201169","FECHADURA AGL PV200F1I C/ 2 CIL. - CZ EX","807102","BLINDAGEM DO FECHO","1"
"1201169","FECHADURA AGL PV200F1I C/ 2 CIL. - CZ EX","811277","ETIQUETA ADES. COUCHE 20MM X 15MM X 04 CAR","1"
"1201169","FECHADURA AGL PV200F1I C/ 2 CIL. - CZ EX","811310","ETIQUETA ADES. COUCHE 33MM X 21MM X 03 CAR","1"
"1201169","FECHADURA AGL PV200F1I C/ 2 CIL. - CZ EX","811762","SACO ZIP PADRAO - 05X07","1"
"1201169","FECHADURA AGL PV200F1I C/ 2 CIL. - CZ EX","811681","AGL SOLAPA PORTA VIDRO 10,5 X 29,5 - CALÇO PV200","1"
"1201169","FECHADURA AGL PV200F1I C/ 2 CIL. - CZ EX","811700","CAIXA FECHADURA ELETRICA P/ PORTAS DE VIDRO AGL 13,2 X 11,7 X 11,4","1"
"1201169","FECHADURA AGL PV200F1I C/ 2 CIL. - CZ EX","811322","ETIQUETA ADES. BOPP 40MM X 40MM  BRANCA Bt759","1"
"1201169","FECHADURA AGL PV200F1I C/ 2 CIL. - CZ EX","103760","FIO COBRE ESMALTADO 155 TS 30 AWG","0,010787"
"1201169","FECHADURA AGL PV200F1I C/ 2 CIL. - CZ EX","801240","PINO DA CAIXINHA DO FECHO - ZINCADO","1"
"1201170","FECHADURA AGL PV200F2I - BRANCA EX","806012","CHAPA FECHO PV200F2I - BRANCA","1"
"1201170","FECHADURA AGL PV200F2I - BRANCA EX","806044","TAMPA AL LINGUETA PV - BRANCA","1"
"1201170","FECHADURA AGL PV200F2I - BRANCA EX","806048","FRENTE AL PQ. FECHO PV - BRANCA","1"
"1201170","FECHADURA AGL PV200F2I - BRANCA EX","806050","FUNDO ALUMINIO LINGUETA PV200RF2I - BRANCA","1"
"1201170","FECHADURA AGL PV200F2I - BRANCA EX","806067","CHAPA C/ PUXADOR PV200F2I - BRANCO","1"
"1201170","FECHADURA AGL PV200F2I - BRANCA EX","806068","FUNDO ALUMINIO FECHO PV200RF2I - BRANCA","1"
"1201170","FECHADURA AGL PV200F2I - BRANCA EX","807054","MAÇANETA BOLA - BRANCA","1"
"1201170","FECHADURA AGL PV200F2I - BRANCA EX","807053","BUCHA REDONDA FECHADURA PV -CROMADA","2"
"1201170","FECHADURA AGL PV200F2I - BRANCA EX","401008","PARAFUSO PLASTIC PAN PHILLIPS 3 X 8 ZB","2"
"1201170","FECHADURA AGL PV200F2I - BRANCA EX","401023","PARAFUSO MET M3.5 X 8 CH. PH - ZI","4"
"1201170","FECHADURA AGL PV200F2I - BRANCA EX","401034","PARAFUSO PLASTIC 3 X 6 CH. PH - ZI","2"
"1201170","FECHADURA AGL PV200F2I - BRANCA EX","401083","PF MET CH PHS M4X12MM ZI","4"
"1201170","FECHADURA AGL PV200F2I - BRANCA EX","401089","PARAFUSO MET M3 X 8MM CH PHS ZI","2"
"1201170","FECHADURA AGL PV200F2I - BRANCA EX","401100","PARAFUSO M3 X 12 CC. PH - ZI","1"
"1201170","FECHADURA AGL PV200F2I - BRANCA EX","401101","PARAFUSO M3.5 X 6 CH. PH - ZI","8"
"1201170","FECHADURA AGL PV200F2I - BRANCA EX","401102","PARAFUSO M4 X 8 CH. PH MET - ZI","5"
"1201170","FECHADURA AGL PV200F2I - BRANCA EX","403013","MOLA DE RETORNO DA MAÇANETA FECHADURA PV","1"
"1201170","FECHADURA AGL PV200F2I - BRANCA EX","403014","MOLA DE RETORNO DA TRAVA MAIOR","1"
"1201170","FECHADURA AGL PV200F2I - BRANCA EX","403016","MOLA DE RETORNO DO DISPOSITIVO DE MEMORIA","1"
"1201170","FECHADURA AGL PV200F2I - BRANCA EX","403017","MOLA DE RETORNO DO ROTOR","1"
"1201170","FECHADURA AGL PV200F2I - BRANCA EX","403018","MOLA DE RETORNO DA TRAVA MENOR","1"
"1201170","FECHADURA AGL PV200F2I - BRANCA EX","403022","MOLA PV200 RETORNO DA LINGUETA","1"
"1201170","FECHADURA AGL PV200F2I - BRANCA EX","403025","MOLA DO ARIETE","1"
"1201170","FECHADURA AGL PV200F2I - BRANCA EX","404015","CONJUNTO CILINDRO FECHADURA PORTA DE VIDRO 1 CIL.","1"
"1201170","FECHADURA AGL PV200F2I - BRANCA EX","708018","CORPO DO ARIETE 4,76 X 29MM C/ DIAM 1,6MM - ZINCADO","1"
"1201170","FECHADURA AGL PV200F2I - BRANCA EX","708021","LUVA DO ARIETE 10MM - ZINCADO","1"
"1201170","FECHADURA AGL PV200F2I - BRANCA EX","801208","EIXO DO ROTOR - ZINCADO","1"
"1201170","FECHADURA AGL PV200F2I - BRANCA EX","804210","ARRUELA MAÇANETA PV","1"
"1201170","FECHADURA AGL PV200F2I - BRANCA EX","804306","TAMPA PLASTICA DO FECHO","1"
"1201170","FECHADURA AGL PV200F2I - BRANCA EX","804321","CARRETEL DO FECHO","1"
"1201170","FECHADURA AGL PV200F2I - BRANCA EX","804428","SOQUETE DO FECHO ELETRICO","1"
"1201170","FECHADURA AGL PV200F2I - BRANCA EX","804468","PONTA DO ARIETE 2,55 X 26MM","1"
"1201170","FECHADURA AGL PV200F2I - BRANCA EX","805087","NARIZ CILINDRO PV200 - ZINCADO","1"
"1201170","FECHADURA AGL PV200F2I - BRANCA EX","805089","BASE FIXAÇÃO MAÇANETA","1"
"1201170","FECHADURA AGL PV200F2I - BRANCA EX","806082","TERMINAL DE LATÃO DO SOQUETE","2"
"1201170","FECHADURA AGL PV200F2I - BRANCA EX","807002","TRAVA MENOR FECHO PV","1"
"1201170","FECHADURA AGL PV200F2I - BRANCA EX","807003","TRAVA MAIOR FECHO PV","1"
"1201170","FECHADURA AGL PV200F2I - BRANCA EX","807049","DISPOSITIVO DE MEMORIA FECHO PV - ZINCADO","1"
"1201170","FECHADURA AGL PV200F2I - BRANCA EX","807069","LINGUETA DAS FECHADURAS PV","1"
"1201170","FECHADURA AGL PV200F2I - BRANCA EX","807088","ROTOR DO FECHO","1"
"1201170","FECHADURA AGL PV200F2I - BRANCA EX","701084","CAIXA DO FECHO - BRUTO","1"
"1201170","FECHADURA AGL PV200F2I - BRANCA EX","807102","BLINDAGEM DO FECHO","1"
"1201170","FECHADURA AGL PV200F2I - BRANCA EX","807105","TRATOR MAÇANETA PV - ZINCADO","1"
"1201170","FECHADURA AGL PV200F2I - BRANCA EX","807138","VERGALHÃO QUADRADO 8MM PV - ZINCADO","1"
"1201170","FECHADURA AGL PV200F2I - BRANCA EX","811277","ETIQUETA ADES. COUCHE 20MM X 15MM X 04 CAR","1"
"1201170","FECHADURA AGL PV200F2I - BRANCA EX","811310","ETIQUETA ADES. COUCHE 33MM X 21MM X 03 CAR","1"
"1201170","FECHADURA AGL PV200F2I - BRANCA EX","811762","SACO ZIP PADRAO - 05X07","1"
"1201170","FECHADURA AGL PV200F2I - BRANCA EX","811681","AGL SOLAPA PORTA VIDRO 10,5 X 29,5 - CALÇO PV200","1"
"1201170","FECHADURA AGL PV200F2I - BRANCA EX","811700","CAIXA FECHADURA ELETRICA P/ PORTAS DE VIDRO AGL 13,2 X 11,7 X 11,4","1"
"1201170","FECHADURA AGL PV200F2I - BRANCA EX","811322","ETIQUETA ADES. BOPP 40MM X 40MM  BRANCA Bt759","1"
"1201170","FECHADURA AGL PV200F2I - BRANCA EX","810035","ACABAMENTO MAÇANETA BOLA - CROMADO","1"
"1201170","FECHADURA AGL PV200F2I - BRANCA EX","103760","FIO COBRE ESMALTADO 155 TS 30 AWG","0,010787"
"1201170","FECHADURA AGL PV200F2I - BRANCA EX","801240","PINO DA CAIXINHA DO FECHO - ZINCADO","1"
"1201171","FECHADURA AGL PV200F2I - PRETA EX","806010","CHAPA FECHO PV200F2I - PRETA","1"
"1201171","FECHADURA AGL PV200F2I - PRETA EX","806089","FRENTE AL LINGUETA PV - PRETA","1"
"1201171","FECHADURA AGL PV200F2I - PRETA EX","806070","FRENTE AL PQ. FECHO PV - PRETA","1"
"1201171","FECHADURA AGL PV200F2I - PRETA EX","806051","FUNDO ALUMINIO LINGUETA PV200RF2I - PRETA","1"
"1201171","FECHADURA AGL PV200F2I - PRETA EX","806053","FUNDO ALUMINIO FECHO PV200RF2I - PRETA","1"
"1201171","FECHADURA AGL PV200F2I - PRETA EX","806069","CHAPA C/ PUXADOR PV200F2I - PRETO","1"
"1201171","FECHADURA AGL PV200F2I - PRETA EX","807053","BUCHA REDONDA FECHADURA PV -CROMADA","2"
"1201171","FECHADURA AGL PV200F2I - PRETA EX","401008","PARAFUSO PLASTIC PAN PHILLIPS 3 X 8 ZB","2"
"1201171","FECHADURA AGL PV200F2I - PRETA EX","401023","PARAFUSO MET M3.5 X 8 CH. PH - ZI","4"
"1201171","FECHADURA AGL PV200F2I - PRETA EX","401034","PARAFUSO PLASTIC 3 X 6 CH. PH - ZI","2"
"1201171","FECHADURA AGL PV200F2I - PRETA EX","401083","PF MET CH PHS M4X12MM ZI","4"
"1201171","FECHADURA AGL PV200F2I - PRETA EX","401089","PARAFUSO MET M3 X 8MM CH PHS ZI","2"
"1201171","FECHADURA AGL PV200F2I - PRETA EX","401100","PARAFUSO M3 X 12 CC. PH - ZI","1"
"1201171","FECHADURA AGL PV200F2I - PRETA EX","401101","PARAFUSO M3.5 X 6 CH. PH - ZI","8"
"1201171","FECHADURA AGL PV200F2I - PRETA EX","401102","PARAFUSO M4 X 8 CH. PH MET - ZI","5"
"1201171","FECHADURA AGL PV200F2I - PRETA EX","403013","MOLA DE RETORNO DA MAÇANETA FECHADURA PV","1"
"1201171","FECHADURA AGL PV200F2I - PRETA EX","403014","MOLA DE RETORNO DA TRAVA MAIOR","1"
"1201171","FECHADURA AGL PV200F2I - PRETA EX","403016","MOLA DE RETORNO DO DISPOSITIVO DE MEMORIA","1"
"1201171","FECHADURA AGL PV200F2I - PRETA EX","403017","MOLA DE RETORNO DO ROTOR","1"
"1201171","FECHADURA AGL PV200F2I - PRETA EX","403018","MOLA DE RETORNO DA TRAVA MENOR","1"
"1201171","FECHADURA AGL PV200F2I - PRETA EX","403022","MOLA PV200 RETORNO DA LINGUETA","1"
"1201171","FECHADURA AGL PV200F2I - PRETA EX","403025","MOLA DO ARIETE","1"
"1201171","FECHADURA AGL PV200F2I - PRETA EX","404015","CONJUNTO CILINDRO FECHADURA PORTA DE VIDRO 1 CIL.","1"
"1201171","FECHADURA AGL PV200F2I - PRETA EX","708018","CORPO DO ARIETE 4,76 X 29MM C/ DIAM 1,6MM - ZINCADO","1"
"1201171","FECHADURA AGL PV200F2I - PRETA EX","708021","LUVA DO ARIETE 10MM - ZINCADO","1"
"1201171","FECHADURA AGL PV200F2I - PRETA EX","801208","EIXO DO ROTOR - ZINCADO","1"
"1201171","FECHADURA AGL PV200F2I - PRETA EX","804210","ARRUELA MAÇANETA PV","1"
"1201171","FECHADURA AGL PV200F2I - PRETA EX","804306","TAMPA PLASTICA DO FECHO","1"
"1201171","FECHADURA AGL PV200F2I - PRETA EX","804321","CARRETEL DO FECHO","1"
"1201171","FECHADURA AGL PV200F2I - PRETA EX","804428","SOQUETE DO FECHO ELETRICO","1"
"1201171","FECHADURA AGL PV200F2I - PRETA EX","804468","PONTA DO ARIETE 2,55 X 26MM","1"
"1201171","FECHADURA AGL PV200F2I - PRETA EX","805087","NARIZ CILINDRO PV200 - ZINCADO","1"
"1201171","FECHADURA AGL PV200F2I - PRETA EX","805089","BASE FIXAÇÃO MAÇANETA","1"
"1201171","FECHADURA AGL PV200F2I - PRETA EX","806082","TERMINAL DE LATÃO DO SOQUETE","2"
"1201171","FECHADURA AGL PV200F2I - PRETA EX","807002","TRAVA MENOR FECHO PV","1"
"1201171","FECHADURA AGL PV200F2I - PRETA EX","807003","TRAVA MAIOR FECHO PV","1"
"1201171","FECHADURA AGL PV200F2I - PRETA EX","807049","DISPOSITIVO DE MEMORIA FECHO PV - ZINCADO","1"
"1201171","FECHADURA AGL PV200F2I - PRETA EX","807069","LINGUETA DAS FECHADURAS PV","1"
"1201171","FECHADURA AGL PV200F2I - PRETA EX","807088","ROTOR DO FECHO","1"
"1201171","FECHADURA AGL PV200F2I - PRETA EX","701084","CAIXA DO FECHO - BRUTO","1"
"1201171","FECHADURA AGL PV200F2I - PRETA EX","807102","BLINDAGEM DO FECHO","1"
"1201171","FECHADURA AGL PV200F2I - PRETA EX","807105","TRATOR MAÇANETA PV - ZINCADO","1"
"1201171","FECHADURA AGL PV200F2I - PRETA EX","807138","VERGALHÃO QUADRADO 8MM PV - ZINCADO","1"
"1201171","FECHADURA AGL PV200F2I - PRETA EX","811277","ETIQUETA ADES. COUCHE 20MM X 15MM X 04 CAR","1"
"1201171","FECHADURA AGL PV200F2I - PRETA EX","811310","ETIQUETA ADES. COUCHE 33MM X 21MM X 03 CAR","1"
"1201171","FECHADURA AGL PV200F2I - PRETA EX","811762","SACO ZIP PADRAO - 05X07","1"
"1201171","FECHADURA AGL PV200F2I - PRETA EX","811681","AGL SOLAPA PORTA VIDRO 10,5 X 29,5 - CALÇO PV200","1"
"1201171","FECHADURA AGL PV200F2I - PRETA EX","811700","CAIXA FECHADURA ELETRICA P/ PORTAS DE VIDRO AGL 13,2 X 11,7 X 11,4","1"
"1201171","FECHADURA AGL PV200F2I - PRETA EX","811322","ETIQUETA ADES. BOPP 40MM X 40MM  BRANCA Bt759","1"
"1201171","FECHADURA AGL PV200F2I - PRETA EX","807055","MAÇANETA BOLA - PRETA","1"
"1201171","FECHADURA AGL PV200F2I - PRETA EX","810035","ACABAMENTO MAÇANETA BOLA - CROMADO","1"
"1201171","FECHADURA AGL PV200F2I - PRETA EX","103760","FIO COBRE ESMALTADO 155 TS 30 AWG","0,010787"
"1201171","FECHADURA AGL PV200F2I - PRETA EX","801240","PINO DA CAIXINHA DO FECHO - ZINCADO","1"
"1201172","FECHADURA AGL PV200F2I C/ 2 CIL. - CZ EX","806022","CHAPA FECHO PVF2E - CROMADA","1"
"1201172","FECHADURA AGL PV200F2I C/ 2 CIL. - CZ EX","806038","ALUMINIO FECHADURA PV200 C/2 CIL","1"
"1201172","FECHADURA AGL PV200F2I C/ 2 CIL. - CZ EX","807090","FUNDO ALUMINIO LINGUETA PV200RF2I - CINZA","1"
"1201172","FECHADURA AGL PV200F2I C/ 2 CIL. - CZ EX","807094","FUNDO ALUMINIO FECHO PV200RF2I - CINZA","1"
"1201172","FECHADURA AGL PV200F2I C/ 2 CIL. - CZ EX","807053","BUCHA REDONDA FECHADURA PV -CROMADA","2"
"1201172","FECHADURA AGL PV200F2I C/ 2 CIL. - CZ EX","401008","PARAFUSO PLASTIC PAN PHILLIPS 3 X 8 ZB","2"
"1201172","FECHADURA AGL PV200F2I C/ 2 CIL. - CZ EX","401023","PARAFUSO MET M3.5 X 8 CH. PH - ZI","6"
"1201172","FECHADURA AGL PV200F2I C/ 2 CIL. - CZ EX","401034","PARAFUSO PLASTIC 3 X 6 CH. PH - ZI","2"
"1201172","FECHADURA AGL PV200F2I C/ 2 CIL. - CZ EX","401083","PF MET CH PHS M4X12MM ZI","4"
"1201172","FECHADURA AGL PV200F2I C/ 2 CIL. - CZ EX","401089","PARAFUSO MET M3 X 8MM CH PHS ZI","4"
"1201172","FECHADURA AGL PV200F2I C/ 2 CIL. - CZ EX","401100","PARAFUSO M3 X 12 CC. PH - ZI","1"
"1201172","FECHADURA AGL PV200F2I C/ 2 CIL. - CZ EX","401101","PARAFUSO M3.5 X 6 CH. PH - ZI","8"
"1201172","FECHADURA AGL PV200F2I C/ 2 CIL. - CZ EX","401102","PARAFUSO M4 X 8 CH. PH MET - ZI","5"
"1201172","FECHADURA AGL PV200F2I C/ 2 CIL. - CZ EX","403014","MOLA DE RETORNO DA TRAVA MAIOR","1"
"1201172","FECHADURA AGL PV200F2I C/ 2 CIL. - CZ EX","403016","MOLA DE RETORNO DO DISPOSITIVO DE MEMORIA","1"
"1201172","FECHADURA AGL PV200F2I C/ 2 CIL. - CZ EX","403017","MOLA DE RETORNO DO ROTOR","1"
"1201172","FECHADURA AGL PV200F2I C/ 2 CIL. - CZ EX","403018","MOLA DE RETORNO DA TRAVA MENOR","1"
"1201172","FECHADURA AGL PV200F2I C/ 2 CIL. - CZ EX","403022","MOLA PV200 RETORNO DA LINGUETA","1"
"1201172","FECHADURA AGL PV200F2I C/ 2 CIL. - CZ EX","403025","MOLA DO ARIETE","1"
"1201172","FECHADURA AGL PV200F2I C/ 2 CIL. - CZ EX","404016","CONJUNTO CILINDRO FECHADURA PORTA DE VIDRO 2 CIL.","2"
"1201172","FECHADURA AGL PV200F2I C/ 2 CIL. - CZ EX","708018","CORPO DO ARIETE 4,76 X 29MM C/ DIAM 1,6MM - ZINCADO","1"
"1201172","FECHADURA AGL PV200F2I C/ 2 CIL. - CZ EX","708021","LUVA DO ARIETE 10MM - ZINCADO","1"
"1201172","FECHADURA AGL PV200F2I C/ 2 CIL. - CZ EX","801208","EIXO DO ROTOR - ZINCADO","1"
"1201172","FECHADURA AGL PV200F2I C/ 2 CIL. - CZ EX","804306","TAMPA PLASTICA DO FECHO","1"
"1201172","FECHADURA AGL PV200F2I C/ 2 CIL. - CZ EX","804321","CARRETEL DO FECHO","1"
"1201172","FECHADURA AGL PV200F2I C/ 2 CIL. - CZ EX","804406","ESPACADOR PARA FECHADURA 2 CILINDROS","1"
"1201172","FECHADURA AGL PV200F2I C/ 2 CIL. - CZ EX","804428","SOQUETE DO FECHO ELETRICO","1"
"1201172","FECHADURA AGL PV200F2I C/ 2 CIL. - CZ EX","804468","PONTA DO ARIETE 2,55 X 26MM","1"
"1201172","FECHADURA AGL PV200F2I C/ 2 CIL. - CZ EX","805085","CHAPA DE FIXAÇÃO CILINDRO DUPLO FECH PV - ZINCADA","1"
"1201172","FECHADURA AGL PV200F2I C/ 2 CIL. - CZ EX","805087","NARIZ CILINDRO PV200 - ZINCADO","2"
"1201172","FECHADURA AGL PV200F2I C/ 2 CIL. - CZ EX","806087","ALUMINIO DO BATENTE PV200RF2I","1"
"1201172","FECHADURA AGL PV200F2I C/ 2 CIL. - CZ EX","806052","CHAPA PUXADOR PV200F2I P/ 1 OU 2 CILINDROS (MAIOR)","1"
"1201172","FECHADURA AGL PV200F2I C/ 2 CIL. - CZ EX","806054","CHAPA PUXADOR PV200RF2I P/ 1 OU 2 CILINDROS (MENOR)","1"
"1201172","FECHADURA AGL PV200F2I C/ 2 CIL. - CZ EX","806082","TERMINAL DE LATÃO DO SOQUETE","2"
"1201172","FECHADURA AGL PV200F2I C/ 2 CIL. - CZ EX","807002","TRAVA MENOR FECHO PV","1"
"1201172","FECHADURA AGL PV200F2I C/ 2 CIL. - CZ EX","807003","TRAVA MAIOR FECHO PV","1"
"1201172","FECHADURA AGL PV200F2I C/ 2 CIL. - CZ EX","807049","DISPOSITIVO DE MEMORIA FECHO PV - ZINCADO","1"
"1201172","FECHADURA AGL PV200F2I C/ 2 CIL. - CZ EX","807069","LINGUETA DAS FECHADURAS PV","1"
"1201172","FECHADURA AGL PV200F2I C/ 2 CIL. - CZ EX","807088","ROTOR DO FECHO","1"
"1201172","FECHADURA AGL PV200F2I C/ 2 CIL. - CZ EX","701084","CAIXA DO FECHO - BRUTO","1"
"1201172","FECHADURA AGL PV200F2I C/ 2 CIL. - CZ EX","807102","BLINDAGEM DO FECHO","1"
"1201172","FECHADURA AGL PV200F2I C/ 2 CIL. - CZ EX","811277","ETIQUETA ADES. COUCHE 20MM X 15MM X 04 CAR","1"
"1201172","FECHADURA AGL PV200F2I C/ 2 CIL. - CZ EX","811310","ETIQUETA ADES. COUCHE 33MM X 21MM X 03 CAR","1"
"1201172","FECHADURA AGL PV200F2I C/ 2 CIL. - CZ EX","811762","SACO ZIP PADRAO - 05X07","1"
"1201172","FECHADURA AGL PV200F2I C/ 2 CIL. - CZ EX","811681","AGL SOLAPA PORTA VIDRO 10,5 X 29,5 - CALÇO PV200","1"
"1201172","FECHADURA AGL PV200F2I C/ 2 CIL. - CZ EX","811700","CAIXA FECHADURA ELETRICA P/ PORTAS DE VIDRO AGL 13,2 X 11,7 X 11,4","1"
"1201172","FECHADURA AGL PV200F2I C/ 2 CIL. - CZ EX","811322","ETIQUETA ADES. BOPP 40MM X 40MM  BRANCA Bt759","1"
"1201172","FECHADURA AGL PV200F2I C/ 2 CIL. - CZ EX","103760","FIO COBRE ESMALTADO 155 TS 30 AWG","0,010787"
"1201172","FECHADURA AGL PV200F2I C/ 2 CIL. - CZ EX","801240","PINO DA CAIXINHA DO FECHO - ZINCADO","1"
"1201173","FECHADURA AGL PV200R1E - BRANCA EX","806044","TAMPA AL LINGUETA PV - BRANCA","1"
"1201173","FECHADURA AGL PV200R1E - BRANCA EX","807057","MAÇANETA ALAVANCA - BRANCA","1"
"1201173","FECHADURA AGL PV200R1E - BRANCA EX","807053","BUCHA REDONDA FECHADURA PV -CROMADA","2"
"1201173","FECHADURA AGL PV200R1E - BRANCA EX","807053","BUCHA REDONDA FECHADURA PV -CROMADA","1"
"1201173","FECHADURA AGL PV200R1E - BRANCA EX","401002","PARAFUSO 3.5 X 13 A/A CH. PH - ZI","4"
"1201173","FECHADURA AGL PV200R1E - BRANCA EX","401008","PARAFUSO PLASTIC PAN PHILLIPS 3 X 8 ZB","2"
"1201173","FECHADURA AGL PV200R1E - BRANCA EX","401023","PARAFUSO MET M3.5 X 8 CH. PH - ZI","4"
"1201173","FECHADURA AGL PV200R1E - BRANCA EX","401034","PARAFUSO PLASTIC 3 X 6 CH. PH - ZI","2"
"1201173","FECHADURA AGL PV200R1E - BRANCA EX","401083","PF MET CH PHS M4X12MM ZI","2"
"1201173","FECHADURA AGL PV200R1E - BRANCA EX","401089","PARAFUSO MET M3 X 8MM CH PHS ZI","4"
"1201173","FECHADURA AGL PV200R1E - BRANCA EX","401100","PARAFUSO M3 X 12 CC. PH - ZI","1"
"1201173","FECHADURA AGL PV200R1E - BRANCA EX","401101","PARAFUSO M3.5 X 6 CH. PH - ZI","4"
"1201173","FECHADURA AGL PV200R1E - BRANCA EX","401102","PARAFUSO M4 X 8 CH. PH MET - ZI","5"
"1201173","FECHADURA AGL PV200R1E - BRANCA EX","403013","MOLA DE RETORNO DA MAÇANETA FECHADURA PV","1"
"1201173","FECHADURA AGL PV200R1E - BRANCA EX","403014","MOLA DE RETORNO DA TRAVA MAIOR","1"
"1201173","FECHADURA AGL PV200R1E - BRANCA EX","403016","MOLA DE RETORNO DO DISPOSITIVO DE MEMORIA","1"
"1201173","FECHADURA AGL PV200R1E - BRANCA EX","403017","MOLA DE RETORNO DO ROTOR","1"
"1201173","FECHADURA AGL PV200R1E - BRANCA EX","403018","MOLA DE RETORNO DA TRAVA MENOR","1"
"1201173","FECHADURA AGL PV200R1E - BRANCA EX","403022","MOLA PV200 RETORNO DA LINGUETA","1"
"1201173","FECHADURA AGL PV200R1E - BRANCA EX","403025","MOLA DO ARIETE","1"
"1201173","FECHADURA AGL PV200R1E - BRANCA EX","404015","CONJUNTO CILINDRO FECHADURA PORTA DE VIDRO 1 CIL.","1"
"1201173","FECHADURA AGL PV200R1E - BRANCA EX","708018","CORPO DO ARIETE 4,76 X 29MM C/ DIAM 1,6MM - ZINCADO","1"
"1201173","FECHADURA AGL PV200R1E - BRANCA EX","708021","LUVA DO ARIETE 10MM - ZINCADO","1"
"1201173","FECHADURA AGL PV200R1E - BRANCA EX","801208","EIXO DO ROTOR - ZINCADO","1"
"1201173","FECHADURA AGL PV200R1E - BRANCA EX","804210","ARRUELA MAÇANETA PV","1"
"1201173","FECHADURA AGL PV200R1E - BRANCA EX","804212","ENCOSTO PARA CHAPA DO BATENTE PV","1"
"1201173","FECHADURA AGL PV200R1E - BRANCA EX","804321","CARRETEL DO FECHO","1"
"1201173","FECHADURA AGL PV200R1E - BRANCA EX","804323","ACABAMENTO RECORTE PV","1"
"1201173","FECHADURA AGL PV200R1E - BRANCA EX","804428","SOQUETE DO FECHO ELETRICO","1"
"1201173","FECHADURA AGL PV200R1E - BRANCA EX","804468","PONTA DO ARIETE 2,55 X 26MM","1"
"1201173","FECHADURA AGL PV200R1E - BRANCA EX","805088","NARIZ CILINDRO PVR - ZINCADO","1"
"1201173","FECHADURA AGL PV200R1E - BRANCA EX","805089","BASE FIXAÇÃO MAÇANETA","1"
"1201173","FECHADURA AGL PV200R1E - BRANCA EX","806037","CHAPA BATENTE EXTERNO PV200RF1E - BRANCO","1"
"1201173","FECHADURA AGL PV200R1E - BRANCA EX","806060","CHAPA PUXADOR PV200R1I/E P/ 1 OU 2 CILINDROS (MAIOR) - BRANCO","2"
"1201173","FECHADURA AGL PV200R1E - BRANCA EX","806082","TERMINAL DE LATÃO DO SOQUETE","2"
"1201173","FECHADURA AGL PV200R1E - BRANCA EX","807002","TRAVA MENOR FECHO PV","1"
"1201173","FECHADURA AGL PV200R1E - BRANCA EX","807003","TRAVA MAIOR FECHO PV","1"
"1201173","FECHADURA AGL PV200R1E - BRANCA EX","807049","DISPOSITIVO DE MEMORIA FECHO PV - ZINCADO","1"
"1201173","FECHADURA AGL PV200R1E - BRANCA EX","807069","LINGUETA DAS FECHADURAS PV","1"
"1201173","FECHADURA AGL PV200R1E - BRANCA EX","807088","ROTOR DO FECHO","1"
"1201173","FECHADURA AGL PV200R1E - BRANCA EX","807099","FUNDO ALUMINIO LINGUETA PV200RF1I/E - BRANCO","1"
"1201173","FECHADURA AGL PV200R1E - BRANCA EX","701084","CAIXA DO FECHO - BRUTO","1"
"1201173","FECHADURA AGL PV200R1E - BRANCA EX","807102","BLINDAGEM DO FECHO","1"
"1201173","FECHADURA AGL PV200R1E - BRANCA EX","807105","TRATOR MAÇANETA PV - ZINCADO","1"
"1201173","FECHADURA AGL PV200R1E - BRANCA EX","807106","TAMPA DO FECHO DE METAL","1"
"1201173","FECHADURA AGL PV200R1E - BRANCA EX","807138","VERGALHÃO QUADRADO 8MM PV - ZINCADO","1"
"1201173","FECHADURA AGL PV200R1E - BRANCA EX","811277","ETIQUETA ADES. COUCHE 20MM X 15MM X 04 CAR","1"
"1201173","FECHADURA AGL PV200R1E - BRANCA EX","811310","ETIQUETA ADES. COUCHE 33MM X 21MM X 03 CAR","1"
"1201173","FECHADURA AGL PV200R1E - BRANCA EX","811762","SACO ZIP PADRAO - 05X07","1"
"1201173","FECHADURA AGL PV200R1E - BRANCA EX","811681","AGL SOLAPA PORTA VIDRO 10,5 X 29,5 - CALÇO PV200","1"
"1201173","FECHADURA AGL PV200R1E - BRANCA EX","811700","CAIXA FECHADURA ELETRICA P/ PORTAS DE VIDRO AGL 13,2 X 11,7 X 11,4","1"
"1201173","FECHADURA AGL PV200R1E - BRANCA EX","811322","ETIQUETA ADES. BOPP 40MM X 40MM  BRANCA Bt759","1"
"1201173","FECHADURA AGL PV200R1E - BRANCA EX","103760","FIO COBRE ESMALTADO 155 TS 30 AWG","0,010787"
"1201173","FECHADURA AGL PV200R1E - BRANCA EX","801240","PINO DA CAIXINHA DO FECHO - ZINCADO","1"
"1201174","FECHADURA AGL PV200R1E - CZ EX","805076","ALUMINIO FECHADURA PV 200","1"
"1201174","FECHADURA AGL PV200R1E - CZ EX","806036","CHAPA BATENTE PV200RF1E - CROMADO","1"
"1201174","FECHADURA AGL PV200R1E - CZ EX","807053","BUCHA REDONDA FECHADURA PV -CROMADA","2"
"1201174","FECHADURA AGL PV200R1E - CZ EX","807053","BUCHA REDONDA FECHADURA PV -CROMADA","1"
"1201174","FECHADURA AGL PV200R1E - CZ EX","401002","PARAFUSO 3.5 X 13 A/A CH. PH - ZI","4"
"1201174","FECHADURA AGL PV200R1E - CZ EX","401008","PARAFUSO PLASTIC PAN PHILLIPS 3 X 8 ZB","2"
"1201174","FECHADURA AGL PV200R1E - CZ EX","401023","PARAFUSO MET M3.5 X 8 CH. PH - ZI","4"
"1201174","FECHADURA AGL PV200R1E - CZ EX","401034","PARAFUSO PLASTIC 3 X 6 CH. PH - ZI","2"
"1201174","FECHADURA AGL PV200R1E - CZ EX","401083","PF MET CH PHS M4X12MM ZI","2"
"1201174","FECHADURA AGL PV200R1E - CZ EX","401089","PARAFUSO MET M3 X 8MM CH PHS ZI","4"
"1201174","FECHADURA AGL PV200R1E - CZ EX","401100","PARAFUSO M3 X 12 CC. PH - ZI","1"
"1201174","FECHADURA AGL PV200R1E - CZ EX","401101","PARAFUSO M3.5 X 6 CH. PH - ZI","4"
"1201174","FECHADURA AGL PV200R1E - CZ EX","401102","PARAFUSO M4 X 8 CH. PH MET - ZI","5"
"1201174","FECHADURA AGL PV200R1E - CZ EX","403013","MOLA DE RETORNO DA MAÇANETA FECHADURA PV","1"
"1201174","FECHADURA AGL PV200R1E - CZ EX","403014","MOLA DE RETORNO DA TRAVA MAIOR","1"
"1201174","FECHADURA AGL PV200R1E - CZ EX","403016","MOLA DE RETORNO DO DISPOSITIVO DE MEMORIA","1"
"1201174","FECHADURA AGL PV200R1E - CZ EX","403017","MOLA DE RETORNO DO ROTOR","1"
"1201174","FECHADURA AGL PV200R1E - CZ EX","403018","MOLA DE RETORNO DA TRAVA MENOR","1"
"1201174","FECHADURA AGL PV200R1E - CZ EX","403022","MOLA PV200 RETORNO DA LINGUETA","1"
"1201174","FECHADURA AGL PV200R1E - CZ EX","403025","MOLA DO ARIETE","1"
"1201174","FECHADURA AGL PV200R1E - CZ EX","404015","CONJUNTO CILINDRO FECHADURA PORTA DE VIDRO 1 CIL.","1"
"1201174","FECHADURA AGL PV200R1E - CZ EX","708018","CORPO DO ARIETE 4,76 X 29MM C/ DIAM 1,6MM - ZINCADO","1"
"1201174","FECHADURA AGL PV200R1E - CZ EX","708021","LUVA DO ARIETE 10MM - ZINCADO","1"
"1201174","FECHADURA AGL PV200R1E - CZ EX","801208","EIXO DO ROTOR - ZINCADO","1"
"1201174","FECHADURA AGL PV200R1E - CZ EX","804210","ARRUELA MAÇANETA PV","1"
"1201174","FECHADURA AGL PV200R1E - CZ EX","804212","ENCOSTO PARA CHAPA DO BATENTE PV","1"
"1201174","FECHADURA AGL PV200R1E - CZ EX","804321","CARRETEL DO FECHO","1"
"1201174","FECHADURA AGL PV200R1E - CZ EX","804323","ACABAMENTO RECORTE PV","1"
"1201174","FECHADURA AGL PV200R1E - CZ EX","804428","SOQUETE DO FECHO ELETRICO","1"
"1201174","FECHADURA AGL PV200R1E - CZ EX","804468","PONTA DO ARIETE 2,55 X 26MM","1"
"1201174","FECHADURA AGL PV200R1E - CZ EX","805088","NARIZ CILINDRO PVR - ZINCADO","1"
"1201174","FECHADURA AGL PV200R1E - CZ EX","805089","BASE FIXAÇÃO MAÇANETA","1"
"1201174","FECHADURA AGL PV200R1E - CZ EX","806055","CHAPA PUXADOR PV200R1I/E P/ 1 OU 2 CILINDROS (MAIOR)","2"
"1201174","FECHADURA AGL PV200R1E - CZ EX","806082","TERMINAL DE LATÃO DO SOQUETE","2"
"1201174","FECHADURA AGL PV200R1E - CZ EX","807002","TRAVA MENOR FECHO PV","1"
"1201174","FECHADURA AGL PV200R1E - CZ EX","807003","TRAVA MAIOR FECHO PV","1"
"1201174","FECHADURA AGL PV200R1E - CZ EX","807049","DISPOSITIVO DE MEMORIA FECHO PV - ZINCADO","1"
"1201174","FECHADURA AGL PV200R1E - CZ EX","807069","LINGUETA DAS FECHADURAS PV","1"
"1201174","FECHADURA AGL PV200R1E - CZ EX","807088","ROTOR DO FECHO","1"
"1201174","FECHADURA AGL PV200R1E - CZ EX","701084","CAIXA DO FECHO - BRUTO","1"
"1201174","FECHADURA AGL PV200R1E - CZ EX","807102","BLINDAGEM DO FECHO","1"
"1201174","FECHADURA AGL PV200R1E - CZ EX","807105","TRATOR MAÇANETA PV - ZINCADO","1"
"1201174","FECHADURA AGL PV200R1E - CZ EX","807106","TAMPA DO FECHO DE METAL","1"
"1201174","FECHADURA AGL PV200R1E - CZ EX","807138","VERGALHÃO QUADRADO 8MM PV - ZINCADO","1"
"1201174","FECHADURA AGL PV200R1E - CZ EX","811277","ETIQUETA ADES. COUCHE 20MM X 15MM X 04 CAR","1"
"1201174","FECHADURA AGL PV200R1E - CZ EX","811310","ETIQUETA ADES. COUCHE 33MM X 21MM X 03 CAR","1"
"1201174","FECHADURA AGL PV200R1E - CZ EX","811762","SACO ZIP PADRAO - 05X07","1"
"1201174","FECHADURA AGL PV200R1E - CZ EX","811681","AGL SOLAPA PORTA VIDRO 10,5 X 29,5 - CALÇO PV200","1"
"1201174","FECHADURA AGL PV200R1E - CZ EX","811700","CAIXA FECHADURA ELETRICA P/ PORTAS DE VIDRO AGL 13,2 X 11,7 X 11,4","1"
"1201174","FECHADURA AGL PV200R1E - CZ EX","811322","ETIQUETA ADES. BOPP 40MM X 40MM  BRANCA Bt759","1"
"1201174","FECHADURA AGL PV200R1E - CZ EX","807098","FUNDO ALUMINIO LINGUETA PV200RF1I/E - CINZA","1"
"1201174","FECHADURA AGL PV200R1E - CZ EX","807056","MAÇANETA ALAVANCA - CROMADA","1"
"1201174","FECHADURA AGL PV200R1E - CZ EX","103760","FIO COBRE ESMALTADO 155 TS 30 AWG","0,010787"
"1201174","FECHADURA AGL PV200R1E - CZ EX","801240","PINO DA CAIXINHA DO FECHO - ZINCADO","1"
"1201175","FECHADURA AGL PV200R1E - PRETA EX","806034","MAÇANETA ALAVANCA - PRETA","1"
"1201175","FECHADURA AGL PV200R1E - PRETA EX","806006","FUNDO ALUMINIO LINGUETA PV200RF1I/E - PRETO","1"
"1201175","FECHADURA AGL PV200R1E - PRETA EX","806089","FRENTE AL LINGUETA PV - PRETA","1"
"1201175","FECHADURA AGL PV200R1E - PRETA EX","806013","CHAPA BATENTE PV200RF1E - PRETO","1"
"1201175","FECHADURA AGL PV200R1E - PRETA EX","807053","BUCHA REDONDA FECHADURA PV -CROMADA","2"
"1201175","FECHADURA AGL PV200R1E - PRETA EX","807053","BUCHA REDONDA FECHADURA PV -CROMADA","1"
"1201175","FECHADURA AGL PV200R1E - PRETA EX","401002","PARAFUSO 3.5 X 13 A/A CH. PH - ZI","4"
"1201175","FECHADURA AGL PV200R1E - PRETA EX","401008","PARAFUSO PLASTIC PAN PHILLIPS 3 X 8 ZB","2"
"1201175","FECHADURA AGL PV200R1E - PRETA EX","401023","PARAFUSO MET M3.5 X 8 CH. PH - ZI","4"
"1201175","FECHADURA AGL PV200R1E - PRETA EX","401034","PARAFUSO PLASTIC 3 X 6 CH. PH - ZI","2"
"1201175","FECHADURA AGL PV200R1E - PRETA EX","401083","PF MET CH PHS M4X12MM ZI","2"
"1201175","FECHADURA AGL PV200R1E - PRETA EX","401089","PARAFUSO MET M3 X 8MM CH PHS ZI","4"
"1201175","FECHADURA AGL PV200R1E - PRETA EX","401100","PARAFUSO M3 X 12 CC. PH - ZI","1"
"1201175","FECHADURA AGL PV200R1E - PRETA EX","401101","PARAFUSO M3.5 X 6 CH. PH - ZI","4"
"1201175","FECHADURA AGL PV200R1E - PRETA EX","401102","PARAFUSO M4 X 8 CH. PH MET - ZI","5"
"1201175","FECHADURA AGL PV200R1E - PRETA EX","403013","MOLA DE RETORNO DA MAÇANETA FECHADURA PV","1"
"1201175","FECHADURA AGL PV200R1E - PRETA EX","403014","MOLA DE RETORNO DA TRAVA MAIOR","1"
"1201175","FECHADURA AGL PV200R1E - PRETA EX","403016","MOLA DE RETORNO DO DISPOSITIVO DE MEMORIA","1"
"1201175","FECHADURA AGL PV200R1E - PRETA EX","403017","MOLA DE RETORNO DO ROTOR","1"
"1201175","FECHADURA AGL PV200R1E - PRETA EX","403018","MOLA DE RETORNO DA TRAVA MENOR","1"
"1201175","FECHADURA AGL PV200R1E - PRETA EX","403022","MOLA PV200 RETORNO DA LINGUETA","1"
"1201175","FECHADURA AGL PV200R1E - PRETA EX","403025","MOLA DO ARIETE","1"
"1201175","FECHADURA AGL PV200R1E - PRETA EX","404015","CONJUNTO CILINDRO FECHADURA PORTA DE VIDRO 1 CIL.","1"
"1201175","FECHADURA AGL PV200R1E - PRETA EX","708018","CORPO DO ARIETE 4,76 X 29MM C/ DIAM 1,6MM - ZINCADO","1"
"1201175","FECHADURA AGL PV200R1E - PRETA EX","708021","LUVA DO ARIETE 10MM - ZINCADO","1"
"1201175","FECHADURA AGL PV200R1E - PRETA EX","801208","EIXO DO ROTOR - ZINCADO","1"
"1201175","FECHADURA AGL PV200R1E - PRETA EX","804210","ARRUELA MAÇANETA PV","1"
"1201175","FECHADURA AGL PV200R1E - PRETA EX","804212","ENCOSTO PARA CHAPA DO BATENTE PV","1"
"1201175","FECHADURA AGL PV200R1E - PRETA EX","804321","CARRETEL DO FECHO","1"
"1201175","FECHADURA AGL PV200R1E - PRETA EX","804323","ACABAMENTO RECORTE PV","1"
"1201175","FECHADURA AGL PV200R1E - PRETA EX","804428","SOQUETE DO FECHO ELETRICO","1"
"1201175","FECHADURA AGL PV200R1E - PRETA EX","804468","PONTA DO ARIETE 2,55 X 26MM","1"
"1201175","FECHADURA AGL PV200R1E - PRETA EX","805088","NARIZ CILINDRO PVR - ZINCADO","1"
"1201175","FECHADURA AGL PV200R1E - PRETA EX","805089","BASE FIXAÇÃO MAÇANETA","1"
"1201175","FECHADURA AGL PV200R1E - PRETA EX","806082","TERMINAL DE LATÃO DO SOQUETE","2"
"1201175","FECHADURA AGL PV200R1E - PRETA EX","807002","TRAVA MENOR FECHO PV","1"
"1201175","FECHADURA AGL PV200R1E - PRETA EX","807003","TRAVA MAIOR FECHO PV","1"
"1201175","FECHADURA AGL PV200R1E - PRETA EX","807049","DISPOSITIVO DE MEMORIA FECHO PV - ZINCADO","1"
"1201175","FECHADURA AGL PV200R1E - PRETA EX","807069","LINGUETA DAS FECHADURAS PV","1"
"1201175","FECHADURA AGL PV200R1E - PRETA EX","807088","ROTOR DO FECHO","1"
"1201175","FECHADURA AGL PV200R1E - PRETA EX","701084","CAIXA DO FECHO - BRUTO","1"
"1201175","FECHADURA AGL PV200R1E - PRETA EX","807102","BLINDAGEM DO FECHO","1"
"1201175","FECHADURA AGL PV200R1E - PRETA EX","807105","TRATOR MAÇANETA PV - ZINCADO","1"
"1201175","FECHADURA AGL PV200R1E - PRETA EX","807106","TAMPA DO FECHO DE METAL","1"
"1201175","FECHADURA AGL PV200R1E - PRETA EX","807138","VERGALHÃO QUADRADO 8MM PV - ZINCADO","1"
"1201175","FECHADURA AGL PV200R1E - PRETA EX","811277","ETIQUETA ADES. COUCHE 20MM X 15MM X 04 CAR","1"
"1201175","FECHADURA AGL PV200R1E - PRETA EX","811310","ETIQUETA ADES. COUCHE 33MM X 21MM X 03 CAR","1"
"1201175","FECHADURA AGL PV200R1E - PRETA EX","811762","SACO ZIP PADRAO - 05X07","1"
"1201175","FECHADURA AGL PV200R1E - PRETA EX","811681","AGL SOLAPA PORTA VIDRO 10,5 X 29,5 - CALÇO PV200","1"
"1201175","FECHADURA AGL PV200R1E - PRETA EX","811700","CAIXA FECHADURA ELETRICA P/ PORTAS DE VIDRO AGL 13,2 X 11,7 X 11,4","1"
"1201175","FECHADURA AGL PV200R1E - PRETA EX","811322","ETIQUETA ADES. BOPP 40MM X 40MM  BRANCA Bt759","1"
"1201175","FECHADURA AGL PV200R1E - PRETA EX","806071","CHAPA PUXADOR PV200R1I/E P/ 1 OU 2 CILINDROS (MAIOR) - PRETO","2"
"1201175","FECHADURA AGL PV200R1E - PRETA EX","103760","FIO COBRE ESMALTADO 155 TS 30 AWG","0,010787"
"1201175","FECHADURA AGL PV200R1E - PRETA EX","801240","PINO DA CAIXINHA DO FECHO - ZINCADO","1"
"1201176","FECHADURA AGL PV200R1I - BRANCA EX","806044","TAMPA AL LINGUETA PV - BRANCA","1"
"1201176","FECHADURA AGL PV200R1I - BRANCA EX","807052","MAÇANETA BOLA - CROMADA","1"
"1201176","FECHADURA AGL PV200R1I - BRANCA EX","806073","CHAPA C/ PUXADOR PV200R1I - BRANCO","1"
"1201176","FECHADURA AGL PV200R1I - BRANCA EX","807053","BUCHA REDONDA FECHADURA PV -CROMADA","2"
"1201176","FECHADURA AGL PV200R1I - BRANCA EX","401002","PARAFUSO 3.5 X 13 A/A CH. PH - ZI","4"
"1201176","FECHADURA AGL PV200R1I - BRANCA EX","401008","PARAFUSO PLASTIC PAN PHILLIPS 3 X 8 ZB","2"
"1201176","FECHADURA AGL PV200R1I - BRANCA EX","401023","PARAFUSO MET M3.5 X 8 CH. PH - ZI","4"
"1201176","FECHADURA AGL PV200R1I - BRANCA EX","401034","PARAFUSO PLASTIC 3 X 6 CH. PH - ZI","2"
"1201176","FECHADURA AGL PV200R1I - BRANCA EX","401083","PF MET CH PHS M4X12MM ZI","2"
"1201176","FECHADURA AGL PV200R1I - BRANCA EX","401089","PARAFUSO MET M3 X 8MM CH PHS ZI","2"
"1201176","FECHADURA AGL PV200R1I - BRANCA EX","401100","PARAFUSO M3 X 12 CC. PH - ZI","1"
"1201176","FECHADURA AGL PV200R1I - BRANCA EX","401101","PARAFUSO M3.5 X 6 CH. PH - ZI","4"
"1201176","FECHADURA AGL PV200R1I - BRANCA EX","401102","PARAFUSO M4 X 8 CH. PH MET - ZI","5"
"1201176","FECHADURA AGL PV200R1I - BRANCA EX","403013","MOLA DE RETORNO DA MAÇANETA FECHADURA PV","1"
"1201176","FECHADURA AGL PV200R1I - BRANCA EX","403014","MOLA DE RETORNO DA TRAVA MAIOR","1"
"1201176","FECHADURA AGL PV200R1I - BRANCA EX","403016","MOLA DE RETORNO DO DISPOSITIVO DE MEMORIA","1"
"1201176","FECHADURA AGL PV200R1I - BRANCA EX","403017","MOLA DE RETORNO DO ROTOR","1"
"1201176","FECHADURA AGL PV200R1I - BRANCA EX","403018","MOLA DE RETORNO DA TRAVA MENOR","1"
"1201176","FECHADURA AGL PV200R1I - BRANCA EX","403022","MOLA PV200 RETORNO DA LINGUETA","1"
"1201176","FECHADURA AGL PV200R1I - BRANCA EX","403025","MOLA DO ARIETE","1"
"1201176","FECHADURA AGL PV200R1I - BRANCA EX","404015","CONJUNTO CILINDRO FECHADURA PORTA DE VIDRO 1 CIL.","1"
"1201176","FECHADURA AGL PV200R1I - BRANCA EX","708018","CORPO DO ARIETE 4,76 X 29MM C/ DIAM 1,6MM - ZINCADO","1"
"1201176","FECHADURA AGL PV200R1I - BRANCA EX","708021","LUVA DO ARIETE 10MM - ZINCADO","1"
"1201176","FECHADURA AGL PV200R1I - BRANCA EX","801208","EIXO DO ROTOR - ZINCADO","1"
"1201176","FECHADURA AGL PV200R1I - BRANCA EX","804210","ARRUELA MAÇANETA PV","1"
"1201176","FECHADURA AGL PV200R1I - BRANCA EX","804321","CARRETEL DO FECHO","1"
"1201176","FECHADURA AGL PV200R1I - BRANCA EX","804323","ACABAMENTO RECORTE PV","1"
"1201176","FECHADURA AGL PV200R1I - BRANCA EX","804324","BLOQUEIO DE CARTÃO PV","1"
"1201176","FECHADURA AGL PV200R1I - BRANCA EX","804428","SOQUETE DO FECHO ELETRICO","1"
"1201176","FECHADURA AGL PV200R1I - BRANCA EX","804468","PONTA DO ARIETE 2,55 X 26MM","1"
"1201176","FECHADURA AGL PV200R1I - BRANCA EX","805087","NARIZ CILINDRO PV200 - ZINCADO","1"
"1201176","FECHADURA AGL PV200R1I - BRANCA EX","805089","BASE FIXAÇÃO MAÇANETA","1"
"1201176","FECHADURA AGL PV200R1I - BRANCA EX","806015","CHAPA BATENTE PV200RF1I - BRANCO","1"
"1201176","FECHADURA AGL PV200R1I - BRANCA EX","806082","TERMINAL DE LATÃO DO SOQUETE","2"
"1201176","FECHADURA AGL PV200R1I - BRANCA EX","807002","TRAVA MENOR FECHO PV","1"
"1201176","FECHADURA AGL PV200R1I - BRANCA EX","807003","TRAVA MAIOR FECHO PV","1"
"1201176","FECHADURA AGL PV200R1I - BRANCA EX","807049","DISPOSITIVO DE MEMORIA FECHO PV - ZINCADO","1"
"1201176","FECHADURA AGL PV200R1I - BRANCA EX","807069","LINGUETA DAS FECHADURAS PV","1"
"1201176","FECHADURA AGL PV200R1I - BRANCA EX","807088","ROTOR DO FECHO","1"
"1201176","FECHADURA AGL PV200R1I - BRANCA EX","807099","FUNDO ALUMINIO LINGUETA PV200RF1I/E - BRANCO","1"
"1201176","FECHADURA AGL PV200R1I - BRANCA EX","701084","CAIXA DO FECHO - BRUTO","1"
"1201176","FECHADURA AGL PV200R1I - BRANCA EX","807102","BLINDAGEM DO FECHO","1"
"1201176","FECHADURA AGL PV200R1I - BRANCA EX","807105","TRATOR MAÇANETA PV - ZINCADO","1"
"1201176","FECHADURA AGL PV200R1I - BRANCA EX","807106","TAMPA DO FECHO DE METAL","1"
"1201176","FECHADURA AGL PV200R1I - BRANCA EX","807138","VERGALHÃO QUADRADO 8MM PV - ZINCADO","1"
"1201176","FECHADURA AGL PV200R1I - BRANCA EX","811277","ETIQUETA ADES. COUCHE 20MM X 15MM X 04 CAR","1"
"1201176","FECHADURA AGL PV200R1I - BRANCA EX","811310","ETIQUETA ADES. COUCHE 33MM X 21MM X 03 CAR","1"
"1201176","FECHADURA AGL PV200R1I - BRANCA EX","811762","SACO ZIP PADRAO - 05X07","1"
"1201176","FECHADURA AGL PV200R1I - BRANCA EX","811681","AGL SOLAPA PORTA VIDRO 10,5 X 29,5 - CALÇO PV200","1"
"1201176","FECHADURA AGL PV200R1I - BRANCA EX","811700","CAIXA FECHADURA ELETRICA P/ PORTAS DE VIDRO AGL 13,2 X 11,7 X 11,4","1"
"1201176","FECHADURA AGL PV200R1I - BRANCA EX","811322","ETIQUETA ADES. BOPP 40MM X 40MM  BRANCA Bt759","1"
"1201176","FECHADURA AGL PV200R1I - BRANCA EX","810035","ACABAMENTO MAÇANETA BOLA - CROMADO","1"
"1201176","FECHADURA AGL PV200R1I - BRANCA EX","103760","FIO COBRE ESMALTADO 155 TS 30 AWG","0,010787"
"1201176","FECHADURA AGL PV200R1I - BRANCA EX","801240","PINO DA CAIXINHA DO FECHO - ZINCADO","1"
"1201177","FECHADURA AGL PV200R1I - PRETA EX","806006","FUNDO ALUMINIO LINGUETA PV200RF1I/E - PRETO","1"
"1201177","FECHADURA AGL PV200R1I - PRETA EX","806089","FRENTE AL LINGUETA PV - PRETA","1"
"1201177","FECHADURA AGL PV200R1I - PRETA EX","806013","CHAPA BATENTE PV200RF1E - PRETO","1"
"1201177","FECHADURA AGL PV200R1I - PRETA EX","807053","BUCHA REDONDA FECHADURA PV -CROMADA","2"
"1201177","FECHADURA AGL PV200R1I - PRETA EX","806074","CHAPA C/ PUXADOR PV200R1I - PRETO","1"
"1201177","FECHADURA AGL PV200R1I - PRETA EX","401002","PARAFUSO 3.5 X 13 A/A CH. PH - ZI","4"
"1201177","FECHADURA AGL PV200R1I - PRETA EX","401008","PARAFUSO PLASTIC PAN PHILLIPS 3 X 8 ZB","2"
"1201177","FECHADURA AGL PV200R1I - PRETA EX","401023","PARAFUSO MET M3.5 X 8 CH. PH - ZI","4"
"1201177","FECHADURA AGL PV200R1I - PRETA EX","401034","PARAFUSO PLASTIC 3 X 6 CH. PH - ZI","2"
"1201177","FECHADURA AGL PV200R1I - PRETA EX","401083","PF MET CH PHS M4X12MM ZI","2"
"1201177","FECHADURA AGL PV200R1I - PRETA EX","401089","PARAFUSO MET M3 X 8MM CH PHS ZI","2"
"1201177","FECHADURA AGL PV200R1I - PRETA EX","401100","PARAFUSO M3 X 12 CC. PH - ZI","1"
"1201177","FECHADURA AGL PV200R1I - PRETA EX","401101","PARAFUSO M3.5 X 6 CH. PH - ZI","4"
"1201177","FECHADURA AGL PV200R1I - PRETA EX","401102","PARAFUSO M4 X 8 CH. PH MET - ZI","5"
"1201177","FECHADURA AGL PV200R1I - PRETA EX","403013","MOLA DE RETORNO DA MAÇANETA FECHADURA PV","1"
"1201177","FECHADURA AGL PV200R1I - PRETA EX","403014","MOLA DE RETORNO DA TRAVA MAIOR","1"
"1201177","FECHADURA AGL PV200R1I - PRETA EX","403016","MOLA DE RETORNO DO DISPOSITIVO DE MEMORIA","1"
"1201177","FECHADURA AGL PV200R1I - PRETA EX","403017","MOLA DE RETORNO DO ROTOR","1"
"1201177","FECHADURA AGL PV200R1I - PRETA EX","403018","MOLA DE RETORNO DA TRAVA MENOR","1"
"1201177","FECHADURA AGL PV200R1I - PRETA EX","403022","MOLA PV200 RETORNO DA LINGUETA","1"
"1201177","FECHADURA AGL PV200R1I - PRETA EX","403025","MOLA DO ARIETE","1"
"1201177","FECHADURA AGL PV200R1I - PRETA EX","404015","CONJUNTO CILINDRO FECHADURA PORTA DE VIDRO 1 CIL.","1"
"1201177","FECHADURA AGL PV200R1I - PRETA EX","708018","CORPO DO ARIETE 4,76 X 29MM C/ DIAM 1,6MM - ZINCADO","1"
"1201177","FECHADURA AGL PV200R1I - PRETA EX","708021","LUVA DO ARIETE 10MM - ZINCADO","1"
"1201177","FECHADURA AGL PV200R1I - PRETA EX","801208","EIXO DO ROTOR - ZINCADO","1"
"1201177","FECHADURA AGL PV200R1I - PRETA EX","804210","ARRUELA MAÇANETA PV","1"
"1201177","FECHADURA AGL PV200R1I - PRETA EX","804321","CARRETEL DO FECHO","1"
"1201177","FECHADURA AGL PV200R1I - PRETA EX","804323","ACABAMENTO RECORTE PV","1"
"1201177","FECHADURA AGL PV200R1I - PRETA EX","804324","BLOQUEIO DE CARTÃO PV","1"
"1201177","FECHADURA AGL PV200R1I - PRETA EX","804428","SOQUETE DO FECHO ELETRICO","1"
"1201177","FECHADURA AGL PV200R1I - PRETA EX","804468","PONTA DO ARIETE 2,55 X 26MM","1"
"1201177","FECHADURA AGL PV200R1I - PRETA EX","805087","NARIZ CILINDRO PV200 - ZINCADO","1"
"1201177","FECHADURA AGL PV200R1I - PRETA EX","805089","BASE FIXAÇÃO MAÇANETA","1"
"1201177","FECHADURA AGL PV200R1I - PRETA EX","806082","TERMINAL DE LATÃO DO SOQUETE","2"
"1201177","FECHADURA AGL PV200R1I - PRETA EX","807002","TRAVA MENOR FECHO PV","1"
"1201177","FECHADURA AGL PV200R1I - PRETA EX","807003","TRAVA MAIOR FECHO PV","1"
"1201177","FECHADURA AGL PV200R1I - PRETA EX","807049","DISPOSITIVO DE MEMORIA FECHO PV - ZINCADO","1"
"1201177","FECHADURA AGL PV200R1I - PRETA EX","807069","LINGUETA DAS FECHADURAS PV","1"
"1201177","FECHADURA AGL PV200R1I - PRETA EX","807088","ROTOR DO FECHO","1"
"1201177","FECHADURA AGL PV200R1I - PRETA EX","701084","CAIXA DO FECHO - BRUTO","1"
"1201177","FECHADURA AGL PV200R1I - PRETA EX","807102","BLINDAGEM DO FECHO","1"
"1201177","FECHADURA AGL PV200R1I - PRETA EX","807105","TRATOR MAÇANETA PV - ZINCADO","1"
"1201177","FECHADURA AGL PV200R1I - PRETA EX","807106","TAMPA DO FECHO DE METAL","1"
"1201177","FECHADURA AGL PV200R1I - PRETA EX","807138","VERGALHÃO QUADRADO 8MM PV - ZINCADO","1"
"1201177","FECHADURA AGL PV200R1I - PRETA EX","811277","ETIQUETA ADES. COUCHE 20MM X 15MM X 04 CAR","1"
"1201177","FECHADURA AGL PV200R1I - PRETA EX","811310","ETIQUETA ADES. COUCHE 33MM X 21MM X 03 CAR","1"
"1201177","FECHADURA AGL PV200R1I - PRETA EX","811762","SACO ZIP PADRAO - 05X07","1"
"1201177","FECHADURA AGL PV200R1I - PRETA EX","811681","AGL SOLAPA PORTA VIDRO 10,5 X 29,5 - CALÇO PV200","1"
"1201177","FECHADURA AGL PV200R1I - PRETA EX","811700","CAIXA FECHADURA ELETRICA P/ PORTAS DE VIDRO AGL 13,2 X 11,7 X 11,4","1"
"1201177","FECHADURA AGL PV200R1I - PRETA EX","811322","ETIQUETA ADES. BOPP 40MM X 40MM  BRANCA Bt759","1"
"1201177","FECHADURA AGL PV200R1I - PRETA EX","807055","MAÇANETA BOLA - PRETA","1"
"1201177","FECHADURA AGL PV200R1I - PRETA EX","810035","ACABAMENTO MAÇANETA BOLA - CROMADO","1"
"1201177","FECHADURA AGL PV200R1I - PRETA EX","103760","FIO COBRE ESMALTADO 155 TS 30 AWG","0,010787"
"1201177","FECHADURA AGL PV200R1I - PRETA EX","801240","PINO DA CAIXINHA DO FECHO - ZINCADO","1"
"1201178","FECHADURA AGL PV200R1I C/ 2 CIL EX","806038","ALUMINIO FECHADURA PV200 C/2 CIL","1"
"1201178","FECHADURA AGL PV200R1I C/ 2 CIL EX","806036","CHAPA BATENTE PV200RF1E - CROMADO","1"
"1201178","FECHADURA AGL PV200R1I C/ 2 CIL EX","807053","BUCHA REDONDA FECHADURA PV -CROMADA","2"
"1201178","FECHADURA AGL PV200R1I C/ 2 CIL EX","401002","PARAFUSO 3.5 X 13 A/A CH. PH - ZI","4"
"1201178","FECHADURA AGL PV200R1I C/ 2 CIL EX","401008","PARAFUSO PLASTIC PAN PHILLIPS 3 X 8 ZB","2"
"1201178","FECHADURA AGL PV200R1I C/ 2 CIL EX","401023","PARAFUSO MET M3.5 X 8 CH. PH - ZI","6"
"1201178","FECHADURA AGL PV200R1I C/ 2 CIL EX","401034","PARAFUSO PLASTIC 3 X 6 CH. PH - ZI","2"
"1201178","FECHADURA AGL PV200R1I C/ 2 CIL EX","401083","PF MET CH PHS M4X12MM ZI","2"
"1201178","FECHADURA AGL PV200R1I C/ 2 CIL EX","401089","PARAFUSO MET M3 X 8MM CH PHS ZI","4"
"1201178","FECHADURA AGL PV200R1I C/ 2 CIL EX","401101","PARAFUSO M3.5 X 6 CH. PH - ZI","4"
"1201178","FECHADURA AGL PV200R1I C/ 2 CIL EX","403014","MOLA DE RETORNO DA TRAVA MAIOR","1"
"1201178","FECHADURA AGL PV200R1I C/ 2 CIL EX","403016","MOLA DE RETORNO DO DISPOSITIVO DE MEMORIA","1"
"1201178","FECHADURA AGL PV200R1I C/ 2 CIL EX","403017","MOLA DE RETORNO DO ROTOR","1"
"1201178","FECHADURA AGL PV200R1I C/ 2 CIL EX","403018","MOLA DE RETORNO DA TRAVA MENOR","1"
"1201178","FECHADURA AGL PV200R1I C/ 2 CIL EX","403022","MOLA PV200 RETORNO DA LINGUETA","1"
"1201178","FECHADURA AGL PV200R1I C/ 2 CIL EX","403025","MOLA DO ARIETE","1"
"1201178","FECHADURA AGL PV200R1I C/ 2 CIL EX","404016","CONJUNTO CILINDRO FECHADURA PORTA DE VIDRO 2 CIL.","2"
"1201178","FECHADURA AGL PV200R1I C/ 2 CIL EX","708018","CORPO DO ARIETE 4,76 X 29MM C/ DIAM 1,6MM - ZINCADO","1"
"1201178","FECHADURA AGL PV200R1I C/ 2 CIL EX","708021","LUVA DO ARIETE 10MM - ZINCADO","1"
"1201178","FECHADURA AGL PV200R1I C/ 2 CIL EX","801208","EIXO DO ROTOR - ZINCADO","1"
"1201178","FECHADURA AGL PV200R1I C/ 2 CIL EX","804321","CARRETEL DO FECHO","1"
"1201178","FECHADURA AGL PV200R1I C/ 2 CIL EX","804323","ACABAMENTO RECORTE PV","1"
"1201178","FECHADURA AGL PV200R1I C/ 2 CIL EX","804324","BLOQUEIO DE CARTÃO PV","1"
"1201178","FECHADURA AGL PV200R1I C/ 2 CIL EX","804406","ESPACADOR PARA FECHADURA 2 CILINDROS","1"
"1201178","FECHADURA AGL PV200R1I C/ 2 CIL EX","804428","SOQUETE DO FECHO ELETRICO","1"
"1201178","FECHADURA AGL PV200R1I C/ 2 CIL EX","804468","PONTA DO ARIETE 2,55 X 26MM","1"
"1201178","FECHADURA AGL PV200R1I C/ 2 CIL EX","805085","CHAPA DE FIXAÇÃO CILINDRO DUPLO FECH PV - ZINCADA","1"
"1201178","FECHADURA AGL PV200R1I C/ 2 CIL EX","805087","NARIZ CILINDRO PV200 - ZINCADO","2"
"1201178","FECHADURA AGL PV200R1I C/ 2 CIL EX","806025","CHAPA PUXADOR PV200RF1IE P/ 1 OU 2 CILINDROS (MENOR)","1"
"1201178","FECHADURA AGL PV200R1I C/ 2 CIL EX","806035","CHAPA PUXADOR PV200F1I/E P/ 1 OU 2 CILINDROS (MAIOR)","1"
"1201178","FECHADURA AGL PV200R1I C/ 2 CIL EX","806082","TERMINAL DE LATÃO DO SOQUETE","2"
"1201178","FECHADURA AGL PV200R1I C/ 2 CIL EX","807002","TRAVA MENOR FECHO PV","1"
"1201178","FECHADURA AGL PV200R1I C/ 2 CIL EX","807003","TRAVA MAIOR FECHO PV","1"
"1201178","FECHADURA AGL PV200R1I C/ 2 CIL EX","807049","DISPOSITIVO DE MEMORIA FECHO PV - ZINCADO","1"
"1201178","FECHADURA AGL PV200R1I C/ 2 CIL EX","807069","LINGUETA DAS FECHADURAS PV","1"
"1201178","FECHADURA AGL PV200R1I C/ 2 CIL EX","807088","ROTOR DO FECHO","1"
"1201178","FECHADURA AGL PV200R1I C/ 2 CIL EX","701084","CAIXA DO FECHO - BRUTO","1"
"1201178","FECHADURA AGL PV200R1I C/ 2 CIL EX","807102","BLINDAGEM DO FECHO","1"
"1201178","FECHADURA AGL PV200R1I C/ 2 CIL EX","807106","TAMPA DO FECHO DE METAL","1"
"1201178","FECHADURA AGL PV200R1I C/ 2 CIL EX","811277","ETIQUETA ADES. COUCHE 20MM X 15MM X 04 CAR","1"
"1201178","FECHADURA AGL PV200R1I C/ 2 CIL EX","811310","ETIQUETA ADES. COUCHE 33MM X 21MM X 03 CAR","1"
"1201178","FECHADURA AGL PV200R1I C/ 2 CIL EX","811762","SACO ZIP PADRAO - 05X07","1"
"1201178","FECHADURA AGL PV200R1I C/ 2 CIL EX","811681","AGL SOLAPA PORTA VIDRO 10,5 X 29,5 - CALÇO PV200","1"
"1201178","FECHADURA AGL PV200R1I C/ 2 CIL EX","811700","CAIXA FECHADURA ELETRICA P/ PORTAS DE VIDRO AGL 13,2 X 11,7 X 11,4","1"
"1201178","FECHADURA AGL PV200R1I C/ 2 CIL EX","811322","ETIQUETA ADES. BOPP 40MM X 40MM  BRANCA Bt759","1"
"1201178","FECHADURA AGL PV200R1I C/ 2 CIL EX","807098","FUNDO ALUMINIO LINGUETA PV200RF1I/E - CINZA","1"
"1201178","FECHADURA AGL PV200R1I C/ 2 CIL EX","103760","FIO COBRE ESMALTADO 155 TS 30 AWG","0,010787"
"1201178","FECHADURA AGL PV200R1I C/ 2 CIL EX","801240","PINO DA CAIXINHA DO FECHO - ZINCADO","1"
"1201179","FECHADURA AGL PV200R2I - BRANCA","806004","CHAPA FECHO PVR2I - CROMADA","1"
"1201179","FECHADURA AGL PV200R2I - BRANCA","806044","TAMPA AL LINGUETA PV - BRANCA","1"
"1201179","FECHADURA AGL PV200R2I - BRANCA","806048","FRENTE AL PQ. FECHO PV - BRANCA","1"
"1201179","FECHADURA AGL PV200R2I - BRANCA","807090","FUNDO ALUMINIO LINGUETA PV200RF2I - CINZA","1"
"1201179","FECHADURA AGL PV200R2I - BRANCA","806068","FUNDO ALUMINIO FECHO PV200RF2I - BRANCA","1"
"1201179","FECHADURA AGL PV200R2I - BRANCA","806072","CHAPA C/ PUXADOR PV200R2I - BRANCO","1"
"1201179","FECHADURA AGL PV200R2I - BRANCA","807054","MAÇANETA BOLA - BRANCA","1"
"1201179","FECHADURA AGL PV200R2I - BRANCA","807053","BUCHA REDONDA FECHADURA PV -CROMADA","2"
"1201179","FECHADURA AGL PV200R2I - BRANCA","401008","PARAFUSO PLASTIC PAN PHILLIPS 3 X 8 ZB","2"
"1201179","FECHADURA AGL PV200R2I - BRANCA","401023","PARAFUSO MET M3.5 X 8 CH. PH - ZI","4"
"1201179","FECHADURA AGL PV200R2I - BRANCA","401034","PARAFUSO PLASTIC 3 X 6 CH. PH - ZI","2"
"1201179","FECHADURA AGL PV200R2I - BRANCA","401083","PF MET CH PHS M4X12MM ZI","4"
"1201179","FECHADURA AGL PV200R2I - BRANCA","401089","PARAFUSO MET M3 X 8MM CH PHS ZI","2"
"1201179","FECHADURA AGL PV200R2I - BRANCA","401100","PARAFUSO M3 X 12 CC. PH - ZI","1"
"1201179","FECHADURA AGL PV200R2I - BRANCA","401101","PARAFUSO M3.5 X 6 CH. PH - ZI","8"
"1201179","FECHADURA AGL PV200R2I - BRANCA","401102","PARAFUSO M4 X 8 CH. PH MET - ZI","5"
"1201179","FECHADURA AGL PV200R2I - BRANCA","403013","MOLA DE RETORNO DA MAÇANETA FECHADURA PV","1"
"1201179","FECHADURA AGL PV200R2I - BRANCA","403014","MOLA DE RETORNO DA TRAVA MAIOR","1"
"1201179","FECHADURA AGL PV200R2I - BRANCA","403016","MOLA DE RETORNO DO DISPOSITIVO DE MEMORIA","1"
"1201179","FECHADURA AGL PV200R2I - BRANCA","403017","MOLA DE RETORNO DO ROTOR","1"
"1201179","FECHADURA AGL PV200R2I - BRANCA","403018","MOLA DE RETORNO DA TRAVA MENOR","1"
"1201179","FECHADURA AGL PV200R2I - BRANCA","403022","MOLA PV200 RETORNO DA LINGUETA","1"
"1201179","FECHADURA AGL PV200R2I - BRANCA","403025","MOLA DO ARIETE","1"
"1201179","FECHADURA AGL PV200R2I - BRANCA","404015","CONJUNTO CILINDRO FECHADURA PORTA DE VIDRO 1 CIL.","1"
"1201179","FECHADURA AGL PV200R2I - BRANCA","708018","CORPO DO ARIETE 4,76 X 29MM C/ DIAM 1,6MM - ZINCADO","1"
"1201179","FECHADURA AGL PV200R2I - BRANCA","708021","LUVA DO ARIETE 10MM - ZINCADO","1"
"1201179","FECHADURA AGL PV200R2I - BRANCA","801208","EIXO DO ROTOR - ZINCADO","1"
"1201179","FECHADURA AGL PV200R2I - BRANCA","804210","ARRUELA MAÇANETA PV","1"
"1201179","FECHADURA AGL PV200R2I - BRANCA","804306","TAMPA PLASTICA DO FECHO","1"
"1201179","FECHADURA AGL PV200R2I - BRANCA","804321","CARRETEL DO FECHO","1"
"1201179","FECHADURA AGL PV200R2I - BRANCA","804323","ACABAMENTO RECORTE PV","1"
"1201179","FECHADURA AGL PV200R2I - BRANCA","804428","SOQUETE DO FECHO ELETRICO","1"
"1201179","FECHADURA AGL PV200R2I - BRANCA","804468","PONTA DO ARIETE 2,55 X 26MM","1"
"1201179","FECHADURA AGL PV200R2I - BRANCA","805087","NARIZ CILINDRO PV200 - ZINCADO","1"
"1201179","FECHADURA AGL PV200R2I - BRANCA","805089","BASE FIXAÇÃO MAÇANETA","1"
"1201179","FECHADURA AGL PV200R2I - BRANCA","811322","ETIQUETA ADES. BOPP 40MM X 40MM  BRANCA Bt759","1"
"1201179","FECHADURA AGL PV200R2I - BRANCA","806082","TERMINAL DE LATÃO DO SOQUETE","2"
"1201179","FECHADURA AGL PV200R2I - BRANCA","807002","TRAVA MENOR FECHO PV","1"
"1201179","FECHADURA AGL PV200R2I - BRANCA","807003","TRAVA MAIOR FECHO PV","1"
"1201179","FECHADURA AGL PV200R2I - BRANCA","807049","DISPOSITIVO DE MEMORIA FECHO PV - ZINCADO","1"
"1201179","FECHADURA AGL PV200R2I - BRANCA","807069","LINGUETA DAS FECHADURAS PV","1"
"1201179","FECHADURA AGL PV200R2I - BRANCA","807088","ROTOR DO FECHO","1"
"1201179","FECHADURA AGL PV200R2I - BRANCA","701084","CAIXA DO FECHO - BRUTO","1"
"1201179","FECHADURA AGL PV200R2I - BRANCA","807102","BLINDAGEM DO FECHO","1"
"1201179","FECHADURA AGL PV200R2I - BRANCA","807105","TRATOR MAÇANETA PV - ZINCADO","1"
"1201179","FECHADURA AGL PV200R2I - BRANCA","807138","VERGALHÃO QUADRADO 8MM PV - ZINCADO","1"
"1201179","FECHADURA AGL PV200R2I - BRANCA","811277","ETIQUETA ADES. COUCHE 20MM X 15MM X 04 CAR","1"
"1201179","FECHADURA AGL PV200R2I - BRANCA","811310","ETIQUETA ADES. COUCHE 33MM X 21MM X 03 CAR","1"
"1201179","FECHADURA AGL PV200R2I - BRANCA","811762","SACO ZIP PADRAO - 05X07","1"
"1201179","FECHADURA AGL PV200R2I - BRANCA","811681","AGL SOLAPA PORTA VIDRO 10,5 X 29,5 - CALÇO PV200","1"
"1201179","FECHADURA AGL PV200R2I - BRANCA","811700","CAIXA FECHADURA ELETRICA P/ PORTAS DE VIDRO AGL 13,2 X 11,7 X 11,4","1"
"1201179","FECHADURA AGL PV200R2I - BRANCA","810035","ACABAMENTO MAÇANETA BOLA - CROMADO","1"
"1201179","FECHADURA AGL PV200R2I - BRANCA","103760","FIO COBRE ESMALTADO 155 TS 30 AWG","0,010787"
"1201179","FECHADURA AGL PV200R2I - BRANCA","801240","PINO DA CAIXINHA DO FECHO - ZINCADO","1"
"1201180","FECHADURA AGL PV200R2I - PRETA EX","806089","FRENTE AL LINGUETA PV - PRETA","1"
"1201180","FECHADURA AGL PV200R2I - PRETA EX","806070","FRENTE AL PQ. FECHO PV - PRETA","1"
"1201180","FECHADURA AGL PV200R2I - PRETA EX","806051","FUNDO ALUMINIO LINGUETA PV200RF2I - PRETA","1"
"1201180","FECHADURA AGL PV200R2I - PRETA EX","806053","FUNDO ALUMINIO FECHO PV200RF2I - PRETA","1"
"1201180","FECHADURA AGL PV200R2I - PRETA EX","807053","BUCHA REDONDA FECHADURA PV -CROMADA","2"
"1201180","FECHADURA AGL PV200R2I - PRETA EX","806075","CHAPA C/ PUXADOR PV200R2I - PRETO","1"
"1201180","FECHADURA AGL PV200R2I - PRETA EX","806076","CHAPA FECHO PV200R2I - PRETA","1"
"1201180","FECHADURA AGL PV200R2I - PRETA EX","811322","ETIQUETA ADES. BOPP 40MM X 40MM  BRANCA Bt759","1"
"1201180","FECHADURA AGL PV200R2I - PRETA EX","401008","PARAFUSO PLASTIC PAN PHILLIPS 3 X 8 ZB","2"
"1201180","FECHADURA AGL PV200R2I - PRETA EX","401023","PARAFUSO MET M3.5 X 8 CH. PH - ZI","4"
"1201180","FECHADURA AGL PV200R2I - PRETA EX","401034","PARAFUSO PLASTIC 3 X 6 CH. PH - ZI","2"
"1201180","FECHADURA AGL PV200R2I - PRETA EX","401083","PF MET CH PHS M4X12MM ZI","4"
"1201180","FECHADURA AGL PV200R2I - PRETA EX","401089","PARAFUSO MET M3 X 8MM CH PHS ZI","2"
"1201180","FECHADURA AGL PV200R2I - PRETA EX","401100","PARAFUSO M3 X 12 CC. PH - ZI","1"
"1201180","FECHADURA AGL PV200R2I - PRETA EX","401101","PARAFUSO M3.5 X 6 CH. PH - ZI","8"
"1201180","FECHADURA AGL PV200R2I - PRETA EX","401102","PARAFUSO M4 X 8 CH. PH MET - ZI","5"
"1201180","FECHADURA AGL PV200R2I - PRETA EX","403013","MOLA DE RETORNO DA MAÇANETA FECHADURA PV","1"
"1201180","FECHADURA AGL PV200R2I - PRETA EX","403014","MOLA DE RETORNO DA TRAVA MAIOR","1"
"1201180","FECHADURA AGL PV200R2I - PRETA EX","403016","MOLA DE RETORNO DO DISPOSITIVO DE MEMORIA","1"
"1201180","FECHADURA AGL PV200R2I - PRETA EX","403017","MOLA DE RETORNO DO ROTOR","1"
"1201180","FECHADURA AGL PV200R2I - PRETA EX","403018","MOLA DE RETORNO DA TRAVA MENOR","1"
"1201180","FECHADURA AGL PV200R2I - PRETA EX","403022","MOLA PV200 RETORNO DA LINGUETA","1"
"1201180","FECHADURA AGL PV200R2I - PRETA EX","403025","MOLA DO ARIETE","1"
"1201180","FECHADURA AGL PV200R2I - PRETA EX","404015","CONJUNTO CILINDRO FECHADURA PORTA DE VIDRO 1 CIL.","1"
"1201180","FECHADURA AGL PV200R2I - PRETA EX","708018","CORPO DO ARIETE 4,76 X 29MM C/ DIAM 1,6MM - ZINCADO","1"
"1201180","FECHADURA AGL PV200R2I - PRETA EX","708021","LUVA DO ARIETE 10MM - ZINCADO","1"
"1201180","FECHADURA AGL PV200R2I - PRETA EX","801208","EIXO DO ROTOR - ZINCADO","1"
"1201180","FECHADURA AGL PV200R2I - PRETA EX","804210","ARRUELA MAÇANETA PV","1"
"1201180","FECHADURA AGL PV200R2I - PRETA EX","804306","TAMPA PLASTICA DO FECHO","1"
"1201180","FECHADURA AGL PV200R2I - PRETA EX","804321","CARRETEL DO FECHO","1"
"1201180","FECHADURA AGL PV200R2I - PRETA EX","804323","ACABAMENTO RECORTE PV","1"
"1201180","FECHADURA AGL PV200R2I - PRETA EX","804428","SOQUETE DO FECHO ELETRICO","1"
"1201180","FECHADURA AGL PV200R2I - PRETA EX","804468","PONTA DO ARIETE 2,55 X 26MM","1"
"1201180","FECHADURA AGL PV200R2I - PRETA EX","805087","NARIZ CILINDRO PV200 - ZINCADO","1"
"1201180","FECHADURA AGL PV200R2I - PRETA EX","805089","BASE FIXAÇÃO MAÇANETA","1"
"1201180","FECHADURA AGL PV200R2I - PRETA EX","806082","TERMINAL DE LATÃO DO SOQUETE","2"
"1201180","FECHADURA AGL PV200R2I - PRETA EX","807002","TRAVA MENOR FECHO PV","1"
"1201180","FECHADURA AGL PV200R2I - PRETA EX","807003","TRAVA MAIOR FECHO PV","1"
"1201180","FECHADURA AGL PV200R2I - PRETA EX","807049","DISPOSITIVO DE MEMORIA FECHO PV - ZINCADO","1"
"1201180","FECHADURA AGL PV200R2I - PRETA EX","807069","LINGUETA DAS FECHADURAS PV","1"
"1201180","FECHADURA AGL PV200R2I - PRETA EX","807088","ROTOR DO FECHO","1"
"1201180","FECHADURA AGL PV200R2I - PRETA EX","701084","CAIXA DO FECHO - BRUTO","1"
"1201180","FECHADURA AGL PV200R2I - PRETA EX","807102","BLINDAGEM DO FECHO","1"
"1201180","FECHADURA AGL PV200R2I - PRETA EX","807105","TRATOR MAÇANETA PV - ZINCADO","1"
"1201180","FECHADURA AGL PV200R2I - PRETA EX","807138","VERGALHÃO QUADRADO 8MM PV - ZINCADO","1"
"1201180","FECHADURA AGL PV200R2I - PRETA EX","811277","ETIQUETA ADES. COUCHE 20MM X 15MM X 04 CAR","1"
"1201180","FECHADURA AGL PV200R2I - PRETA EX","811310","ETIQUETA ADES. COUCHE 33MM X 21MM X 03 CAR","1"
"1201180","FECHADURA AGL PV200R2I - PRETA EX","811762","SACO ZIP PADRAO - 05X07","1"
"1201180","FECHADURA AGL PV200R2I - PRETA EX","811681","AGL SOLAPA PORTA VIDRO 10,5 X 29,5 - CALÇO PV200","1"
"1201180","FECHADURA AGL PV200R2I - PRETA EX","811700","CAIXA FECHADURA ELETRICA P/ PORTAS DE VIDRO AGL 13,2 X 11,7 X 11,4","1"
"1201180","FECHADURA AGL PV200R2I - PRETA EX","807055","MAÇANETA BOLA - PRETA","1"
"1201180","FECHADURA AGL PV200R2I - PRETA EX","810035","ACABAMENTO MAÇANETA BOLA - CROMADO","1"
"1201180","FECHADURA AGL PV200R2I - PRETA EX","103760","FIO COBRE ESMALTADO 155 TS 30 AWG","0,010787"
"1201180","FECHADURA AGL PV200R2I - PRETA EX","801240","PINO DA CAIXINHA DO FECHO - ZINCADO","1"
"1201181","FECHADURA AGL PV200R2I C/ 2 CIL EX","806004","CHAPA FECHO PVR2I - CROMADA","1"
"1201181","FECHADURA AGL PV200R2I C/ 2 CIL EX","806038","ALUMINIO FECHADURA PV200 C/2 CIL","1"
"1201181","FECHADURA AGL PV200R2I C/ 2 CIL EX","807090","FUNDO ALUMINIO LINGUETA PV200RF2I - CINZA","1"
"1201181","FECHADURA AGL PV200R2I C/ 2 CIL EX","807094","FUNDO ALUMINIO FECHO PV200RF2I - CINZA","1"
"1201181","FECHADURA AGL PV200R2I C/ 2 CIL EX","807053","BUCHA REDONDA FECHADURA PV -CROMADA","2"
"1201181","FECHADURA AGL PV200R2I C/ 2 CIL EX","811322","ETIQUETA ADES. BOPP 40MM X 40MM  BRANCA Bt759","1"
"1201181","FECHADURA AGL PV200R2I C/ 2 CIL EX","401008","PARAFUSO PLASTIC PAN PHILLIPS 3 X 8 ZB","2"
"1201181","FECHADURA AGL PV200R2I C/ 2 CIL EX","401023","PARAFUSO MET M3.5 X 8 CH. PH - ZI","6"
"1201181","FECHADURA AGL PV200R2I C/ 2 CIL EX","401034","PARAFUSO PLASTIC 3 X 6 CH. PH - ZI","2"
"1201181","FECHADURA AGL PV200R2I C/ 2 CIL EX","401083","PF MET CH PHS M4X12MM ZI","4"
"1201181","FECHADURA AGL PV200R2I C/ 2 CIL EX","401089","PARAFUSO MET M3 X 8MM CH PHS ZI","4"
"1201181","FECHADURA AGL PV200R2I C/ 2 CIL EX","401100","PARAFUSO M3 X 12 CC. PH - ZI","1"
"1201181","FECHADURA AGL PV200R2I C/ 2 CIL EX","401101","PARAFUSO M3.5 X 6 CH. PH - ZI","8"
"1201181","FECHADURA AGL PV200R2I C/ 2 CIL EX","401102","PARAFUSO M4 X 8 CH. PH MET - ZI","5"
"1201181","FECHADURA AGL PV200R2I C/ 2 CIL EX","403014","MOLA DE RETORNO DA TRAVA MAIOR","1"
"1201181","FECHADURA AGL PV200R2I C/ 2 CIL EX","403016","MOLA DE RETORNO DO DISPOSITIVO DE MEMORIA","1"
"1201181","FECHADURA AGL PV200R2I C/ 2 CIL EX","403017","MOLA DE RETORNO DO ROTOR","1"
"1201181","FECHADURA AGL PV200R2I C/ 2 CIL EX","403018","MOLA DE RETORNO DA TRAVA MENOR","1"
"1201181","FECHADURA AGL PV200R2I C/ 2 CIL EX","403022","MOLA PV200 RETORNO DA LINGUETA","1"
"1201181","FECHADURA AGL PV200R2I C/ 2 CIL EX","403025","MOLA DO ARIETE","1"
"1201181","FECHADURA AGL PV200R2I C/ 2 CIL EX","404016","CONJUNTO CILINDRO FECHADURA PORTA DE VIDRO 2 CIL.","2"
"1201181","FECHADURA AGL PV200R2I C/ 2 CIL EX","708018","CORPO DO ARIETE 4,76 X 29MM C/ DIAM 1,6MM - ZINCADO","1"
"1201181","FECHADURA AGL PV200R2I C/ 2 CIL EX","708021","LUVA DO ARIETE 10MM - ZINCADO","1"
"1201181","FECHADURA AGL PV200R2I C/ 2 CIL EX","801208","EIXO DO ROTOR - ZINCADO","1"
"1201181","FECHADURA AGL PV200R2I C/ 2 CIL EX","804306","TAMPA PLASTICA DO FECHO","1"
"1201181","FECHADURA AGL PV200R2I C/ 2 CIL EX","804321","CARRETEL DO FECHO","1"
"1201181","FECHADURA AGL PV200R2I C/ 2 CIL EX","804323","ACABAMENTO RECORTE PV","1"
"1201181","FECHADURA AGL PV200R2I C/ 2 CIL EX","804406","ESPACADOR PARA FECHADURA 2 CILINDROS","1"
"1201181","FECHADURA AGL PV200R2I C/ 2 CIL EX","804428","SOQUETE DO FECHO ELETRICO","1"
"1201181","FECHADURA AGL PV200R2I C/ 2 CIL EX","804468","PONTA DO ARIETE 2,55 X 26MM","1"
"1201181","FECHADURA AGL PV200R2I C/ 2 CIL EX","805085","CHAPA DE FIXAÇÃO CILINDRO DUPLO FECH PV - ZINCADA","1"
"1201181","FECHADURA AGL PV200R2I C/ 2 CIL EX","805087","NARIZ CILINDRO PV200 - ZINCADO","2"
"1201181","FECHADURA AGL PV200R2I C/ 2 CIL EX","806001","CHAPA PUXADOR PV200R2I P/ 1 OU 2 CILINDROS (MAIOR)","1"
"1201181","FECHADURA AGL PV200R2I C/ 2 CIL EX","806087","ALUMINIO DO BATENTE PV200RF2I","1"
"1201181","FECHADURA AGL PV200R2I C/ 2 CIL EX","806054","CHAPA PUXADOR PV200RF2I P/ 1 OU 2 CILINDROS (MENOR)","1"
"1201181","FECHADURA AGL PV200R2I C/ 2 CIL EX","806082","TERMINAL DE LATÃO DO SOQUETE","2"
"1201181","FECHADURA AGL PV200R2I C/ 2 CIL EX","807002","TRAVA MENOR FECHO PV","1"
"1201181","FECHADURA AGL PV200R2I C/ 2 CIL EX","807003","TRAVA MAIOR FECHO PV","1"
"1201181","FECHADURA AGL PV200R2I C/ 2 CIL EX","807049","DISPOSITIVO DE MEMORIA FECHO PV - ZINCADO","1"
"1201181","FECHADURA AGL PV200R2I C/ 2 CIL EX","807069","LINGUETA DAS FECHADURAS PV","1"
"1201181","FECHADURA AGL PV200R2I C/ 2 CIL EX","807088","ROTOR DO FECHO","1"
"1201181","FECHADURA AGL PV200R2I C/ 2 CIL EX","701084","CAIXA DO FECHO - BRUTO","1"
"1201181","FECHADURA AGL PV200R2I C/ 2 CIL EX","807102","BLINDAGEM DO FECHO","1"
"1201181","FECHADURA AGL PV200R2I C/ 2 CIL EX","811277","ETIQUETA ADES. COUCHE 20MM X 15MM X 04 CAR","1"
"1201181","FECHADURA AGL PV200R2I C/ 2 CIL EX","811310","ETIQUETA ADES. COUCHE 33MM X 21MM X 03 CAR","1"
"1201181","FECHADURA AGL PV200R2I C/ 2 CIL EX","811762","SACO ZIP PADRAO - 05X07","1"
"1201181","FECHADURA AGL PV200R2I C/ 2 CIL EX","811681","AGL SOLAPA PORTA VIDRO 10,5 X 29,5 - CALÇO PV200","1"
"1201181","FECHADURA AGL PV200R2I C/ 2 CIL EX","811700","CAIXA FECHADURA ELETRICA P/ PORTAS DE VIDRO AGL 13,2 X 11,7 X 11,4","1"
"1201181","FECHADURA AGL PV200R2I C/ 2 CIL EX","103760","FIO COBRE ESMALTADO 155 TS 30 AWG","0,010787"
"1201181","FECHADURA AGL PV200R2I C/ 2 CIL EX","801240","PINO DA CAIXINHA DO FECHO - ZINCADO","1"
"1201182","FECHADURA AGL PV200R2I C/ 2 CIL - BRANCA EX","806084","CHAPA FECHO PVR2I - BRANCA","1"
"1201182","FECHADURA AGL PV200R2I C/ 2 CIL - BRANCA EX","806039","FRENTE ALUMINIO LING. C/2 CIL. PV - BRANCA","1"
"1201182","FECHADURA AGL PV200R2I C/ 2 CIL - BRANCA EX","806048","FRENTE AL PQ. FECHO PV - BRANCA","1"
"1201182","FECHADURA AGL PV200R2I C/ 2 CIL - BRANCA EX","806050","FUNDO ALUMINIO LINGUETA PV200RF2I - BRANCA","1"
"1201182","FECHADURA AGL PV200R2I C/ 2 CIL - BRANCA EX","806061","CHAPA PUXADOR PV200RF2I P/ 1 OU 2 CILINDROS (MENOR) - BRANCO","1"
"1201182","FECHADURA AGL PV200R2I C/ 2 CIL - BRANCA EX","806062","CHAPA PUXADOR PV200R2I P/ 1 OU 2 CILINDROS (MAIOR) - BRANCA","1"
"1201182","FECHADURA AGL PV200R2I C/ 2 CIL - BRANCA EX","806068","FUNDO ALUMINIO FECHO PV200RF2I - BRANCA","1"
"1201182","FECHADURA AGL PV200R2I C/ 2 CIL - BRANCA EX","807053","BUCHA REDONDA FECHADURA PV -CROMADA","2"
"1201182","FECHADURA AGL PV200R2I C/ 2 CIL - BRANCA EX","811322","ETIQUETA ADES. BOPP 40MM X 40MM  BRANCA Bt759","1"
"1201182","FECHADURA AGL PV200R2I C/ 2 CIL - BRANCA EX","401008","PARAFUSO PLASTIC PAN PHILLIPS 3 X 8 ZB","2"
"1201182","FECHADURA AGL PV200R2I C/ 2 CIL - BRANCA EX","401023","PARAFUSO MET M3.5 X 8 CH. PH - ZI","6"
"1201182","FECHADURA AGL PV200R2I C/ 2 CIL - BRANCA EX","401034","PARAFUSO PLASTIC 3 X 6 CH. PH - ZI","2"
"1201182","FECHADURA AGL PV200R2I C/ 2 CIL - BRANCA EX","401083","PF MET CH PHS M4X12MM ZI","4"
"1201182","FECHADURA AGL PV200R2I C/ 2 CIL - BRANCA EX","401089","PARAFUSO MET M3 X 8MM CH PHS ZI","4"
"1201182","FECHADURA AGL PV200R2I C/ 2 CIL - BRANCA EX","401100","PARAFUSO M3 X 12 CC. PH - ZI","1"
"1201182","FECHADURA AGL PV200R2I C/ 2 CIL - BRANCA EX","401101","PARAFUSO M3.5 X 6 CH. PH - ZI","8"
"1201182","FECHADURA AGL PV200R2I C/ 2 CIL - BRANCA EX","401102","PARAFUSO M4 X 8 CH. PH MET - ZI","5"
"1201182","FECHADURA AGL PV200R2I C/ 2 CIL - BRANCA EX","403014","MOLA DE RETORNO DA TRAVA MAIOR","1"
"1201182","FECHADURA AGL PV200R2I C/ 2 CIL - BRANCA EX","403016","MOLA DE RETORNO DO DISPOSITIVO DE MEMORIA","1"
"1201182","FECHADURA AGL PV200R2I C/ 2 CIL - BRANCA EX","403017","MOLA DE RETORNO DO ROTOR","1"
"1201182","FECHADURA AGL PV200R2I C/ 2 CIL - BRANCA EX","403018","MOLA DE RETORNO DA TRAVA MENOR","1"
"1201182","FECHADURA AGL PV200R2I C/ 2 CIL - BRANCA EX","403022","MOLA PV200 RETORNO DA LINGUETA","1"
"1201182","FECHADURA AGL PV200R2I C/ 2 CIL - BRANCA EX","403025","MOLA DO ARIETE","1"
"1201182","FECHADURA AGL PV200R2I C/ 2 CIL - BRANCA EX","404016","CONJUNTO CILINDRO FECHADURA PORTA DE VIDRO 2 CIL.","2"
"1201182","FECHADURA AGL PV200R2I C/ 2 CIL - BRANCA EX","708018","CORPO DO ARIETE 4,76 X 29MM C/ DIAM 1,6MM - ZINCADO","1"
"1201182","FECHADURA AGL PV200R2I C/ 2 CIL - BRANCA EX","708021","LUVA DO ARIETE 10MM - ZINCADO","1"
"1201182","FECHADURA AGL PV200R2I C/ 2 CIL - BRANCA EX","801208","EIXO DO ROTOR - ZINCADO","1"
"1201182","FECHADURA AGL PV200R2I C/ 2 CIL - BRANCA EX","804306","TAMPA PLASTICA DO FECHO","1"
"1201182","FECHADURA AGL PV200R2I C/ 2 CIL - BRANCA EX","804321","CARRETEL DO FECHO","1"
"1201182","FECHADURA AGL PV200R2I C/ 2 CIL - BRANCA EX","804323","ACABAMENTO RECORTE PV","1"
"1201182","FECHADURA AGL PV200R2I C/ 2 CIL - BRANCA EX","804406","ESPACADOR PARA FECHADURA 2 CILINDROS","1"
"1201182","FECHADURA AGL PV200R2I C/ 2 CIL - BRANCA EX","804428","SOQUETE DO FECHO ELETRICO","1"
"1201182","FECHADURA AGL PV200R2I C/ 2 CIL - BRANCA EX","804468","PONTA DO ARIETE 2,55 X 26MM","1"
"1201182","FECHADURA AGL PV200R2I C/ 2 CIL - BRANCA EX","805085","CHAPA DE FIXAÇÃO CILINDRO DUPLO FECH PV - ZINCADA","1"
"1201182","FECHADURA AGL PV200R2I C/ 2 CIL - BRANCA EX","805087","NARIZ CILINDRO PV200 - ZINCADO","2"
"1201182","FECHADURA AGL PV200R2I C/ 2 CIL - BRANCA EX","806082","TERMINAL DE LATÃO DO SOQUETE","2"
"1201182","FECHADURA AGL PV200R2I C/ 2 CIL - BRANCA EX","807002","TRAVA MENOR FECHO PV","1"
"1201182","FECHADURA AGL PV200R2I C/ 2 CIL - BRANCA EX","807003","TRAVA MAIOR FECHO PV","1"
"1201182","FECHADURA AGL PV200R2I C/ 2 CIL - BRANCA EX","807049","DISPOSITIVO DE MEMORIA FECHO PV - ZINCADO","1"
"1201182","FECHADURA AGL PV200R2I C/ 2 CIL - BRANCA EX","807069","LINGUETA DAS FECHADURAS PV","1"
"1201182","FECHADURA AGL PV200R2I C/ 2 CIL - BRANCA EX","807088","ROTOR DO FECHO","1"
"1201182","FECHADURA AGL PV200R2I C/ 2 CIL - BRANCA EX","701084","CAIXA DO FECHO - BRUTO","1"
"1201182","FECHADURA AGL PV200R2I C/ 2 CIL - BRANCA EX","807102","BLINDAGEM DO FECHO","1"
"1201182","FECHADURA AGL PV200R2I C/ 2 CIL - BRANCA EX","811277","ETIQUETA ADES. COUCHE 20MM X 15MM X 04 CAR","1"
"1201182","FECHADURA AGL PV200R2I C/ 2 CIL - BRANCA EX","811310","ETIQUETA ADES. COUCHE 33MM X 21MM X 03 CAR","1"
"1201182","FECHADURA AGL PV200R2I C/ 2 CIL - BRANCA EX","811762","SACO ZIP PADRAO - 05X07","1"
"1201182","FECHADURA AGL PV200R2I C/ 2 CIL - BRANCA EX","811681","AGL SOLAPA PORTA VIDRO 10,5 X 29,5 - CALÇO PV200","1"
"1201182","FECHADURA AGL PV200R2I C/ 2 CIL - BRANCA EX","811700","CAIXA FECHADURA ELETRICA P/ PORTAS DE VIDRO AGL 13,2 X 11,7 X 11,4","1"
"1201182","FECHADURA AGL PV200R2I C/ 2 CIL - BRANCA EX","103760","FIO COBRE ESMALTADO 155 TS 30 AWG","0,010787"
"1201182","FECHADURA AGL PV200R2I C/ 2 CIL - BRANCA EX","801240","PINO DA CAIXINHA DO FECHO - ZINCADO","1"
"1201183","FECHADURA AGL PV200R2I C/ 2 CIL - PRETA EX","806040","FRENTE ALUMINIO LING. C/2 CIL. PV - PRETA","1"
"1201183","FECHADURA AGL PV200R2I C/ 2 CIL - PRETA EX","806051","FUNDO ALUMINIO LINGUETA PV200RF2I - PRETA","1"
"1201183","FECHADURA AGL PV200R2I C/ 2 CIL - PRETA EX","806052","CHAPA PUXADOR PV200F2I P/ 1 OU 2 CILINDROS (MAIOR)","1"
"1201183","FECHADURA AGL PV200R2I C/ 2 CIL - PRETA EX","806053","FUNDO ALUMINIO FECHO PV200RF2I - PRETA","1"
"1201183","FECHADURA AGL PV200R2I C/ 2 CIL - PRETA EX","806063","CHAPA PUXADOR PV200R2I P/ 1 OU 2 CILINDROS (MAIOR) - PRETO","1"
"1201183","FECHADURA AGL PV200R2I C/ 2 CIL - PRETA EX","806070","FRENTE AL PQ. FECHO PV - PRETA","1"
"1201183","FECHADURA AGL PV200R2I C/ 2 CIL - PRETA EX","807053","BUCHA REDONDA FECHADURA PV -CROMADA","2"
"1201183","FECHADURA AGL PV200R2I C/ 2 CIL - PRETA EX","806076","CHAPA FECHO PV200R2I - PRETA","1"
"1201183","FECHADURA AGL PV200R2I C/ 2 CIL - PRETA EX","811322","ETIQUETA ADES. BOPP 40MM X 40MM  BRANCA Bt759","1"
"1201183","FECHADURA AGL PV200R2I C/ 2 CIL - PRETA EX","401008","PARAFUSO PLASTIC PAN PHILLIPS 3 X 8 ZB","2"
"1201183","FECHADURA AGL PV200R2I C/ 2 CIL - PRETA EX","401023","PARAFUSO MET M3.5 X 8 CH. PH - ZI","6"
"1201183","FECHADURA AGL PV200R2I C/ 2 CIL - PRETA EX","401034","PARAFUSO PLASTIC 3 X 6 CH. PH - ZI","2"
"1201183","FECHADURA AGL PV200R2I C/ 2 CIL - PRETA EX","401083","PF MET CH PHS M4X12MM ZI","4"
"1201183","FECHADURA AGL PV200R2I C/ 2 CIL - PRETA EX","401089","PARAFUSO MET M3 X 8MM CH PHS ZI","4"
"1201183","FECHADURA AGL PV200R2I C/ 2 CIL - PRETA EX","401100","PARAFUSO M3 X 12 CC. PH - ZI","1"
"1201183","FECHADURA AGL PV200R2I C/ 2 CIL - PRETA EX","401101","PARAFUSO M3.5 X 6 CH. PH - ZI","8"
"1201183","FECHADURA AGL PV200R2I C/ 2 CIL - PRETA EX","401102","PARAFUSO M4 X 8 CH. PH MET - ZI","5"
"1201183","FECHADURA AGL PV200R2I C/ 2 CIL - PRETA EX","403014","MOLA DE RETORNO DA TRAVA MAIOR","1"
"1201183","FECHADURA AGL PV200R2I C/ 2 CIL - PRETA EX","403016","MOLA DE RETORNO DO DISPOSITIVO DE MEMORIA","1"
"1201183","FECHADURA AGL PV200R2I C/ 2 CIL - PRETA EX","403017","MOLA DE RETORNO DO ROTOR","1"
"1201183","FECHADURA AGL PV200R2I C/ 2 CIL - PRETA EX","403018","MOLA DE RETORNO DA TRAVA MENOR","1"
"1201183","FECHADURA AGL PV200R2I C/ 2 CIL - PRETA EX","403022","MOLA PV200 RETORNO DA LINGUETA","1"
"1201183","FECHADURA AGL PV200R2I C/ 2 CIL - PRETA EX","403025","MOLA DO ARIETE","1"
"1201183","FECHADURA AGL PV200R2I C/ 2 CIL - PRETA EX","404016","CONJUNTO CILINDRO FECHADURA PORTA DE VIDRO 2 CIL.","2"
"1201183","FECHADURA AGL PV200R2I C/ 2 CIL - PRETA EX","708018","CORPO DO ARIETE 4,76 X 29MM C/ DIAM 1,6MM - ZINCADO","1"
"1201183","FECHADURA AGL PV200R2I C/ 2 CIL - PRETA EX","708021","LUVA DO ARIETE 10MM - ZINCADO","1"
"1201183","FECHADURA AGL PV200R2I C/ 2 CIL - PRETA EX","801208","EIXO DO ROTOR - ZINCADO","1"
"1201183","FECHADURA AGL PV200R2I C/ 2 CIL - PRETA EX","804306","TAMPA PLASTICA DO FECHO","1"
"1201183","FECHADURA AGL PV200R2I C/ 2 CIL - PRETA EX","804321","CARRETEL DO FECHO","1"
"1201183","FECHADURA AGL PV200R2I C/ 2 CIL - PRETA EX","804323","ACABAMENTO RECORTE PV","1"
"1201183","FECHADURA AGL PV200R2I C/ 2 CIL - PRETA EX","804406","ESPACADOR PARA FECHADURA 2 CILINDROS","1"
"1201183","FECHADURA AGL PV200R2I C/ 2 CIL - PRETA EX","804428","SOQUETE DO FECHO ELETRICO","1"
"1201183","FECHADURA AGL PV200R2I C/ 2 CIL - PRETA EX","804468","PONTA DO ARIETE 2,55 X 26MM","1"
"1201183","FECHADURA AGL PV200R2I C/ 2 CIL - PRETA EX","805085","CHAPA DE FIXAÇÃO CILINDRO DUPLO FECH PV - ZINCADA","1"
"1201183","FECHADURA AGL PV200R2I C/ 2 CIL - PRETA EX","805087","NARIZ CILINDRO PV200 - ZINCADO","2"
"1201183","FECHADURA AGL PV200R2I C/ 2 CIL - PRETA EX","806082","TERMINAL DE LATÃO DO SOQUETE","2"
"1201183","FECHADURA AGL PV200R2I C/ 2 CIL - PRETA EX","807002","TRAVA MENOR FECHO PV","1"
"1201183","FECHADURA AGL PV200R2I C/ 2 CIL - PRETA EX","807003","TRAVA MAIOR FECHO PV","1"
"1201183","FECHADURA AGL PV200R2I C/ 2 CIL - PRETA EX","807049","DISPOSITIVO DE MEMORIA FECHO PV - ZINCADO","1"
"1201183","FECHADURA AGL PV200R2I C/ 2 CIL - PRETA EX","807069","LINGUETA DAS FECHADURAS PV","1"
"1201183","FECHADURA AGL PV200R2I C/ 2 CIL - PRETA EX","807088","ROTOR DO FECHO","1"
"1201183","FECHADURA AGL PV200R2I C/ 2 CIL - PRETA EX","701084","CAIXA DO FECHO - BRUTO","1"
"1201183","FECHADURA AGL PV200R2I C/ 2 CIL - PRETA EX","807102","BLINDAGEM DO FECHO","1"
"1201183","FECHADURA AGL PV200R2I C/ 2 CIL - PRETA EX","811277","ETIQUETA ADES. COUCHE 20MM X 15MM X 04 CAR","1"
"1201183","FECHADURA AGL PV200R2I C/ 2 CIL - PRETA EX","811310","ETIQUETA ADES. COUCHE 33MM X 21MM X 03 CAR","1"
"1201183","FECHADURA AGL PV200R2I C/ 2 CIL - PRETA EX","811762","SACO ZIP PADRAO - 05X07","1"
"1201183","FECHADURA AGL PV200R2I C/ 2 CIL - PRETA EX","811681","AGL SOLAPA PORTA VIDRO 10,5 X 29,5 - CALÇO PV200","1"
"1201183","FECHADURA AGL PV200R2I C/ 2 CIL - PRETA EX","811700","CAIXA FECHADURA ELETRICA P/ PORTAS DE VIDRO AGL 13,2 X 11,7 X 11,4","1"
"1201183","FECHADURA AGL PV200R2I C/ 2 CIL - PRETA EX","103760","FIO COBRE ESMALTADO 155 TS 30 AWG","0,010787"
"1201183","FECHADURA AGL PV200R2I C/ 2 CIL - PRETA EX","801240","PINO DA CAIXINHA DO FECHO - ZINCADO","1"
"1201184","FECHADURA PV200F1E 2 CILINDROS EX","806038","ALUMINIO FECHADURA PV200 C/2 CIL","1"
"1201184","FECHADURA PV200F1E 2 CILINDROS EX","806036","CHAPA BATENTE PV200RF1E - CROMADO","1"
"1201184","FECHADURA PV200F1E 2 CILINDROS EX","807053","BUCHA REDONDA FECHADURA PV -CROMADA","2"
"1201184","FECHADURA PV200F1E 2 CILINDROS EX","807053","BUCHA REDONDA FECHADURA PV -CROMADA","1"
"1201184","FECHADURA PV200F1E 2 CILINDROS EX","811322","ETIQUETA ADES. BOPP 40MM X 40MM  BRANCA Bt759","1"
"1201184","FECHADURA PV200F1E 2 CILINDROS EX","401002","PARAFUSO 3.5 X 13 A/A CH. PH - ZI","4"
"1201184","FECHADURA PV200F1E 2 CILINDROS EX","401008","PARAFUSO PLASTIC PAN PHILLIPS 3 X 8 ZB","2"
"1201184","FECHADURA PV200F1E 2 CILINDROS EX","401023","PARAFUSO MET M3.5 X 8 CH. PH - ZI","6"
"1201184","FECHADURA PV200F1E 2 CILINDROS EX","401034","PARAFUSO PLASTIC 3 X 6 CH. PH - ZI","2"
"1201184","FECHADURA PV200F1E 2 CILINDROS EX","401083","PF MET CH PHS M4X12MM ZI","2"
"1201184","FECHADURA PV200F1E 2 CILINDROS EX","401089","PARAFUSO MET M3 X 8MM CH PHS ZI","6"
"1201184","FECHADURA PV200F1E 2 CILINDROS EX","401101","PARAFUSO M3.5 X 6 CH. PH - ZI","4"
"1201184","FECHADURA PV200F1E 2 CILINDROS EX","401102","PARAFUSO M4 X 8 CH. PH MET - ZI","4"
"1201184","FECHADURA PV200F1E 2 CILINDROS EX","403014","MOLA DE RETORNO DA TRAVA MAIOR","1"
"1201184","FECHADURA PV200F1E 2 CILINDROS EX","403016","MOLA DE RETORNO DO DISPOSITIVO DE MEMORIA","1"
"1201184","FECHADURA PV200F1E 2 CILINDROS EX","403017","MOLA DE RETORNO DO ROTOR","1"
"1201184","FECHADURA PV200F1E 2 CILINDROS EX","403018","MOLA DE RETORNO DA TRAVA MENOR","1"
"1201184","FECHADURA PV200F1E 2 CILINDROS EX","403022","MOLA PV200 RETORNO DA LINGUETA","1"
"1201184","FECHADURA PV200F1E 2 CILINDROS EX","403025","MOLA DO ARIETE","1"
"1201184","FECHADURA PV200F1E 2 CILINDROS EX","404016","CONJUNTO CILINDRO FECHADURA PORTA DE VIDRO 2 CIL.","2"
"1201184","FECHADURA PV200F1E 2 CILINDROS EX","708018","CORPO DO ARIETE 4,76 X 29MM C/ DIAM 1,6MM - ZINCADO","1"
"1201184","FECHADURA PV200F1E 2 CILINDROS EX","708021","LUVA DO ARIETE 10MM - ZINCADO","1"
"1201184","FECHADURA PV200F1E 2 CILINDROS EX","801208","EIXO DO ROTOR - ZINCADO","1"
"1201184","FECHADURA PV200F1E 2 CILINDROS EX","804212","ENCOSTO PARA CHAPA DO BATENTE PV","1"
"1201184","FECHADURA PV200F1E 2 CILINDROS EX","804321","CARRETEL DO FECHO","1"
"1201184","FECHADURA PV200F1E 2 CILINDROS EX","804406","ESPACADOR PARA FECHADURA 2 CILINDROS","1"
"1201184","FECHADURA PV200F1E 2 CILINDROS EX","804428","SOQUETE DO FECHO ELETRICO","1"
"1201184","FECHADURA PV200F1E 2 CILINDROS EX","804468","PONTA DO ARIETE 2,55 X 26MM","1"
"1201184","FECHADURA PV200F1E 2 CILINDROS EX","805085","CHAPA DE FIXAÇÃO CILINDRO DUPLO FECH PV - ZINCADA","1"
"1201184","FECHADURA PV200F1E 2 CILINDROS EX","805087","NARIZ CILINDRO PV200 - ZINCADO","2"
"1201184","FECHADURA PV200F1E 2 CILINDROS EX","806025","CHAPA PUXADOR PV200RF1IE P/ 1 OU 2 CILINDROS (MENOR)","1"
"1201184","FECHADURA PV200F1E 2 CILINDROS EX","806035","CHAPA PUXADOR PV200F1I/E P/ 1 OU 2 CILINDROS (MAIOR)","2"
"1201184","FECHADURA PV200F1E 2 CILINDROS EX","806082","TERMINAL DE LATÃO DO SOQUETE","2"
"1201184","FECHADURA PV200F1E 2 CILINDROS EX","807002","TRAVA MENOR FECHO PV","1"
"1201184","FECHADURA PV200F1E 2 CILINDROS EX","807003","TRAVA MAIOR FECHO PV","1"
"1201184","FECHADURA PV200F1E 2 CILINDROS EX","807049","DISPOSITIVO DE MEMORIA FECHO PV - ZINCADO","1"
"1201184","FECHADURA PV200F1E 2 CILINDROS EX","807069","LINGUETA DAS FECHADURAS PV","1"
"1201184","FECHADURA PV200F1E 2 CILINDROS EX","807088","ROTOR DO FECHO","1"
"1201184","FECHADURA PV200F1E 2 CILINDROS EX","807098","FUNDO ALUMINIO LINGUETA PV200RF1I/E - CINZA","1"
"1201184","FECHADURA PV200F1E 2 CILINDROS EX","701084","CAIXA DO FECHO - BRUTO","1"
"1201184","FECHADURA PV200F1E 2 CILINDROS EX","807102","BLINDAGEM DO FECHO","1"
"1201184","FECHADURA PV200F1E 2 CILINDROS EX","807106","TAMPA DO FECHO DE METAL","1"
"1201184","FECHADURA PV200F1E 2 CILINDROS EX","811277","ETIQUETA ADES. COUCHE 20MM X 15MM X 04 CAR","1"
"1201184","FECHADURA PV200F1E 2 CILINDROS EX","811310","ETIQUETA ADES. COUCHE 33MM X 21MM X 03 CAR","1"
"1201184","FECHADURA PV200F1E 2 CILINDROS EX","811762","SACO ZIP PADRAO - 05X07","1"
"1201184","FECHADURA PV200F1E 2 CILINDROS EX","811681","AGL SOLAPA PORTA VIDRO 10,5 X 29,5 - CALÇO PV200","1"
"1201184","FECHADURA PV200F1E 2 CILINDROS EX","811700","CAIXA FECHADURA ELETRICA P/ PORTAS DE VIDRO AGL 13,2 X 11,7 X 11,4","1"
"1201184","FECHADURA PV200F1E 2 CILINDROS EX","103760","FIO COBRE ESMALTADO 155 TS 30 AWG","0,010787"
"1201184","FECHADURA PV200F1E 2 CILINDROS EX","801240","PINO DA CAIXINHA DO FECHO - ZINCADO","1"
"1201185","FECHADURA PV200R1E 2 CILINDROS EX","806038","ALUMINIO FECHADURA PV200 C/2 CIL","1"
"1201185","FECHADURA PV200R1E 2 CILINDROS EX","806036","CHAPA BATENTE PV200RF1E - CROMADO","1"
"1201185","FECHADURA PV200R1E 2 CILINDROS EX","807053","BUCHA REDONDA FECHADURA PV -CROMADA","2"
"1201185","FECHADURA PV200R1E 2 CILINDROS EX","811322","ETIQUETA ADES. BOPP 40MM X 40MM  BRANCA Bt759","1"
"1201185","FECHADURA PV200R1E 2 CILINDROS EX","401002","PARAFUSO 3.5 X 13 A/A CH. PH - ZI","4"
"1201185","FECHADURA PV200R1E 2 CILINDROS EX","401008","PARAFUSO PLASTIC PAN PHILLIPS 3 X 8 ZB","2"
"1201185","FECHADURA PV200R1E 2 CILINDROS EX","401023","PARAFUSO MET M3.5 X 8 CH. PH - ZI","6"
"1201185","FECHADURA PV200R1E 2 CILINDROS EX","401034","PARAFUSO PLASTIC 3 X 6 CH. PH - ZI","2"
"1201185","FECHADURA PV200R1E 2 CILINDROS EX","401083","PF MET CH PHS M4X12MM ZI","2"
"1201185","FECHADURA PV200R1E 2 CILINDROS EX","401089","PARAFUSO MET M3 X 8MM CH PHS ZI","6"
"1201185","FECHADURA PV200R1E 2 CILINDROS EX","401101","PARAFUSO M3.5 X 6 CH. PH - ZI","4"
"1201185","FECHADURA PV200R1E 2 CILINDROS EX","401102","PARAFUSO M4 X 8 CH. PH MET - ZI","4"
"1201185","FECHADURA PV200R1E 2 CILINDROS EX","403014","MOLA DE RETORNO DA TRAVA MAIOR","1"
"1201185","FECHADURA PV200R1E 2 CILINDROS EX","403016","MOLA DE RETORNO DO DISPOSITIVO DE MEMORIA","1"
"1201185","FECHADURA PV200R1E 2 CILINDROS EX","403017","MOLA DE RETORNO DO ROTOR","1"
"1201185","FECHADURA PV200R1E 2 CILINDROS EX","403018","MOLA DE RETORNO DA TRAVA MENOR","1"
"1201185","FECHADURA PV200R1E 2 CILINDROS EX","403022","MOLA PV200 RETORNO DA LINGUETA","1"
"1201185","FECHADURA PV200R1E 2 CILINDROS EX","403025","MOLA DO ARIETE","1"
"1201185","FECHADURA PV200R1E 2 CILINDROS EX","404016","CONJUNTO CILINDRO FECHADURA PORTA DE VIDRO 2 CIL.","2"
"1201185","FECHADURA PV200R1E 2 CILINDROS EX","708018","CORPO DO ARIETE 4,76 X 29MM C/ DIAM 1,6MM - ZINCADO","1"
"1201185","FECHADURA PV200R1E 2 CILINDROS EX","708021","LUVA DO ARIETE 10MM - ZINCADO","1"
"1201185","FECHADURA PV200R1E 2 CILINDROS EX","801208","EIXO DO ROTOR - ZINCADO","1"
"1201185","FECHADURA PV200R1E 2 CILINDROS EX","804306","TAMPA PLASTICA DO FECHO","1"
"1201185","FECHADURA PV200R1E 2 CILINDROS EX","804321","CARRETEL DO FECHO","1"
"1201185","FECHADURA PV200R1E 2 CILINDROS EX","804406","ESPACADOR PARA FECHADURA 2 CILINDROS","1"
"1201185","FECHADURA PV200R1E 2 CILINDROS EX","804428","SOQUETE DO FECHO ELETRICO","1"
"1201185","FECHADURA PV200R1E 2 CILINDROS EX","804468","PONTA DO ARIETE 2,55 X 26MM","1"
"1201185","FECHADURA PV200R1E 2 CILINDROS EX","805085","CHAPA DE FIXAÇÃO CILINDRO DUPLO FECH PV - ZINCADA","1"
"1201185","FECHADURA PV200R1E 2 CILINDROS EX","805087","NARIZ CILINDRO PV200 - ZINCADO","2"
"1201185","FECHADURA PV200R1E 2 CILINDROS EX","806025","CHAPA PUXADOR PV200RF1IE P/ 1 OU 2 CILINDROS (MENOR)","1"
"1201185","FECHADURA PV200R1E 2 CILINDROS EX","806055","CHAPA PUXADOR PV200R1I/E P/ 1 OU 2 CILINDROS (MAIOR)","2"
"1201185","FECHADURA PV200R1E 2 CILINDROS EX","806082","TERMINAL DE LATÃO DO SOQUETE","2"
"1201185","FECHADURA PV200R1E 2 CILINDROS EX","807002","TRAVA MENOR FECHO PV","1"
"1201185","FECHADURA PV200R1E 2 CILINDROS EX","807003","TRAVA MAIOR FECHO PV","1"
"1201185","FECHADURA PV200R1E 2 CILINDROS EX","807049","DISPOSITIVO DE MEMORIA FECHO PV - ZINCADO","1"
"1201185","FECHADURA PV200R1E 2 CILINDROS EX","807069","LINGUETA DAS FECHADURAS PV","1"
"1201185","FECHADURA PV200R1E 2 CILINDROS EX","807088","ROTOR DO FECHO","1"
"1201185","FECHADURA PV200R1E 2 CILINDROS EX","807098","FUNDO ALUMINIO LINGUETA PV200RF1I/E - CINZA","1"
"1201185","FECHADURA PV200R1E 2 CILINDROS EX","701084","CAIXA DO FECHO - BRUTO","1"
"1201185","FECHADURA PV200R1E 2 CILINDROS EX","807102","BLINDAGEM DO FECHO","1"
"1201185","FECHADURA PV200R1E 2 CILINDROS EX","811277","ETIQUETA ADES. COUCHE 20MM X 15MM X 04 CAR","1"
"1201185","FECHADURA PV200R1E 2 CILINDROS EX","811310","ETIQUETA ADES. COUCHE 33MM X 21MM X 03 CAR","1"
"1201185","FECHADURA PV200R1E 2 CILINDROS EX","811762","SACO ZIP PADRAO - 05X07","1"
"1201185","FECHADURA PV200R1E 2 CILINDROS EX","811681","AGL SOLAPA PORTA VIDRO 10,5 X 29,5 - CALÇO PV200","1"
"1201185","FECHADURA PV200R1E 2 CILINDROS EX","811700","CAIXA FECHADURA ELETRICA P/ PORTAS DE VIDRO AGL 13,2 X 11,7 X 11,4","1"
"1201185","FECHADURA PV200R1E 2 CILINDROS EX","103760","FIO COBRE ESMALTADO 155 TS 30 AWG","0,010787"
"1201185","FECHADURA PV200R1E 2 CILINDROS EX","801240","PINO DA CAIXINHA DO FECHO - ZINCADO","1"
"1205002","SUB CONJUNTO DA BOBINA DO FECHO ELETRICO","403025","MOLA DO ARIETE","1"
"1205002","SUB CONJUNTO DA BOBINA DO FECHO ELETRICO","708018","CORPO DO ARIETE 4,76 X 29MM C/ DIAM 1,6MM - ZINCADO","1"
"1205002","SUB CONJUNTO DA BOBINA DO FECHO ELETRICO","708021","LUVA DO ARIETE 10MM - ZINCADO","1"
"1205002","SUB CONJUNTO DA BOBINA DO FECHO ELETRICO","804468","PONTA DO ARIETE 2,55 X 26MM","1"
"1205002","SUB CONJUNTO DA BOBINA DO FECHO ELETRICO","804321","CARRETEL DO FECHO","1"
"1205002","SUB CONJUNTO DA BOBINA DO FECHO ELETRICO","804428","SOQUETE DO FECHO ELETRICO","1"
"1205002","SUB CONJUNTO DA BOBINA DO FECHO ELETRICO","806082","TERMINAL DE LATÃO DO SOQUETE","2"
"1205002","SUB CONJUNTO DA BOBINA DO FECHO ELETRICO","811310","ETIQUETA ADES. COUCHE 33MM X 21MM X 03 CAR","1"
"1205002","SUB CONJUNTO DA BOBINA DO FECHO ELETRICO","811322","ETIQUETA ADES. BOPP 40MM X 40MM  BRANCA Bt759","1"
"1205002","SUB CONJUNTO DA BOBINA DO FECHO ELETRICO","811762","SACO ZIP PADRAO - 05X07","1"
"1205002","SUB CONJUNTO DA BOBINA DO FECHO ELETRICO","103760","FIO COBRE ESMALTADO 155 TS 30 AWG","0,010787"
"1205003","SUB CONJUNTO DA BOBINA 12V SOPRANO - 3700.2598.00","403025","MOLA DO ARIETE","1"
"1205003","SUB CONJUNTO DA BOBINA 12V SOPRANO - 3700.2598.00","708018","CORPO DO ARIETE 4,76 X 29MM C/ DIAM 1,6MM - ZINCADO","1"
"1205003","SUB CONJUNTO DA BOBINA 12V SOPRANO - 3700.2598.00","708021","LUVA DO ARIETE 10MM - ZINCADO","1"
"1205003","SUB CONJUNTO DA BOBINA 12V SOPRANO - 3700.2598.00","804468","PONTA DO ARIETE 2,55 X 26MM","1"
"1205003","SUB CONJUNTO DA BOBINA 12V SOPRANO - 3700.2598.00","804321","CARRETEL DO FECHO","1"
"1205003","SUB CONJUNTO DA BOBINA 12V SOPRANO - 3700.2598.00","804428","SOQUETE DO FECHO ELETRICO","1"
"1205003","SUB CONJUNTO DA BOBINA 12V SOPRANO - 3700.2598.00","806082","TERMINAL DE LATÃO DO SOQUETE","2"
"1205003","SUB CONJUNTO DA BOBINA 12V SOPRANO - 3700.2598.00","811310","ETIQUETA ADES. COUCHE 33MM X 21MM X 03 CAR","1"
"1205003","SUB CONJUNTO DA BOBINA 12V SOPRANO - 3700.2598.00","811322","ETIQUETA ADES. BOPP 40MM X 40MM  BRANCA Bt759","1"
"1205003","SUB CONJUNTO DA BOBINA 12V SOPRANO - 3700.2598.00","811762","SACO ZIP PADRAO - 05X07","1"
"1205003","SUB CONJUNTO DA BOBINA 12V SOPRANO - 3700.2598.00","103760","FIO COBRE ESMALTADO 155 TS 30 AWG","0,010787"
"1205008","SUB CONJ. MAÇANETA BOLA PV200","401100","PARAFUSO M3 X 12 CC. PH - ZI","1"
"1205008","SUB CONJ. MAÇANETA BOLA PV200","807052","MAÇANETA BOLA - CROMADA","1"
"1205008","SUB CONJ. MAÇANETA BOLA PV200","810035","ACABAMENTO MAÇANETA BOLA - CROMADO","1"
"1205008","SUB CONJ. MAÇANETA BOLA PV200","811310","ETIQUETA ADES. COUCHE 33MM X 21MM X 03 CAR","1"
"1205008","SUB CONJ. MAÇANETA BOLA PV200","811505","SACO PLASTICO TRANSPARENTE 14CM X 9CM","1"
"1205010","SUB CONJ. MAÇANETA ALAVANCA PV","401100","PARAFUSO M3 X 12 CC. PH - ZI","1"
"1205010","SUB CONJ. MAÇANETA ALAVANCA PV","807056","MAÇANETA ALAVANCA - CROMADA","1"
"1205010","SUB CONJ. MAÇANETA ALAVANCA PV","811310","ETIQUETA ADES. COUCHE 33MM X 21MM X 03 CAR","1"
"1205010","SUB CONJ. MAÇANETA ALAVANCA PV","811505","SACO PLASTICO TRANSPARENTE 14CM X 9CM","1"
"1205011","BATENTE FECHADURA PV200R1I / F1I","401002","PARAFUSO 3.5 X 13 A/A CH. PH - ZI","4"
"1205011","BATENTE FECHADURA PV200R1I / F1I","401008","PARAFUSO PLASTIC PAN PHILLIPS 3 X 8 ZB","2"
"1205011","BATENTE FECHADURA PV200R1I / F1I","401023","PARAFUSO MET M3.5 X 8 CH. PH - ZI","2"
"1205011","BATENTE FECHADURA PV200R1I / F1I","401034","PARAFUSO PLASTIC 3 X 6 CH. PH - ZI","2"
"1205011","BATENTE FECHADURA PV200R1I / F1I","403014","MOLA DE RETORNO DA TRAVA MAIOR","1"
"1205011","BATENTE FECHADURA PV200R1I / F1I","403016","MOLA DE RETORNO DO DISPOSITIVO DE MEMORIA","1"
"1205011","BATENTE FECHADURA PV200R1I / F1I","403017","MOLA DE RETORNO DO ROTOR","1"
"1205011","BATENTE FECHADURA PV200R1I / F1I","403018","MOLA DE RETORNO DA TRAVA MENOR","1"
"1205011","BATENTE FECHADURA PV200R1I / F1I","403025","MOLA DO ARIETE","1"
"1205011","BATENTE FECHADURA PV200R1I / F1I","708018","CORPO DO ARIETE 4,76 X 29MM C/ DIAM 1,6MM - ZINCADO","1"
"1205011","BATENTE FECHADURA PV200R1I / F1I","708021","LUVA DO ARIETE 10MM - ZINCADO","1"
"1205011","BATENTE FECHADURA PV200R1I / F1I","804468","PONTA DO ARIETE 2,55 X 26MM","1"
"1205011","BATENTE FECHADURA PV200R1I / F1I","804321","CARRETEL DO FECHO","1"
"1205011","BATENTE FECHADURA PV200R1I / F1I","807049","DISPOSITIVO DE MEMORIA FECHO PV - ZINCADO","1"
"1205011","BATENTE FECHADURA PV200R1I / F1I","804324","BLOQUEIO DE CARTÃO PV","1"
"1205011","BATENTE FECHADURA PV200R1I / F1I","804428","SOQUETE DO FECHO ELETRICO","1"
"1205011","BATENTE FECHADURA PV200R1I / F1I","806031","CHAPA BATENTE PV200RF1I - CROMADO","1"
"1205011","BATENTE FECHADURA PV200R1I / F1I","806082","TERMINAL DE LATÃO DO SOQUETE","2"
"1205011","BATENTE FECHADURA PV200R1I / F1I","807002","TRAVA MENOR FECHO PV","1"
"1205011","BATENTE FECHADURA PV200R1I / F1I","807003","TRAVA MAIOR FECHO PV","1"
"1205011","BATENTE FECHADURA PV200R1I / F1I","807088","ROTOR DO FECHO","1"
"1205011","BATENTE FECHADURA PV200R1I / F1I","701084","CAIXA DO FECHO - BRUTO","1"
"1205011","BATENTE FECHADURA PV200R1I / F1I","807102","BLINDAGEM DO FECHO","1"
"1205011","BATENTE FECHADURA PV200R1I / F1I","807106","TAMPA DO FECHO DE METAL","1"
"1205011","BATENTE FECHADURA PV200R1I / F1I","811277","ETIQUETA ADES. COUCHE 20MM X 15MM X 04 CAR","1"
"1205011","BATENTE FECHADURA PV200R1I / F1I","811310","ETIQUETA ADES. COUCHE 33MM X 21MM X 03 CAR","1"
"1205011","BATENTE FECHADURA PV200R1I / F1I","811322","ETIQUETA ADES. BOPP 40MM X 40MM  BRANCA Bt759","1"
"1205011","BATENTE FECHADURA PV200R1I / F1I","811541","SACO PLASTICO TRANSPARENTE 30CM X 15CM","1"
"1205011","BATENTE FECHADURA PV200R1I / F1I","811762","SACO ZIP PADRAO - 05X07","1"
"1205011","BATENTE FECHADURA PV200R1I / F1I","811681","AGL SOLAPA PORTA VIDRO 10,5 X 29,5 - CALÇO PV200","1"
"1205011","BATENTE FECHADURA PV200R1I / F1I","103760","FIO COBRE ESMALTADO 155 TS 30 AWG","0,010787"
"1205011","BATENTE FECHADURA PV200R1I / F1I","801240","PINO DA CAIXINHA DO FECHO - ZINCADO","1"
"1205012","SUB CONJUNTO BASE FIXAÇÃO MAÇANETA PVRF (ANTIGA) C/ 4 PARAFUSOS","401023","PARAFUSO MET M3.5 X 8 CH. PH - ZI","4"
"1205012","SUB CONJUNTO BASE FIXAÇÃO MAÇANETA PVRF (ANTIGA) C/ 4 PARAFUSOS","401100","PARAFUSO M3 X 12 CC. PH - ZI","1"
"1205012","SUB CONJUNTO BASE FIXAÇÃO MAÇANETA PVRF (ANTIGA) C/ 4 PARAFUSOS","403013","MOLA DE RETORNO DA MAÇANETA FECHADURA PV","1"
"1205012","SUB CONJUNTO BASE FIXAÇÃO MAÇANETA PVRF (ANTIGA) C/ 4 PARAFUSOS","805089","BASE FIXAÇÃO MAÇANETA","1"
"1205012","SUB CONJUNTO BASE FIXAÇÃO MAÇANETA PVRF (ANTIGA) C/ 4 PARAFUSOS","807105","TRATOR MAÇANETA PV - ZINCADO","1"
"1205012","SUB CONJUNTO BASE FIXAÇÃO MAÇANETA PVRF (ANTIGA) C/ 4 PARAFUSOS","807138","VERGALHÃO QUADRADO 8MM PV - ZINCADO","1"
"1205012","SUB CONJUNTO BASE FIXAÇÃO MAÇANETA PVRF (ANTIGA) C/ 4 PARAFUSOS","811310","ETIQUETA ADES. COUCHE 33MM X 21MM X 03 CAR","1"
"1205012","SUB CONJUNTO BASE FIXAÇÃO MAÇANETA PVRF (ANTIGA) C/ 4 PARAFUSOS","811505","SACO PLASTICO TRANSPARENTE 14CM X 9CM","1"
"1205016","BATENTE PV 200R1E/F1E","401002","PARAFUSO 3.5 X 13 A/A CH. PH - ZI","4"
"1205016","BATENTE PV 200R1E/F1E","401008","PARAFUSO PLASTIC PAN PHILLIPS 3 X 8 ZB","2"
"1205016","BATENTE PV 200R1E/F1E","401023","PARAFUSO MET M3.5 X 8 CH. PH - ZI","2"
"1205016","BATENTE PV 200R1E/F1E","401034","PARAFUSO PLASTIC 3 X 6 CH. PH - ZI","2"
"1205016","BATENTE PV 200R1E/F1E","403014","MOLA DE RETORNO DA TRAVA MAIOR","1"
"1205016","BATENTE PV 200R1E/F1E","403016","MOLA DE RETORNO DO DISPOSITIVO DE MEMORIA","1"
"1205016","BATENTE PV 200R1E/F1E","403017","MOLA DE RETORNO DO ROTOR","1"
"1205016","BATENTE PV 200R1E/F1E","403018","MOLA DE RETORNO DA TRAVA MENOR","1"
"1205016","BATENTE PV 200R1E/F1E","403025","MOLA DO ARIETE","1"
"1205016","BATENTE PV 200R1E/F1E","708018","CORPO DO ARIETE 4,76 X 29MM C/ DIAM 1,6MM - ZINCADO","1"
"1205016","BATENTE PV 200R1E/F1E","708021","LUVA DO ARIETE 10MM - ZINCADO","1"
"1205016","BATENTE PV 200R1E/F1E","804468","PONTA DO ARIETE 2,55 X 26MM","1"
"1205016","BATENTE PV 200R1E/F1E","804212","ENCOSTO PARA CHAPA DO BATENTE PV","1"
"1205016","BATENTE PV 200R1E/F1E","804321","CARRETEL DO FECHO","1"
"1205016","BATENTE PV 200R1E/F1E","807049","DISPOSITIVO DE MEMORIA FECHO PV - ZINCADO","1"
"1205016","BATENTE PV 200R1E/F1E","804428","SOQUETE DO FECHO ELETRICO","1"
"1205016","BATENTE PV 200R1E/F1E","806036","CHAPA BATENTE PV200RF1E - CROMADO","1"
"1205016","BATENTE PV 200R1E/F1E","806082","TERMINAL DE LATÃO DO SOQUETE","2"
"1205016","BATENTE PV 200R1E/F1E","807002","TRAVA MENOR FECHO PV","1"
"1205016","BATENTE PV 200R1E/F1E","807003","TRAVA MAIOR FECHO PV","1"
"1205016","BATENTE PV 200R1E/F1E","807088","ROTOR DO FECHO","1"
"1205016","BATENTE PV 200R1E/F1E","701084","CAIXA DO FECHO - BRUTO","1"
"1205016","BATENTE PV 200R1E/F1E","807102","BLINDAGEM DO FECHO","1"
"1205016","BATENTE PV 200R1E/F1E","807106","TAMPA DO FECHO DE METAL","1"
"1205016","BATENTE PV 200R1E/F1E","811277","ETIQUETA ADES. COUCHE 20MM X 15MM X 04 CAR","1"
"1205016","BATENTE PV 200R1E/F1E","811310","ETIQUETA ADES. COUCHE 33MM X 21MM X 03 CAR","1"
"1205016","BATENTE PV 200R1E/F1E","811322","ETIQUETA ADES. BOPP 40MM X 40MM  BRANCA Bt759","1"
"1205016","BATENTE PV 200R1E/F1E","811541","SACO PLASTICO TRANSPARENTE 30CM X 15CM","1"
"1205016","BATENTE PV 200R1E/F1E","811762","SACO ZIP PADRAO - 05X07","1"
"1205016","BATENTE PV 200R1E/F1E","811681","AGL SOLAPA PORTA VIDRO 10,5 X 29,5 - CALÇO PV200","1"
"1205016","BATENTE PV 200R1E/F1E","103760","FIO COBRE ESMALTADO 155 TS 30 AWG","0,010787"
"1205016","BATENTE PV 200R1E/F1E","801240","PINO DA CAIXINHA DO FECHO - ZINCADO","1"
"1205016","BATENTE PV 200R1E/F1E","801208","EIXO DO ROTOR - ZINCADO","1"
"1205017","MOLA RETORNO DA LINGUETA FECHADURA PV200","403022","MOLA PV200 RETORNO DA LINGUETA","1"
"1205017","MOLA RETORNO DA LINGUETA FECHADURA PV200","811310","ETIQUETA ADES. COUCHE 33MM X 21MM X 03 CAR","1"
"1205017","MOLA RETORNO DA LINGUETA FECHADURA PV200","811762","SACO ZIP PADRAO - 05X07","1"
"1205018","MOLA RETORNO DA LINGUETA FECHADURA PVR","811310","ETIQUETA ADES. COUCHE 33MM X 21MM X 03 CAR","1"
"1205018","MOLA RETORNO DA LINGUETA FECHADURA PVR","811762","SACO ZIP PADRAO - 05X07","1"
"1205018","MOLA RETORNO DA LINGUETA FECHADURA PVR","403070","MOLA PVR RETORNO DA LINGUETA","1"
"1205019","LINGUETA E 1 MOLA DA PVRF","807069","LINGUETA DAS FECHADURAS PV","1"
"1205019","LINGUETA E 1 MOLA DA PVRF","811310","ETIQUETA ADES. COUCHE 33MM X 21MM X 03 CAR","1"
"1205019","LINGUETA E 1 MOLA DA PVRF","811505","SACO PLASTICO TRANSPARENTE 14CM X 9CM","1"
"1205021","CHAPA INOX DO BATENTE EXTERNO PV200R1E / PV200F1E","806036","CHAPA BATENTE PV200RF1E - CROMADO","1"
"1205021","CHAPA INOX DO BATENTE EXTERNO PV200R1E / PV200F1E","811310","ETIQUETA ADES. COUCHE 33MM X 21MM X 03 CAR","1"
"1205021","CHAPA INOX DO BATENTE EXTERNO PV200R1E / PV200F1E","811762","SACO ZIP PADRAO - 05X07","1"
"1205021","CHAPA INOX DO BATENTE EXTERNO PV200R1E / PV200F1E","804212","ENCOSTO PARA CHAPA DO BATENTE PV","1"
"1205022","SUB CONJUNTO FIXAÇÃO MAÇANETA PV200 C/ 4 PARAFUSOS","401023","PARAFUSO MET M3.5 X 8 CH. PH - ZI","4"
"1205022","SUB CONJUNTO FIXAÇÃO MAÇANETA PV200 C/ 4 PARAFUSOS","401100","PARAFUSO M3 X 12 CC. PH - ZI","1"
"1205022","SUB CONJUNTO FIXAÇÃO MAÇANETA PV200 C/ 4 PARAFUSOS","403013","MOLA DE RETORNO DA MAÇANETA FECHADURA PV","1"
"1205022","SUB CONJUNTO FIXAÇÃO MAÇANETA PV200 C/ 4 PARAFUSOS","804210","ARRUELA MAÇANETA PV","1"
"1205022","SUB CONJUNTO FIXAÇÃO MAÇANETA PV200 C/ 4 PARAFUSOS","805089","BASE FIXAÇÃO MAÇANETA","1"
"1205022","SUB CONJUNTO FIXAÇÃO MAÇANETA PV200 C/ 4 PARAFUSOS","807105","TRATOR MAÇANETA PV - ZINCADO","1"
"1205022","SUB CONJUNTO FIXAÇÃO MAÇANETA PV200 C/ 4 PARAFUSOS","807138","VERGALHÃO QUADRADO 8MM PV - ZINCADO","1"
"1205022","SUB CONJUNTO FIXAÇÃO MAÇANETA PV200 C/ 4 PARAFUSOS","811310","ETIQUETA ADES. COUCHE 33MM X 21MM X 03 CAR","1"
"1205022","SUB CONJUNTO FIXAÇÃO MAÇANETA PV200 C/ 4 PARAFUSOS","811505","SACO PLASTICO TRANSPARENTE 14CM X 9CM","1"
"1205029","SUB CONJUNTO BATENTE PV200R1E / PV200F1E","807053","BUCHA REDONDA FECHADURA PV -CROMADA","1"
"1205029","SUB CONJUNTO BATENTE PV200R1E / PV200F1E","811322","ETIQUETA ADES. BOPP 40MM X 40MM  BRANCA Bt759","1"
"1205029","SUB CONJUNTO BATENTE PV200R1E / PV200F1E","403014","MOLA DE RETORNO DA TRAVA MAIOR","1"
"1205029","SUB CONJUNTO BATENTE PV200R1E / PV200F1E","403016","MOLA DE RETORNO DO DISPOSITIVO DE MEMORIA","1"
"1205029","SUB CONJUNTO BATENTE PV200R1E / PV200F1E","403017","MOLA DE RETORNO DO ROTOR","1"
"1205029","SUB CONJUNTO BATENTE PV200R1E / PV200F1E","403018","MOLA DE RETORNO DA TRAVA MENOR","1"
"1205029","SUB CONJUNTO BATENTE PV200R1E / PV200F1E","403025","MOLA DO ARIETE","1"
"1205029","SUB CONJUNTO BATENTE PV200R1E / PV200F1E","708018","CORPO DO ARIETE 4,76 X 29MM C/ DIAM 1,6MM - ZINCADO","1"
"1205029","SUB CONJUNTO BATENTE PV200R1E / PV200F1E","708021","LUVA DO ARIETE 10MM - ZINCADO","1"
"1205029","SUB CONJUNTO BATENTE PV200R1E / PV200F1E","801208","EIXO DO ROTOR - ZINCADO","1"
"1205029","SUB CONJUNTO BATENTE PV200R1E / PV200F1E","804321","CARRETEL DO FECHO","1"
"1205029","SUB CONJUNTO BATENTE PV200R1E / PV200F1E","804428","SOQUETE DO FECHO ELETRICO","1"
"1205029","SUB CONJUNTO BATENTE PV200R1E / PV200F1E","804468","PONTA DO ARIETE 2,55 X 26MM","1"
"1205029","SUB CONJUNTO BATENTE PV200R1E / PV200F1E","806082","TERMINAL DE LATÃO DO SOQUETE","2"
"1205029","SUB CONJUNTO BATENTE PV200R1E / PV200F1E","807002","TRAVA MENOR FECHO PV","1"
"1205029","SUB CONJUNTO BATENTE PV200R1E / PV200F1E","807003","TRAVA MAIOR FECHO PV","1"
"1205029","SUB CONJUNTO BATENTE PV200R1E / PV200F1E","807049","DISPOSITIVO DE MEMORIA FECHO PV - ZINCADO","1"
"1205029","SUB CONJUNTO BATENTE PV200R1E / PV200F1E","807088","ROTOR DO FECHO","1"
"1205029","SUB CONJUNTO BATENTE PV200R1E / PV200F1E","701084","CAIXA DO FECHO - BRUTO","1"
"1205029","SUB CONJUNTO BATENTE PV200R1E / PV200F1E","807102","BLINDAGEM DO FECHO","1"
"1205029","SUB CONJUNTO BATENTE PV200R1E / PV200F1E","807106","TAMPA DO FECHO DE METAL","1"
"1205029","SUB CONJUNTO BATENTE PV200R1E / PV200F1E","811277","ETIQUETA ADES. COUCHE 20MM X 15MM X 04 CAR","1"
"1205029","SUB CONJUNTO BATENTE PV200R1E / PV200F1E","811310","ETIQUETA ADES. COUCHE 33MM X 21MM X 03 CAR","1"
"1205029","SUB CONJUNTO BATENTE PV200R1E / PV200F1E","811762","SACO ZIP PADRAO - 05X07","1"
"1205029","SUB CONJUNTO BATENTE PV200R1E / PV200F1E","103760","FIO COBRE ESMALTADO 155 TS 30 AWG","0,010787"
"1205029","SUB CONJUNTO BATENTE PV200R1E / PV200F1E","801240","PINO DA CAIXINHA DO FECHO - ZINCADO","1"
"1205030","SUB CONJUNTO TRINCO PV200R1E","401083","PF MET CH PHS M4X12MM ZI","2"
"1205030","SUB CONJUNTO TRINCO PV200R1E","401089","PARAFUSO MET M3 X 8MM CH PHS ZI","4"
"1205030","SUB CONJUNTO TRINCO PV200R1E","401101","PARAFUSO M3.5 X 6 CH. PH - ZI","4"
"1205030","SUB CONJUNTO TRINCO PV200R1E","804210","ARRUELA MAÇANETA PV","1"
"1205030","SUB CONJUNTO TRINCO PV200R1E","805088","NARIZ CILINDRO PVR - ZINCADO","1"
"1205030","SUB CONJUNTO TRINCO PV200R1E","805089","BASE FIXAÇÃO MAÇANETA","1"
"1205030","SUB CONJUNTO TRINCO PV200R1E","807069","LINGUETA DAS FECHADURAS PV","1"
"1205030","SUB CONJUNTO TRINCO PV200R1E","807105","TRATOR MAÇANETA PV - ZINCADO","1"
"1205030","SUB CONJUNTO TRINCO PV200R1E","807138","VERGALHÃO QUADRADO 8MM PV - ZINCADO","1"
"1205030","SUB CONJUNTO TRINCO PV200R1E","811310","ETIQUETA ADES. COUCHE 33MM X 21MM X 03 CAR","1"
"1205030","SUB CONJUNTO TRINCO PV200R1E","811762","SACO ZIP PADRAO - 05X07","1"
"1205036","SUB CONJUNTO BATENTE PV200R1I / PV200F1I","806031","CHAPA BATENTE PV200RF1I - CROMADO","1"
"1205036","SUB CONJUNTO BATENTE PV200R1I / PV200F1I","811322","ETIQUETA ADES. BOPP 40MM X 40MM  BRANCA Bt759","1"
"1205036","SUB CONJUNTO BATENTE PV200R1I / PV200F1I","403014","MOLA DE RETORNO DA TRAVA MAIOR","1"
"1205036","SUB CONJUNTO BATENTE PV200R1I / PV200F1I","403016","MOLA DE RETORNO DO DISPOSITIVO DE MEMORIA","1"
"1205036","SUB CONJUNTO BATENTE PV200R1I / PV200F1I","403017","MOLA DE RETORNO DO ROTOR","1"
"1205036","SUB CONJUNTO BATENTE PV200R1I / PV200F1I","403018","MOLA DE RETORNO DA TRAVA MENOR","1"
"1205036","SUB CONJUNTO BATENTE PV200R1I / PV200F1I","403025","MOLA DO ARIETE","1"
"1205036","SUB CONJUNTO BATENTE PV200R1I / PV200F1I","708018","CORPO DO ARIETE 4,76 X 29MM C/ DIAM 1,6MM - ZINCADO","1"
"1205036","SUB CONJUNTO BATENTE PV200R1I / PV200F1I","708021","LUVA DO ARIETE 10MM - ZINCADO","1"
"1205036","SUB CONJUNTO BATENTE PV200R1I / PV200F1I","801208","EIXO DO ROTOR - ZINCADO","1"
"1205036","SUB CONJUNTO BATENTE PV200R1I / PV200F1I","804321","CARRETEL DO FECHO","1"
"1205036","SUB CONJUNTO BATENTE PV200R1I / PV200F1I","804324","BLOQUEIO DE CARTÃO PV","1"
"1205036","SUB CONJUNTO BATENTE PV200R1I / PV200F1I","804428","SOQUETE DO FECHO ELETRICO","1"
"1205036","SUB CONJUNTO BATENTE PV200R1I / PV200F1I","804468","PONTA DO ARIETE 2,55 X 26MM","1"
"1205036","SUB CONJUNTO BATENTE PV200R1I / PV200F1I","806082","TERMINAL DE LATÃO DO SOQUETE","2"
"1205036","SUB CONJUNTO BATENTE PV200R1I / PV200F1I","807002","TRAVA MENOR FECHO PV","1"
"1205036","SUB CONJUNTO BATENTE PV200R1I / PV200F1I","807003","TRAVA MAIOR FECHO PV","1"
"1205036","SUB CONJUNTO BATENTE PV200R1I / PV200F1I","807049","DISPOSITIVO DE MEMORIA FECHO PV - ZINCADO","1"
"1205036","SUB CONJUNTO BATENTE PV200R1I / PV200F1I","807088","ROTOR DO FECHO","1"
"1205036","SUB CONJUNTO BATENTE PV200R1I / PV200F1I","701084","CAIXA DO FECHO - BRUTO","1"
"1205036","SUB CONJUNTO BATENTE PV200R1I / PV200F1I","807102","BLINDAGEM DO FECHO","1"
"1205036","SUB CONJUNTO BATENTE PV200R1I / PV200F1I","807106","TAMPA DO FECHO DE METAL","1"
"1205036","SUB CONJUNTO BATENTE PV200R1I / PV200F1I","811277","ETIQUETA ADES. COUCHE 20MM X 15MM X 04 CAR","1"
"1205036","SUB CONJUNTO BATENTE PV200R1I / PV200F1I","811310","ETIQUETA ADES. COUCHE 33MM X 21MM X 03 CAR","1"
"1205036","SUB CONJUNTO BATENTE PV200R1I / PV200F1I","811762","SACO ZIP PADRAO - 05X07","1"
"1205036","SUB CONJUNTO BATENTE PV200R1I / PV200F1I","103760","FIO COBRE ESMALTADO 155 TS 30 AWG","0,010787"
"1205036","SUB CONJUNTO BATENTE PV200R1I / PV200F1I","801240","PINO DA CAIXINHA DO FECHO - ZINCADO","1"
"1205043","CHAPA TRINCO PV200R1I S/ PUXADOR","806019","CHAPA S/ PUXADOR PV200R2I - CROMADO","1"
"1205043","CHAPA TRINCO PV200R1I S/ PUXADOR","811310","ETIQUETA ADES. COUCHE 33MM X 21MM X 03 CAR","1"
"1205043","CHAPA TRINCO PV200R1I S/ PUXADOR","811505","SACO PLASTICO TRANSPARENTE 14CM X 9CM","1"
"1205045","CHAPA TRINCO PV200F1I S/ PUXADOR","806028","CHAPA S/ PUXADOR PV200F1I - CROMADO","1"
"1205045","CHAPA TRINCO PV200F1I S/ PUXADOR","811310","ETIQUETA ADES. COUCHE 33MM X 21MM X 03 CAR","1"
"1205045","CHAPA TRINCO PV200F1I S/ PUXADOR","811762","SACO ZIP PADRAO - 05X07","1"
"1205046","CHAPA BATENTE INTERNO FECHADURA PV200R1I / F1I","806031","CHAPA BATENTE PV200RF1I - CROMADO","1"
"1205046","CHAPA BATENTE INTERNO FECHADURA PV200R1I / F1I","811310","ETIQUETA ADES. COUCHE 33MM X 21MM X 03 CAR","1"
"1205046","CHAPA BATENTE INTERNO FECHADURA PV200R1I / F1I","811505","SACO PLASTICO TRANSPARENTE 14CM X 9CM","1"
"1205046","CHAPA BATENTE INTERNO FECHADURA PV200R1I / F1I","804212","ENCOSTO PARA CHAPA DO BATENTE PV","1"
"1205047","CHAPA TRINCO PV200R1E / R1I C/ PUXADOR","806035","CHAPA PUXADOR PV200F1I/E P/ 1 OU 2 CILINDROS (MAIOR)","1"
"1205047","CHAPA TRINCO PV200R1E / R1I C/ PUXADOR","811310","ETIQUETA ADES. COUCHE 33MM X 21MM X 03 CAR","1"
"1205047","CHAPA TRINCO PV200R1E / R1I C/ PUXADOR","811541","SACO PLASTICO TRANSPARENTE 30CM X 15CM","1"
"1205053","SUB CONJUNTO BUCHA REDONDA FECHADURA PV200","401083","PF MET CH PHS M4X12MM ZI","2"
"1205053","SUB CONJUNTO BUCHA REDONDA FECHADURA PV200","807053","BUCHA REDONDA FECHADURA PV -CROMADA","2"
"1205053","SUB CONJUNTO BUCHA REDONDA FECHADURA PV200","811310","ETIQUETA ADES. COUCHE 33MM X 21MM X 03 CAR","1"
"1205053","SUB CONJUNTO BUCHA REDONDA FECHADURA PV200","811762","SACO ZIP PADRAO - 05X07","1"
"1205054","SUB CONJUNTO ENCOSTO PLASTICO PARA BATENTE EXTERNO FECHADURA PV","401089","PARAFUSO MET M3 X 8MM CH PHS ZI","2"
"1205054","SUB CONJUNTO ENCOSTO PLASTICO PARA BATENTE EXTERNO FECHADURA PV","804212","ENCOSTO PARA CHAPA DO BATENTE PV","1"
"1205054","SUB CONJUNTO ENCOSTO PLASTICO PARA BATENTE EXTERNO FECHADURA PV","811310","ETIQUETA ADES. COUCHE 33MM X 21MM X 03 CAR","1"
"1205054","SUB CONJUNTO ENCOSTO PLASTICO PARA BATENTE EXTERNO FECHADURA PV","811505","SACO PLASTICO TRANSPARENTE 14CM X 9CM","1"
"1205055","CHAPA INOX EXTERNA DA LINGUETA PV200F1E","806035","CHAPA PUXADOR PV200F1I/E P/ 1 OU 2 CILINDROS (MAIOR)","1"
"1205055","CHAPA INOX EXTERNA DA LINGUETA PV200F1E","811310","ETIQUETA ADES. COUCHE 33MM X 21MM X 03 CAR","1"
"1205055","CHAPA INOX EXTERNA DA LINGUETA PV200F1E","811762","SACO ZIP PADRAO - 05X07","1"
"1205065","MAÇANETA BOLA - CROMADA","807052","MAÇANETA BOLA - CROMADA","1"
"1205065","MAÇANETA BOLA - CROMADA","811310","ETIQUETA ADES. COUCHE 33MM X 21MM X 03 CAR","1"
"1205065","MAÇANETA BOLA - CROMADA","811505","SACO PLASTICO TRANSPARENTE 14CM X 9CM","1"
"1205066","SUB CONJ. MAÇANETA BOLA PV PRETA","401100","PARAFUSO M3 X 12 CC. PH - ZI","1"
"1205066","SUB CONJ. MAÇANETA BOLA PV PRETA","807055","MAÇANETA BOLA - PRETA","1"
"1205066","SUB CONJ. MAÇANETA BOLA PV PRETA","810035","ACABAMENTO MAÇANETA BOLA - CROMADO","1"
"1205066","SUB CONJ. MAÇANETA BOLA PV PRETA","811310","ETIQUETA ADES. COUCHE 33MM X 21MM X 03 CAR","1"
"1205066","SUB CONJ. MAÇANETA BOLA PV PRETA","811505","SACO PLASTICO TRANSPARENTE 14CM X 9CM","1"
"1205068","TAMPA DO TRINCO PVRF COM MAÇANETA","807056","MAÇANETA ALAVANCA - CROMADA","1"
"1205068","TAMPA DO TRINCO PVRF COM MAÇANETA","811505","SACO PLASTICO TRANSPARENTE 14CM X 9CM","1"
"1205068","TAMPA DO TRINCO PVRF COM MAÇANETA","811276","ETIQUETA ADES. COUCHE 40MM X 25MM X 02 CAR","1"
"1205068","TAMPA DO TRINCO PVRF COM MAÇANETA","806042","ALUMINIO FECHADURA PVRF2E","1"
"1205069","SUB CONJUNTO DO FECHO ELETRICO EX","401008","PARAFUSO PLASTIC PAN PHILLIPS 3 X 8 ZB","2"
"1205069","SUB CONJUNTO DO FECHO ELETRICO EX","401023","PARAFUSO MET M3.5 X 8 CH. PH - ZI","2"
"1205069","SUB CONJUNTO DO FECHO ELETRICO EX","401034","PARAFUSO PLASTIC 3 X 6 CH. PH - ZI","2"
"1205069","SUB CONJUNTO DO FECHO ELETRICO EX","403014","MOLA DE RETORNO DA TRAVA MAIOR","1"
"1205069","SUB CONJUNTO DO FECHO ELETRICO EX","403016","MOLA DE RETORNO DO DISPOSITIVO DE MEMORIA","1"
"1205069","SUB CONJUNTO DO FECHO ELETRICO EX","403017","MOLA DE RETORNO DO ROTOR","1"
"1205069","SUB CONJUNTO DO FECHO ELETRICO EX","403018","MOLA DE RETORNO DA TRAVA MENOR","1"
"1205069","SUB CONJUNTO DO FECHO ELETRICO EX","403025","MOLA DO ARIETE","1"
"1205069","SUB CONJUNTO DO FECHO ELETRICO EX","708018","CORPO DO ARIETE 4,76 X 29MM C/ DIAM 1,6MM - ZINCADO","1"
"1205069","SUB CONJUNTO DO FECHO ELETRICO EX","708021","LUVA DO ARIETE 10MM - ZINCADO","1"
"1205069","SUB CONJUNTO DO FECHO ELETRICO EX","804468","PONTA DO ARIETE 2,55 X 26MM","1"
"1205069","SUB CONJUNTO DO FECHO ELETRICO EX","804321","CARRETEL DO FECHO","1"
"1205069","SUB CONJUNTO DO FECHO ELETRICO EX","807049","DISPOSITIVO DE MEMORIA FECHO PV - ZINCADO","1"
"1205069","SUB CONJUNTO DO FECHO ELETRICO EX","804428","SOQUETE DO FECHO ELETRICO","1"
"1205069","SUB CONJUNTO DO FECHO ELETRICO EX","806082","TERMINAL DE LATÃO DO SOQUETE","2"
"1205069","SUB CONJUNTO DO FECHO ELETRICO EX","807002","TRAVA MENOR FECHO PV","1"
"1205069","SUB CONJUNTO DO FECHO ELETRICO EX","807003","TRAVA MAIOR FECHO PV","1"
"1205069","SUB CONJUNTO DO FECHO ELETRICO EX","807088","ROTOR DO FECHO","1"
"1205069","SUB CONJUNTO DO FECHO ELETRICO EX","701084","CAIXA DO FECHO - BRUTO","1"
"1205069","SUB CONJUNTO DO FECHO ELETRICO EX","807102","BLINDAGEM DO FECHO","1"
"1205069","SUB CONJUNTO DO FECHO ELETRICO EX","807106","TAMPA DO FECHO DE METAL","1"
"1205069","SUB CONJUNTO DO FECHO ELETRICO EX","811277","ETIQUETA ADES. COUCHE 20MM X 15MM X 04 CAR","1"
"1205069","SUB CONJUNTO DO FECHO ELETRICO EX","811310","ETIQUETA ADES. COUCHE 33MM X 21MM X 03 CAR","1"
"1205069","SUB CONJUNTO DO FECHO ELETRICO EX","811322","ETIQUETA ADES. BOPP 40MM X 40MM  BRANCA Bt759","1"
"1205069","SUB CONJUNTO DO FECHO ELETRICO EX","811505","SACO PLASTICO TRANSPARENTE 14CM X 9CM","1"
"1205069","SUB CONJUNTO DO FECHO ELETRICO EX","103760","FIO COBRE ESMALTADO 155 TS 30 AWG","0,010787"
"1205069","SUB CONJUNTO DO FECHO ELETRICO EX","801240","PINO DA CAIXINHA DO FECHO - ZINCADO","1"
"1205069","SUB CONJUNTO DO FECHO ELETRICO EX","801208","EIXO DO ROTOR - ZINCADO","1"
"1205071","SUB CONJ. MAÇANETA ALAVANCA PV EX","401100","PARAFUSO M3 X 12 CC. PH - ZI","1"
"1205071","SUB CONJ. MAÇANETA ALAVANCA PV EX","807056","MAÇANETA ALAVANCA - CROMADA","1"
"1205071","SUB CONJ. MAÇANETA ALAVANCA PV EX","811310","ETIQUETA ADES. COUCHE 33MM X 21MM X 03 CAR","1"
"1205071","SUB CONJ. MAÇANETA ALAVANCA PV EX","811505","SACO PLASTICO TRANSPARENTE 14CM X 9CM","1"
"2012104","FECHADURA AGL PV200R1E - CZ","805076","ALUMINIO FECHADURA PV 200","1"
"2012104","FECHADURA AGL PV200R1E - CZ","806036","CHAPA BATENTE PV200RF1E - CROMADO","1"
"2012104","FECHADURA AGL PV200R1E - CZ","807053","BUCHA REDONDA FECHADURA PV -CROMADA","2"
"2012104","FECHADURA AGL PV200R1E - CZ","807053","BUCHA REDONDA FECHADURA PV -CROMADA","1"
"2012104","FECHADURA AGL PV200R1E - CZ","811322","ETIQUETA ADES. BOPP 40MM X 40MM  BRANCA Bt759","1"
"2012104","FECHADURA AGL PV200R1E - CZ","401002","PARAFUSO 3.5 X 13 A/A CH. PH - ZI","4"
"2012104","FECHADURA AGL PV200R1E - CZ","401008","PARAFUSO PLASTIC PAN PHILLIPS 3 X 8 ZB","2"
"2012104","FECHADURA AGL PV200R1E - CZ","401023","PARAFUSO MET M3.5 X 8 CH. PH - ZI","4"
"2012104","FECHADURA AGL PV200R1E - CZ","401034","PARAFUSO PLASTIC 3 X 6 CH. PH - ZI","2"
"2012104","FECHADURA AGL PV200R1E - CZ","401083","PF MET CH PHS M4X12MM ZI","2"
"2012104","FECHADURA AGL PV200R1E - CZ","401089","PARAFUSO MET M3 X 8MM CH PHS ZI","4"
"2012104","FECHADURA AGL PV200R1E - CZ","401100","PARAFUSO M3 X 12 CC. PH - ZI","1"
"2012104","FECHADURA AGL PV200R1E - CZ","401101","PARAFUSO M3.5 X 6 CH. PH - ZI","4"
"2012104","FECHADURA AGL PV200R1E - CZ","401102","PARAFUSO M4 X 8 CH. PH MET - ZI","5"
"2012104","FECHADURA AGL PV200R1E - CZ","403013","MOLA DE RETORNO DA MAÇANETA FECHADURA PV","1"
"2012104","FECHADURA AGL PV200R1E - CZ","403014","MOLA DE RETORNO DA TRAVA MAIOR","1"
"2012104","FECHADURA AGL PV200R1E - CZ","403016","MOLA DE RETORNO DO DISPOSITIVO DE MEMORIA","1"
"2012104","FECHADURA AGL PV200R1E - CZ","403017","MOLA DE RETORNO DO ROTOR","1"
"2012104","FECHADURA AGL PV200R1E - CZ","403018","MOLA DE RETORNO DA TRAVA MENOR","1"
"2012104","FECHADURA AGL PV200R1E - CZ","403022","MOLA PV200 RETORNO DA LINGUETA","1"
"2012104","FECHADURA AGL PV200R1E - CZ","403025","MOLA DO ARIETE","1"
"2012104","FECHADURA AGL PV200R1E - CZ","404015","CONJUNTO CILINDRO FECHADURA PORTA DE VIDRO 1 CIL.","1"
"2012104","FECHADURA AGL PV200R1E - CZ","708018","CORPO DO ARIETE 4,76 X 29MM C/ DIAM 1,6MM - ZINCADO","1"
"2012104","FECHADURA AGL PV200R1E - CZ","708021","LUVA DO ARIETE 10MM - ZINCADO","1"
"2012104","FECHADURA AGL PV200R1E - CZ","801208","EIXO DO ROTOR - ZINCADO","1"
"2012104","FECHADURA AGL PV200R1E - CZ","804210","ARRUELA MAÇANETA PV","1"
"2012104","FECHADURA AGL PV200R1E - CZ","804212","ENCOSTO PARA CHAPA DO BATENTE PV","1"
"2012104","FECHADURA AGL PV200R1E - CZ","804321","CARRETEL DO FECHO","1"
"2012104","FECHADURA AGL PV200R1E - CZ","804323","ACABAMENTO RECORTE PV","1"
"2012104","FECHADURA AGL PV200R1E - CZ","804428","SOQUETE DO FECHO ELETRICO","1"
"2012104","FECHADURA AGL PV200R1E - CZ","804468","PONTA DO ARIETE 2,55 X 26MM","1"
"2012104","FECHADURA AGL PV200R1E - CZ","805088","NARIZ CILINDRO PVR - ZINCADO","1"
"2012104","FECHADURA AGL PV200R1E - CZ","805089","BASE FIXAÇÃO MAÇANETA","1"
"2012104","FECHADURA AGL PV200R1E - CZ","806055","CHAPA PUXADOR PV200R1I/E P/ 1 OU 2 CILINDROS (MAIOR)","2"
"2012104","FECHADURA AGL PV200R1E - CZ","806082","TERMINAL DE LATÃO DO SOQUETE","2"
"2012104","FECHADURA AGL PV200R1E - CZ","807002","TRAVA MENOR FECHO PV","1"
"2012104","FECHADURA AGL PV200R1E - CZ","807003","TRAVA MAIOR FECHO PV","1"
"2012104","FECHADURA AGL PV200R1E - CZ","807049","DISPOSITIVO DE MEMORIA FECHO PV - ZINCADO","1"
"2012104","FECHADURA AGL PV200R1E - CZ","807056","MAÇANETA ALAVANCA - CROMADA","1"
"2012104","FECHADURA AGL PV200R1E - CZ","807069","LINGUETA DAS FECHADURAS PV","1"
"2012104","FECHADURA AGL PV200R1E - CZ","807088","ROTOR DO FECHO","1"
"2012104","FECHADURA AGL PV200R1E - CZ","807098","FUNDO ALUMINIO LINGUETA PV200RF1I/E - CINZA","1"
"2012104","FECHADURA AGL PV200R1E - CZ","701084","CAIXA DO FECHO - BRUTO","1"
"2012104","FECHADURA AGL PV200R1E - CZ","807102","BLINDAGEM DO FECHO","1"
"2012104","FECHADURA AGL PV200R1E - CZ","807105","TRATOR MAÇANETA PV - ZINCADO","1"
"2012104","FECHADURA AGL PV200R1E - CZ","807106","TAMPA DO FECHO DE METAL","1"
"2012104","FECHADURA AGL PV200R1E - CZ","807138","VERGALHÃO QUADRADO 8MM PV - ZINCADO","1"
"2012104","FECHADURA AGL PV200R1E - CZ","811277","ETIQUETA ADES. COUCHE 20MM X 15MM X 04 CAR","1"
"2012104","FECHADURA AGL PV200R1E - CZ","811310","ETIQUETA ADES. COUCHE 33MM X 21MM X 03 CAR","1"
"2012104","FECHADURA AGL PV200R1E - CZ","811762","SACO ZIP PADRAO - 05X07","1"
"2012104","FECHADURA AGL PV200R1E - CZ","811681","AGL SOLAPA PORTA VIDRO 10,5 X 29,5 - CALÇO PV200","1"
"2012104","FECHADURA AGL PV200R1E - CZ","811700","CAIXA FECHADURA ELETRICA P/ PORTAS DE VIDRO AGL 13,2 X 11,7 X 11,4","1"
"2012104","FECHADURA AGL PV200R1E - CZ","103760","FIO COBRE ESMALTADO 155 TS 30 AWG","0,010787"
"2012104","FECHADURA AGL PV200R1E - CZ","801240","PINO DA CAIXINHA DO FECHO - ZINCADO","1"
"8060079","FUNDO FECHO PV R/F 2E CROMADA","807077","FUNDO ZAMAC FECHO PV R/F 2E - CINZA","1"
"8060079","FUNDO FECHO PV R/F 2E CROMADA","811276","ETIQUETA ADES. COUCHE 40MM X 25MM X 02 CAR","1"
"8060079","FUNDO FECHO PV R/F 2E CROMADA","811505","SACO PLASTICO TRANSPARENTE 14CM X 9CM","1"
"806090","FRENTE AL LINGUETA PVR - BRANCA","201056","PERFIL AL SOL 7 STLF-0232","0,048"
