Produto_Pai;Desc_Pai;Codigo MP;Descricao MP;Consumo_Unitario;Atraso;Hoje;Semana1;Semana2;Semana3;Semana4;Proxima;Seguinte;Total
2001161;CONJ. MOVIMENTADOR TRINO 300 220V Light 50-60HZ SEM CREMALHEIRA;100802;TRANSMISSOR 433MHZ REMOTE - MODELO: AGL-E2  (DIGITAL KEY 6P20 BLACK);2,0;1898,0;1898,0;1898,0;1998,0;3008,0;4598,0;6348,0;8178,0;18978,0
2001161;CONJ. MOVIMENTADOR TRINO 300 220V Light 50-60HZ SEM CREMALHEIRA;103064;CONECTOR FÊMEA EC601V-5.08-3P GREEN BAG/BULK (EC601V-5.08-3P);1,0;949,0;949,0;949,0;999,0;1504,0;2299,0;3174,0;4089,0;9489,0
2001161;CONJ. MOVIMENTADOR TRINO 300 220V Light 50-60HZ SEM CREMALHEIRA;208003;IMÃ DE FERRITE - B40X20X10MM;2,0;1898,0;1898,0;1898,0;1998,0;3008,0;4598,0;6348,0;8178,0;18978,0
2001161;CONJ. MOVIMENTADOR TRINO 300 220V Light 50-60HZ SEM CREMALHEIRA;401014;PARAFUSO 2.9 X 6.5 A/A PAN PHS ZI;1,0;949,0;949,0;949,0;999,0;1504,0;2299,0;3174,0;4089,0;9489,0
2001161;CONJ. MOVIMENTADOR TRINO 300 220V Light 50-60HZ SEM CREMALHEIRA;401068;ARRUELA LISA 1/4 FE ZI;4,0;3796,0;3796,0;3796,0;3996,0;6016,0;9196,0;12696,0;16356,0;37956,0
2001161;CONJ. MOVIMENTADOR TRINO 300 220V Light 50-60HZ SEM CREMALHEIRA;401108;PARAFUSO PLASTIC PAN PHS 5 X 25MM ZI;10,0;9490,0;9490,0;9490,0;9990,0;15040,0;22990,0;31740,0;40890,0;94890,0
2001161;CONJ. MOVIMENTADOR TRINO 300 220V Light 50-60HZ SEM CREMALHEIRA;401156;PARAFUSO MAD SX 1/4 X 70MM ZI;4,0;3796,0;3796,0;3796,0;3996,0;6016,0;9196,0;12696,0;16356,0;37956,0
2001161;CONJ. MOVIMENTADOR TRINO 300 220V Light 50-60HZ SEM CREMALHEIRA;401163;PARAFUSO PLASTIC PAN PHS 5 X 12MM ZI;2,0;1898,0;1898,0;1898,0;1998,0;3008,0;4598,0;6348,0;8178,0;18978,0
2001161;CONJ. MOVIMENTADOR TRINO 300 220V Light 50-60HZ SEM CREMALHEIRA;401169;PF JMP PAN PHS 3,5X14MM ZI;2,0;1898,0;1898,0;1898,0;1998,0;3008,0;4598,0;6348,0;8178,0;18978,0
2001161;CONJ. MOVIMENTADOR TRINO 300 220V Light 50-60HZ SEM CREMALHEIRA;401207;PF A/A JMC DRILL FL PHS C/ SERRILHA PTA BROCA 4,2X13MM ZI;4,0;3796,0;3796,0;3796,0;3996,0;6016,0;9196,0;12696,0;16356,0;37956,0
2001161;CONJ. MOVIMENTADOR TRINO 300 220V Light 50-60HZ SEM CREMALHEIRA;401260;PARAFUSO MQ PN HXL T25 TMA 5X45 PS 30 ZB (ROSCA COMPLETA);1,0;949,0;949,0;949,0;999,0;1504,0;2299,0;3174,0;4089,0;9489,0
2001161;CONJ. MOVIMENTADOR TRINO 300 220V Light 50-60HZ SEM CREMALHEIRA;402019;PINO ELÁSTICO 4 X 24MM;2,0;1898,0;1898,0;1898,0;1998,0;3008,0;4598,0;6348,0;8178,0;18978,0
2001161;CONJ. MOVIMENTADOR TRINO 300 220V Light 50-60HZ SEM CREMALHEIRA;402028;BUCHA PLASTICA N10;4,0;3796,0;3796,0;3796,0;3996,0;6016,0;9196,0;12696,0;16356,0;37956,0
2001161;CONJ. MOVIMENTADOR TRINO 300 220V Light 50-60HZ SEM CREMALHEIRA;403032;MOLA DE DESTRAVAMENTO DESLIZANTE;1,0;949,0;949,0;949,0;999,0;1504,0;2299,0;3174,0;4089,0;9489,0
2001161;CONJ. MOVIMENTADOR TRINO 300 220V Light 50-60HZ SEM CREMALHEIRA;510027;INLUB GRAX MP 2/TI;0,034;32,27;32,27;32,27;33,97;51,14;78,17;107,92;139,03;322,63
2001161;CONJ. MOVIMENTADOR TRINO 300 220V Light 50-60HZ SEM CREMALHEIRA;512002;CONJUNTO ESTATOR E ROTOR AGL DESL P17 1/7 cv 04 42Z 220V 60HZ;1,0;949,0;949,0;949,0;999,0;1504,0;2299,0;3174,0;4089,0;9489,0
2001161;CONJ. MOVIMENTADOR TRINO 300 220V Light 50-60HZ SEM CREMALHEIRA;801132;ARGOLA DA CHAVE;1,0;949,0;949,0;949,0;999,0;1504,0;2299,0;3174,0;4089,0;9489,0
2001161;CONJ. MOVIMENTADOR TRINO 300 220V Light 50-60HZ SEM CREMALHEIRA;804247;BASE DA CENTRAL DESLIZANTE;1,0;949,0;949,0;949,0;999,0;1504,0;2299,0;3174,0;4089,0;9489,0
2001161;CONJ. MOVIMENTADOR TRINO 300 220V Light 50-60HZ SEM CREMALHEIRA;804248;TAMPA DA CENTRAL DESLIZANTE;1,0;949,0;949,0;949,0;999,0;1504,0;2299,0;3174,0;4089,0;9489,0
2001161;CONJ. MOVIMENTADOR TRINO 300 220V Light 50-60HZ SEM CREMALHEIRA;804540;BASE SUPERIOR PP DO MOTOR DESLIZANTE;1,0;949,0;949,0;949,0;999,0;1504,0;2299,0;3174,0;4089,0;9489,0
2001161;CONJ. MOVIMENTADOR TRINO 300 220V Light 50-60HZ SEM CREMALHEIRA;804542;BASE INFERIOR PP MOTORES DESLIZANTES;1,0;949,0;949,0;949,0;999,0;1504,0;2299,0;3174,0;4089,0;9489,0
2001161;CONJ. MOVIMENTADOR TRINO 300 220V Light 50-60HZ SEM CREMALHEIRA;811122;MANUAL P / AUTOMATIZADOR DZ/BV/NEW BV CENTRAL FLEX/LIGHT EM PORTUGUÊS;1,0;949,0;949,0;949,0;999,0;1504,0;2299,0;3174,0;4089,0;9489,0
2001161;CONJ. MOVIMENTADOR TRINO 300 220V Light 50-60HZ SEM CREMALHEIRA;811306;ETIQUETA ADES. COUCHE 100MM X 80MM X 01 CAR;1,0;949,0;949,0;949,0;999,0;1504,0;2299,0;3174,0;4089,0;9489,0
2001161;CONJ. MOVIMENTADOR TRINO 300 220V Light 50-60HZ SEM CREMALHEIRA;811311;ETIQUETA ADES. BOPP FOSCO C/DFAM 50MM X 25MM X 02 CAR;1,0;949,0;949,0;949,0;999,0;1504,0;2299,0;3174,0;4089,0;9489,0
2001161;CONJ. MOVIMENTADOR TRINO 300 220V Light 50-60HZ SEM CREMALHEIRA;811541;SACO PLASTICO TRANSPARENTE 30CM X 15CM;1,0;949,0;949,0;949,0;999,0;1504,0;2299,0;3174,0;4089,0;9489,0
2001161;CONJ. MOVIMENTADOR TRINO 300 220V Light 50-60HZ SEM CREMALHEIRA;811921;CAIXA PARDA MOTOR DESLIZANTE AGL ( MEIA ABA REFORÇADA);1,0;949,0;949,0;949,0;999,0;1504,0;2299,0;3174,0;4089,0;9489,0
2001161;CONJ. MOVIMENTADOR TRINO 300 220V Light 50-60HZ SEM CREMALHEIRA;813009;ALAVANCA PARA DESTRAVAMENTO MANUAL;1,0;949,0;949,0;949,0;999,0;1504,0;2299,0;3174,0;4089,0;9489,0
2001161;CONJ. MOVIMENTADOR TRINO 300 220V Light 50-60HZ SEM CREMALHEIRA;813014;LINGUETA DO CILINDRO DA ALAVANCA DE DESTRAVAMENTO MANUAL DZ ZI;1,0;949,0;949,0;949,0;999,0;1504,0;2299,0;3174,0;4089,0;9489,0
2001161;CONJ. MOVIMENTADOR TRINO 300 220V Light 50-60HZ SEM CREMALHEIRA;813024;TAMPA PROTEÇÃO DO MOTOR - PRETA;1,0;949,0;949,0;949,0;999,0;1504,0;2299,0;3174,0;4089,0;9489,0
2001161;CONJ. MOVIMENTADOR TRINO 300 220V Light 50-60HZ SEM CREMALHEIRA;813096;ENGRENAGEM EXTERNA 17D PARA EIXO ESTAMPADO TRINO LIGHT/300;1,0;949,0;949,0;949,0;999,0;1504,0;2299,0;3174,0;4089,0;9489,0
2001161;CONJ. MOVIMENTADOR TRINO 300 220V Light 50-60HZ SEM CREMALHEIRA;813144;SUPORTE DO IMA DE FIM DE CURSO DESLIZANTE;2,0;1898,0;1898,0;1898,0;1998,0;3008,0;4598,0;6348,0;8178,0;18978,0
2001161;CONJ. MOVIMENTADOR TRINO 300 220V Light 50-60HZ SEM CREMALHEIRA;813173;ARRUELA 1,2MM EIXO DESLIZANTE;2,0;1898,0;1898,0;1898,0;1998,0;3008,0;4598,0;6348,0;8178,0;18978,0
2001161;CONJ. MOVIMENTADOR TRINO 300 220V Light 50-60HZ SEM CREMALHEIRA;813235;BUCHA DO EIXO DESLIZANTE SEXTAVADA;2,0;1898,0;1898,0;1898,0;1998,0;3008,0;4598,0;6348,0;8178,0;18978,0
2001161;CONJ. MOVIMENTADOR TRINO 300 220V Light 50-60HZ SEM CREMALHEIRA;813237;PINO DESTRAVAMENTO TRINO;1,0;949,0;949,0;949,0;999,0;1504,0;2299,0;3174,0;4089,0;9489,0
2001161;CONJ. MOVIMENTADOR TRINO 300 220V Light 50-60HZ SEM CREMALHEIRA;813249;CILINDRO MOTOR DESLIZANTE NYLON;1,0;949,0;949,0;949,0;999,0;1504,0;2299,0;3174,0;4089,0;9489,0
2001161;CONJ. MOVIMENTADOR TRINO 300 220V Light 50-60HZ SEM CREMALHEIRA;813250;CHAVE CILINDRO MOTOR DESLIZANTE NYLON (MODELO NOVO);2,0;1898,0;1898,0;1898,0;1998,0;3008,0;4598,0;6348,0;8178,0;18978,0
2001161;CONJ. MOVIMENTADOR TRINO 300 220V Light 50-60HZ SEM CREMALHEIRA;813251;SEM FIM DE UMA ENTRADA ALUMÍNIO TR LIGTH/ TR300/ TR500;1,0;949,0;949,0;949,0;999,0;1504,0;2299,0;3174,0;4089,0;9489,0
2001161;CONJ. MOVIMENTADOR TRINO 300 220V Light 50-60HZ SEM CREMALHEIRA;813289;ENGRENAGEM INTERNA DE 1 ENTRADA DZ E NEWBV SEM IMÃ;1,0;949,0;949,0;949,0;999,0;1504,0;2299,0;3174,0;4089,0;9489,0
2001161;CONJ. MOVIMENTADOR TRINO 300 220V Light 50-60HZ SEM CREMALHEIRA;813293;MIOLO DO CILINDRO NYLON MOTOR DESLIZANTE;1,0;949,0;949,0;949,0;999,0;1504,0;2299,0;3174,0;4089,0;9489,0
2001161;CONJ. MOVIMENTADOR TRINO 300 220V Light 50-60HZ SEM CREMALHEIRA;813294;PORCA DO CILINDRO NYLON MOTOR DESLIZANTE;1,0;949,0;949,0;949,0;999,0;1504,0;2299,0;3174,0;4089,0;9489,0
2001161;CONJ. MOVIMENTADOR TRINO 300 220V Light 50-60HZ SEM CREMALHEIRA;813331;SUPORTE DE INSTALAÇÃO DO IMÃ DZ;2,0;1898,0;1898,0;1898,0;1998,0;3008,0;4598,0;6348,0;8178,0;18978,0
2001161;CONJ. MOVIMENTADOR TRINO 300 220V Light 50-60HZ SEM CREMALHEIRA;813409;TAMPÃO DO ENGRENAGEM EXTERNA MOTORES DZ;1,0;949,0;949,0;949,0;999,0;1504,0;2299,0;3174,0;4089,0;9489,0
2001161;CONJ. MOVIMENTADOR TRINO 300 220V Light 50-60HZ SEM CREMALHEIRA;813410;BUCHA DE CENTRAGEM DO EIXO DO ROTOR DZ;1,0;949,0;949,0;949,0;999,0;1504,0;2299,0;3174,0;4089,0;9489,0
2001161;CONJ. MOVIMENTADOR TRINO 300 220V Light 50-60HZ SEM CREMALHEIRA;813455;SENSOR DE FIM DE CURSO REED DESLIZANTE;1,0;949,0;949,0;949,0;999,0;1504,0;2299,0;3174,0;4089,0;9489,0
2001161;CONJ. MOVIMENTADOR TRINO 300 220V Light 50-60HZ SEM CREMALHEIRA;813522;CHAVETA QUADRADA 8MMX33,4MM;1,0;949,0;949,0;949,0;999,0;1504,0;2299,0;3174,0;4089,0;9489,0
2001161;CONJ. MOVIMENTADOR TRINO 300 220V Light 50-60HZ SEM CREMALHEIRA;813525;EIXO ESTAMPADO PARA MOTOR TRINO LIGHT/300 - ZINCADO;1,0;949,0;949,0;949,0;999,0;1504,0;2299,0;3174,0;4089,0;9489,0
2001161;CONJ. MOVIMENTADOR TRINO 300 220V Light 50-60HZ SEM CREMALHEIRA;813527;COPO DO PINO ELÁSTICO DO EIXO ESTAMPADO;2,0;1898,0;1898,0;1898,0;1998,0;3008,0;4598,0;6348,0;8178,0;18978,0
2001161;CONJ. MOVIMENTADOR TRINO 300 220V Light 50-60HZ SEM CREMALHEIRA;911130;PLACA REVISADA NOVA CENTRAL BASIC G/LIGHT;1,0;949,0;949,0;949,0;999,0;1504,0;2299,0;3174,0;4089,0;9489,0
2001161;CONJ. MOVIMENTADOR TRINO 300 220V Light 50-60HZ SEM CREMALHEIRA;105069;FITA EMPACT. 50MT X 48MM ACRI;0,02;18,98;18,98;18,98;19,98;30,08;45,98;63,48;81,78;189,78
2001161;CONJ. MOVIMENTADOR TRINO 300 220V Light 50-60HZ SEM CREMALHEIRA;101889;CAPACITOR FIXO C/DIELETRICO DE POLIPROPILENO BIORIENTADO P/MOTORES CMLW CANECA PLASTICA 12uf 250V;1,0;949,0;949,0;949,0;999,0;1504,0;2299,0;3174,0;4089,0;9489,0
2001018;CREMALHEIRA RESIDENCIAL 1,5 METRO GOMO PLÁSTICO MOD 4;401163;PARAFUSO PLASTIC PAN PHS 5 X 12MM ZI;18,0;10836,0;10836,0;10836,0;13896,0;16236,0;25056,0;29016,0;40536,0;40536,0
2001018;CREMALHEIRA RESIDENCIAL 1,5 METRO GOMO PLÁSTICO MOD 4;201066;ROLO ZINCADO 1,25X50 NBR-7008-ZC;0,631;379,86;379,86;379,86;487,13;569,16;878,35;1017,17;1421,01;1421,01
2001018;CREMALHEIRA RESIDENCIAL 1,5 METRO GOMO PLÁSTICO MOD 4;105008;FITA DE ARQUEAR 10X0,65 AZUL C/ 3000;0,0222;13,36;13,36;13,36;17,14;20,02;30,9;35,79;49,99;49,99
2001018;CREMALHEIRA RESIDENCIAL 1,5 METRO GOMO PLÁSTICO MOD 4;813629;GOMO 150CM P/ CREMALHEIRA PLASTICO (6X25CM) - PRETO;1,0;602,0;602,0;602,0;772,0;902,0;1392,0;1612,0;2252,0;2252,0
2001344;CONJ. MOVIMENTADOR TRINO 300 127V Light 50-60HZ LOG;100802;TRANSMISSOR 433MHZ REMOTE - MODELO: AGL-E2  (DIGITAL KEY 6P20 BLACK);2,0;334,0;334,0;334,0;594,0;594,0;1194,0;1534,0;1534,0;1534,0
2001344;CONJ. MOVIMENTADOR TRINO 300 127V Light 50-60HZ LOG;101890;CAPACITOR FIXO C/DIELETRICO DE POLIPROPILENO BIORIENTADO P/MOTORES CMLW CANECA PLASTICA 25uf 250V;1,0;167,0;167,0;167,0;297,0;297,0;597,0;767,0;767,0;767,0
2001344;CONJ. MOVIMENTADOR TRINO 300 127V Light 50-60HZ LOG;103064;CONECTOR FÊMEA EC601V-5.08-3P GREEN BAG/BULK (EC601V-5.08-3P);1,0;167,0;167,0;167,0;297,0;297,0;597,0;767,0;767,0;767,0
2001344;CONJ. MOVIMENTADOR TRINO 300 127V Light 50-60HZ LOG;201125;GRAMPO 35/18 UNIDADE;4,0;668,0;668,0;668,0;1188,0;1188,0;2388,0;3068,0;3068,0;3068,0
2001344;CONJ. MOVIMENTADOR TRINO 300 127V Light 50-60HZ LOG;208003;IMÃ DE FERRITE - B40X20X10MM;2,0;334,0;334,0;334,0;594,0;594,0;1194,0;1534,0;1534,0;1534,0
2001344;CONJ. MOVIMENTADOR TRINO 300 127V Light 50-60HZ LOG;401014;PARAFUSO 2.9 X 6.5 A/A PAN PHS ZI;1,0;167,0;167,0;167,0;297,0;297,0;597,0;767,0;767,0;767,0
2001344;CONJ. MOVIMENTADOR TRINO 300 127V Light 50-60HZ LOG;401068;ARRUELA LISA 1/4 FE ZI;4,0;668,0;668,0;668,0;1188,0;1188,0;2388,0;3068,0;3068,0;3068,0
2001344;CONJ. MOVIMENTADOR TRINO 300 127V Light 50-60HZ LOG;401108;PARAFUSO PLASTIC PAN PHS 5 X 25MM ZI;10,0;1670,0;1670,0;1670,0;2970,0;2970,0;5970,0;7670,0;7670,0;7670,0
2001344;CONJ. MOVIMENTADOR TRINO 300 127V Light 50-60HZ LOG;401121;ABRAÇADEIRA UV PRETA 202X3,7;1,0;167,0;167,0;167,0;297,0;297,0;597,0;767,0;767,0;767,0
2001344;CONJ. MOVIMENTADOR TRINO 300 127V Light 50-60HZ LOG;401156;PARAFUSO MAD SX 1/4 X 70MM ZI;4,0;668,0;668,0;668,0;1188,0;1188,0;2388,0;3068,0;3068,0;3068,0
2001344;CONJ. MOVIMENTADOR TRINO 300 127V Light 50-60HZ LOG;401163;PARAFUSO PLASTIC PAN PHS 5 X 12MM ZI;2,0;334,0;334,0;334,0;594,0;594,0;1194,0;1534,0;1534,0;1534,0
2001344;CONJ. MOVIMENTADOR TRINO 300 127V Light 50-60HZ LOG;401169;PF JMP PAN PHS 3,5X14MM ZI;2,0;334,0;334,0;334,0;594,0;594,0;1194,0;1534,0;1534,0;1534,0
2001344;CONJ. MOVIMENTADOR TRINO 300 127V Light 50-60HZ LOG;401207;PF A/A JMC DRILL FL PHS C/ SERRILHA PTA BROCA 4,2X13MM ZI;4,0;668,0;668,0;668,0;1188,0;1188,0;2388,0;3068,0;3068,0;3068,0
2001344;CONJ. MOVIMENTADOR TRINO 300 127V Light 50-60HZ LOG;401260;PARAFUSO MQ PN HXL T25 TMA 5X45 PS 30 ZB (ROSCA COMPLETA);1,0;167,0;167,0;167,0;297,0;297,0;597,0;767,0;767,0;767,0
2001344;CONJ. MOVIMENTADOR TRINO 300 127V Light 50-60HZ LOG;402019;PINO ELÁSTICO 4 X 24MM;2,0;334,0;334,0;334,0;594,0;594,0;1194,0;1534,0;1534,0;1534,0
2001344;CONJ. MOVIMENTADOR TRINO 300 127V Light 50-60HZ LOG;402028;BUCHA PLASTICA N10;4,0;668,0;668,0;668,0;1188,0;1188,0;2388,0;3068,0;3068,0;3068,0
2001344;CONJ. MOVIMENTADOR TRINO 300 127V Light 50-60HZ LOG;403032;MOLA DE DESTRAVAMENTO DESLIZANTE;1,0;167,0;167,0;167,0;297,0;297,0;597,0;767,0;767,0;767,0
2001344;CONJ. MOVIMENTADOR TRINO 300 127V Light 50-60HZ LOG;510027;INLUB GRAX MP 2/TI;0,034;5,68;5,68;5,68;10,1;10,1;20,3;26,08;26,08;26,08
2001344;CONJ. MOVIMENTADOR TRINO 300 127V Light 50-60HZ LOG;512001;CONJUNTO ESTATOR E ROTOR AGL DESL P17 1/7 cv 04 42Z 127V 60HZ;1,0;167,0;167,0;167,0;297,0;297,0;597,0;767,0;767,0;767,0
2001344;CONJ. MOVIMENTADOR TRINO 300 127V Light 50-60HZ LOG;801132;ARGOLA DA CHAVE;1,0;167,0;167,0;167,0;297,0;297,0;597,0;767,0;767,0;767,0
2001344;CONJ. MOVIMENTADOR TRINO 300 127V Light 50-60HZ LOG;804247;BASE DA CENTRAL DESLIZANTE;1,0;167,0;167,0;167,0;297,0;297,0;597,0;767,0;767,0;767,0
2001344;CONJ. MOVIMENTADOR TRINO 300 127V Light 50-60HZ LOG;804248;TAMPA DA CENTRAL DESLIZANTE;1,0;167,0;167,0;167,0;297,0;297,0;597,0;767,0;767,0;767,0
2001344;CONJ. MOVIMENTADOR TRINO 300 127V Light 50-60HZ LOG;804540;BASE SUPERIOR PP DO MOTOR DESLIZANTE;1,0;167,0;167,0;167,0;297,0;297,0;597,0;767,0;767,0;767,0
2001344;CONJ. MOVIMENTADOR TRINO 300 127V Light 50-60HZ LOG;804542;BASE INFERIOR PP MOTORES DESLIZANTES;1,0;167,0;167,0;167,0;297,0;297,0;597,0;767,0;767,0;767,0
2001344;CONJ. MOVIMENTADOR TRINO 300 127V Light 50-60HZ LOG;811122;MANUAL P / AUTOMATIZADOR DZ/BV/NEW BV CENTRAL FLEX/LIGHT EM PORTUGUÊS;1,0;167,0;167,0;167,0;297,0;297,0;597,0;767,0;767,0;767,0
2001344;CONJ. MOVIMENTADOR TRINO 300 127V Light 50-60HZ LOG;811306;ETIQUETA ADES. COUCHE 100MM X 80MM X 01 CAR;1,0;167,0;167,0;167,0;297,0;297,0;597,0;767,0;767,0;767,0
2001344;CONJ. MOVIMENTADOR TRINO 300 127V Light 50-60HZ LOG;811311;ETIQUETA ADES. BOPP FOSCO C/DFAM 50MM X 25MM X 02 CAR;1,0;167,0;167,0;167,0;297,0;297,0;597,0;767,0;767,0;767,0
2001344;CONJ. MOVIMENTADOR TRINO 300 127V Light 50-60HZ LOG;811541;SACO PLASTICO TRANSPARENTE 30CM X 15CM;1,0;167,0;167,0;167,0;297,0;297,0;597,0;767,0;767,0;767,0
2001344;CONJ. MOVIMENTADOR TRINO 300 127V Light 50-60HZ LOG;811913;CAIXA MOTOR TRINO LOG (CREMALHEIRA EMBARCADA);1,0;167,0;167,0;167,0;297,0;297,0;597,0;767,0;767,0;767,0
2001344;CONJ. MOVIMENTADOR TRINO 300 127V Light 50-60HZ LOG;811914;DIVISÓRIA DE PAPELÃO DA CAIXA TRINO LOG;1,0;167,0;167,0;167,0;297,0;297,0;597,0;767,0;767,0;767,0
2001344;CONJ. MOVIMENTADOR TRINO 300 127V Light 50-60HZ LOG;813009;ALAVANCA PARA DESTRAVAMENTO MANUAL;1,0;167,0;167,0;167,0;297,0;297,0;597,0;767,0;767,0;767,0
2001344;CONJ. MOVIMENTADOR TRINO 300 127V Light 50-60HZ LOG;813014;LINGUETA DO CILINDRO DA ALAVANCA DE DESTRAVAMENTO MANUAL DZ ZI;1,0;167,0;167,0;167,0;297,0;297,0;597,0;767,0;767,0;767,0
2001344;CONJ. MOVIMENTADOR TRINO 300 127V Light 50-60HZ LOG;813024;TAMPA PROTEÇÃO DO MOTOR - PRETA;1,0;167,0;167,0;167,0;297,0;297,0;597,0;767,0;767,0;767,0
2001344;CONJ. MOVIMENTADOR TRINO 300 127V Light 50-60HZ LOG;813096;ENGRENAGEM EXTERNA 17D PARA EIXO ESTAMPADO TRINO LIGHT/300;1,0;167,0;167,0;167,0;297,0;297,0;597,0;767,0;767,0;767,0
2001344;CONJ. MOVIMENTADOR TRINO 300 127V Light 50-60HZ LOG;813144;SUPORTE DO IMA DE FIM DE CURSO DESLIZANTE;2,0;334,0;334,0;334,0;594,0;594,0;1194,0;1534,0;1534,0;1534,0
2001344;CONJ. MOVIMENTADOR TRINO 300 127V Light 50-60HZ LOG;813173;ARRUELA 1,2MM EIXO DESLIZANTE;2,0;334,0;334,0;334,0;594,0;594,0;1194,0;1534,0;1534,0;1534,0
2001344;CONJ. MOVIMENTADOR TRINO 300 127V Light 50-60HZ LOG;813235;BUCHA DO EIXO DESLIZANTE SEXTAVADA;2,0;334,0;334,0;334,0;594,0;594,0;1194,0;1534,0;1534,0;1534,0
2001344;CONJ. MOVIMENTADOR TRINO 300 127V Light 50-60HZ LOG;813237;PINO DESTRAVAMENTO TRINO;1,0;167,0;167,0;167,0;297,0;297,0;597,0;767,0;767,0;767,0
2001344;CONJ. MOVIMENTADOR TRINO 300 127V Light 50-60HZ LOG;813249;CILINDRO MOTOR DESLIZANTE NYLON;1,0;167,0;167,0;167,0;297,0;297,0;597,0;767,0;767,0;767,0
2001344;CONJ. MOVIMENTADOR TRINO 300 127V Light 50-60HZ LOG;813250;CHAVE CILINDRO MOTOR DESLIZANTE NYLON (MODELO NOVO);2,0;334,0;334,0;334,0;594,0;594,0;1194,0;1534,0;1534,0;1534,0
2001344;CONJ. MOVIMENTADOR TRINO 300 127V Light 50-60HZ LOG;813251;SEM FIM DE UMA ENTRADA ALUMÍNIO TR LIGTH/ TR300/ TR500;1,0;167,0;167,0;167,0;297,0;297,0;597,0;767,0;767,0;767,0
2001344;CONJ. MOVIMENTADOR TRINO 300 127V Light 50-60HZ LOG;813289;ENGRENAGEM INTERNA DE 1 ENTRADA DZ E NEWBV SEM IMÃ;1,0;167,0;167,0;167,0;297,0;297,0;597,0;767,0;767,0;767,0
2001344;CONJ. MOVIMENTADOR TRINO 300 127V Light 50-60HZ LOG;813293;MIOLO DO CILINDRO NYLON MOTOR DESLIZANTE;1,0;167,0;167,0;167,0;297,0;297,0;597,0;767,0;767,0;767,0
2001344;CONJ. MOVIMENTADOR TRINO 300 127V Light 50-60HZ LOG;813294;PORCA DO CILINDRO NYLON MOTOR DESLIZANTE;1,0;167,0;167,0;167,0;297,0;297,0;597,0;767,0;767,0;767,0
2001344;CONJ. MOVIMENTADOR TRINO 300 127V Light 50-60HZ LOG;813331;SUPORTE DE INSTALAÇÃO DO IMÃ DZ;2,0;334,0;334,0;334,0;594,0;594,0;1194,0;1534,0;1534,0;1534,0
2001344;CONJ. MOVIMENTADOR TRINO 300 127V Light 50-60HZ LOG;813409;TAMPÃO DO ENGRENAGEM EXTERNA MOTORES DZ;1,0;167,0;167,0;167,0;297,0;297,0;597,0;767,0;767,0;767,0
2001344;CONJ. MOVIMENTADOR TRINO 300 127V Light 50-60HZ LOG;813410;BUCHA DE CENTRAGEM DO EIXO DO ROTOR DZ;1,0;167,0;167,0;167,0;297,0;297,0;597,0;767,0;767,0;767,0
2001344;CONJ. MOVIMENTADOR TRINO 300 127V Light 50-60HZ LOG;813455;SENSOR DE FIM DE CURSO REED DESLIZANTE;1,0;167,0;167,0;167,0;297,0;297,0;597,0;767,0;767,0;767,0
2001344;CONJ. MOVIMENTADOR TRINO 300 127V Light 50-60HZ LOG;813522;CHAVETA QUADRADA 8MMX33,4MM;1,0;167,0;167,0;167,0;297,0;297,0;597,0;767,0;767,0;767,0
2001344;CONJ. MOVIMENTADOR TRINO 300 127V Light 50-60HZ LOG;813525;EIXO ESTAMPADO PARA MOTOR TRINO LIGHT/300 - ZINCADO;1,0;167,0;167,0;167,0;297,0;297,0;597,0;767,0;767,0;767,0
2001344;CONJ. MOVIMENTADOR TRINO 300 127V Light 50-60HZ LOG;813527;COPO DO PINO ELÁSTICO DO EIXO ESTAMPADO;2,0;334,0;334,0;334,0;594,0;594,0;1194,0;1534,0;1534,0;1534,0
2001344;CONJ. MOVIMENTADOR TRINO 300 127V Light 50-60HZ LOG;816565;CREMALHEIRA PERFIL AÇO GOMO DE PLÁSTICO 0,25M;12,0;2004,0;2004,0;2004,0;3564,0;3564,0;7164,0;9204,0;9204,0;9204,0
2001344;CONJ. MOVIMENTADOR TRINO 300 127V Light 50-60HZ LOG;911130;PLACA REVISADA NOVA CENTRAL BASIC G/LIGHT;1,0;167,0;167,0;167,0;297,0;297,0;597,0;767,0;767,0;767,0
2007087;CONJUNTO MOVIMENTADOR TRINO PIVÔ 3 127V SEM ACIONAMENTO - DUPLO;103064;CONECTOR FÊMEA EC601V-5.08-3P GREEN BAG/BULK (EC601V-5.08-3P);1,0;128,0;133,0;133,0;163,0;165,0;215,0;215,0;315,0;365,0
2007087;CONJUNTO MOVIMENTADOR TRINO PIVÔ 3 127V SEM ACIONAMENTO - DUPLO;201125;GRAMPO 35/18 UNIDADE;6,0;768,0;798,0;798,0;978,0;990,0;1290,0;1290,0;1890,0;2190,0
2007087;CONJUNTO MOVIMENTADOR TRINO PIVÔ 3 127V SEM ACIONAMENTO - DUPLO;401014;PARAFUSO 2.9 X 6.5 A/A PAN PHS ZI;2,0;256,0;266,0;266,0;326,0;330,0;430,0;430,0;630,0;730,0
2007087;CONJUNTO MOVIMENTADOR TRINO PIVÔ 3 127V SEM ACIONAMENTO - DUPLO;401031;ARRUELA LISA M6;16,0;2048,0;2128,0;2128,0;2608,0;2640,0;3440,0;3440,0;5040,0;5840,0
2007087;CONJUNTO MOVIMENTADOR TRINO PIVÔ 3 127V SEM ACIONAMENTO - DUPLO;401095;PARAFUSO MET SXT RI M6-1.00MA X 20 ZI;16,0;2048,0;2128,0;2128,0;2608,0;2640,0;3440,0;3440,0;5040,0;5840,0
2007087;CONJUNTO MOVIMENTADOR TRINO PIVÔ 3 127V SEM ACIONAMENTO - DUPLO;401134;PARAFUSO PAN CRUZ 3,5MMX27MM (FABR. AGL) - ZINCADO (PROD);4,0;512,0;532,0;532,0;652,0;660,0;860,0;860,0;1260,0;1460,0
2007087;CONJUNTO MOVIMENTADOR TRINO PIVÔ 3 127V SEM ACIONAMENTO - DUPLO;401160;PARAFUSO MQ HXL M5 X 16MM RI T25 ZBR;12,0;1536,0;1596,0;1596,0;1956,0;1980,0;2580,0;2580,0;3780,0;4380,0
2007087;CONJUNTO MOVIMENTADOR TRINO PIVÔ 3 127V SEM ACIONAMENTO - DUPLO;401198;PARAFUSO PLASTIC PAN PHILLIPS 4 X 10 ZB - ZINCADO;4,0;512,0;532,0;532,0;652,0;660,0;860,0;860,0;1260,0;1460,0
2007087;CONJUNTO MOVIMENTADOR TRINO PIVÔ 3 127V SEM ACIONAMENTO - DUPLO;402012;ANEL ELÁSTICO E-20;4,0;512,0;532,0;532,0;652,0;660,0;860,0;860,0;1260,0;1460,0
2007087;CONJUNTO MOVIMENTADOR TRINO PIVÔ 3 127V SEM ACIONAMENTO - DUPLO;402015;ANEL ELÁSTICO E12;2,0;256,0;266,0;266,0;326,0;330,0;430,0;430,0;630,0;730,0
2007087;CONJUNTO MOVIMENTADOR TRINO PIVÔ 3 127V SEM ACIONAMENTO - DUPLO;402018;ESPAGUETE LISO 10MMX150MM;0,3;38,4;39,9;39,9;48,9;49,5;64,5;64,5;94,5;109,5
2007087;CONJUNTO MOVIMENTADOR TRINO PIVÔ 3 127V SEM ACIONAMENTO - DUPLO;402036;BUCHA PLASTICA N06;2,0;256,0;266,0;266,0;326,0;330,0;430,0;430,0;630,0;730,0
2007087;CONJUNTO MOVIMENTADOR TRINO PIVÔ 3 127V SEM ACIONAMENTO - DUPLO;403047;MOLA DO FREIO MOTOR PIVOTANTE/ NEW BV;2,0;256,0;266,0;266,0;326,0;330,0;430,0;430,0;630,0;730,0
2007087;CONJUNTO MOVIMENTADOR TRINO PIVÔ 3 127V SEM ACIONAMENTO - DUPLO;411017;ROLAMENTOS 6201-08 ZZ C3;4,0;512,0;532,0;532,0;652,0;660,0;860,0;860,0;1260,0;1460,0
2007087;CONJUNTO MOVIMENTADOR TRINO PIVÔ 3 127V SEM ACIONAMENTO - DUPLO;411058;CORDÃO ESPONJOSO 1/8  Ø 3MM + 0,4MM (ANEL DE VEDAÇÃO);0,14;17,92;18,62;18,62;22,82;23,1;30,1;30,1;44,1;51,1
2007087;CONJUNTO MOVIMENTADOR TRINO PIVÔ 3 127V SEM ACIONAMENTO - DUPLO;412023;ESTATOR BOBINADO AGL BV/NEW BV/PIVO P33 1/4 cv 04 42z 127V 60Hz;2,0;256,0;266,0;266,0;326,0;330,0;430,0;430,0;630,0;730,0
2007087;CONJUNTO MOVIMENTADOR TRINO PIVÔ 3 127V SEM ACIONAMENTO - DUPLO;412161;ROTOR AGL BV/PIVO P33 1/4 cv 04;2,0;256,0;266,0;266,0;326,0;330,0;430,0;430,0;630,0;730,0
2007087;CONJUNTO MOVIMENTADOR TRINO PIVÔ 3 127V SEM ACIONAMENTO - DUPLO;510027;INLUB GRAX MP 2/TI;0,024;3,07;3,19;3,19;3,91;3,96;5,16;5,16;7,56;8,76
2007087;CONJUNTO MOVIMENTADOR TRINO PIVÔ 3 127V SEM ACIONAMENTO - DUPLO;804326;BASE DE PROTEÇÃO DA CENTRAL NEW PIVO;1,0;128,0;133,0;133,0;163,0;165,0;215,0;215,0;315,0;365,0
2007087;CONJUNTO MOVIMENTADOR TRINO PIVÔ 3 127V SEM ACIONAMENTO - DUPLO;804327;TAMPA DE PROTEÇÃO DA CENTRAL NEW PIVO;1,0;128,0;133,0;133,0;163,0;165,0;215,0;215,0;315,0;365,0
2007087;CONJUNTO MOVIMENTADOR TRINO PIVÔ 3 127V SEM ACIONAMENTO - DUPLO;804508;COROA DO MOVIMENTADOR BV/PIVO NYLON Ø 20MM;2,0;256,0;266,0;266,0;326,0;330,0;430,0;430,0;630,0;730,0
2007087;CONJUNTO MOVIMENTADOR TRINO PIVÔ 3 127V SEM ACIONAMENTO - DUPLO;811034;MANUAL DE INSTALAÇÃO LINHA PIVOTANTE SEM LOGO PORTUGUÊS (CENTRAL FLEX / DUPLA);1,0;128,0;133,0;133,0;163,0;165,0;215,0;215,0;315,0;365,0
2007087;CONJUNTO MOVIMENTADOR TRINO PIVÔ 3 127V SEM ACIONAMENTO - DUPLO;811306;ETIQUETA ADES. COUCHE 100MM X 80MM X 01 CAR;1,0;128,0;133,0;133,0;163,0;165,0;215,0;215,0;315,0;365,0
2007087;CONJUNTO MOVIMENTADOR TRINO PIVÔ 3 127V SEM ACIONAMENTO - DUPLO;811311;ETIQUETA ADES. BOPP FOSCO C/DFAM 50MM X 25MM X 02 CAR;2,0;256,0;266,0;266,0;326,0;330,0;430,0;430,0;630,0;730,0
2007087;CONJUNTO MOVIMENTADOR TRINO PIVÔ 3 127V SEM ACIONAMENTO - DUPLO;811541;SACO PLASTICO TRANSPARENTE 30CM X 15CM;1,0;128,0;133,0;133,0;163,0;165,0;215,0;215,0;315,0;365,0
2007087;CONJUNTO MOVIMENTADOR TRINO PIVÔ 3 127V SEM ACIONAMENTO - DUPLO;811915;CAIXA MOTOR PIVO DUPLO S/ ACIONAMENTO;1,0;128,0;133,0;133,0;163,0;165,0;215,0;215,0;315,0;365,0
2007087;CONJUNTO MOVIMENTADOR TRINO PIVÔ 3 127V SEM ACIONAMENTO - DUPLO;813025;VENTOINHA DOS MOTORES;2,0;256,0;266,0;266,0;326,0;330,0;430,0;430,0;630,0;730,0
2007087;CONJUNTO MOVIMENTADOR TRINO PIVÔ 3 127V SEM ACIONAMENTO - DUPLO;813033;TAMPA DE PROTEÇÃO DA VENTOINHA;2,0;256,0;266,0;266,0;326,0;330,0;430,0;430,0;630,0;730,0
2007087;CONJUNTO MOVIMENTADOR TRINO PIVÔ 3 127V SEM ACIONAMENTO - DUPLO;813043;BUCHA DE CENTRAGEM DO SEM FIM DO BASCULANTE;2,0;256,0;266,0;266,0;326,0;330,0;430,0;430,0;630,0;730,0
2007087;CONJUNTO MOVIMENTADOR TRINO PIVÔ 3 127V SEM ACIONAMENTO - DUPLO;813047;PASSA FIO DO BV;2,0;256,0;266,0;266,0;326,0;330,0;430,0;430,0;630,0;730,0
2007087;CONJUNTO MOVIMENTADOR TRINO PIVÔ 3 127V SEM ACIONAMENTO - DUPLO;813054;MANCAL PERFIL INFERIOR;2,0;256,0;266,0;266,0;326,0;330,0;430,0;430,0;630,0;730,0
2007087;CONJUNTO MOVIMENTADOR TRINO PIVÔ 3 127V SEM ACIONAMENTO - DUPLO;813108;SEM FIM DE DUAS ENTRADAS AÇO BV ANTIGO/ BV3/ BV4;2,0;256,0;266,0;266,0;326,0;330,0;430,0;430,0;630,0;730,0
2007087;CONJUNTO MOVIMENTADOR TRINO PIVÔ 3 127V SEM ACIONAMENTO - DUPLO;813270;CARCAÇA DE MOTOR BV/PIVO SUPERIOR;2,0;256,0;266,0;266,0;326,0;330,0;430,0;430,0;630,0;730,0
2007087;CONJUNTO MOVIMENTADOR TRINO PIVÔ 3 127V SEM ACIONAMENTO - DUPLO;813271;CARCAÇA DE MOTOR BV/PIVO INFERIOR;2,0;256,0;266,0;266,0;326,0;330,0;430,0;430,0;630,0;730,0
2007087;CONJUNTO MOVIMENTADOR TRINO PIVÔ 3 127V SEM ACIONAMENTO - DUPLO;813280;CRUZETA DO MANCAL;2,0;256,0;266,0;266,0;326,0;330,0;430,0;430,0;630,0;730,0
2007087;CONJUNTO MOVIMENTADOR TRINO PIVÔ 3 127V SEM ACIONAMENTO - DUPLO;813281;SUPORTE ORELHA DO BV/PIVÔ;2,0;256,0;266,0;266,0;326,0;330,0;430,0;430,0;630,0;730,0
2007087;CONJUNTO MOVIMENTADOR TRINO PIVÔ 3 127V SEM ACIONAMENTO - DUPLO;813309;PINO DESTRAVAMENTO PIVO;2,0;256,0;266,0;266,0;326,0;330,0;430,0;430,0;630,0;730,0
2007087;CONJUNTO MOVIMENTADOR TRINO PIVÔ 3 127V SEM ACIONAMENTO - DUPLO;813310;CILINDRO CHAVE PIVO;2,0;256,0;266,0;266,0;326,0;330,0;430,0;430,0;630,0;730,0
2007087;CONJUNTO MOVIMENTADOR TRINO PIVÔ 3 127V SEM ACIONAMENTO - DUPLO;813311;CHAVE PIVO;2,0;256,0;266,0;266,0;326,0;330,0;430,0;430,0;630,0;730,0
2007087;CONJUNTO MOVIMENTADOR TRINO PIVÔ 3 127V SEM ACIONAMENTO - DUPLO;813412;DISCO DE FRICÇÃO DE CELEROM Ø20MM;2,0;256,0;266,0;266,0;326,0;330,0;430,0;430,0;630,0;730,0
2007087;CONJUNTO MOVIMENTADOR TRINO PIVÔ 3 127V SEM ACIONAMENTO - DUPLO;813521;SUPORTE DA BUCHA MANCAL MODELO NOVO (P/ EIXO 20MM);2,0;256,0;266,0;266,0;326,0;330,0;430,0;430,0;630,0;730,0
2007087;CONJUNTO MOVIMENTADOR TRINO PIVÔ 3 127V SEM ACIONAMENTO - DUPLO;813524;COPO DE FREIO PIVOTANTE/ NEW BV SPEED;2,0;256,0;266,0;266,0;326,0;330,0;430,0;430,0;630,0;730,0
2007087;CONJUNTO MOVIMENTADOR TRINO PIVÔ 3 127V SEM ACIONAMENTO - DUPLO;911156;PLACA REVISADA NOVA CENTRAL DUPLA;1,0;128,0;133,0;133,0;163,0;165,0;215,0;215,0;315,0;365,0
2007087;CONJUNTO MOVIMENTADOR TRINO PIVÔ 3 127V SEM ACIONAMENTO - DUPLO;402017;CP DE FERRO ZINCADO 3/16 X 1. 1/4;4,0;512,0;532,0;532,0;652,0;660,0;860,0;860,0;1260,0;1460,0
2007087;CONJUNTO MOVIMENTADOR TRINO PIVÔ 3 127V SEM ACIONAMENTO - DUPLO;813319;TRAVA MAIOR SUPORTE FX PIVO - ZINCADO;2,0;256,0;266,0;266,0;326,0;330,0;430,0;430,0;630,0;730,0
2007087;CONJUNTO MOVIMENTADOR TRINO PIVÔ 3 127V SEM ACIONAMENTO - DUPLO;813320;TRAVA MENOR SUPORTE FX PIVO - ZINCADO;2,0;256,0;266,0;266,0;326,0;330,0;430,0;430,0;630,0;730,0
2007087;CONJUNTO MOVIMENTADOR TRINO PIVÔ 3 127V SEM ACIONAMENTO - DUPLO;813321;PINO TRAVA PIVO - ZINCADO;4,0;512,0;532,0;532,0;652,0;660,0;860,0;860,0;1260,0;1460,0
2007087;CONJUNTO MOVIMENTADOR TRINO PIVÔ 3 127V SEM ACIONAMENTO - DUPLO;105068;BOBINA LAMINADA 2,00MM PRETA 23 (EVA PARA MOTORES);0,025;3,2;3,32;3,32;4,08;4,12;5,38;5,38;7,88;9,12
2007087;CONJUNTO MOVIMENTADOR TRINO PIVÔ 3 127V SEM ACIONAMENTO - DUPLO;105069;FITA EMPACT. 50MT X 48MM ACRI;0,0324;4,15;4,31;4,31;5,28;5,35;6,97;6,97;10,21;11,83
2007087;CONJUNTO MOVIMENTADOR TRINO PIVÔ 3 127V SEM ACIONAMENTO - DUPLO;811802;CAIXA MASTER 12 - CX DA CENTRAL PIVÔ;1,0;128,0;133,0;133,0;163,0;165,0;215,0;215,0;315,0;365,0
2007087;CONJUNTO MOVIMENTADOR TRINO PIVÔ 3 127V SEM ACIONAMENTO - DUPLO;101309;CAPACITOR FIXO C/DIELETRICO DE POLIPROPILENO BIORIENTADO P/MOTORES CMRW CANECA PLASTICA 30UF 250V 50;2,0;256,0;266,0;266,0;326,0;330,0;430,0;430,0;630,0;730,0
2007087;CONJUNTO MOVIMENTADOR TRINO PIVÔ 3 127V SEM ACIONAMENTO - DUPLO;100802;TRANSMISSOR 433MHZ REMOTE - MODELO: AGL-E2  (DIGITAL KEY 6P20 BLACK);2,0;256,0;266,0;266,0;326,0;330,0;430,0;430,0;630,0;730,0
2007087;CONJUNTO MOVIMENTADOR TRINO PIVÔ 3 127V SEM ACIONAMENTO - DUPLO;813619;EIXO ESTAMPADO PARA MOTOR PIVO - ZINCADO;2,0;256,0;266,0;266,0;326,0;330,0;430,0;430,0;630,0;730,0
2007087;CONJUNTO MOVIMENTADOR TRINO PIVÔ 3 127V SEM ACIONAMENTO - DUPLO;402578;MOLA PARA DESTRAVAMENTO PIVOTANTE Ø24.0 x Ø1.5 x 30.86;2,0;256,0;266,0;266,0;326,0;330,0;430,0;430,0;630,0;730,0
2001036;CONJ. MOVIMENTADOR TRINO 500 220V 50-60HZ SEM CREMALHEIRA;100802;TRANSMISSOR 433MHZ REMOTE - MODELO: AGL-E2  (DIGITAL KEY 6P20 BLACK);2,0;240,0;240,0;240,0;240,0;240,0;254,0;254,0;254,0;254,0
2001036;CONJ. MOVIMENTADOR TRINO 500 220V 50-60HZ SEM CREMALHEIRA;103064;CONECTOR FÊMEA EC601V-5.08-3P GREEN BAG/BULK (EC601V-5.08-3P);1,0;120,0;120,0;120,0;120,0;120,0;127,0;127,0;127,0;127,0
2001036;CONJ. MOVIMENTADOR TRINO 500 220V 50-60HZ SEM CREMALHEIRA;208003;IMÃ DE FERRITE - B40X20X10MM;2,0;240,0;240,0;240,0;240,0;240,0;254,0;254,0;254,0;254,0
2001036;CONJ. MOVIMENTADOR TRINO 500 220V 50-60HZ SEM CREMALHEIRA;401068;ARRUELA LISA 1/4 FE ZI;4,0;480,0;480,0;480,0;480,0;480,0;508,0;508,0;508,0;508,0
2001036;CONJ. MOVIMENTADOR TRINO 500 220V 50-60HZ SEM CREMALHEIRA;401108;PARAFUSO PLASTIC PAN PHS 5 X 25MM ZI;10,0;1200,0;1200,0;1200,0;1200,0;1200,0;1270,0;1270,0;1270,0;1270,0
2001036;CONJ. MOVIMENTADOR TRINO 500 220V 50-60HZ SEM CREMALHEIRA;401143;ABRAÇADEIRA UV PRETA 100 X 2,5;1,0;120,0;120,0;120,0;120,0;120,0;127,0;127,0;127,0;127,0
2001036;CONJ. MOVIMENTADOR TRINO 500 220V 50-60HZ SEM CREMALHEIRA;401156;PARAFUSO MAD SX 1/4 X 70MM ZI;4,0;480,0;480,0;480,0;480,0;480,0;508,0;508,0;508,0;508,0
2001036;CONJ. MOVIMENTADOR TRINO 500 220V 50-60HZ SEM CREMALHEIRA;401163;PARAFUSO PLASTIC PAN PHS 5 X 12MM ZI;2,0;240,0;240,0;240,0;240,0;240,0;254,0;254,0;254,0;254,0
2001036;CONJ. MOVIMENTADOR TRINO 500 220V 50-60HZ SEM CREMALHEIRA;401169;PF JMP PAN PHS 3,5X14MM ZI;2,0;240,0;240,0;240,0;240,0;240,0;254,0;254,0;254,0;254,0
2001036;CONJ. MOVIMENTADOR TRINO 500 220V 50-60HZ SEM CREMALHEIRA;401207;PF A/A JMC DRILL FL PHS C/ SERRILHA PTA BROCA 4,2X13MM ZI;4,0;480,0;480,0;480,0;480,0;480,0;508,0;508,0;508,0;508,0
2001036;CONJ. MOVIMENTADOR TRINO 500 220V 50-60HZ SEM CREMALHEIRA;402012;ANEL ELÁSTICO E-20;3,0;360,0;360,0;360,0;360,0;360,0;381,0;381,0;381,0;381,0
2001036;CONJ. MOVIMENTADOR TRINO 500 220V 50-60HZ SEM CREMALHEIRA;402019;PINO ELÁSTICO 4 X 24MM;1,0;120,0;120,0;120,0;120,0;120,0;127,0;127,0;127,0;127,0
2001036;CONJ. MOVIMENTADOR TRINO 500 220V 50-60HZ SEM CREMALHEIRA;402028;BUCHA PLASTICA N10;4,0;480,0;480,0;480,0;480,0;480,0;508,0;508,0;508,0;508,0
2001036;CONJ. MOVIMENTADOR TRINO 500 220V 50-60HZ SEM CREMALHEIRA;403032;MOLA DE DESTRAVAMENTO DESLIZANTE;1,0;120,0;120,0;120,0;120,0;120,0;127,0;127,0;127,0;127,0
2001036;CONJ. MOVIMENTADOR TRINO 500 220V 50-60HZ SEM CREMALHEIRA;510027;INLUB GRAX MP 2/TI;0,034;4,08;4,08;4,08;4,08;4,08;4,32;4,32;4,32;4,32
2001036;CONJ. MOVIMENTADOR TRINO 500 220V 50-60HZ SEM CREMALHEIRA;512005;CONJUNTO ESTATOR E ROTOR AGL DESL P28 1/4 cv 04 42Z 220V 60Hz;1,0;120,0;120,0;120,0;120,0;120,0;127,0;127,0;127,0;127,0
2001036;CONJ. MOVIMENTADOR TRINO 500 220V 50-60HZ SEM CREMALHEIRA;701154;EIXO MOTOR DESLIZANTE - BRUTO;1,0;120,0;120,0;120,0;120,0;120,0;127,0;127,0;127,0;127,0
2001036;CONJ. MOVIMENTADOR TRINO 500 220V 50-60HZ SEM CREMALHEIRA;802036;PARTE DE FECHADURAS - CILINDRO COM CHAVE PARA MOTOR - CYLINDER;1,0;120,0;120,0;120,0;120,0;120,0;127,0;127,0;127,0;127,0
2001036;CONJ. MOVIMENTADOR TRINO 500 220V 50-60HZ SEM CREMALHEIRA;804247;BASE DA CENTRAL DESLIZANTE;1,0;120,0;120,0;120,0;120,0;120,0;127,0;127,0;127,0;127,0
2001036;CONJ. MOVIMENTADOR TRINO 500 220V 50-60HZ SEM CREMALHEIRA;804248;TAMPA DA CENTRAL DESLIZANTE;1,0;120,0;120,0;120,0;120,0;120,0;127,0;127,0;127,0;127,0
2001036;CONJ. MOVIMENTADOR TRINO 500 220V 50-60HZ SEM CREMALHEIRA;804540;BASE SUPERIOR PP DO MOTOR DESLIZANTE;1,0;120,0;120,0;120,0;120,0;120,0;127,0;127,0;127,0;127,0
2001036;CONJ. MOVIMENTADOR TRINO 500 220V 50-60HZ SEM CREMALHEIRA;804542;BASE INFERIOR PP MOTORES DESLIZANTES;1,0;120,0;120,0;120,0;120,0;120,0;127,0;127,0;127,0;127,0
2001036;CONJ. MOVIMENTADOR TRINO 500 220V 50-60HZ SEM CREMALHEIRA;811122;MANUAL P / AUTOMATIZADOR DZ/BV/NEW BV CENTRAL FLEX/LIGHT EM PORTUGUÊS;1,0;120,0;120,0;120,0;120,0;120,0;127,0;127,0;127,0;127,0
2001036;CONJ. MOVIMENTADOR TRINO 500 220V 50-60HZ SEM CREMALHEIRA;811306;ETIQUETA ADES. COUCHE 100MM X 80MM X 01 CAR;1,0;120,0;120,0;120,0;120,0;120,0;127,0;127,0;127,0;127,0
2001036;CONJ. MOVIMENTADOR TRINO 500 220V 50-60HZ SEM CREMALHEIRA;811311;ETIQUETA ADES. BOPP FOSCO C/DFAM 50MM X 25MM X 02 CAR;1,0;120,0;120,0;120,0;120,0;120,0;127,0;127,0;127,0;127,0
2001036;CONJ. MOVIMENTADOR TRINO 500 220V 50-60HZ SEM CREMALHEIRA;811541;SACO PLASTICO TRANSPARENTE 30CM X 15CM;1,0;120,0;120,0;120,0;120,0;120,0;127,0;127,0;127,0;127,0
2001036;CONJ. MOVIMENTADOR TRINO 500 220V 50-60HZ SEM CREMALHEIRA;811921;CAIXA PARDA MOTOR DESLIZANTE AGL ( MEIA ABA REFORÇADA);1,0;120,0;120,0;120,0;120,0;120,0;127,0;127,0;127,0;127,0
2001036;CONJ. MOVIMENTADOR TRINO 500 220V 50-60HZ SEM CREMALHEIRA;813009;ALAVANCA PARA DESTRAVAMENTO MANUAL;1,0;120,0;120,0;120,0;120,0;120,0;127,0;127,0;127,0;127,0
2001036;CONJ. MOVIMENTADOR TRINO 500 220V 50-60HZ SEM CREMALHEIRA;813014;LINGUETA DO CILINDRO DA ALAVANCA DE DESTRAVAMENTO MANUAL DZ ZI;1,0;120,0;120,0;120,0;120,0;120,0;127,0;127,0;127,0;127,0
2001036;CONJ. MOVIMENTADOR TRINO 500 220V 50-60HZ SEM CREMALHEIRA;813024;TAMPA PROTEÇÃO DO MOTOR - PRETA;1,0;120,0;120,0;120,0;120,0;120,0;127,0;127,0;127,0;127,0
2001036;CONJ. MOVIMENTADOR TRINO 500 220V 50-60HZ SEM CREMALHEIRA;813037;ENGRENAGEM EXTERNA MOTOR 17 DENTES;1,0;120,0;120,0;120,0;120,0;120,0;127,0;127,0;127,0;127,0
2001036;CONJ. MOVIMENTADOR TRINO 500 220V 50-60HZ SEM CREMALHEIRA;813144;SUPORTE DO IMA DE FIM DE CURSO DESLIZANTE;2,0;240,0;240,0;240,0;240,0;240,0;254,0;254,0;254,0;254,0
2001036;CONJ. MOVIMENTADOR TRINO 500 220V 50-60HZ SEM CREMALHEIRA;813173;ARRUELA 1,2MM EIXO DESLIZANTE;1,0;120,0;120,0;120,0;120,0;120,0;127,0;127,0;127,0;127,0
2001036;CONJ. MOVIMENTADOR TRINO 500 220V 50-60HZ SEM CREMALHEIRA;813235;BUCHA DO EIXO DESLIZANTE SEXTAVADA;2,0;240,0;240,0;240,0;240,0;240,0;254,0;254,0;254,0;254,0
2001036;CONJ. MOVIMENTADOR TRINO 500 220V 50-60HZ SEM CREMALHEIRA;813237;PINO DESTRAVAMENTO TRINO;1,0;120,0;120,0;120,0;120,0;120,0;127,0;127,0;127,0;127,0
2001036;CONJ. MOVIMENTADOR TRINO 500 220V 50-60HZ SEM CREMALHEIRA;813251;SEM FIM DE UMA ENTRADA ALUMÍNIO TR LIGTH/ TR300/ TR500;1,0;120,0;120,0;120,0;120,0;120,0;127,0;127,0;127,0;127,0
2001036;CONJ. MOVIMENTADOR TRINO 500 220V 50-60HZ SEM CREMALHEIRA;813289;ENGRENAGEM INTERNA DE 1 ENTRADA DZ E NEWBV SEM IMÃ;1,0;120,0;120,0;120,0;120,0;120,0;127,0;127,0;127,0;127,0
2001036;CONJ. MOVIMENTADOR TRINO 500 220V 50-60HZ SEM CREMALHEIRA;813331;SUPORTE DE INSTALAÇÃO DO IMÃ DZ;2,0;240,0;240,0;240,0;240,0;240,0;254,0;254,0;254,0;254,0
2001036;CONJ. MOVIMENTADOR TRINO 500 220V 50-60HZ SEM CREMALHEIRA;813409;TAMPÃO DO ENGRENAGEM EXTERNA MOTORES DZ;1,0;120,0;120,0;120,0;120,0;120,0;127,0;127,0;127,0;127,0
2001036;CONJ. MOVIMENTADOR TRINO 500 220V 50-60HZ SEM CREMALHEIRA;813410;BUCHA DE CENTRAGEM DO EIXO DO ROTOR DZ;1,0;120,0;120,0;120,0;120,0;120,0;127,0;127,0;127,0;127,0
2001036;CONJ. MOVIMENTADOR TRINO 500 220V 50-60HZ SEM CREMALHEIRA;813455;SENSOR DE FIM DE CURSO REED DESLIZANTE;1,0;120,0;120,0;120,0;120,0;120,0;127,0;127,0;127,0;127,0
2001036;CONJ. MOVIMENTADOR TRINO 500 220V 50-60HZ SEM CREMALHEIRA;813522;CHAVETA QUADRADA 8MMX33,4MM;1,0;120,0;120,0;120,0;120,0;120,0;127,0;127,0;127,0;127,0
2001036;CONJ. MOVIMENTADOR TRINO 500 220V 50-60HZ SEM CREMALHEIRA;911080;PLACA REVISADA CENTRAL FLEX;1,0;120,0;120,0;120,0;120,0;120,0;127,0;127,0;127,0;127,0
2001036;CONJ. MOVIMENTADOR TRINO 500 220V 50-60HZ SEM CREMALHEIRA;105069;FITA EMPACT. 50MT X 48MM ACRI;0,02;2,4;2,4;2,4;2,4;2,4;2,54;2,54;2,54;2,54
2001036;CONJ. MOVIMENTADOR TRINO 500 220V 50-60HZ SEM CREMALHEIRA;101306;CAPAC. FIXO C/DIEL. DE POLIP. BIOR. P/MOTORES CMRW CANECA PLASTICA 15uf 250V 50;1,0;120,0;120,0;120,0;120,0;120,0;127,0;127,0;127,0;127,0
2007088;CONJUNTO MOVIMENTADOR TRINO PIVÔ 3 220V SEM ACIONAMENTO;103064;CONECTOR FÊMEA EC601V-5.08-3P GREEN BAG/BULK (EC601V-5.08-3P);1,0;113,0;113,0;113,0;124,0;129,0;129,0;129,0;129,0;129,0
2007088;CONJUNTO MOVIMENTADOR TRINO PIVÔ 3 220V SEM ACIONAMENTO;201125;GRAMPO 35/18 UNIDADE;6,0;678,0;678,0;678,0;744,0;774,0;774,0;774,0;774,0;774,0
2007088;CONJUNTO MOVIMENTADOR TRINO PIVÔ 3 220V SEM ACIONAMENTO;401014;PARAFUSO 2.9 X 6.5 A/A PAN PHS ZI;2,0;226,0;226,0;226,0;248,0;258,0;258,0;258,0;258,0;258,0
2007088;CONJUNTO MOVIMENTADOR TRINO PIVÔ 3 220V SEM ACIONAMENTO;401031;ARRUELA LISA M6;8,0;904,0;904,0;904,0;992,0;1032,0;1032,0;1032,0;1032,0;1032,0
2007088;CONJUNTO MOVIMENTADOR TRINO PIVÔ 3 220V SEM ACIONAMENTO;401095;PARAFUSO MET SXT RI M6-1.00MA X 20 ZI;8,0;904,0;904,0;904,0;992,0;1032,0;1032,0;1032,0;1032,0;1032,0
2007088;CONJUNTO MOVIMENTADOR TRINO PIVÔ 3 220V SEM ACIONAMENTO;401134;PARAFUSO PAN CRUZ 3,5MMX27MM (FABR. AGL) - ZINCADO (PROD);2,0;226,0;226,0;226,0;248,0;258,0;258,0;258,0;258,0;258,0
2007088;CONJUNTO MOVIMENTADOR TRINO PIVÔ 3 220V SEM ACIONAMENTO;401160;PARAFUSO MQ HXL M5 X 16MM RI T25 ZBR;6,0;678,0;678,0;678,0;744,0;774,0;774,0;774,0;774,0;774,0
2007088;CONJUNTO MOVIMENTADOR TRINO PIVÔ 3 220V SEM ACIONAMENTO;401198;PARAFUSO PLASTIC PAN PHILLIPS 4 X 10 ZB - ZINCADO;4,0;452,0;452,0;452,0;496,0;516,0;516,0;516,0;516,0;516,0
2007088;CONJUNTO MOVIMENTADOR TRINO PIVÔ 3 220V SEM ACIONAMENTO;402012;ANEL ELÁSTICO E-20;2,0;226,0;226,0;226,0;248,0;258,0;258,0;258,0;258,0;258,0
2007088;CONJUNTO MOVIMENTADOR TRINO PIVÔ 3 220V SEM ACIONAMENTO;402015;ANEL ELÁSTICO E12;1,0;113,0;113,0;113,0;124,0;129,0;129,0;129,0;129,0;129,0
2007088;CONJUNTO MOVIMENTADOR TRINO PIVÔ 3 220V SEM ACIONAMENTO;402018;ESPAGUETE LISO 10MMX150MM;0,15;16,95;16,95;16,95;18,6;19,35;19,35;19,35;19,35;19,35
2007088;CONJUNTO MOVIMENTADOR TRINO PIVÔ 3 220V SEM ACIONAMENTO;402036;BUCHA PLASTICA N06;2,0;226,0;226,0;226,0;248,0;258,0;258,0;258,0;258,0;258,0
2007088;CONJUNTO MOVIMENTADOR TRINO PIVÔ 3 220V SEM ACIONAMENTO;403047;MOLA DO FREIO MOTOR PIVOTANTE/ NEW BV;1,0;113,0;113,0;113,0;124,0;129,0;129,0;129,0;129,0;129,0
2007088;CONJUNTO MOVIMENTADOR TRINO PIVÔ 3 220V SEM ACIONAMENTO;411017;ROLAMENTOS 6201-08 ZZ C3;2,0;226,0;226,0;226,0;248,0;258,0;258,0;258,0;258,0;258,0
2007088;CONJUNTO MOVIMENTADOR TRINO PIVÔ 3 220V SEM ACIONAMENTO;411058;CORDÃO ESPONJOSO 1/8  Ø 3MM + 0,4MM (ANEL DE VEDAÇÃO);0,7000000000000001;79,1;79,1;79,1;86,8;90,3;90,3;90,3;90,3;90,3
2007088;CONJUNTO MOVIMENTADOR TRINO PIVÔ 3 220V SEM ACIONAMENTO;412150;ESTATOR BOBINADO AGL BV/NEW BV/PIVO P33 1/4 cv 04 42z 220V 60Hz;1,0;113,0;113,0;113,0;124,0;129,0;129,0;129,0;129,0;129,0
2007088;CONJUNTO MOVIMENTADOR TRINO PIVÔ 3 220V SEM ACIONAMENTO;412161;ROTOR AGL BV/PIVO P33 1/4 cv 04;1,0;113,0;113,0;113,0;124,0;129,0;129,0;129,0;129,0;129,0
2007088;CONJUNTO MOVIMENTADOR TRINO PIVÔ 3 220V SEM ACIONAMENTO;510027;INLUB GRAX MP 2/TI;0,012;1,36;1,36;1,36;1,49;1,55;1,55;1,55;1,55;1,55
2007088;CONJUNTO MOVIMENTADOR TRINO PIVÔ 3 220V SEM ACIONAMENTO;804326;BASE DE PROTEÇÃO DA CENTRAL NEW PIVO;1,0;113,0;113,0;113,0;124,0;129,0;129,0;129,0;129,0;129,0
2007088;CONJUNTO MOVIMENTADOR TRINO PIVÔ 3 220V SEM ACIONAMENTO;804327;TAMPA DE PROTEÇÃO DA CENTRAL NEW PIVO;1,0;113,0;113,0;113,0;124,0;129,0;129,0;129,0;129,0;129,0
2007088;CONJUNTO MOVIMENTADOR TRINO PIVÔ 3 220V SEM ACIONAMENTO;804508;COROA DO MOVIMENTADOR BV/PIVO NYLON Ø 20MM;1,0;113,0;113,0;113,0;124,0;129,0;129,0;129,0;129,0;129,0
2007088;CONJUNTO MOVIMENTADOR TRINO PIVÔ 3 220V SEM ACIONAMENTO;811034;MANUAL DE INSTALAÇÃO LINHA PIVOTANTE SEM LOGO PORTUGUÊS (CENTRAL FLEX / DUPLA);1,0;113,0;113,0;113,0;124,0;129,0;129,0;129,0;129,0;129,0
2007088;CONJUNTO MOVIMENTADOR TRINO PIVÔ 3 220V SEM ACIONAMENTO;811306;ETIQUETA ADES. COUCHE 100MM X 80MM X 01 CAR;1,0;113,0;113,0;113,0;124,0;129,0;129,0;129,0;129,0;129,0
2007088;CONJUNTO MOVIMENTADOR TRINO PIVÔ 3 220V SEM ACIONAMENTO;811311;ETIQUETA ADES. BOPP FOSCO C/DFAM 50MM X 25MM X 02 CAR;2,0;226,0;226,0;226,0;248,0;258,0;258,0;258,0;258,0;258,0
2007088;CONJUNTO MOVIMENTADOR TRINO PIVÔ 3 220V SEM ACIONAMENTO;811541;SACO PLASTICO TRANSPARENTE 30CM X 15CM;1,0;113,0;113,0;113,0;124,0;129,0;129,0;129,0;129,0;129,0
2007088;CONJUNTO MOVIMENTADOR TRINO PIVÔ 3 220V SEM ACIONAMENTO;811916;CAIXA MOTOR PIVO SIMPLES S/ ACIONAMENTO;1,0;113,0;113,0;113,0;124,0;129,0;129,0;129,0;129,0;129,0
2007088;CONJUNTO MOVIMENTADOR TRINO PIVÔ 3 220V SEM ACIONAMENTO;813025;VENTOINHA DOS MOTORES;1,0;113,0;113,0;113,0;124,0;129,0;129,0;129,0;129,0;129,0
2007088;CONJUNTO MOVIMENTADOR TRINO PIVÔ 3 220V SEM ACIONAMENTO;813033;TAMPA DE PROTEÇÃO DA VENTOINHA;1,0;113,0;113,0;113,0;124,0;129,0;129,0;129,0;129,0;129,0
2007088;CONJUNTO MOVIMENTADOR TRINO PIVÔ 3 220V SEM ACIONAMENTO;813043;BUCHA DE CENTRAGEM DO SEM FIM DO BASCULANTE;1,0;113,0;113,0;113,0;124,0;129,0;129,0;129,0;129,0;129,0
2007088;CONJUNTO MOVIMENTADOR TRINO PIVÔ 3 220V SEM ACIONAMENTO;813047;PASSA FIO DO BV;1,0;113,0;113,0;113,0;124,0;129,0;129,0;129,0;129,0;129,0
2007088;CONJUNTO MOVIMENTADOR TRINO PIVÔ 3 220V SEM ACIONAMENTO;813054;MANCAL PERFIL INFERIOR;1,0;113,0;113,0;113,0;124,0;129,0;129,0;129,0;129,0;129,0
2007088;CONJUNTO MOVIMENTADOR TRINO PIVÔ 3 220V SEM ACIONAMENTO;813108;SEM FIM DE DUAS ENTRADAS AÇO BV ANTIGO/ BV3/ BV4;1,0;113,0;113,0;113,0;124,0;129,0;129,0;129,0;129,0;129,0
2007088;CONJUNTO MOVIMENTADOR TRINO PIVÔ 3 220V SEM ACIONAMENTO;813270;CARCAÇA DE MOTOR BV/PIVO SUPERIOR;1,0;113,0;113,0;113,0;124,0;129,0;129,0;129,0;129,0;129,0
2007088;CONJUNTO MOVIMENTADOR TRINO PIVÔ 3 220V SEM ACIONAMENTO;813271;CARCAÇA DE MOTOR BV/PIVO INFERIOR;1,0;113,0;113,0;113,0;124,0;129,0;129,0;129,0;129,0;129,0
2007088;CONJUNTO MOVIMENTADOR TRINO PIVÔ 3 220V SEM ACIONAMENTO;813280;CRUZETA DO MANCAL;1,0;113,0;113,0;113,0;124,0;129,0;129,0;129,0;129,0;129,0
2007088;CONJUNTO MOVIMENTADOR TRINO PIVÔ 3 220V SEM ACIONAMENTO;813281;SUPORTE ORELHA DO BV/PIVÔ;1,0;113,0;113,0;113,0;124,0;129,0;129,0;129,0;129,0;129,0
2007088;CONJUNTO MOVIMENTADOR TRINO PIVÔ 3 220V SEM ACIONAMENTO;813309;PINO DESTRAVAMENTO PIVO;1,0;113,0;113,0;113,0;124,0;129,0;129,0;129,0;129,0;129,0
2007088;CONJUNTO MOVIMENTADOR TRINO PIVÔ 3 220V SEM ACIONAMENTO;813310;CILINDRO CHAVE PIVO;1,0;113,0;113,0;113,0;124,0;129,0;129,0;129,0;129,0;129,0
2007088;CONJUNTO MOVIMENTADOR TRINO PIVÔ 3 220V SEM ACIONAMENTO;813311;CHAVE PIVO;1,0;113,0;113,0;113,0;124,0;129,0;129,0;129,0;129,0;129,0
2007088;CONJUNTO MOVIMENTADOR TRINO PIVÔ 3 220V SEM ACIONAMENTO;813412;DISCO DE FRICÇÃO DE CELEROM Ø20MM;1,0;113,0;113,0;113,0;124,0;129,0;129,0;129,0;129,0;129,0
2007088;CONJUNTO MOVIMENTADOR TRINO PIVÔ 3 220V SEM ACIONAMENTO;813521;SUPORTE DA BUCHA MANCAL MODELO NOVO (P/ EIXO 20MM);1,0;113,0;113,0;113,0;124,0;129,0;129,0;129,0;129,0;129,0
2007088;CONJUNTO MOVIMENTADOR TRINO PIVÔ 3 220V SEM ACIONAMENTO;813524;COPO DE FREIO PIVOTANTE/ NEW BV SPEED;1,0;113,0;113,0;113,0;124,0;129,0;129,0;129,0;129,0;129,0
2007088;CONJUNTO MOVIMENTADOR TRINO PIVÔ 3 220V SEM ACIONAMENTO;911080;PLACA REVISADA CENTRAL FLEX;1,0;113,0;113,0;113,0;124,0;129,0;129,0;129,0;129,0;129,0
2007088;CONJUNTO MOVIMENTADOR TRINO PIVÔ 3 220V SEM ACIONAMENTO;402017;CP DE FERRO ZINCADO 3/16 X 1. 1/4;2,0;226,0;226,0;226,0;248,0;258,0;258,0;258,0;258,0;258,0
2007088;CONJUNTO MOVIMENTADOR TRINO PIVÔ 3 220V SEM ACIONAMENTO;813319;TRAVA MAIOR SUPORTE FX PIVO - ZINCADO;1,0;113,0;113,0;113,0;124,0;129,0;129,0;129,0;129,0;129,0
2007088;CONJUNTO MOVIMENTADOR TRINO PIVÔ 3 220V SEM ACIONAMENTO;813320;TRAVA MENOR SUPORTE FX PIVO - ZINCADO;1,0;113,0;113,0;113,0;124,0;129,0;129,0;129,0;129,0;129,0
2007088;CONJUNTO MOVIMENTADOR TRINO PIVÔ 3 220V SEM ACIONAMENTO;813321;PINO TRAVA PIVO - ZINCADO;2,0;226,0;226,0;226,0;248,0;258,0;258,0;258,0;258,0;258,0
2007088;CONJUNTO MOVIMENTADOR TRINO PIVÔ 3 220V SEM ACIONAMENTO;105068;BOBINA LAMINADA 2,00MM PRETA 23 (EVA PARA MOTORES);0,025;2,82;2,82;2,82;3,1;3,22;3,22;3,22;3,22;3,22
2007088;CONJUNTO MOVIMENTADOR TRINO PIVÔ 3 220V SEM ACIONAMENTO;105069;FITA EMPACT. 50MT X 48MM ACRI;0,026;2,94;2,94;2,94;3,22;3,35;3,35;3,35;3,35;3,35
2007088;CONJUNTO MOVIMENTADOR TRINO PIVÔ 3 220V SEM ACIONAMENTO;811802;CAIXA MASTER 12 - CX DA CENTRAL PIVÔ;1,0;113,0;113,0;113,0;124,0;129,0;129,0;129,0;129,0;129,0
2007088;CONJUNTO MOVIMENTADOR TRINO PIVÔ 3 220V SEM ACIONAMENTO;100802;TRANSMISSOR 433MHZ REMOTE - MODELO: AGL-E2  (DIGITAL KEY 6P20 BLACK);2,0;226,0;226,0;226,0;248,0;258,0;258,0;258,0;258,0;258,0
2007088;CONJUNTO MOVIMENTADOR TRINO PIVÔ 3 220V SEM ACIONAMENTO;813619;EIXO ESTAMPADO PARA MOTOR PIVO - ZINCADO;1,0;113,0;113,0;113,0;124,0;129,0;129,0;129,0;129,0;129,0
2007088;CONJUNTO MOVIMENTADOR TRINO PIVÔ 3 220V SEM ACIONAMENTO;101306;CAPAC. FIXO C/DIEL. DE POLIP. BIOR. P/MOTORES CMRW CANECA PLASTICA 15uf 250V 50;1,0;113,0;113,0;113,0;124,0;129,0;129,0;129,0;129,0;129,0
2007088;CONJUNTO MOVIMENTADOR TRINO PIVÔ 3 220V SEM ACIONAMENTO;402578;MOLA PARA DESTRAVAMENTO PIVOTANTE Ø24.0 x Ø1.5 x 30.87;1,0;113,0;113,0;113,0;124,0;129,0;129,0;129,0;129,0;129,0
2007089;CONJUNTO MOVIMENTADOR TRINO PIVÔ 3 220V SEM ACIONAMENTO - DUPLO;103064;CONECTOR FÊMEA EC601V-5.08-3P GREEN BAG/BULK (EC601V-5.08-3P);1,0;108,0;108,0;108,0;179,0;184,0;384,0;384,0;784,0;984,0
2007089;CONJUNTO MOVIMENTADOR TRINO PIVÔ 3 220V SEM ACIONAMENTO - DUPLO;201125;GRAMPO 35/18 UNIDADE;6,0;648,0;648,0;648,0;1074,0;1104,0;2304,0;2304,0;4704,0;5904,0
2007089;CONJUNTO MOVIMENTADOR TRINO PIVÔ 3 220V SEM ACIONAMENTO - DUPLO;401014;PARAFUSO 2.9 X 6.5 A/A PAN PHS ZI;2,0;216,0;216,0;216,0;358,0;368,0;768,0;768,0;1568,0;1968,0
2007089;CONJUNTO MOVIMENTADOR TRINO PIVÔ 3 220V SEM ACIONAMENTO - DUPLO;401031;ARRUELA LISA M6;16,0;1728,0;1728,0;1728,0;2864,0;2944,0;6144,0;6144,0;12544,0;15744,0
2007089;CONJUNTO MOVIMENTADOR TRINO PIVÔ 3 220V SEM ACIONAMENTO - DUPLO;401095;PARAFUSO MET SXT RI M6-1.00MA X 20 ZI;16,0;1728,0;1728,0;1728,0;2864,0;2944,0;6144,0;6144,0;12544,0;15744,0
2007089;CONJUNTO MOVIMENTADOR TRINO PIVÔ 3 220V SEM ACIONAMENTO - DUPLO;401134;PARAFUSO PAN CRUZ 3,5MMX27MM (FABR. AGL) - ZINCADO (PROD);4,0;432,0;432,0;432,0;716,0;736,0;1536,0;1536,0;3136,0;3936,0
2007089;CONJUNTO MOVIMENTADOR TRINO PIVÔ 3 220V SEM ACIONAMENTO - DUPLO;401160;PARAFUSO MQ HXL M5 X 16MM RI T25 ZBR;12,0;1296,0;1296,0;1296,0;2148,0;2208,0;4608,0;4608,0;9408,0;11808,0
2007089;CONJUNTO MOVIMENTADOR TRINO PIVÔ 3 220V SEM ACIONAMENTO - DUPLO;401198;PARAFUSO PLASTIC PAN PHILLIPS 4 X 10 ZB - ZINCADO;4,0;432,0;432,0;432,0;716,0;736,0;1536,0;1536,0;3136,0;3936,0
2007089;CONJUNTO MOVIMENTADOR TRINO PIVÔ 3 220V SEM ACIONAMENTO - DUPLO;402012;ANEL ELÁSTICO E-20;4,0;432,0;432,0;432,0;716,0;736,0;1536,0;1536,0;3136,0;3936,0
2007089;CONJUNTO MOVIMENTADOR TRINO PIVÔ 3 220V SEM ACIONAMENTO - DUPLO;402015;ANEL ELÁSTICO E12;2,0;216,0;216,0;216,0;358,0;368,0;768,0;768,0;1568,0;1968,0
2007089;CONJUNTO MOVIMENTADOR TRINO PIVÔ 3 220V SEM ACIONAMENTO - DUPLO;402018;ESPAGUETE LISO 10MMX150MM;0,3;32,4;32,4;32,4;53,7;55,2;115,2;115,2;235,2;295,2
2007089;CONJUNTO MOVIMENTADOR TRINO PIVÔ 3 220V SEM ACIONAMENTO - DUPLO;402036;BUCHA PLASTICA N06;2,0;216,0;216,0;216,0;358,0;368,0;768,0;768,0;1568,0;1968,0
2007089;CONJUNTO MOVIMENTADOR TRINO PIVÔ 3 220V SEM ACIONAMENTO - DUPLO;403047;MOLA DO FREIO MOTOR PIVOTANTE/ NEW BV;2,0;216,0;216,0;216,0;358,0;368,0;768,0;768,0;1568,0;1968,0
2007089;CONJUNTO MOVIMENTADOR TRINO PIVÔ 3 220V SEM ACIONAMENTO - DUPLO;411017;ROLAMENTOS 6201-08 ZZ C3;4,0;432,0;432,0;432,0;716,0;736,0;1536,0;1536,0;3136,0;3936,0
2007089;CONJUNTO MOVIMENTADOR TRINO PIVÔ 3 220V SEM ACIONAMENTO - DUPLO;411058;CORDÃO ESPONJOSO 1/8  Ø 3MM + 0,4MM (ANEL DE VEDAÇÃO);0,14;15,12;15,12;15,12;25,06;25,76;53,76;53,76;109,76;137,76
2007089;CONJUNTO MOVIMENTADOR TRINO PIVÔ 3 220V SEM ACIONAMENTO - DUPLO;412150;ESTATOR BOBINADO AGL BV/NEW BV/PIVO P33 1/4 cv 04 42z 220V 60Hz;2,0;216,0;216,0;216,0;358,0;368,0;768,0;768,0;1568,0;1968,0
2007089;CONJUNTO MOVIMENTADOR TRINO PIVÔ 3 220V SEM ACIONAMENTO - DUPLO;412161;ROTOR AGL BV/PIVO P33 1/4 cv 04;2,0;216,0;216,0;216,0;358,0;368,0;768,0;768,0;1568,0;1968,0
2007089;CONJUNTO MOVIMENTADOR TRINO PIVÔ 3 220V SEM ACIONAMENTO - DUPLO;510027;INLUB GRAX MP 2/TI;0,024;2,59;2,59;2,59;4,3;4,42;9,22;9,22;18,82;23,62
2007089;CONJUNTO MOVIMENTADOR TRINO PIVÔ 3 220V SEM ACIONAMENTO - DUPLO;804326;BASE DE PROTEÇÃO DA CENTRAL NEW PIVO;1,0;108,0;108,0;108,0;179,0;184,0;384,0;384,0;784,0;984,0
2007089;CONJUNTO MOVIMENTADOR TRINO PIVÔ 3 220V SEM ACIONAMENTO - DUPLO;804327;TAMPA DE PROTEÇÃO DA CENTRAL NEW PIVO;1,0;108,0;108,0;108,0;179,0;184,0;384,0;384,0;784,0;984,0
2007089;CONJUNTO MOVIMENTADOR TRINO PIVÔ 3 220V SEM ACIONAMENTO - DUPLO;804508;COROA DO MOVIMENTADOR BV/PIVO NYLON Ø 20MM;2,0;216,0;216,0;216,0;358,0;368,0;768,0;768,0;1568,0;1968,0
2007089;CONJUNTO MOVIMENTADOR TRINO PIVÔ 3 220V SEM ACIONAMENTO - DUPLO;811034;MANUAL DE INSTALAÇÃO LINHA PIVOTANTE SEM LOGO PORTUGUÊS (CENTRAL FLEX / DUPLA);1,0;108,0;108,0;108,0;179,0;184,0;384,0;384,0;784,0;984,0
2007089;CONJUNTO MOVIMENTADOR TRINO PIVÔ 3 220V SEM ACIONAMENTO - DUPLO;811306;ETIQUETA ADES. COUCHE 100MM X 80MM X 01 CAR;1,0;108,0;108,0;108,0;179,0;184,0;384,0;384,0;784,0;984,0
2007089;CONJUNTO MOVIMENTADOR TRINO PIVÔ 3 220V SEM ACIONAMENTO - DUPLO;811311;ETIQUETA ADES. BOPP FOSCO C/DFAM 50MM X 25MM X 02 CAR;2,0;216,0;216,0;216,0;358,0;368,0;768,0;768,0;1568,0;1968,0
2007089;CONJUNTO MOVIMENTADOR TRINO PIVÔ 3 220V SEM ACIONAMENTO - DUPLO;811541;SACO PLASTICO TRANSPARENTE 30CM X 15CM;1,0;108,0;108,0;108,0;179,0;184,0;384,0;384,0;784,0;984,0
2007089;CONJUNTO MOVIMENTADOR TRINO PIVÔ 3 220V SEM ACIONAMENTO - DUPLO;811915;CAIXA MOTOR PIVO DUPLO S/ ACIONAMENTO;1,0;108,0;108,0;108,0;179,0;184,0;384,0;384,0;784,0;984,0
2007089;CONJUNTO MOVIMENTADOR TRINO PIVÔ 3 220V SEM ACIONAMENTO - DUPLO;813025;VENTOINHA DOS MOTORES;2,0;216,0;216,0;216,0;358,0;368,0;768,0;768,0;1568,0;1968,0
2007089;CONJUNTO MOVIMENTADOR TRINO PIVÔ 3 220V SEM ACIONAMENTO - DUPLO;813033;TAMPA DE PROTEÇÃO DA VENTOINHA;2,0;216,0;216,0;216,0;358,0;368,0;768,0;768,0;1568,0;1968,0
2007089;CONJUNTO MOVIMENTADOR TRINO PIVÔ 3 220V SEM ACIONAMENTO - DUPLO;813043;BUCHA DE CENTRAGEM DO SEM FIM DO BASCULANTE;2,0;216,0;216,0;216,0;358,0;368,0;768,0;768,0;1568,0;1968,0
2007089;CONJUNTO MOVIMENTADOR TRINO PIVÔ 3 220V SEM ACIONAMENTO - DUPLO;813047;PASSA FIO DO BV;2,0;216,0;216,0;216,0;358,0;368,0;768,0;768,0;1568,0;1968,0
2007089;CONJUNTO MOVIMENTADOR TRINO PIVÔ 3 220V SEM ACIONAMENTO - DUPLO;813054;MANCAL PERFIL INFERIOR;2,0;216,0;216,0;216,0;358,0;368,0;768,0;768,0;1568,0;1968,0
2007089;CONJUNTO MOVIMENTADOR TRINO PIVÔ 3 220V SEM ACIONAMENTO - DUPLO;813108;SEM FIM DE DUAS ENTRADAS AÇO BV ANTIGO/ BV3/ BV4;2,0;216,0;216,0;216,0;358,0;368,0;768,0;768,0;1568,0;1968,0
2007089;CONJUNTO MOVIMENTADOR TRINO PIVÔ 3 220V SEM ACIONAMENTO - DUPLO;813270;CARCAÇA DE MOTOR BV/PIVO SUPERIOR;2,0;216,0;216,0;216,0;358,0;368,0;768,0;768,0;1568,0;1968,0
2007089;CONJUNTO MOVIMENTADOR TRINO PIVÔ 3 220V SEM ACIONAMENTO - DUPLO;813271;CARCAÇA DE MOTOR BV/PIVO INFERIOR;2,0;216,0;216,0;216,0;358,0;368,0;768,0;768,0;1568,0;1968,0
2007089;CONJUNTO MOVIMENTADOR TRINO PIVÔ 3 220V SEM ACIONAMENTO - DUPLO;813280;CRUZETA DO MANCAL;2,0;216,0;216,0;216,0;358,0;368,0;768,0;768,0;1568,0;1968,0
2007089;CONJUNTO MOVIMENTADOR TRINO PIVÔ 3 220V SEM ACIONAMENTO - DUPLO;813281;SUPORTE ORELHA DO BV/PIVÔ;2,0;216,0;216,0;216,0;358,0;368,0;768,0;768,0;1568,0;1968,0
2007089;CONJUNTO MOVIMENTADOR TRINO PIVÔ 3 220V SEM ACIONAMENTO - DUPLO;813309;PINO DESTRAVAMENTO PIVO;2,0;216,0;216,0;216,0;358,0;368,0;768,0;768,0;1568,0;1968,0
2007089;CONJUNTO MOVIMENTADOR TRINO PIVÔ 3 220V SEM ACIONAMENTO - DUPLO;813310;CILINDRO CHAVE PIVO;2,0;216,0;216,0;216,0;358,0;368,0;768,0;768,0;1568,0;1968,0
2007089;CONJUNTO MOVIMENTADOR TRINO PIVÔ 3 220V SEM ACIONAMENTO - DUPLO;813311;CHAVE PIVO;2,0;216,0;216,0;216,0;358,0;368,0;768,0;768,0;1568,0;1968,0
2007089;CONJUNTO MOVIMENTADOR TRINO PIVÔ 3 220V SEM ACIONAMENTO - DUPLO;813412;DISCO DE FRICÇÃO DE CELEROM Ø20MM;2,0;216,0;216,0;216,0;358,0;368,0;768,0;768,0;1568,0;1968,0
2007089;CONJUNTO MOVIMENTADOR TRINO PIVÔ 3 220V SEM ACIONAMENTO - DUPLO;813521;SUPORTE DA BUCHA MANCAL MODELO NOVO (P/ EIXO 20MM);2,0;216,0;216,0;216,0;358,0;368,0;768,0;768,0;1568,0;1968,0
2007089;CONJUNTO MOVIMENTADOR TRINO PIVÔ 3 220V SEM ACIONAMENTO - DUPLO;813524;COPO DE FREIO PIVOTANTE/ NEW BV SPEED;2,0;216,0;216,0;216,0;358,0;368,0;768,0;768,0;1568,0;1968,0
2007089;CONJUNTO MOVIMENTADOR TRINO PIVÔ 3 220V SEM ACIONAMENTO - DUPLO;911156;PLACA REVISADA NOVA CENTRAL DUPLA;1,0;108,0;108,0;108,0;179,0;184,0;384,0;384,0;784,0;984,0
2007089;CONJUNTO MOVIMENTADOR TRINO PIVÔ 3 220V SEM ACIONAMENTO - DUPLO;402017;CP DE FERRO ZINCADO 3/16 X 1. 1/4;4,0;432,0;432,0;432,0;716,0;736,0;1536,0;1536,0;3136,0;3936,0
2007089;CONJUNTO MOVIMENTADOR TRINO PIVÔ 3 220V SEM ACIONAMENTO - DUPLO;813319;TRAVA MAIOR SUPORTE FX PIVO - ZINCADO;2,0;216,0;216,0;216,0;358,0;368,0;768,0;768,0;1568,0;1968,0
2007089;CONJUNTO MOVIMENTADOR TRINO PIVÔ 3 220V SEM ACIONAMENTO - DUPLO;813320;TRAVA MENOR SUPORTE FX PIVO - ZINCADO;2,0;216,0;216,0;216,0;358,0;368,0;768,0;768,0;1568,0;1968,0
2007089;CONJUNTO MOVIMENTADOR TRINO PIVÔ 3 220V SEM ACIONAMENTO - DUPLO;813321;PINO TRAVA PIVO - ZINCADO;4,0;432,0;432,0;432,0;716,0;736,0;1536,0;1536,0;3136,0;3936,0
2007089;CONJUNTO MOVIMENTADOR TRINO PIVÔ 3 220V SEM ACIONAMENTO - DUPLO;105068;BOBINA LAMINADA 2,00MM PRETA 23 (EVA PARA MOTORES);0,025;2,7;2,7;2,7;4,48;4,6;9,6;9,6;19,6;24,6
2007089;CONJUNTO MOVIMENTADOR TRINO PIVÔ 3 220V SEM ACIONAMENTO - DUPLO;105069;FITA EMPACT. 50MT X 48MM ACRI;0,0324;3,5;3,5;3,5;5,8;5,96;12,44;12,44;25,4;31,88
2007089;CONJUNTO MOVIMENTADOR TRINO PIVÔ 3 220V SEM ACIONAMENTO - DUPLO;811802;CAIXA MASTER 12 - CX DA CENTRAL PIVÔ;1,0;108,0;108,0;108,0;179,0;184,0;384,0;384,0;784,0;984,0
2007089;CONJUNTO MOVIMENTADOR TRINO PIVÔ 3 220V SEM ACIONAMENTO - DUPLO;100802;TRANSMISSOR 433MHZ REMOTE - MODELO: AGL-E2  (DIGITAL KEY 6P20 BLACK);2,0;216,0;216,0;216,0;358,0;368,0;768,0;768,0;1568,0;1968,0
2007089;CONJUNTO MOVIMENTADOR TRINO PIVÔ 3 220V SEM ACIONAMENTO - DUPLO;813619;EIXO ESTAMPADO PARA MOTOR PIVO - ZINCADO;2,0;216,0;216,0;216,0;358,0;368,0;768,0;768,0;1568,0;1968,0
2007089;CONJUNTO MOVIMENTADOR TRINO PIVÔ 3 220V SEM ACIONAMENTO - DUPLO;101306;CAPAC. FIXO C/DIEL. DE POLIP. BIOR. P/MOTORES CMRW CANECA PLASTICA 15uf 250V 50;1,0;108,0;108,0;108,0;179,0;184,0;384,0;384,0;784,0;984,0
2007089;CONJUNTO MOVIMENTADOR TRINO PIVÔ 3 220V SEM ACIONAMENTO - DUPLO;402578;MOLA PARA DESTRAVAMENTO PIVOTANTE Ø24.0 x Ø1.5 x 30.88;2,0;216,0;216,0;216,0;358,0;368,0;768,0;768,0;1568,0;1968,0
2008501;ACIONAMENTO MOVIMENTADOR TRINO BV 1,5M;401164;PARAFUSO MQ UNC SX RI 1/4 X 1/2 ZI;4,0;232,0;232,0;232,0;332,0;340,0;352,0;384,0;384,0;384,0
2008501;ACIONAMENTO MOVIMENTADOR TRINO BV 1,5M;813623;FIM DE CURSO MECANICO DE ALUMÍNIO;2,0;116,0;116,0;116,0;166,0;170,0;176,0;192,0;192,0;192,0
2008501;ACIONAMENTO MOVIMENTADOR TRINO BV 1,5M;813050;FUSO P 7.5MM DE 1,5M E 4 ENTRADAS BV;1,0;58,0;58,0;58,0;83,0;85,0;88,0;96,0;96,0;96,0
2008501;ACIONAMENTO MOVIMENTADOR TRINO BV 1,5M;501084;GRAXA BRANCA SACHE 15G;1,0;58,0;58,0;58,0;83,0;85,0;88,0;96,0;96,0;96,0
2008501;ACIONAMENTO MOVIMENTADOR TRINO BV 1,5M;208004;IMÃ DE FERRITE - B20X13X5MM;2,0;116,0;116,0;116,0;166,0;170,0;176,0;192,0;192,0;192,0
2008501;ACIONAMENTO MOVIMENTADOR TRINO BV 1,5M;813048;MANCAL PERFIL SUPERIOR BV;1,0;58,0;58,0;58,0;83,0;85,0;88,0;96,0;96,0;96,0
2008501;ACIONAMENTO MOVIMENTADOR TRINO BV 1,5M;813399;PERFIL AL 1,5M SOL 7 STLF-0864 6063;1,0;58,0;58,0;58,0;83,0;85,0;88,0;96,0;96,0;96,0
2008501;ACIONAMENTO MOVIMENTADOR TRINO BV 1,5M;813277;ROLAMENTO PLÁSTICO DO FUSO BV;1,0;58,0;58,0;58,0;83,0;85,0;88,0;96,0;96,0;96,0
2008501;ACIONAMENTO MOVIMENTADOR TRINO BV 1,5M;401163;PARAFUSO PLASTIC PAN PHS 5 X 12MM ZI;5,0;290,0;290,0;290,0;415,0;425,0;440,0;480,0;480,0;480,0
2008501;ACIONAMENTO MOVIMENTADOR TRINO BV 1,5M;813262;ACOPLAMENTO DO NEW BV/BV/PIVO;1,0;58,0;58,0;58,0;83,0;85,0;88,0;96,0;96,0;96,0
2008501;ACIONAMENTO MOVIMENTADOR TRINO BV 1,5M;813054;MANCAL PERFIL INFERIOR;1,0;58,0;58,0;58,0;83,0;85,0;88,0;96,0;96,0;96,0
2008501;ACIONAMENTO MOVIMENTADOR TRINO BV 1,5M;402012;ANEL ELÁSTICO E-20;2,0;116,0;116,0;116,0;166,0;170,0;176,0;192,0;192,0;192,0
2008501;ACIONAMENTO MOVIMENTADOR TRINO BV 1,5M;804508;COROA DO MOVIMENTADOR BV/PIVO NYLON Ø 20MM;1,0;58,0;58,0;58,0;83,0;85,0;88,0;96,0;96,0;96,0
2008501;ACIONAMENTO MOVIMENTADOR TRINO BV 1,5M;401157;PARAFUSO PAN ZBR P/ CHAVE TORX M5 X 30MM T25;2,0;116,0;116,0;116,0;166,0;170,0;176,0;192,0;192,0;192,0
2008501;ACIONAMENTO MOVIMENTADOR TRINO BV 1,5M;813280;CRUZETA DO MANCAL;1,0;58,0;58,0;58,0;83,0;85,0;88,0;96,0;96,0;96,0
2008501;ACIONAMENTO MOVIMENTADOR TRINO BV 1,5M;811541;SACO PLASTICO TRANSPARENTE 30CM X 15CM;1,0;58,0;58,0;58,0;83,0;85,0;88,0;96,0;96,0;96,0
2008501;ACIONAMENTO MOVIMENTADOR TRINO BV 1,5M;813281;SUPORTE ORELHA DO BV/PIVÔ;1,0;58,0;58,0;58,0;83,0;85,0;88,0;96,0;96,0;96,0
2008501;ACIONAMENTO MOVIMENTADOR TRINO BV 1,5M;813521;SUPORTE DA BUCHA MANCAL MODELO NOVO (P/ EIXO 20MM);1,0;58,0;58,0;58,0;83,0;85,0;88,0;96,0;96,0;96,0
2008501;ACIONAMENTO MOVIMENTADOR TRINO BV 1,5M;411039;TARUGO PE CINZA 10 mm;1,5;87,0;87,0;87,0;124,5;127,5;132,0;144,0;144,0;144,0
2008501;ACIONAMENTO MOVIMENTADOR TRINO BV 1,5M;813292;BRACINHO ARTICULADO BV E NEW BV;1,0;58,0;58,0;58,0;83,0;85,0;88,0;96,0;96,0;96,0
2008501;ACIONAMENTO MOVIMENTADOR TRINO BV 1,5M;813511;PINO DESTRAVAMENTO LINHA BV/ PORTA CADEADO HZ/ ESTICAD. CANCELA;1,0;58,0;58,0;58,0;83,0;85,0;88,0;96,0;96,0;96,0
2008501;ACIONAMENTO MOVIMENTADOR TRINO BV 1,5M;402017;CP DE FERRO ZINCADO 3/16 X 1. 1/4;1,0;58,0;58,0;58,0;83,0;85,0;88,0;96,0;96,0;96,0
2008501;ACIONAMENTO MOVIMENTADOR TRINO BV 1,5M;811761;SACO PLASTICO TRANSPARENTE 14CM X 40CM;1,0;58,0;58,0;58,0;83,0;85,0;88,0;96,0;96,0;96,0
2008501;ACIONAMENTO MOVIMENTADOR TRINO BV 1,5M;401115;PARAFUSO MQ UNC SXT RI 1/4 X 1.1/4 - ZI;6,0;348,0;348,0;348,0;498,0;510,0;528,0;576,0;576,0;576,0
2008501;ACIONAMENTO MOVIMENTADOR TRINO BV 1,5M;401085;PORCA F MQ UNC SEXT. 1/4 (CH7/16) ZI (NSC);10,0;580,0;580,0;580,0;830,0;850,0;880,0;960,0;960,0;960,0
2008501;ACIONAMENTO MOVIMENTADOR TRINO BV 1,5M;401068;ARRUELA LISA 1/4 FE ZI;6,0;348,0;348,0;348,0;498,0;510,0;528,0;576,0;576,0;576,0
2008501;ACIONAMENTO MOVIMENTADOR TRINO BV 1,5M;811505;SACO PLASTICO TRANSPARENTE 14CM X 9CM;1,0;58,0;58,0;58,0;83,0;85,0;88,0;96,0;96,0;96,0
2008501;ACIONAMENTO MOVIMENTADOR TRINO BV 1,5M;102573;BOBINA TUBULAR PEBD LEITOSA IMPRESA P/ ACIONAMENTO DE MOTORES;0,12342857142857137;7,16;7,16;7,16;10,24;10,49;10,86;11,85;11,85;11,85
2008501;ACIONAMENTO MOVIMENTADOR TRINO BV 1,5M;811327;ETIQUETA ADES. COUCHE 100MM X 80MM X 01 CAR AMARELA;1,0;58,0;58,0;58,0;83,0;85,0;88,0;96,0;96,0;96,0
2008501;ACIONAMENTO MOVIMENTADOR TRINO BV 1,5M;401069;PARAFUSO 2 9X13MM A/A PAN PHS ZI;2,0;116,0;116,0;116,0;166,0;170,0;176,0;192,0;192,0;192,0
2008501;ACIONAMENTO MOVIMENTADOR TRINO BV 1,5M;813601;SENSOR DE FIM DE CURSO REED BV/NEW BV/PIVO 1,5M;1,0;58,0;58,0;58,0;83,0;85,0;88,0;96,0;96,0;96,0
2008501;ACIONAMENTO MOVIMENTADOR TRINO BV 1,5M;813477;EIXO DE TRAÇÃO DA PORCA ACIONADORA - ZINCADO;1,0;58,0;58,0;58,0;83,0;85,0;88,0;96,0;96,0;96,0
2008501;ACIONAMENTO MOVIMENTADOR TRINO BV 1,5M;813517;SUPORTE UNIVERSAL PORCA DO FUSO;1,0;58,0;58,0;58,0;83,0;85,0;88,0;96,0;96,0;96,0
2008501;ACIONAMENTO MOVIMENTADOR TRINO BV 1,5M;813532;CARTUCHO DA PORCA 4 ENTRADAS;1,0;58,0;58,0;58,0;83,0;85,0;88,0;96,0;96,0;96,0
2008501;ACIONAMENTO MOVIMENTADOR TRINO BV 1,5M;401303;ABRAÇADEIRA UV PRETA 300X3,6;1,0;58,0;58,0;58,0;83,0;85,0;88,0;96,0;96,0;96,0
2008501;ACIONAMENTO MOVIMENTADOR TRINO BV 1,5M;813522;CHAVETA QUADRADA 8MMX33,4MM;1,0;58,0;58,0;58,0;83,0;85,0;88,0;96,0;96,0;96,0
2008501;ACIONAMENTO MOVIMENTADOR TRINO BV 1,5M;813618;EIXO ESTAMPADO PARA ACIONAMENTO BV - ZINCADO;1,0;58,0;58,0;58,0;83,0;85,0;88,0;96,0;96,0;96,0
2001045;CREMALHEIRA RESIDENCIAL 1,5 METRO PERFIL ALUM GOMO ALUMÍNIO MOD 4;813084;CREMALHEIRA PERFIL ALUMÍNIO GOMO DE ALUMÍNIO 1,5M;1,0;47,0;47,0;47,0;47,0;47,0;47,0;47,0;47,0;47,0
2001045;CREMALHEIRA RESIDENCIAL 1,5 METRO PERFIL ALUM GOMO ALUMÍNIO MOD 4;105008;FITA DE ARQUEAR 10X0,65 AZUL C/ 3000;0,021;0,99;0,99;0,99;0,99;0,99;0,99;0,99;0,99;0,99
2001031;CONJ. MOVIMENTADOR TRINO 300 220V 50-60HZ SEM CREMALHEIRA;100802;TRANSMISSOR 433MHZ REMOTE - MODELO: AGL-E2  (DIGITAL KEY 6P20 BLACK);2,0;88,0;88,0;88,0;168,0;168,0;198,0;198,0;198,0;198,0
2001031;CONJ. MOVIMENTADOR TRINO 300 220V 50-60HZ SEM CREMALHEIRA;103064;CONECTOR FÊMEA EC601V-5.08-3P GREEN BAG/BULK (EC601V-5.08-3P);1,0;44,0;44,0;44,0;84,0;84,0;99,0;99,0;99,0;99,0
2001031;CONJ. MOVIMENTADOR TRINO 300 220V 50-60HZ SEM CREMALHEIRA;208003;IMÃ DE FERRITE - B40X20X10MM;2,0;88,0;88,0;88,0;168,0;168,0;198,0;198,0;198,0;198,0
2001031;CONJ. MOVIMENTADOR TRINO 300 220V 50-60HZ SEM CREMALHEIRA;401068;ARRUELA LISA 1/4 FE ZI;4,0;176,0;176,0;176,0;336,0;336,0;396,0;396,0;396,0;396,0
2001031;CONJ. MOVIMENTADOR TRINO 300 220V 50-60HZ SEM CREMALHEIRA;401108;PARAFUSO PLASTIC PAN PHS 5 X 25MM ZI;10,0;440,0;440,0;440,0;840,0;840,0;990,0;990,0;990,0;990,0
2001031;CONJ. MOVIMENTADOR TRINO 300 220V 50-60HZ SEM CREMALHEIRA;401156;PARAFUSO MAD SX 1/4 X 70MM ZI;4,0;176,0;176,0;176,0;336,0;336,0;396,0;396,0;396,0;396,0
2001031;CONJ. MOVIMENTADOR TRINO 300 220V 50-60HZ SEM CREMALHEIRA;401163;PARAFUSO PLASTIC PAN PHS 5 X 12MM ZI;2,0;88,0;88,0;88,0;168,0;168,0;198,0;198,0;198,0;198,0
2001031;CONJ. MOVIMENTADOR TRINO 300 220V 50-60HZ SEM CREMALHEIRA;401169;PF JMP PAN PHS 3,5X14MM ZI;2,0;88,0;88,0;88,0;168,0;168,0;198,0;198,0;198,0;198,0
2001031;CONJ. MOVIMENTADOR TRINO 300 220V 50-60HZ SEM CREMALHEIRA;401207;PF A/A JMC DRILL FL PHS C/ SERRILHA PTA BROCA 4,2X13MM ZI;4,0;176,0;176,0;176,0;336,0;336,0;396,0;396,0;396,0;396,0
2001031;CONJ. MOVIMENTADOR TRINO 300 220V 50-60HZ SEM CREMALHEIRA;401260;PARAFUSO MQ PN HXL T25 TMA 5X45 PS 30 ZB (ROSCA COMPLETA);1,0;44,0;44,0;44,0;84,0;84,0;99,0;99,0;99,0;99,0
2001031;CONJ. MOVIMENTADOR TRINO 300 220V 50-60HZ SEM CREMALHEIRA;402019;PINO ELÁSTICO 4 X 24MM;2,0;88,0;88,0;88,0;168,0;168,0;198,0;198,0;198,0;198,0
2001031;CONJ. MOVIMENTADOR TRINO 300 220V 50-60HZ SEM CREMALHEIRA;402028;BUCHA PLASTICA N10;4,0;176,0;176,0;176,0;336,0;336,0;396,0;396,0;396,0;396,0
2001031;CONJ. MOVIMENTADOR TRINO 300 220V 50-60HZ SEM CREMALHEIRA;403032;MOLA DE DESTRAVAMENTO DESLIZANTE;1,0;44,0;44,0;44,0;84,0;84,0;99,0;99,0;99,0;99,0
2001031;CONJ. MOVIMENTADOR TRINO 300 220V 50-60HZ SEM CREMALHEIRA;510027;INLUB GRAX MP 2/TI;0,034;1,5;1,5;1,5;2,86;2,86;3,37;3,37;3,37;3,37
2001031;CONJ. MOVIMENTADOR TRINO 300 220V 50-60HZ SEM CREMALHEIRA;512002;CONJUNTO ESTATOR E ROTOR AGL DESL P17 1/7 cv 04 42Z 220V 60HZ;1,0;44,0;44,0;44,0;84,0;84,0;99,0;99,0;99,0;99,0
2001031;CONJ. MOVIMENTADOR TRINO 300 220V 50-60HZ SEM CREMALHEIRA;801132;ARGOLA DA CHAVE;1,0;44,0;44,0;44,0;84,0;84,0;99,0;99,0;99,0;99,0
2001031;CONJ. MOVIMENTADOR TRINO 300 220V 50-60HZ SEM CREMALHEIRA;804247;BASE DA CENTRAL DESLIZANTE;1,0;44,0;44,0;44,0;84,0;84,0;99,0;99,0;99,0;99,0
2001031;CONJ. MOVIMENTADOR TRINO 300 220V 50-60HZ SEM CREMALHEIRA;804248;TAMPA DA CENTRAL DESLIZANTE;1,0;44,0;44,0;44,0;84,0;84,0;99,0;99,0;99,0;99,0
2001031;CONJ. MOVIMENTADOR TRINO 300 220V 50-60HZ SEM CREMALHEIRA;804540;BASE SUPERIOR PP DO MOTOR DESLIZANTE;1,0;44,0;44,0;44,0;84,0;84,0;99,0;99,0;99,0;99,0
2001031;CONJ. MOVIMENTADOR TRINO 300 220V 50-60HZ SEM CREMALHEIRA;804542;BASE INFERIOR PP MOTORES DESLIZANTES;1,0;44,0;44,0;44,0;84,0;84,0;99,0;99,0;99,0;99,0
2001031;CONJ. MOVIMENTADOR TRINO 300 220V 50-60HZ SEM CREMALHEIRA;811122;MANUAL P / AUTOMATIZADOR DZ/BV/NEW BV CENTRAL FLEX/LIGHT EM PORTUGUÊS;1,0;44,0;44,0;44,0;84,0;84,0;99,0;99,0;99,0;99,0
2001031;CONJ. MOVIMENTADOR TRINO 300 220V 50-60HZ SEM CREMALHEIRA;811306;ETIQUETA ADES. COUCHE 100MM X 80MM X 01 CAR;1,0;44,0;44,0;44,0;84,0;84,0;99,0;99,0;99,0;99,0
2001031;CONJ. MOVIMENTADOR TRINO 300 220V 50-60HZ SEM CREMALHEIRA;811311;ETIQUETA ADES. BOPP FOSCO C/DFAM 50MM X 25MM X 02 CAR;1,0;44,0;44,0;44,0;84,0;84,0;99,0;99,0;99,0;99,0
2001031;CONJ. MOVIMENTADOR TRINO 300 220V 50-60HZ SEM CREMALHEIRA;811541;SACO PLASTICO TRANSPARENTE 30CM X 15CM;1,0;44,0;44,0;44,0;84,0;84,0;99,0;99,0;99,0;99,0
2001031;CONJ. MOVIMENTADOR TRINO 300 220V 50-60HZ SEM CREMALHEIRA;811921;CAIXA PARDA MOTOR DESLIZANTE AGL ( MEIA ABA REFORÇADA);1,0;44,0;44,0;44,0;84,0;84,0;99,0;99,0;99,0;99,0
2001031;CONJ. MOVIMENTADOR TRINO 300 220V 50-60HZ SEM CREMALHEIRA;813009;ALAVANCA PARA DESTRAVAMENTO MANUAL;1,0;44,0;44,0;44,0;84,0;84,0;99,0;99,0;99,0;99,0
2001031;CONJ. MOVIMENTADOR TRINO 300 220V 50-60HZ SEM CREMALHEIRA;813014;LINGUETA DO CILINDRO DA ALAVANCA DE DESTRAVAMENTO MANUAL DZ ZI;1,0;44,0;44,0;44,0;84,0;84,0;99,0;99,0;99,0;99,0
2001031;CONJ. MOVIMENTADOR TRINO 300 220V 50-60HZ SEM CREMALHEIRA;813024;TAMPA PROTEÇÃO DO MOTOR - PRETA;1,0;44,0;44,0;44,0;84,0;84,0;99,0;99,0;99,0;99,0
2001031;CONJ. MOVIMENTADOR TRINO 300 220V 50-60HZ SEM CREMALHEIRA;813096;ENGRENAGEM EXTERNA 17D PARA EIXO ESTAMPADO TRINO LIGHT/300;1,0;44,0;44,0;44,0;84,0;84,0;99,0;99,0;99,0;99,0
2001031;CONJ. MOVIMENTADOR TRINO 300 220V 50-60HZ SEM CREMALHEIRA;813144;SUPORTE DO IMA DE FIM DE CURSO DESLIZANTE;2,0;88,0;88,0;88,0;168,0;168,0;198,0;198,0;198,0;198,0
2001031;CONJ. MOVIMENTADOR TRINO 300 220V 50-60HZ SEM CREMALHEIRA;813173;ARRUELA 1,2MM EIXO DESLIZANTE;2,0;88,0;88,0;88,0;168,0;168,0;198,0;198,0;198,0;198,0
2001031;CONJ. MOVIMENTADOR TRINO 300 220V 50-60HZ SEM CREMALHEIRA;813235;BUCHA DO EIXO DESLIZANTE SEXTAVADA;2,0;88,0;88,0;88,0;168,0;168,0;198,0;198,0;198,0;198,0
2001031;CONJ. MOVIMENTADOR TRINO 300 220V 50-60HZ SEM CREMALHEIRA;813237;PINO DESTRAVAMENTO TRINO;1,0;44,0;44,0;44,0;84,0;84,0;99,0;99,0;99,0;99,0
2001031;CONJ. MOVIMENTADOR TRINO 300 220V 50-60HZ SEM CREMALHEIRA;813249;CILINDRO MOTOR DESLIZANTE NYLON;1,0;44,0;44,0;44,0;84,0;84,0;99,0;99,0;99,0;99,0
2001031;CONJ. MOVIMENTADOR TRINO 300 220V 50-60HZ SEM CREMALHEIRA;813250;CHAVE CILINDRO MOTOR DESLIZANTE NYLON (MODELO NOVO);2,0;88,0;88,0;88,0;168,0;168,0;198,0;198,0;198,0;198,0
2001031;CONJ. MOVIMENTADOR TRINO 300 220V 50-60HZ SEM CREMALHEIRA;813251;SEM FIM DE UMA ENTRADA ALUMÍNIO TR LIGTH/ TR300/ TR500;1,0;44,0;44,0;44,0;84,0;84,0;99,0;99,0;99,0;99,0
2001031;CONJ. MOVIMENTADOR TRINO 300 220V 50-60HZ SEM CREMALHEIRA;813289;ENGRENAGEM INTERNA DE 1 ENTRADA DZ E NEWBV SEM IMÃ;1,0;44,0;44,0;44,0;84,0;84,0;99,0;99,0;99,0;99,0
2001031;CONJ. MOVIMENTADOR TRINO 300 220V 50-60HZ SEM CREMALHEIRA;813293;MIOLO DO CILINDRO NYLON MOTOR DESLIZANTE;1,0;44,0;44,0;44,0;84,0;84,0;99,0;99,0;99,0;99,0
2001031;CONJ. MOVIMENTADOR TRINO 300 220V 50-60HZ SEM CREMALHEIRA;813294;PORCA DO CILINDRO NYLON MOTOR DESLIZANTE;1,0;44,0;44,0;44,0;84,0;84,0;99,0;99,0;99,0;99,0
2001031;CONJ. MOVIMENTADOR TRINO 300 220V 50-60HZ SEM CREMALHEIRA;813331;SUPORTE DE INSTALAÇÃO DO IMÃ DZ;2,0;88,0;88,0;88,0;168,0;168,0;198,0;198,0;198,0;198,0
2001031;CONJ. MOVIMENTADOR TRINO 300 220V 50-60HZ SEM CREMALHEIRA;813409;TAMPÃO DO ENGRENAGEM EXTERNA MOTORES DZ;1,0;44,0;44,0;44,0;84,0;84,0;99,0;99,0;99,0;99,0
2001031;CONJ. MOVIMENTADOR TRINO 300 220V 50-60HZ SEM CREMALHEIRA;813410;BUCHA DE CENTRAGEM DO EIXO DO ROTOR DZ;1,0;44,0;44,0;44,0;84,0;84,0;99,0;99,0;99,0;99,0
2001031;CONJ. MOVIMENTADOR TRINO 300 220V 50-60HZ SEM CREMALHEIRA;813455;SENSOR DE FIM DE CURSO REED DESLIZANTE;1,0;44,0;44,0;44,0;84,0;84,0;99,0;99,0;99,0;99,0
2001031;CONJ. MOVIMENTADOR TRINO 300 220V 50-60HZ SEM CREMALHEIRA;813522;CHAVETA QUADRADA 8MMX33,4MM;1,0;44,0;44,0;44,0;84,0;84,0;99,0;99,0;99,0;99,0
2001031;CONJ. MOVIMENTADOR TRINO 300 220V 50-60HZ SEM CREMALHEIRA;813525;EIXO ESTAMPADO PARA MOTOR TRINO LIGHT/300 - ZINCADO;1,0;44,0;44,0;44,0;84,0;84,0;99,0;99,0;99,0;99,0
2001031;CONJ. MOVIMENTADOR TRINO 300 220V 50-60HZ SEM CREMALHEIRA;813527;COPO DO PINO ELÁSTICO DO EIXO ESTAMPADO;2,0;88,0;88,0;88,0;168,0;168,0;198,0;198,0;198,0;198,0
2001031;CONJ. MOVIMENTADOR TRINO 300 220V 50-60HZ SEM CREMALHEIRA;911080;PLACA REVISADA CENTRAL FLEX;1,0;44,0;44,0;44,0;84,0;84,0;99,0;99,0;99,0;99,0
2001031;CONJ. MOVIMENTADOR TRINO 300 220V 50-60HZ SEM CREMALHEIRA;105069;FITA EMPACT. 50MT X 48MM ACRI;0,02;0,88;0,88;0,88;1,68;1,68;1,98;1,98;1,98;1,98
2001031;CONJ. MOVIMENTADOR TRINO 300 220V 50-60HZ SEM CREMALHEIRA;101306;CAPAC. FIXO C/DIEL. DE POLIP. BIOR. P/MOTORES CMRW CANECA PLASTICA 15uf 250V 50;1,0;44,0;44,0;44,0;84,0;84,0;99,0;99,0;99,0;99,0
2008077;CONJ. MOVIMENTADOR NEW BV SPEED TURBO PRO 1/2HP FREQUENCY INVERTER BIVOLT S/ ACIONAMENTO S/ CENTRAL;401007;PARAFUSO 4.8 X 13 A/A PN. PH - ZI;4,0;176,0;176,0;176,0;176,0;176,0;176,0;176,0;176,0;176,0
2008077;CONJ. MOVIMENTADOR NEW BV SPEED TURBO PRO 1/2HP FREQUENCY INVERTER BIVOLT S/ ACIONAMENTO S/ CENTRAL;401012;PARAFUSO 3.5 X 13 CH. PH - OXI (PROD);2,0;88,0;88,0;88,0;88,0;88,0;88,0;88,0;88,0;88,0
2008077;CONJ. MOVIMENTADOR NEW BV SPEED TURBO PRO 1/2HP FREQUENCY INVERTER BIVOLT S/ ACIONAMENTO S/ CENTRAL;401014;PARAFUSO 2.9 X 6.5 A/A PAN PHS ZI;4,0;176,0;176,0;176,0;176,0;176,0;176,0;176,0;176,0;176,0
2008077;CONJ. MOVIMENTADOR NEW BV SPEED TURBO PRO 1/2HP FREQUENCY INVERTER BIVOLT S/ ACIONAMENTO S/ CENTRAL;401068;ARRUELA LISA 1/4 FE ZI;4,0;176,0;176,0;176,0;176,0;176,0;176,0;176,0;176,0;176,0
2008077;CONJ. MOVIMENTADOR NEW BV SPEED TURBO PRO 1/2HP FREQUENCY INVERTER BIVOLT S/ ACIONAMENTO S/ CENTRAL;401085;PORCA F MQ UNC SEXT. 1/4 (CH7/16) ZI (NSC);1,0;44,0;44,0;44,0;44,0;44,0;44,0;44,0;44,0;44,0
2008077;CONJ. MOVIMENTADOR NEW BV SPEED TURBO PRO 1/2HP FREQUENCY INVERTER BIVOLT S/ ACIONAMENTO S/ CENTRAL;401161;PARAFUSO PAN ZBR P/ CHAVE TORX M5 X 20MM T25;6,0;264,0;264,0;264,0;264,0;264,0;264,0;264,0;264,0;264,0
2008077;CONJ. MOVIMENTADOR NEW BV SPEED TURBO PRO 1/2HP FREQUENCY INVERTER BIVOLT S/ ACIONAMENTO S/ CENTRAL;401166;PO F MET SEXT. M5 (CH8) ZI (NSC);2,0;88,0;88,0;88,0;88,0;88,0;88,0;88,0;88,0;88,0
2008077;CONJ. MOVIMENTADOR NEW BV SPEED TURBO PRO 1/2HP FREQUENCY INVERTER BIVOLT S/ ACIONAMENTO S/ CENTRAL;401169;PARAFUSO PAN PLASTIC PHS 3,5X14MM ZI;6,0;264,0;264,0;264,0;264,0;264,0;264,0;264,0;264,0;264,0
2008077;CONJ. MOVIMENTADOR NEW BV SPEED TURBO PRO 1/2HP FREQUENCY INVERTER BIVOLT S/ ACIONAMENTO S/ CENTRAL;401208;PA MQ PN HXL T25 TMA 5X12 RI ZB (ROSCA COMPLETA);8,0;352,0;352,0;352,0;352,0;352,0;352,0;352,0;352,0;352,0
2008077;CONJ. MOVIMENTADOR NEW BV SPEED TURBO PRO 1/2HP FREQUENCY INVERTER BIVOLT S/ ACIONAMENTO S/ CENTRAL;402012;ANEL ELÁSTICO E-20;3,0;132,0;132,0;132,0;132,0;132,0;132,0;132,0;132,0;132,0
2008077;CONJ. MOVIMENTADOR NEW BV SPEED TURBO PRO 1/2HP FREQUENCY INVERTER BIVOLT S/ ACIONAMENTO S/ CENTRAL;402015;ANEL ELASTICO E12;4,0;176,0;176,0;176,0;176,0;176,0;176,0;176,0;176,0;176,0
2008077;CONJ. MOVIMENTADOR NEW BV SPEED TURBO PRO 1/2HP FREQUENCY INVERTER BIVOLT S/ ACIONAMENTO S/ CENTRAL;402019;PINO ELÁSTICO 4 X 24MM;1,0;44,0;44,0;44,0;44,0;44,0;44,0;44,0;44,0;44,0
2008077;CONJ. MOVIMENTADOR NEW BV SPEED TURBO PRO 1/2HP FREQUENCY INVERTER BIVOLT S/ ACIONAMENTO S/ CENTRAL;411015;ROLAMENTO 6004 ZZ / 2RS;2,0;88,0;88,0;88,0;88,0;88,0;88,0;88,0;88,0;88,0
2008077;CONJ. MOVIMENTADOR NEW BV SPEED TURBO PRO 1/2HP FREQUENCY INVERTER BIVOLT S/ ACIONAMENTO S/ CENTRAL;411017;ROLAMENTOS 6201-08 ZZ C3 12,7MM;2,0;88,0;88,0;88,0;88,0;88,0;88,0;88,0;88,0;88,0
2008077;CONJ. MOVIMENTADOR NEW BV SPEED TURBO PRO 1/2HP FREQUENCY INVERTER BIVOLT S/ ACIONAMENTO S/ CENTRAL;412038;ESTATOR BOBINADO AGL NEW BV/BV SPEEDTURBO PRO P39 4P 3F 110V 60HZ;1,0;44,0;44,0;44,0;44,0;44,0;44,0;44,0;44,0;44,0
2008077;CONJ. MOVIMENTADOR NEW BV SPEED TURBO PRO 1/2HP FREQUENCY INVERTER BIVOLT S/ ACIONAMENTO S/ CENTRAL;412163;ROTOR AGL NEW BV P39 4 POLOS;1,0;44,0;44,0;44,0;44,0;44,0;44,0;44,0;44,0;44,0
2008077;CONJ. MOVIMENTADOR NEW BV SPEED TURBO PRO 1/2HP FREQUENCY INVERTER BIVOLT S/ ACIONAMENTO S/ CENTRAL;510027;INLUB GRAX MP 2/TI;0,012;0,53;0,53;0,53;0,53;0,53;0,53;0,53;0,53;0,53
2008077;CONJ. MOVIMENTADOR NEW BV SPEED TURBO PRO 1/2HP FREQUENCY INVERTER BIVOLT S/ ACIONAMENTO S/ CENTRAL;701155;EIXO PRINCIPAL DO NEW BV - BRUTO;1,0;44,0;44,0;44,0;44,0;44,0;44,0;44,0;44,0;44,0
2008077;CONJ. MOVIMENTADOR NEW BV SPEED TURBO PRO 1/2HP FREQUENCY INVERTER BIVOLT S/ ACIONAMENTO S/ CENTRAL;804430;CAPA DO ROLAMENTO DOS MOTORES;2,0;88,0;88,0;88,0;88,0;88,0;88,0;88,0;88,0;88,0
2008077;CONJ. MOVIMENTADOR NEW BV SPEED TURBO PRO 1/2HP FREQUENCY INVERTER BIVOLT S/ ACIONAMENTO S/ CENTRAL;811306;ETIQUETA ADES. COUCHE 100MM X 80MM X 01 CAR;1,0;44,0;44,0;44,0;44,0;44,0;44,0;44,0;44,0;44,0
2008077;CONJ. MOVIMENTADOR NEW BV SPEED TURBO PRO 1/2HP FREQUENCY INVERTER BIVOLT S/ ACIONAMENTO S/ CENTRAL;811311;ETIQUETA ADES. BOPP FOSCO C/DFAM 50MM X 25MM X 02 CAR;1,0;44,0;44,0;44,0;44,0;44,0;44,0;44,0;44,0;44,0
2008077;CONJ. MOVIMENTADOR NEW BV SPEED TURBO PRO 1/2HP FREQUENCY INVERTER BIVOLT S/ ACIONAMENTO S/ CENTRAL;811505;SACO PLASTICO TRANSPARENTE 14CM X 9CM;1,0;44,0;44,0;44,0;44,0;44,0;44,0;44,0;44,0;44,0
2008077;CONJ. MOVIMENTADOR NEW BV SPEED TURBO PRO 1/2HP FREQUENCY INVERTER BIVOLT S/ ACIONAMENTO S/ CENTRAL;811775;CAIXA MOTOR BASCULANTE NOVA 23,0 X 16,0 X 24,5;1,0;44,0;44,0;44,0;44,0;44,0;44,0;44,0;44,0;44,0
2008077;CONJ. MOVIMENTADOR NEW BV SPEED TURBO PRO 1/2HP FREQUENCY INVERTER BIVOLT S/ ACIONAMENTO S/ CENTRAL;813094;ENGRENAGEM INTERNA DE 1 ENTRADA DZ E NEWBV COM IMÃ;1,0;44,0;44,0;44,0;44,0;44,0;44,0;44,0;44,0;44,0
2008077;CONJ. MOVIMENTADOR NEW BV SPEED TURBO PRO 1/2HP FREQUENCY INVERTER BIVOLT S/ ACIONAMENTO S/ CENTRAL;813253;SEM FIM DE 1 ENTRADA AÇO;1,0;44,0;44,0;44,0;44,0;44,0;44,0;44,0;44,0;44,0
2008077;CONJ. MOVIMENTADOR NEW BV SPEED TURBO PRO 1/2HP FREQUENCY INVERTER BIVOLT S/ ACIONAMENTO S/ CENTRAL;813256;TAMPA DA CENTRAL NEW BV;1,0;44,0;44,0;44,0;44,0;44,0;44,0;44,0;44,0;44,0
2008077;CONJ. MOVIMENTADOR NEW BV SPEED TURBO PRO 1/2HP FREQUENCY INVERTER BIVOLT S/ ACIONAMENTO S/ CENTRAL;813257;BASE CENTRAL NEW BV;1,0;44,0;44,0;44,0;44,0;44,0;44,0;44,0;44,0;44,0
2008077;CONJ. MOVIMENTADOR NEW BV SPEED TURBO PRO 1/2HP FREQUENCY INVERTER BIVOLT S/ ACIONAMENTO S/ CENTRAL;813258;CARCAÇA INFERIOR NEW BV SEM FURO ENCODER;1,0;44,0;44,0;44,0;44,0;44,0;44,0;44,0;44,0;44,0
2008077;CONJ. MOVIMENTADOR NEW BV SPEED TURBO PRO 1/2HP FREQUENCY INVERTER BIVOLT S/ ACIONAMENTO S/ CENTRAL;813265;CARCAÇA SUPERIOR NEW BV;1,0;44,0;44,0;44,0;44,0;44,0;44,0;44,0;44,0;44,0
2008077;CONJ. MOVIMENTADOR NEW BV SPEED TURBO PRO 1/2HP FREQUENCY INVERTER BIVOLT S/ ACIONAMENTO S/ CENTRAL;813522;CHAVETA QUADRADA 8MMX33,4MM;1,0;44,0;44,0;44,0;44,0;44,0;44,0;44,0;44,0;44,0
2008077;CONJ. MOVIMENTADOR NEW BV SPEED TURBO PRO 1/2HP FREQUENCY INVERTER BIVOLT S/ ACIONAMENTO S/ CENTRAL;100802;TRANSMISSOR 433MHZ REMOTE - MODELO: AGL-E2  (DIGITAL KEY 6P20 BLACK);2,0;88,0;88,0;88,0;88,0;88,0;88,0;88,0;88,0;88,0
2008039;CONJ. MOVIMENTADOR NEW BV SPEED TURBO PRO 1/2HP FREQUENCY INVERTER BIVOLT SEM ACIONAMENTO;100802;TRANSMISSOR 433MHZ REMOTE - MODELO: AGL-E2  (DIGITAL KEY 6P20 BLACK);2,0;74,0;74,0;74,0;74,0;76,0;76,0;76,0;76,0;76,0
2008039;CONJ. MOVIMENTADOR NEW BV SPEED TURBO PRO 1/2HP FREQUENCY INVERTER BIVOLT SEM ACIONAMENTO;101950;SENSOR MAGNÉTICO TIPO HALL AH3722A-P-B (MODELO AH3722A-P-B);1,0;37,0;37,0;37,0;37,0;38,0;38,0;38,0;38,0;38,0
2008039;CONJ. MOVIMENTADOR NEW BV SPEED TURBO PRO 1/2HP FREQUENCY INVERTER BIVOLT SEM ACIONAMENTO;103064;CONECTOR FÊMEA EC601V-5.08-3P GREEN BAG/BULK (EC601V-5.08-3P);1,0;37,0;37,0;37,0;37,0;38,0;38,0;38,0;38,0;38,0
2008039;CONJ. MOVIMENTADOR NEW BV SPEED TURBO PRO 1/2HP FREQUENCY INVERTER BIVOLT SEM ACIONAMENTO;103131;CABO CONECTOR TERMINAL WHITE WIRE BLK-PH-3P L500 BOX (BLK-PH-3P L500);1,0;37,0;37,0;37,0;37,0;38,0;38,0;38,0;38,0;38,0
2008039;CONJ. MOVIMENTADOR NEW BV SPEED TURBO PRO 1/2HP FREQUENCY INVERTER BIVOLT SEM ACIONAMENTO;401007;PARAFUSO 4.8 X 13 A/A PN. PH - ZI;4,0;148,0;148,0;148,0;148,0;152,0;152,0;152,0;152,0;152,0
2008039;CONJ. MOVIMENTADOR NEW BV SPEED TURBO PRO 1/2HP FREQUENCY INVERTER BIVOLT SEM ACIONAMENTO;401012;PARAFUSO 3.5 X 13 CH. PH - OXI;2,0;74,0;74,0;74,0;74,0;76,0;76,0;76,0;76,0;76,0
2008039;CONJ. MOVIMENTADOR NEW BV SPEED TURBO PRO 1/2HP FREQUENCY INVERTER BIVOLT SEM ACIONAMENTO;401014;PARAFUSO 2.9 X 6.5 A/A PAN PHS ZI;4,0;148,0;148,0;148,0;148,0;152,0;152,0;152,0;152,0;152,0
2008039;CONJ. MOVIMENTADOR NEW BV SPEED TURBO PRO 1/2HP FREQUENCY INVERTER BIVOLT SEM ACIONAMENTO;401068;ARRUELA LISA 1/4 FE ZI;4,0;148,0;148,0;148,0;148,0;152,0;152,0;152,0;152,0;152,0
2008039;CONJ. MOVIMENTADOR NEW BV SPEED TURBO PRO 1/2HP FREQUENCY INVERTER BIVOLT SEM ACIONAMENTO;401085;PORCA F MQ UNC SEXT. 1/4 (CH7/16) ZI (NSC);1,0;37,0;37,0;37,0;37,0;38,0;38,0;38,0;38,0;38,0
2008039;CONJ. MOVIMENTADOR NEW BV SPEED TURBO PRO 1/2HP FREQUENCY INVERTER BIVOLT SEM ACIONAMENTO;401161;PARAFUSO PAN ZBR P/ CHAVE TORX M5 X 20MM T25;6,0;222,0;222,0;222,0;222,0;228,0;228,0;228,0;228,0;228,0
2008039;CONJ. MOVIMENTADOR NEW BV SPEED TURBO PRO 1/2HP FREQUENCY INVERTER BIVOLT SEM ACIONAMENTO;401166;PO F MET SEXT. M5 (CH8) ZI (NSC);2,0;74,0;74,0;74,0;74,0;76,0;76,0;76,0;76,0;76,0
2008039;CONJ. MOVIMENTADOR NEW BV SPEED TURBO PRO 1/2HP FREQUENCY INVERTER BIVOLT SEM ACIONAMENTO;401169;PF JMP PAN PHS 3,5X14MM ZI;4,0;148,0;148,0;148,0;148,0;152,0;152,0;152,0;152,0;152,0
2008039;CONJ. MOVIMENTADOR NEW BV SPEED TURBO PRO 1/2HP FREQUENCY INVERTER BIVOLT SEM ACIONAMENTO;401169;PF JMP PAN PHS 3,5X14MM ZI;2,0;74,0;74,0;74,0;74,0;76,0;76,0;76,0;76,0;76,0
2008039;CONJ. MOVIMENTADOR NEW BV SPEED TURBO PRO 1/2HP FREQUENCY INVERTER BIVOLT SEM ACIONAMENTO;401208;PA MQ PN HXL T25 TMA 5X12 RI ZB;8,0;296,0;296,0;296,0;296,0;304,0;304,0;304,0;304,0;304,0
2008039;CONJ. MOVIMENTADOR NEW BV SPEED TURBO PRO 1/2HP FREQUENCY INVERTER BIVOLT SEM ACIONAMENTO;402012;ANEL ELÁSTICO E-20;3,0;111,0;111,0;111,0;111,0;114,0;114,0;114,0;114,0;114,0
2008039;CONJ. MOVIMENTADOR NEW BV SPEED TURBO PRO 1/2HP FREQUENCY INVERTER BIVOLT SEM ACIONAMENTO;402015;ANEL ELÁSTICO E12;4,0;148,0;148,0;148,0;148,0;152,0;152,0;152,0;152,0;152,0
2008039;CONJ. MOVIMENTADOR NEW BV SPEED TURBO PRO 1/2HP FREQUENCY INVERTER BIVOLT SEM ACIONAMENTO;402019;PINO ELÁSTICO 4 X 24MM;1,0;37,0;37,0;37,0;37,0;38,0;38,0;38,0;38,0;38,0
2008039;CONJ. MOVIMENTADOR NEW BV SPEED TURBO PRO 1/2HP FREQUENCY INVERTER BIVOLT SEM ACIONAMENTO;402034;ANEL DE RETENÇÃO ORING INTERNO 14MM X 2,6MM;1,0;37,0;37,0;37,0;37,0;38,0;38,0;38,0;38,0;38,0
2008039;CONJ. MOVIMENTADOR NEW BV SPEED TURBO PRO 1/2HP FREQUENCY INVERTER BIVOLT SEM ACIONAMENTO;411015;ROLAMENTOS 6004 ZZ;2,0;74,0;74,0;74,0;74,0;76,0;76,0;76,0;76,0;76,0
2008039;CONJ. MOVIMENTADOR NEW BV SPEED TURBO PRO 1/2HP FREQUENCY INVERTER BIVOLT SEM ACIONAMENTO;411017;ROLAMENTOS 6201-08 ZZ C3;2,0;74,0;74,0;74,0;74,0;76,0;76,0;76,0;76,0;76,0
2008039;CONJ. MOVIMENTADOR NEW BV SPEED TURBO PRO 1/2HP FREQUENCY INVERTER BIVOLT SEM ACIONAMENTO;412038;ESTATOR BOBINADO AGL NEW BV/BV SPEEDTURBO PRO P39 4P 3F 110V 60HZ;1,0;37,0;37,0;37,0;37,0;38,0;38,0;38,0;38,0;38,0
2008039;CONJ. MOVIMENTADOR NEW BV SPEED TURBO PRO 1/2HP FREQUENCY INVERTER BIVOLT SEM ACIONAMENTO;412163;ROTOR AGL NEW BV P39;1,0;37,0;37,0;37,0;37,0;38,0;38,0;38,0;38,0;38,0
2008039;CONJ. MOVIMENTADOR NEW BV SPEED TURBO PRO 1/2HP FREQUENCY INVERTER BIVOLT SEM ACIONAMENTO;510027;INLUB GRAX MP 2/TI;0,012;0,44;0,44;0,44;0,44;0,46;0,46;0,46;0,46;0,46
2008039;CONJ. MOVIMENTADOR NEW BV SPEED TURBO PRO 1/2HP FREQUENCY INVERTER BIVOLT SEM ACIONAMENTO;701155;EIXO PRINCIPAL DO NEW BV - BRUTO;1,0;37,0;37,0;37,0;37,0;38,0;38,0;38,0;38,0;38,0
2008039;CONJ. MOVIMENTADOR NEW BV SPEED TURBO PRO 1/2HP FREQUENCY INVERTER BIVOLT SEM ACIONAMENTO;804430;CAPA DO ROLAMENTO DOS MOTORES;2,0;74,0;74,0;74,0;74,0;76,0;76,0;76,0;76,0;76,0
2008039;CONJ. MOVIMENTADOR NEW BV SPEED TURBO PRO 1/2HP FREQUENCY INVERTER BIVOLT SEM ACIONAMENTO;811041;MANUAL DE INSTALAÇÃO LINHA NEW BV TURBO SEM LOGO PORTUGUÊS (CENTRAL NEW INVERTER);1,0;37,0;37,0;37,0;37,0;38,0;38,0;38,0;38,0;38,0
2008039;CONJ. MOVIMENTADOR NEW BV SPEED TURBO PRO 1/2HP FREQUENCY INVERTER BIVOLT SEM ACIONAMENTO;811306;ETIQUETA ADES. COUCHE 100MM X 80MM X 01 CAR;1,0;37,0;37,0;37,0;37,0;38,0;38,0;38,0;38,0;38,0
2008039;CONJ. MOVIMENTADOR NEW BV SPEED TURBO PRO 1/2HP FREQUENCY INVERTER BIVOLT SEM ACIONAMENTO;811311;ETIQUETA ADES. BOPP FOSCO C/DFAM 50MM X 25MM X 02 CAR;1,0;37,0;37,0;37,0;37,0;38,0;38,0;38,0;38,0;38,0
2008039;CONJ. MOVIMENTADOR NEW BV SPEED TURBO PRO 1/2HP FREQUENCY INVERTER BIVOLT SEM ACIONAMENTO;811505;SACO PLASTICO TRANSPARENTE 14CM X 9CM;1,0;37,0;37,0;37,0;37,0;38,0;38,0;38,0;38,0;38,0
2008039;CONJ. MOVIMENTADOR NEW BV SPEED TURBO PRO 1/2HP FREQUENCY INVERTER BIVOLT SEM ACIONAMENTO;811775;CAIXA MOTOR BASCULANTE NOVA 23,0 X 16,0 X 24,5;1,0;37,0;37,0;37,0;37,0;38,0;38,0;38,0;38,0;38,0
2008039;CONJ. MOVIMENTADOR NEW BV SPEED TURBO PRO 1/2HP FREQUENCY INVERTER BIVOLT SEM ACIONAMENTO;813094;ENGRENAGEM INTERNA DE 1 ENTRADA DZ E NEWBV;1,0;37,0;37,0;37,0;37,0;38,0;38,0;38,0;38,0;38,0
2008039;CONJ. MOVIMENTADOR NEW BV SPEED TURBO PRO 1/2HP FREQUENCY INVERTER BIVOLT SEM ACIONAMENTO;813253;SEM FIM DE 1 ENTRADA AÇO;1,0;37,0;37,0;37,0;37,0;38,0;38,0;38,0;38,0;38,0
2008039;CONJ. MOVIMENTADOR NEW BV SPEED TURBO PRO 1/2HP FREQUENCY INVERTER BIVOLT SEM ACIONAMENTO;813256;TAMPA DA CENTRAL NEW BV;1,0;37,0;37,0;37,0;37,0;38,0;38,0;38,0;38,0;38,0
2008039;CONJ. MOVIMENTADOR NEW BV SPEED TURBO PRO 1/2HP FREQUENCY INVERTER BIVOLT SEM ACIONAMENTO;813257;BASE CENTRAL NEW BV;1,0;37,0;37,0;37,0;37,0;38,0;38,0;38,0;38,0;38,0
2008039;CONJ. MOVIMENTADOR NEW BV SPEED TURBO PRO 1/2HP FREQUENCY INVERTER BIVOLT SEM ACIONAMENTO;813259;CARCAÇA INFERIOR NEW BV COM FURO ENCODER;1,0;37,0;37,0;37,0;37,0;38,0;38,0;38,0;38,0;38,0
2008039;CONJ. MOVIMENTADOR NEW BV SPEED TURBO PRO 1/2HP FREQUENCY INVERTER BIVOLT SEM ACIONAMENTO;813265;CARCAÇA SUPERIOR NEW BV;1,0;37,0;37,0;37,0;37,0;38,0;38,0;38,0;38,0;38,0
2008039;CONJ. MOVIMENTADOR NEW BV SPEED TURBO PRO 1/2HP FREQUENCY INVERTER BIVOLT SEM ACIONAMENTO;813266;TAMPA ENCODER;1,0;37,0;37,0;37,0;37,0;38,0;38,0;38,0;38,0;38,0
2008039;CONJ. MOVIMENTADOR NEW BV SPEED TURBO PRO 1/2HP FREQUENCY INVERTER BIVOLT SEM ACIONAMENTO;813267;SUPORTE ENCODER;1,0;37,0;37,0;37,0;37,0;38,0;38,0;38,0;38,0;38,0
2008039;CONJ. MOVIMENTADOR NEW BV SPEED TURBO PRO 1/2HP FREQUENCY INVERTER BIVOLT SEM ACIONAMENTO;813522;CHAVETA QUADRADA 8MMX33,4MM;1,0;37,0;37,0;37,0;37,0;38,0;38,0;38,0;38,0;38,0
2008039;CONJ. MOVIMENTADOR NEW BV SPEED TURBO PRO 1/2HP FREQUENCY INVERTER BIVOLT SEM ACIONAMENTO;911124;PLACA REVISADA NOVA CENTRAL INVERSORA;1,0;37,0;37,0;37,0;37,0;38,0;38,0;38,0;38,0;38,0
2001042;CONJ. MOVIMENTADOR TRINO 900 220V 50-60HZ SEM CREMALHEIRA;100802;TRANSMISSOR 433MHZ REMOTE - MODELO: AGL-E2  (DIGITAL KEY 6P20 BLACK);2,0;52,0;52,0;52,0;52,0;52,0;52,0;52,0;52,0;52,0
2001042;CONJ. MOVIMENTADOR TRINO 900 220V 50-60HZ SEM CREMALHEIRA;103064;CONECTOR FÊMEA EC601V-5.08-3P GREEN BAG/BULK (EC601V-5.08-3P);1,0;26,0;26,0;26,0;26,0;26,0;26,0;26,0;26,0;26,0
2001042;CONJ. MOVIMENTADOR TRINO 900 220V 50-60HZ SEM CREMALHEIRA;208003;IMÃ DE FERRITE - B40X20X10MM;2,0;52,0;52,0;52,0;52,0;52,0;52,0;52,0;52,0;52,0
2001042;CONJ. MOVIMENTADOR TRINO 900 220V 50-60HZ SEM CREMALHEIRA;208006;ANEL ENCODER - ROUND MAGNET;1,0;26,0;26,0;26,0;26,0;26,0;26,0;26,0;26,0;26,0
2001042;CONJ. MOVIMENTADOR TRINO 900 220V 50-60HZ SEM CREMALHEIRA;401014;PARAFUSO 2.9 X 6.5 A/A PAN PHS ZI;5,0;130,0;130,0;130,0;130,0;130,0;130,0;130,0;130,0;130,0
2001042;CONJ. MOVIMENTADOR TRINO 900 220V 50-60HZ SEM CREMALHEIRA;401068;ARRUELA LISA 1/4 FE ZI;4,0;104,0;104,0;104,0;104,0;104,0;104,0;104,0;104,0;104,0
2001042;CONJ. MOVIMENTADOR TRINO 900 220V 50-60HZ SEM CREMALHEIRA;401108;PARAFUSO PLASTIC PAN PHS 5 X 25MM ZI;10,0;260,0;260,0;260,0;260,0;260,0;260,0;260,0;260,0;260,0
2001042;CONJ. MOVIMENTADOR TRINO 900 220V 50-60HZ SEM CREMALHEIRA;401143;ABRAÇADEIRA UV PRETA 100 X 2,5;1,0;26,0;26,0;26,0;26,0;26,0;26,0;26,0;26,0;26,0
2001042;CONJ. MOVIMENTADOR TRINO 900 220V 50-60HZ SEM CREMALHEIRA;401156;PARAFUSO MAD SX 1/4 X 70MM ZI;4,0;104,0;104,0;104,0;104,0;104,0;104,0;104,0;104,0;104,0
2001042;CONJ. MOVIMENTADOR TRINO 900 220V 50-60HZ SEM CREMALHEIRA;401163;PARAFUSO PLASTIC PAN PHS 5 X 12MM ZI;2,0;52,0;52,0;52,0;52,0;52,0;52,0;52,0;52,0;52,0
2001042;CONJ. MOVIMENTADOR TRINO 900 220V 50-60HZ SEM CREMALHEIRA;401169;PF JMP PAN PHS 3,5X14MM ZI;2,0;52,0;52,0;52,0;52,0;52,0;52,0;52,0;52,0;52,0
2001042;CONJ. MOVIMENTADOR TRINO 900 220V 50-60HZ SEM CREMALHEIRA;401207;PF A/A JMC DRILL FL PHS C/ SERRILHA PTA BROCA 4,2X13MM ZI;4,0;104,0;104,0;104,0;104,0;104,0;104,0;104,0;104,0;104,0
2001042;CONJ. MOVIMENTADOR TRINO 900 220V 50-60HZ SEM CREMALHEIRA;402012;ANEL ELÁSTICO E-20;3,0;78,0;78,0;78,0;78,0;78,0;78,0;78,0;78,0;78,0
2001042;CONJ. MOVIMENTADOR TRINO 900 220V 50-60HZ SEM CREMALHEIRA;402015;ANEL ELÁSTICO E12;4,0;104,0;104,0;104,0;104,0;104,0;104,0;104,0;104,0;104,0
2001042;CONJ. MOVIMENTADOR TRINO 900 220V 50-60HZ SEM CREMALHEIRA;402019;PINO ELÁSTICO 4 X 24MM;1,0;26,0;26,0;26,0;26,0;26,0;26,0;26,0;26,0;26,0
2001042;CONJ. MOVIMENTADOR TRINO 900 220V 50-60HZ SEM CREMALHEIRA;402028;BUCHA PLASTICA N10;4,0;104,0;104,0;104,0;104,0;104,0;104,0;104,0;104,0;104,0
2001042;CONJ. MOVIMENTADOR TRINO 900 220V 50-60HZ SEM CREMALHEIRA;403032;MOLA DE DESTRAVAMENTO DESLIZANTE;1,0;26,0;26,0;26,0;26,0;26,0;26,0;26,0;26,0;26,0
2001042;CONJ. MOVIMENTADOR TRINO 900 220V 50-60HZ SEM CREMALHEIRA;411017;ROLAMENTOS 6201-08 ZZ C3;2,0;52,0;52,0;52,0;52,0;52,0;52,0;52,0;52,0;52,0
2001042;CONJ. MOVIMENTADOR TRINO 900 220V 50-60HZ SEM CREMALHEIRA;510027;INLUB GRAX MP 2/TI;0,034;0,88;0,88;0,88;0,88;0,88;0,88;0,88;0,88;0,88
2001042;CONJ. MOVIMENTADOR TRINO 900 220V 50-60HZ SEM CREMALHEIRA;512011;CONJUNTO ESTATOR E ROTOR AGL DESL P45 1/2 cv 04 42Z 220V 60Hz;1,0;26,0;26,0;26,0;26,0;26,0;26,0;26,0;26,0;26,0
2001042;CONJ. MOVIMENTADOR TRINO 900 220V 50-60HZ SEM CREMALHEIRA;701154;EIXO MOTOR DESLIZANTE - BRUTO;1,0;26,0;26,0;26,0;26,0;26,0;26,0;26,0;26,0;26,0
2001042;CONJ. MOVIMENTADOR TRINO 900 220V 50-60HZ SEM CREMALHEIRA;802036;PARTE DE FECHADURAS - CILINDRO COM CHAVE PARA MOTOR - CYLINDER;1,0;26,0;26,0;26,0;26,0;26,0;26,0;26,0;26,0;26,0
2001042;CONJ. MOVIMENTADOR TRINO 900 220V 50-60HZ SEM CREMALHEIRA;804247;BASE DA CENTRAL DESLIZANTE;1,0;26,0;26,0;26,0;26,0;26,0;26,0;26,0;26,0;26,0
2001042;CONJ. MOVIMENTADOR TRINO 900 220V 50-60HZ SEM CREMALHEIRA;804248;TAMPA DA CENTRAL DESLIZANTE;1,0;26,0;26,0;26,0;26,0;26,0;26,0;26,0;26,0;26,0
2001042;CONJ. MOVIMENTADOR TRINO 900 220V 50-60HZ SEM CREMALHEIRA;804261;BASE SUPERIOR NYLON DO MOTOR DESLIZANTE C/ ENCODER;1,0;26,0;26,0;26,0;26,0;26,0;26,0;26,0;26,0;26,0
2001042;CONJ. MOVIMENTADOR TRINO 900 220V 50-60HZ SEM CREMALHEIRA;811122;MANUAL P / AUTOMATIZADOR DZ/BV/NEW BV CENTRAL FLEX/LIGHT EM PORTUGUÊS;1,0;26,0;26,0;26,0;26,0;26,0;26,0;26,0;26,0;26,0
2001042;CONJ. MOVIMENTADOR TRINO 900 220V 50-60HZ SEM CREMALHEIRA;811306;ETIQUETA ADES. COUCHE 100MM X 80MM X 01 CAR;1,0;26,0;26,0;26,0;26,0;26,0;26,0;26,0;26,0;26,0
2001042;CONJ. MOVIMENTADOR TRINO 900 220V 50-60HZ SEM CREMALHEIRA;811311;ETIQUETA ADES. BOPP FOSCO C/DFAM 50MM X 25MM X 02 CAR;1,0;26,0;26,0;26,0;26,0;26,0;26,0;26,0;26,0;26,0
2001042;CONJ. MOVIMENTADOR TRINO 900 220V 50-60HZ SEM CREMALHEIRA;811541;SACO PLASTICO TRANSPARENTE 30CM X 15CM;1,0;26,0;26,0;26,0;26,0;26,0;26,0;26,0;26,0;26,0
2001042;CONJ. MOVIMENTADOR TRINO 900 220V 50-60HZ SEM CREMALHEIRA;811921;CAIXA PARDA MOTOR DESLIZANTE AGL ( MEIA ABA REFORÇADA);1,0;26,0;26,0;26,0;26,0;26,0;26,0;26,0;26,0;26,0
2001042;CONJ. MOVIMENTADOR TRINO 900 220V 50-60HZ SEM CREMALHEIRA;813009;ALAVANCA PARA DESTRAVAMENTO MANUAL;1,0;26,0;26,0;26,0;26,0;26,0;26,0;26,0;26,0;26,0
2001042;CONJ. MOVIMENTADOR TRINO 900 220V 50-60HZ SEM CREMALHEIRA;813014;LINGUETA DO CILINDRO DA ALAVANCA DE DESTRAVAMENTO MANUAL DZ ZI;1,0;26,0;26,0;26,0;26,0;26,0;26,0;26,0;26,0;26,0
2001042;CONJ. MOVIMENTADOR TRINO 900 220V 50-60HZ SEM CREMALHEIRA;813024;TAMPA PROTEÇÃO DO MOTOR - PRETA;1,0;26,0;26,0;26,0;26,0;26,0;26,0;26,0;26,0;26,0
2001042;CONJ. MOVIMENTADOR TRINO 900 220V 50-60HZ SEM CREMALHEIRA;813025;VENTOINHA DOS MOTORES;1,0;26,0;26,0;26,0;26,0;26,0;26,0;26,0;26,0;26,0
2001042;CONJ. MOVIMENTADOR TRINO 900 220V 50-60HZ SEM CREMALHEIRA;813037;ENGRENAGEM EXTERNA MOTOR 17 DENTES;1,0;26,0;26,0;26,0;26,0;26,0;26,0;26,0;26,0;26,0
2001042;CONJ. MOVIMENTADOR TRINO 900 220V 50-60HZ SEM CREMALHEIRA;813039;VENEZIANA DOS MOTORES;1,0;26,0;26,0;26,0;26,0;26,0;26,0;26,0;26,0;26,0
2001042;CONJ. MOVIMENTADOR TRINO 900 220V 50-60HZ SEM CREMALHEIRA;813100;ENGRENAGEM INTERNA DE ZAMAC DO DESLIZANTE TRINO 700/900 1 ENTRADA 300/500/SOFT;1,0;26,0;26,0;26,0;26,0;26,0;26,0;26,0;26,0;26,0
2001042;CONJ. MOVIMENTADOR TRINO 900 220V 50-60HZ SEM CREMALHEIRA;813144;SUPORTE DO IMA DE FIM DE CURSO DESLIZANTE;2,0;52,0;52,0;52,0;52,0;52,0;52,0;52,0;52,0;52,0
2001042;CONJ. MOVIMENTADOR TRINO 900 220V 50-60HZ SEM CREMALHEIRA;813151;BASE INFERIOR NYLON MOTORES DESLIZANTES;1,0;26,0;26,0;26,0;26,0;26,0;26,0;26,0;26,0;26,0
2001042;CONJ. MOVIMENTADOR TRINO 900 220V 50-60HZ SEM CREMALHEIRA;813234;CHAVETA 8MMX33,4MM;1,0;26,0;26,0;26,0;26,0;26,0;26,0;26,0;26,0;26,0
2001042;CONJ. MOVIMENTADOR TRINO 900 220V 50-60HZ SEM CREMALHEIRA;813235;BUCHA DO EIXO DESLIZANTE SEXTAVADA;2,0;52,0;52,0;52,0;52,0;52,0;52,0;52,0;52,0;52,0
2001042;CONJ. MOVIMENTADOR TRINO 900 220V 50-60HZ SEM CREMALHEIRA;813237;PINO DESTRAVAMENTO TRINO;1,0;26,0;26,0;26,0;26,0;26,0;26,0;26,0;26,0;26,0
2001042;CONJ. MOVIMENTADOR TRINO 900 220V 50-60HZ SEM CREMALHEIRA;813253;SEM FIM DE 1 ENTRADA AÇO;1,0;26,0;26,0;26,0;26,0;26,0;26,0;26,0;26,0;26,0
2001042;CONJ. MOVIMENTADOR TRINO 900 220V 50-60HZ SEM CREMALHEIRA;813331;SUPORTE DE INSTALAÇÃO DO IMÃ DZ;2,0;52,0;52,0;52,0;52,0;52,0;52,0;52,0;52,0;52,0
2001042;CONJ. MOVIMENTADOR TRINO 900 220V 50-60HZ SEM CREMALHEIRA;813409;TAMPÃO DO ENGRENAGEM EXTERNA MOTORES DZ;1,0;26,0;26,0;26,0;26,0;26,0;26,0;26,0;26,0;26,0
2001042;CONJ. MOVIMENTADOR TRINO 900 220V 50-60HZ SEM CREMALHEIRA;813410;BUCHA DE CENTRAGEM DO EIXO DO ROTOR DZ;1,0;26,0;26,0;26,0;26,0;26,0;26,0;26,0;26,0;26,0
2001042;CONJ. MOVIMENTADOR TRINO 900 220V 50-60HZ SEM CREMALHEIRA;813455;SENSOR DE FIM DE CURSO REED DESLIZANTE;1,0;26,0;26,0;26,0;26,0;26,0;26,0;26,0;26,0;26,0
2001042;CONJ. MOVIMENTADOR TRINO 900 220V 50-60HZ SEM CREMALHEIRA;911080;PLACA REVISADA CENTRAL FLEX;1,0;26,0;26,0;26,0;26,0;26,0;26,0;26,0;26,0;26,0
2001042;CONJ. MOVIMENTADOR TRINO 900 220V 50-60HZ SEM CREMALHEIRA;105069;FITA EMPACT. 50MT X 48MM ACRI;0,02;0,52;0,52;0,52;0,52;0,52;0,52;0,52;0,52;0,52
2001042;CONJ. MOVIMENTADOR TRINO 900 220V 50-60HZ SEM CREMALHEIRA;101306;CAPAC. FIXO C/DIEL. DE POLIP. BIOR. P/MOTORES CMRW CANECA PLASTICA 15uf 250V 50;1,0;26,0;26,0;26,0;26,0;26,0;26,0;26,0;26,0;26,0
2008031;CONJ. MOVIMENTADOR TRINO NEW BV4 SPEED 220V SEM ACIONAMENTO;100802;TRANSMISSOR 433MHZ REMOTE - MODELO: AGL-E2  (DIGITAL KEY 6P20 BLACK);2,0;48,0;48,0;48,0;48,0;48,0;48,0;48,0;48,0;48,0
2008031;CONJ. MOVIMENTADOR TRINO NEW BV4 SPEED 220V SEM ACIONAMENTO;101307;CAPACITOR FIXO C/DIELETRICO DE POLIPROPILENO BIORIENTADO P/MOTORES CMRW CANECA PLASTICA 20uf 250V 50;1,0;24,0;24,0;24,0;24,0;24,0;24,0;24,0;24,0;24,0
2008031;CONJ. MOVIMENTADOR TRINO NEW BV4 SPEED 220V SEM ACIONAMENTO;103064;CONECTOR FÊMEA EC601V-5.08-3P GREEN BAG/BULK (EC601V-5.08-3P);1,0;24,0;24,0;24,0;24,0;24,0;24,0;24,0;24,0;24,0
2008031;CONJ. MOVIMENTADOR TRINO NEW BV4 SPEED 220V SEM ACIONAMENTO;401007;PARAFUSO 4.8 X 13 A/A PN. PH - ZI;4,0;96,0;96,0;96,0;96,0;96,0;96,0;96,0;96,0;96,0
2008031;CONJ. MOVIMENTADOR TRINO NEW BV4 SPEED 220V SEM ACIONAMENTO;401014;PARAFUSO 2.9 X 6.5 A/A PAN PHS ZI;2,0;48,0;48,0;48,0;48,0;48,0;48,0;48,0;48,0;48,0
2008031;CONJ. MOVIMENTADOR TRINO NEW BV4 SPEED 220V SEM ACIONAMENTO;401121;ABRAÇADEIRA UV PRETA 202X3,7;1,0;24,0;24,0;24,0;24,0;24,0;24,0;24,0;24,0;24,0
2008031;CONJ. MOVIMENTADOR TRINO NEW BV4 SPEED 220V SEM ACIONAMENTO;401161;PARAFUSO PAN ZBR P/ CHAVE TORX M5 X 20MM T25;6,0;144,0;144,0;144,0;144,0;144,0;144,0;144,0;144,0;144,0
2008031;CONJ. MOVIMENTADOR TRINO NEW BV4 SPEED 220V SEM ACIONAMENTO;401169;PF JMP PAN PHS 3,5X14MM ZI;4,0;96,0;96,0;96,0;96,0;96,0;96,0;96,0;96,0;96,0
2008031;CONJ. MOVIMENTADOR TRINO NEW BV4 SPEED 220V SEM ACIONAMENTO;401169;PF JMP PAN PHS 3,5X14MM ZI;2,0;48,0;48,0;48,0;48,0;48,0;48,0;48,0;48,0;48,0
2008031;CONJ. MOVIMENTADOR TRINO NEW BV4 SPEED 220V SEM ACIONAMENTO;401208;PA MQ PN HXL T25 TMA 5X12 RI ZB;8,0;192,0;192,0;192,0;192,0;192,0;192,0;192,0;192,0;192,0
2008031;CONJ. MOVIMENTADOR TRINO NEW BV4 SPEED 220V SEM ACIONAMENTO;402012;ANEL ELÁSTICO E-20;3,0;72,0;72,0;72,0;72,0;72,0;72,0;72,0;72,0;72,0
2008031;CONJ. MOVIMENTADOR TRINO NEW BV4 SPEED 220V SEM ACIONAMENTO;402013;RETENTOR GR 20X30X7 TC GTOP;2,0;48,0;48,0;48,0;48,0;48,0;48,0;48,0;48,0;48,0
2008031;CONJ. MOVIMENTADOR TRINO NEW BV4 SPEED 220V SEM ACIONAMENTO;402015;ANEL ELÁSTICO E12;4,0;96,0;96,0;96,0;96,0;96,0;96,0;96,0;96,0;96,0
2008031;CONJ. MOVIMENTADOR TRINO NEW BV4 SPEED 220V SEM ACIONAMENTO;402018;ESPAGUETE LISO 10MMX150MM;0,15;3,6;3,6;3,6;3,6;3,6;3,6;3,6;3,6;3,6
2008031;CONJ. MOVIMENTADOR TRINO NEW BV4 SPEED 220V SEM ACIONAMENTO;402019;PINO ELÁSTICO 4 X 24MM;1,0;24,0;24,0;24,0;24,0;24,0;24,0;24,0;24,0;24,0
2008031;CONJ. MOVIMENTADOR TRINO NEW BV4 SPEED 220V SEM ACIONAMENTO;403047;MOLA DO FREIO MOTOR PIVOTANTE/ NEW BV;1,0;24,0;24,0;24,0;24,0;24,0;24,0;24,0;24,0;24,0
2008031;CONJ. MOVIMENTADOR TRINO NEW BV4 SPEED 220V SEM ACIONAMENTO;411017;ROLAMENTOS 6201-08 ZZ C3;2,0;48,0;48,0;48,0;48,0;48,0;48,0;48,0;48,0;48,0
2008031;CONJ. MOVIMENTADOR TRINO NEW BV4 SPEED 220V SEM ACIONAMENTO;412147;ROTOR AGL NEW BV P28 1/5 cv 04;1,0;24,0;24,0;24,0;24,0;24,0;24,0;24,0;24,0;24,0
2008031;CONJ. MOVIMENTADOR TRINO NEW BV4 SPEED 220V SEM ACIONAMENTO;412155;ESTATOR BOBINADO AGL BV/NEW BV/PIVO P28 1/5 cv 04 42 220V 60Hz;1,0;24,0;24,0;24,0;24,0;24,0;24,0;24,0;24,0;24,0
2008031;CONJ. MOVIMENTADOR TRINO NEW BV4 SPEED 220V SEM ACIONAMENTO;510027;INLUB GRAX MP 2/TI;0,012;0,29;0,29;0,29;0,29;0,29;0,29;0,29;0,29;0,29
2008031;CONJ. MOVIMENTADOR TRINO NEW BV4 SPEED 220V SEM ACIONAMENTO;701155;EIXO PRINCIPAL DO NEW BV - BRUTO;1,0;24,0;24,0;24,0;24,0;24,0;24,0;24,0;24,0;24,0
2008031;CONJ. MOVIMENTADOR TRINO NEW BV4 SPEED 220V SEM ACIONAMENTO;804430;CAPA DO ROLAMENTO DOS MOTORES;2,0;48,0;48,0;48,0;48,0;48,0;48,0;48,0;48,0;48,0
2008031;CONJ. MOVIMENTADOR TRINO NEW BV4 SPEED 220V SEM ACIONAMENTO;811122;MANUAL P / AUTOMATIZADOR DZ/BV/NEW BV CENTRAL FLEX/LIGHT EM PORTUGUÊS;1,0;24,0;24,0;24,0;24,0;24,0;24,0;24,0;24,0;24,0
2008031;CONJ. MOVIMENTADOR TRINO NEW BV4 SPEED 220V SEM ACIONAMENTO;811306;ETIQUETA ADES. COUCHE 100MM X 80MM X 01 CAR;1,0;24,0;24,0;24,0;24,0;24,0;24,0;24,0;24,0;24,0
2008031;CONJ. MOVIMENTADOR TRINO NEW BV4 SPEED 220V SEM ACIONAMENTO;811311;ETIQUETA ADES. BOPP FOSCO C/DFAM 50MM X 25MM X 02 CAR;2,0;48,0;48,0;48,0;48,0;48,0;48,0;48,0;48,0;48,0
2008031;CONJ. MOVIMENTADOR TRINO NEW BV4 SPEED 220V SEM ACIONAMENTO;811775;CAIXA MOTOR BASCULANTE NOVA 23,0 X 16,0 X 24,5;1,0;24,0;24,0;24,0;24,0;24,0;24,0;24,0;24,0;24,0
2008031;CONJ. MOVIMENTADOR TRINO NEW BV4 SPEED 220V SEM ACIONAMENTO;813255;SEM FIM DE DUAS ENTRADAS AÇO DZ/ NEW BV;1,0;24,0;24,0;24,0;24,0;24,0;24,0;24,0;24,0;24,0
2008031;CONJ. MOVIMENTADOR TRINO NEW BV4 SPEED 220V SEM ACIONAMENTO;813256;TAMPA DA CENTRAL NEW BV;1,0;24,0;24,0;24,0;24,0;24,0;24,0;24,0;24,0;24,0
2008031;CONJ. MOVIMENTADOR TRINO NEW BV4 SPEED 220V SEM ACIONAMENTO;813257;BASE CENTRAL NEW BV;1,0;24,0;24,0;24,0;24,0;24,0;24,0;24,0;24,0;24,0
2008031;CONJ. MOVIMENTADOR TRINO NEW BV4 SPEED 220V SEM ACIONAMENTO;813258;CARCAÇA INFERIOR NEW BV SEM FURO ENCODER;1,0;24,0;24,0;24,0;24,0;24,0;24,0;24,0;24,0;24,0
2008031;CONJ. MOVIMENTADOR TRINO NEW BV4 SPEED 220V SEM ACIONAMENTO;813260;CALÇO DO ESTATOR NEW BV;2,0;48,0;48,0;48,0;48,0;48,0;48,0;48,0;48,0;48,0
2008031;CONJ. MOVIMENTADOR TRINO NEW BV4 SPEED 220V SEM ACIONAMENTO;813263;ROLAMENTO PLÁSTICO EIXO ENGRENAGEM;2,0;48,0;48,0;48,0;48,0;48,0;48,0;48,0;48,0;48,0
2008031;CONJ. MOVIMENTADOR TRINO NEW BV4 SPEED 220V SEM ACIONAMENTO;813265;CARCAÇA SUPERIOR NEW BV;1,0;24,0;24,0;24,0;24,0;24,0;24,0;24,0;24,0;24,0
2008031;CONJ. MOVIMENTADOR TRINO NEW BV4 SPEED 220V SEM ACIONAMENTO;813295;ENGRENAGEM 2 ENTRADAS NEW BV SEM IMÃ;1,0;24,0;24,0;24,0;24,0;24,0;24,0;24,0;24,0;24,0
2008031;CONJ. MOVIMENTADOR TRINO NEW BV4 SPEED 220V SEM ACIONAMENTO;813395;PASSA FIO DO NEW BV;1,0;24,0;24,0;24,0;24,0;24,0;24,0;24,0;24,0;24,0
2008031;CONJ. MOVIMENTADOR TRINO NEW BV4 SPEED 220V SEM ACIONAMENTO;813412;DISCO DE FRICÇÃO DE CELEROM Ø20MM;1,0;24,0;24,0;24,0;24,0;24,0;24,0;24,0;24,0;24,0
2008031;CONJ. MOVIMENTADOR TRINO NEW BV4 SPEED 220V SEM ACIONAMENTO;813522;CHAVETA QUADRADA 8MMX33,4MM;1,0;24,0;24,0;24,0;24,0;24,0;24,0;24,0;24,0;24,0
2008031;CONJ. MOVIMENTADOR TRINO NEW BV4 SPEED 220V SEM ACIONAMENTO;813524;COPO DE FREIO PIVOTANTE/ NEW BV SPEED;1,0;24,0;24,0;24,0;24,0;24,0;24,0;24,0;24,0;24,0
2008031;CONJ. MOVIMENTADOR TRINO NEW BV4 SPEED 220V SEM ACIONAMENTO;911080;PLACA REVISADA CENTRAL FLEX;1,0;24,0;24,0;24,0;24,0;24,0;24,0;24,0;24,0;24,0
2001207;CONJ. MOVIMENTADOR TRINO SPEED TURBO PRO 1/4 FREQUENCY INVERTER BIVOLT  50-60HZ ALUMINIUM - SEM CRE;100802;TRANSMISSOR 433MHZ REMOTE - MODELO: AGL-E2  (DIGITAL KEY 6P20 BLACK);2,0;44,0;44,0;44,0;44,0;44,0;54,0;54,0;54,0;54,0
2001207;CONJ. MOVIMENTADOR TRINO SPEED TURBO PRO 1/4 FREQUENCY INVERTER BIVOLT  50-60HZ ALUMINIUM - SEM CRE;103064;CONECTOR FÊMEA EC601V-5.08-3P GREEN BAG/BULK (EC601V-5.08-3P);1,0;22,0;22,0;22,0;22,0;22,0;27,0;27,0;27,0;27,0
2001207;CONJ. MOVIMENTADOR TRINO SPEED TURBO PRO 1/4 FREQUENCY INVERTER BIVOLT  50-60HZ ALUMINIUM - SEM CRE;208003;IMÃ DE FERRITE - B40X20X10MM;2,0;44,0;44,0;44,0;44,0;44,0;54,0;54,0;54,0;54,0
2001207;CONJ. MOVIMENTADOR TRINO SPEED TURBO PRO 1/4 FREQUENCY INVERTER BIVOLT  50-60HZ ALUMINIUM - SEM CRE;401007;PARAFUSO 4.8 X 13 A/A PN. PH - ZI;2,0;44,0;44,0;44,0;44,0;44,0;54,0;54,0;54,0;54,0
2001207;CONJ. MOVIMENTADOR TRINO SPEED TURBO PRO 1/4 FREQUENCY INVERTER BIVOLT  50-60HZ ALUMINIUM - SEM CRE;401014;PARAFUSO 2.9 X 6.5 A/A PAN PHS ZI;5,0;110,0;110,0;110,0;110,0;110,0;135,0;135,0;135,0;135,0
2001207;CONJ. MOVIMENTADOR TRINO SPEED TURBO PRO 1/4 FREQUENCY INVERTER BIVOLT  50-60HZ ALUMINIUM - SEM CRE;401068;ARRUELA LISA 1/4 FE ZI;4,0;88,0;88,0;88,0;88,0;88,0;108,0;108,0;108,0;108,0
2001207;CONJ. MOVIMENTADOR TRINO SPEED TURBO PRO 1/4 FREQUENCY INVERTER BIVOLT  50-60HZ ALUMINIUM - SEM CRE;401108;PARAFUSO PLASTIC PAN PHS 5 X 25MM ZI;4,0;88,0;88,0;88,0;88,0;88,0;108,0;108,0;108,0;108,0
2001207;CONJ. MOVIMENTADOR TRINO SPEED TURBO PRO 1/4 FREQUENCY INVERTER BIVOLT  50-60HZ ALUMINIUM - SEM CRE;401143;ABRAÇADEIRA UV PRETA 100 X 2,5;1,0;22,0;22,0;22,0;22,0;22,0;27,0;27,0;27,0;27,0
2001207;CONJ. MOVIMENTADOR TRINO SPEED TURBO PRO 1/4 FREQUENCY INVERTER BIVOLT  50-60HZ ALUMINIUM - SEM CRE;401156;PARAFUSO MAD SX 1/4 X 70MM ZI;4,0;88,0;88,0;88,0;88,0;88,0;108,0;108,0;108,0;108,0
2001207;CONJ. MOVIMENTADOR TRINO SPEED TURBO PRO 1/4 FREQUENCY INVERTER BIVOLT  50-60HZ ALUMINIUM - SEM CRE;401162;PARAFUSO PAN ZBR P/ CHAVE TORX M5 X 25MM T25;6,0;132,0;132,0;132,0;132,0;132,0;162,0;162,0;162,0;162,0
2001207;CONJ. MOVIMENTADOR TRINO SPEED TURBO PRO 1/4 FREQUENCY INVERTER BIVOLT  50-60HZ ALUMINIUM - SEM CRE;401169;PF JMP PAN PHS 3,5X14MM ZI;2,0;44,0;44,0;44,0;44,0;44,0;54,0;54,0;54,0;54,0
2001207;CONJ. MOVIMENTADOR TRINO SPEED TURBO PRO 1/4 FREQUENCY INVERTER BIVOLT  50-60HZ ALUMINIUM - SEM CRE;401207;PF A/A JMC DRILL FL PHS C/ SERRILHA PTA BROCA 4,2X13MM ZI;4,0;88,0;88,0;88,0;88,0;88,0;108,0;108,0;108,0;108,0
2001207;CONJ. MOVIMENTADOR TRINO SPEED TURBO PRO 1/4 FREQUENCY INVERTER BIVOLT  50-60HZ ALUMINIUM - SEM CRE;402012;ANEL ELÁSTICO E-20;3,0;66,0;66,0;66,0;66,0;66,0;81,0;81,0;81,0;81,0
2001207;CONJ. MOVIMENTADOR TRINO SPEED TURBO PRO 1/4 FREQUENCY INVERTER BIVOLT  50-60HZ ALUMINIUM - SEM CRE;402015;ANEL ELÁSTICO E12;4,0;88,0;88,0;88,0;88,0;88,0;108,0;108,0;108,0;108,0
2001207;CONJ. MOVIMENTADOR TRINO SPEED TURBO PRO 1/4 FREQUENCY INVERTER BIVOLT  50-60HZ ALUMINIUM - SEM CRE;402019;PINO ELÁSTICO 4 X 24MM;1,0;22,0;22,0;22,0;22,0;22,0;27,0;27,0;27,0;27,0
2001207;CONJ. MOVIMENTADOR TRINO SPEED TURBO PRO 1/4 FREQUENCY INVERTER BIVOLT  50-60HZ ALUMINIUM - SEM CRE;402028;BUCHA PLASTICA N10;4,0;88,0;88,0;88,0;88,0;88,0;108,0;108,0;108,0;108,0
2001207;CONJ. MOVIMENTADOR TRINO SPEED TURBO PRO 1/4 FREQUENCY INVERTER BIVOLT  50-60HZ ALUMINIUM - SEM CRE;403032;MOLA DE DESTRAVAMENTO DESLIZANTE;1,0;22,0;22,0;22,0;22,0;22,0;27,0;27,0;27,0;27,0
2001207;CONJ. MOVIMENTADOR TRINO SPEED TURBO PRO 1/4 FREQUENCY INVERTER BIVOLT  50-60HZ ALUMINIUM - SEM CRE;510027;INLUB GRAX MP 2/TI;0,034;0,75;0,75;0,75;0,75;0,75;0,92;0,92;0,92;0,92
2001207;CONJ. MOVIMENTADOR TRINO SPEED TURBO PRO 1/4 FREQUENCY INVERTER BIVOLT  50-60HZ ALUMINIUM - SEM CRE;512028;CONJUNTO ESTATOR E ROTOR AGL DESL  P24 1/4 CV 4P 3F 110V 60HZ;1,0;22,0;22,0;22,0;22,0;22,0;27,0;27,0;27,0;27,0
2001207;CONJ. MOVIMENTADOR TRINO SPEED TURBO PRO 1/4 FREQUENCY INVERTER BIVOLT  50-60HZ ALUMINIUM - SEM CRE;701154;EIXO MOTOR DESLIZANTE - BRUTO;1,0;22,0;22,0;22,0;22,0;22,0;27,0;27,0;27,0;27,0
2001207;CONJ. MOVIMENTADOR TRINO SPEED TURBO PRO 1/4 FREQUENCY INVERTER BIVOLT  50-60HZ ALUMINIUM - SEM CRE;802036;PARTE DE FECHADURAS - CILINDRO COM CHAVE PARA MOTOR - CYLINDER;1,0;22,0;22,0;22,0;22,0;22,0;27,0;27,0;27,0;27,0
2001207;CONJ. MOVIMENTADOR TRINO SPEED TURBO PRO 1/4 FREQUENCY INVERTER BIVOLT  50-60HZ ALUMINIUM - SEM CRE;804261;BASE SUPERIOR NYLON DO MOTOR DESLIZANTE C/ ENCODER;1,0;22,0;22,0;22,0;22,0;22,0;27,0;27,0;27,0;27,0
2001207;CONJ. MOVIMENTADOR TRINO SPEED TURBO PRO 1/4 FREQUENCY INVERTER BIVOLT  50-60HZ ALUMINIUM - SEM CRE;804426;TAMPA DA CENTRAL DESLIZANTE INVERTER;1,0;22,0;22,0;22,0;22,0;22,0;27,0;27,0;27,0;27,0
2001207;CONJ. MOVIMENTADOR TRINO SPEED TURBO PRO 1/4 FREQUENCY INVERTER BIVOLT  50-60HZ ALUMINIUM - SEM CRE;811106;MANUAL DE INSTALAÇÃO LINHA DESLIZANTE TURBO SEM LOGO PORTUGUÊS (CENTRAL NEW INVERTER);1,0;22,0;22,0;22,0;22,0;22,0;27,0;27,0;27,0;27,0
2001207;CONJ. MOVIMENTADOR TRINO SPEED TURBO PRO 1/4 FREQUENCY INVERTER BIVOLT  50-60HZ ALUMINIUM - SEM CRE;811306;ETIQUETA ADES. COUCHE 100MM X 80MM X 01 CAR;1,0;22,0;22,0;22,0;22,0;22,0;27,0;27,0;27,0;27,0
2001207;CONJ. MOVIMENTADOR TRINO SPEED TURBO PRO 1/4 FREQUENCY INVERTER BIVOLT  50-60HZ ALUMINIUM - SEM CRE;811311;ETIQUETA ADES. BOPP FOSCO C/DFAM 50MM X 25MM X 02 CAR;1,0;22,0;22,0;22,0;22,0;22,0;27,0;27,0;27,0;27,0
2001207;CONJ. MOVIMENTADOR TRINO SPEED TURBO PRO 1/4 FREQUENCY INVERTER BIVOLT  50-60HZ ALUMINIUM - SEM CRE;811541;SACO PLASTICO TRANSPARENTE 30CM X 15CM;1,0;22,0;22,0;22,0;22,0;22,0;27,0;27,0;27,0;27,0
2001207;CONJ. MOVIMENTADOR TRINO SPEED TURBO PRO 1/4 FREQUENCY INVERTER BIVOLT  50-60HZ ALUMINIUM - SEM CRE;811921;CAIXA PARDA MOTOR DESLIZANTE AGL ( MEIA ABA REFORÇADA);1,0;22,0;22,0;22,0;22,0;22,0;27,0;27,0;27,0;27,0
2001207;CONJ. MOVIMENTADOR TRINO SPEED TURBO PRO 1/4 FREQUENCY INVERTER BIVOLT  50-60HZ ALUMINIUM - SEM CRE;813009;ALAVANCA PARA DESTRAVAMENTO MANUAL;1,0;22,0;22,0;22,0;22,0;22,0;27,0;27,0;27,0;27,0
2001207;CONJ. MOVIMENTADOR TRINO SPEED TURBO PRO 1/4 FREQUENCY INVERTER BIVOLT  50-60HZ ALUMINIUM - SEM CRE;813014;LINGUETA DO CILINDRO DA ALAVANCA DE DESTRAVAMENTO MANUAL DZ ZI;1,0;22,0;22,0;22,0;22,0;22,0;27,0;27,0;27,0;27,0
2001207;CONJ. MOVIMENTADOR TRINO SPEED TURBO PRO 1/4 FREQUENCY INVERTER BIVOLT  50-60HZ ALUMINIUM - SEM CRE;813025;VENTOINHA DOS MOTORES;1,0;22,0;22,0;22,0;22,0;22,0;27,0;27,0;27,0;27,0
2001207;CONJ. MOVIMENTADOR TRINO SPEED TURBO PRO 1/4 FREQUENCY INVERTER BIVOLT  50-60HZ ALUMINIUM - SEM CRE;813036;TAMPA PROTEÇÃO DO MOTOR - CINZA;1,0;22,0;22,0;22,0;22,0;22,0;27,0;27,0;27,0;27,0
2001207;CONJ. MOVIMENTADOR TRINO SPEED TURBO PRO 1/4 FREQUENCY INVERTER BIVOLT  50-60HZ ALUMINIUM - SEM CRE;813037;ENGRENAGEM EXTERNA MOTOR 17 DENTES;1,0;22,0;22,0;22,0;22,0;22,0;27,0;27,0;27,0;27,0
2001207;CONJ. MOVIMENTADOR TRINO SPEED TURBO PRO 1/4 FREQUENCY INVERTER BIVOLT  50-60HZ ALUMINIUM - SEM CRE;813039;VENEZIANA DOS MOTORES;1,0;22,0;22,0;22,0;22,0;22,0;27,0;27,0;27,0;27,0
2001207;CONJ. MOVIMENTADOR TRINO SPEED TURBO PRO 1/4 FREQUENCY INVERTER BIVOLT  50-60HZ ALUMINIUM - SEM CRE;813094;ENGRENAGEM INTERNA DE 1 ENTRADA DZ E NEWBV;1,0;22,0;22,0;22,0;22,0;22,0;27,0;27,0;27,0;27,0
2001207;CONJ. MOVIMENTADOR TRINO SPEED TURBO PRO 1/4 FREQUENCY INVERTER BIVOLT  50-60HZ ALUMINIUM - SEM CRE;813144;SUPORTE DO IMA DE FIM DE CURSO DESLIZANTE;2,0;44,0;44,0;44,0;44,0;44,0;54,0;54,0;54,0;54,0
2001207;CONJ. MOVIMENTADOR TRINO SPEED TURBO PRO 1/4 FREQUENCY INVERTER BIVOLT  50-60HZ ALUMINIUM - SEM CRE;813152;BASE DA CENTRAL DESLIZANTE INVERTER;1,0;22,0;22,0;22,0;22,0;22,0;27,0;27,0;27,0;27,0
2001207;CONJ. MOVIMENTADOR TRINO SPEED TURBO PRO 1/4 FREQUENCY INVERTER BIVOLT  50-60HZ ALUMINIUM - SEM CRE;813173;ARRUELA 1,2MM EIXO DESLIZANTE;1,0;22,0;22,0;22,0;22,0;22,0;27,0;27,0;27,0;27,0
2001207;CONJ. MOVIMENTADOR TRINO SPEED TURBO PRO 1/4 FREQUENCY INVERTER BIVOLT  50-60HZ ALUMINIUM - SEM CRE;813199;BASE DE ALUMÍNIO MOTORES DESLIZANTES;1,0;22,0;22,0;22,0;22,0;22,0;27,0;27,0;27,0;27,0
2001207;CONJ. MOVIMENTADOR TRINO SPEED TURBO PRO 1/4 FREQUENCY INVERTER BIVOLT  50-60HZ ALUMINIUM - SEM CRE;813235;BUCHA DO EIXO DESLIZANTE SEXTAVADA;2,0;44,0;44,0;44,0;44,0;44,0;54,0;54,0;54,0;54,0
2001207;CONJ. MOVIMENTADOR TRINO SPEED TURBO PRO 1/4 FREQUENCY INVERTER BIVOLT  50-60HZ ALUMINIUM - SEM CRE;813237;PINO DESTRAVAMENTO TRINO;1,0;22,0;22,0;22,0;22,0;22,0;27,0;27,0;27,0;27,0
2001207;CONJ. MOVIMENTADOR TRINO SPEED TURBO PRO 1/4 FREQUENCY INVERTER BIVOLT  50-60HZ ALUMINIUM - SEM CRE;813253;SEM FIM DE 1 ENTRADA AÇO;1,0;22,0;22,0;22,0;22,0;22,0;27,0;27,0;27,0;27,0
2001207;CONJ. MOVIMENTADOR TRINO SPEED TURBO PRO 1/4 FREQUENCY INVERTER BIVOLT  50-60HZ ALUMINIUM - SEM CRE;813331;SUPORTE DE INSTALAÇÃO DO IMÃ DZ;2,0;44,0;44,0;44,0;44,0;44,0;54,0;54,0;54,0;54,0
2001207;CONJ. MOVIMENTADOR TRINO SPEED TURBO PRO 1/4 FREQUENCY INVERTER BIVOLT  50-60HZ ALUMINIUM - SEM CRE;813409;TAMPÃO DO ENGRENAGEM EXTERNA MOTORES DZ;1,0;22,0;22,0;22,0;22,0;22,0;27,0;27,0;27,0;27,0
2001207;CONJ. MOVIMENTADOR TRINO SPEED TURBO PRO 1/4 FREQUENCY INVERTER BIVOLT  50-60HZ ALUMINIUM - SEM CRE;813410;BUCHA DE CENTRAGEM DO EIXO DO ROTOR DZ;1,0;22,0;22,0;22,0;22,0;22,0;27,0;27,0;27,0;27,0
2001207;CONJ. MOVIMENTADOR TRINO SPEED TURBO PRO 1/4 FREQUENCY INVERTER BIVOLT  50-60HZ ALUMINIUM - SEM CRE;813455;SENSOR DE FIM DE CURSO REED DESLIZANTE;1,0;22,0;22,0;22,0;22,0;22,0;27,0;27,0;27,0;27,0
2001207;CONJ. MOVIMENTADOR TRINO SPEED TURBO PRO 1/4 FREQUENCY INVERTER BIVOLT  50-60HZ ALUMINIUM - SEM CRE;813522;CHAVETA QUADRADA 8MMX33,4MM;1,0;22,0;22,0;22,0;22,0;22,0;27,0;27,0;27,0;27,0
2001207;CONJ. MOVIMENTADOR TRINO SPEED TURBO PRO 1/4 FREQUENCY INVERTER BIVOLT  50-60HZ ALUMINIUM - SEM CRE;911124;PLACA REVISADA NOVA CENTRAL INVERSORA;1,0;22,0;22,0;22,0;22,0;22,0;27,0;27,0;27,0;27,0
2001207;CONJ. MOVIMENTADOR TRINO SPEED TURBO PRO 1/4 FREQUENCY INVERTER BIVOLT  50-60HZ ALUMINIUM - SEM CRE;105069;FITA EMPACT. 50MT X 48MM ACRI;0,02;0,44;0,44;0,44;0,44;0,44;0,54;0,54;0,54;0,54
2006149;CONJ. MOVIMENTADOR INTELIGENTE - IZZY 300 127V 50-60HZ LOG;100802;TRANSMISSOR 433MHZ REMOTE - MODELO: AGL-E2  (DIGITAL KEY 6P20 BLACK);2,0;40,0;40,0;40,0;40,0;40,0;40,0;40,0;40,0;40,0
2006149;CONJ. MOVIMENTADOR INTELIGENTE - IZZY 300 127V 50-60HZ LOG;101309;CAPACITOR FIXO C/DIELETRICO DE POLIPROPILENO BIORIENTADO P/MOTORES CMRW CANECA PLASTICA 30UF 250V 50;1,0;20,0;20,0;20,0;20,0;20,0;20,0;20,0;20,0;20,0
2006149;CONJ. MOVIMENTADOR INTELIGENTE - IZZY 300 127V 50-60HZ LOG;101553;SENSOR EFEITO HALL AH3781-P-B 0,30W HALL LATCH SWITCH SIP-3 BULK (AH3781-P-B);1,0;20,0;20,0;20,0;20,0;20,0;20,0;20,0;20,0;20,0
2006149;CONJ. MOVIMENTADOR INTELIGENTE - IZZY 300 127V 50-60HZ LOG;103064;CONECTOR FÊMEA EC601V-5.08-3P GREEN BAG/BULK (EC601V-5.08-3P);1,0;20,0;20,0;20,0;20,0;20,0;20,0;20,0;20,0;20,0
2006149;CONJ. MOVIMENTADOR INTELIGENTE - IZZY 300 127V 50-60HZ LOG;103130;CABO CONECTOR TERMINAL WHITE WIRE BLK-PH-3P L180 BOX (BLK-PH-3P L180);1,0;20,0;20,0;20,0;20,0;20,0;20,0;20,0;20,0;20,0
2006149;CONJ. MOVIMENTADOR INTELIGENTE - IZZY 300 127V 50-60HZ LOG;201125;GRAMPO 35/18 UNIDADE;4,0;80,0;80,0;80,0;80,0;80,0;80,0;80,0;80,0;80,0
2006149;CONJ. MOVIMENTADOR INTELIGENTE - IZZY 300 127V 50-60HZ LOG;208003;IMÃ DE FERRITE - B40X20X10MM;2,0;40,0;40,0;40,0;40,0;40,0;40,0;40,0;40,0;40,0
2006149;CONJ. MOVIMENTADOR INTELIGENTE - IZZY 300 127V 50-60HZ LOG;208006;ANEL ENCODER - ROUND MAGNET;1,0;20,0;20,0;20,0;20,0;20,0;20,0;20,0;20,0;20,0
2006149;CONJ. MOVIMENTADOR INTELIGENTE - IZZY 300 127V 50-60HZ LOG;401068;ARRUELA LISA 1/4 FE ZI;4,0;80,0;80,0;80,0;80,0;80,0;80,0;80,0;80,0;80,0
2006149;CONJ. MOVIMENTADOR INTELIGENTE - IZZY 300 127V 50-60HZ LOG;401108;PARAFUSO PLASTIC PAN PHS 5 X 25MM ZI;10,0;200,0;200,0;200,0;200,0;200,0;200,0;200,0;200,0;200,0
2006149;CONJ. MOVIMENTADOR INTELIGENTE - IZZY 300 127V 50-60HZ LOG;401121;ABRAÇADEIRA UV PRETA 202X3,7;1,0;20,0;20,0;20,0;20,0;20,0;20,0;20,0;20,0;20,0
2006149;CONJ. MOVIMENTADOR INTELIGENTE - IZZY 300 127V 50-60HZ LOG;401156;PARAFUSO MAD SX 1/4 X 70MM ZI;4,0;80,0;80,0;80,0;80,0;80,0;80,0;80,0;80,0;80,0
2006149;CONJ. MOVIMENTADOR INTELIGENTE - IZZY 300 127V 50-60HZ LOG;401163;PARAFUSO PLASTIC PAN PHS 5 X 12MM ZI;2,0;40,0;40,0;40,0;40,0;40,0;40,0;40,0;40,0;40,0
2006149;CONJ. MOVIMENTADOR INTELIGENTE - IZZY 300 127V 50-60HZ LOG;401169;PF JMP PAN PHS 3,5X14MM ZI;2,0;40,0;40,0;40,0;40,0;40,0;40,0;40,0;40,0;40,0
2006149;CONJ. MOVIMENTADOR INTELIGENTE - IZZY 300 127V 50-60HZ LOG;401207;PF A/A JMC DRILL FL PHS C/ SERRILHA PTA BROCA 4,2X13MM ZI;4,0;80,0;80,0;80,0;80,0;80,0;80,0;80,0;80,0;80,0
2006149;CONJ. MOVIMENTADOR INTELIGENTE - IZZY 300 127V 50-60HZ LOG;401260;PARAFUSO MQ PN HXL T25 TMA 5X45 PS 30 ZB (ROSCA COMPLETA);1,0;20,0;20,0;20,0;20,0;20,0;20,0;20,0;20,0;20,0
2006149;CONJ. MOVIMENTADOR INTELIGENTE - IZZY 300 127V 50-60HZ LOG;402019;PINO ELÁSTICO 4 X 24MM;2,0;40,0;40,0;40,0;40,0;40,0;40,0;40,0;40,0;40,0
2006149;CONJ. MOVIMENTADOR INTELIGENTE - IZZY 300 127V 50-60HZ LOG;402028;BUCHA PLASTICA N10;4,0;80,0;80,0;80,0;80,0;80,0;80,0;80,0;80,0;80,0
2006149;CONJ. MOVIMENTADOR INTELIGENTE - IZZY 300 127V 50-60HZ LOG;403032;MOLA DE DESTRAVAMENTO DESLIZANTE;1,0;20,0;20,0;20,0;20,0;20,0;20,0;20,0;20,0;20,0
2006149;CONJ. MOVIMENTADOR INTELIGENTE - IZZY 300 127V 50-60HZ LOG;510027;INLUB GRAX MP 2/TI;0,034;0,68;0,68;0,68;0,68;0,68;0,68;0,68;0,68;0,68
2006149;CONJ. MOVIMENTADOR INTELIGENTE - IZZY 300 127V 50-60HZ LOG;512001;CONJUNTO ESTATOR E ROTOR AGL DESL P17 1/7 cv 04 42Z 127V 60HZ;1,0;20,0;20,0;20,0;20,0;20,0;20,0;20,0;20,0;20,0
2006149;CONJ. MOVIMENTADOR INTELIGENTE - IZZY 300 127V 50-60HZ LOG;801132;ARGOLA DA CHAVE;1,0;20,0;20,0;20,0;20,0;20,0;20,0;20,0;20,0;20,0
2006149;CONJ. MOVIMENTADOR INTELIGENTE - IZZY 300 127V 50-60HZ LOG;804247;BASE DA CENTRAL DESLIZANTE;1,0;20,0;20,0;20,0;20,0;20,0;20,0;20,0;20,0;20,0
2006149;CONJ. MOVIMENTADOR INTELIGENTE - IZZY 300 127V 50-60HZ LOG;804248;TAMPA DA CENTRAL DESLIZANTE;1,0;20,0;20,0;20,0;20,0;20,0;20,0;20,0;20,0;20,0
2006149;CONJ. MOVIMENTADOR INTELIGENTE - IZZY 300 127V 50-60HZ LOG;804540;BASE SUPERIOR PP DO MOTOR DESLIZANTE;1,0;20,0;20,0;20,0;20,0;20,0;20,0;20,0;20,0;20,0
2006149;CONJ. MOVIMENTADOR INTELIGENTE - IZZY 300 127V 50-60HZ LOG;804542;BASE INFERIOR PP MOTORES DESLIZANTES;1,0;20,0;20,0;20,0;20,0;20,0;20,0;20,0;20,0;20,0
2006149;CONJ. MOVIMENTADOR INTELIGENTE - IZZY 300 127V 50-60HZ LOG;811040;MANUAL DE INSTALAÇÃO LINHA IZZY QR CODE BILINGUE;1,0;20,0;20,0;20,0;20,0;20,0;20,0;20,0;20,0;20,0
2006149;CONJ. MOVIMENTADOR INTELIGENTE - IZZY 300 127V 50-60HZ LOG;811104;GABARITO DE INSTALAÇÃO LINHA TRINO;1,0;20,0;20,0;20,0;20,0;20,0;20,0;20,0;20,0;20,0
2006149;CONJ. MOVIMENTADOR INTELIGENTE - IZZY 300 127V 50-60HZ LOG;811306;ETIQUETA ADES. COUCHE 100MM X 80MM X 01 CAR;1,0;20,0;20,0;20,0;20,0;20,0;20,0;20,0;20,0;20,0
2006149;CONJ. MOVIMENTADOR INTELIGENTE - IZZY 300 127V 50-60HZ LOG;811311;ETIQUETA ADES. BOPP FOSCO C/DFAM 50MM X 25MM X 02 CAR;1,0;20,0;20,0;20,0;20,0;20,0;20,0;20,0;20,0;20,0
2006149;CONJ. MOVIMENTADOR INTELIGENTE - IZZY 300 127V 50-60HZ LOG;811541;SACO PLASTICO TRANSPARENTE 30CM X 15CM;1,0;20,0;20,0;20,0;20,0;20,0;20,0;20,0;20,0;20,0
2006149;CONJ. MOVIMENTADOR INTELIGENTE - IZZY 300 127V 50-60HZ LOG;811913;CAIXA MOTOR TRINO LOG (CREMALHEIRA EMBARCADA);1,0;20,0;20,0;20,0;20,0;20,0;20,0;20,0;20,0;20,0
2006149;CONJ. MOVIMENTADOR INTELIGENTE - IZZY 300 127V 50-60HZ LOG;811914;DIVISÓRIA DE PAPELÃO DA CAIXA TRINO LOG;1,0;20,0;20,0;20,0;20,0;20,0;20,0;20,0;20,0;20,0
2006149;CONJ. MOVIMENTADOR INTELIGENTE - IZZY 300 127V 50-60HZ LOG;813009;ALAVANCA PARA DESTRAVAMENTO MANUAL;1,0;20,0;20,0;20,0;20,0;20,0;20,0;20,0;20,0;20,0
2006149;CONJ. MOVIMENTADOR INTELIGENTE - IZZY 300 127V 50-60HZ LOG;813014;LINGUETA DO CILINDRO DA ALAVANCA DE DESTRAVAMENTO MANUAL DZ ZI;1,0;20,0;20,0;20,0;20,0;20,0;20,0;20,0;20,0;20,0
2006149;CONJ. MOVIMENTADOR INTELIGENTE - IZZY 300 127V 50-60HZ LOG;813096;ENGRENAGEM EXTERNA 17D PARA EIXO ESTAMPADO TRINO LIGHT/300;1,0;20,0;20,0;20,0;20,0;20,0;20,0;20,0;20,0;20,0
2006149;CONJ. MOVIMENTADOR INTELIGENTE - IZZY 300 127V 50-60HZ LOG;813144;SUPORTE DO IMA DE FIM DE CURSO DESLIZANTE;2,0;40,0;40,0;40,0;40,0;40,0;40,0;40,0;40,0;40,0
2006149;CONJ. MOVIMENTADOR INTELIGENTE - IZZY 300 127V 50-60HZ LOG;813173;ARRUELA 1,2MM EIXO DESLIZANTE;2,0;40,0;40,0;40,0;40,0;40,0;40,0;40,0;40,0;40,0
2006149;CONJ. MOVIMENTADOR INTELIGENTE - IZZY 300 127V 50-60HZ LOG;813235;BUCHA DO EIXO DESLIZANTE SEXTAVADA;2,0;40,0;40,0;40,0;40,0;40,0;40,0;40,0;40,0;40,0
2006149;CONJ. MOVIMENTADOR INTELIGENTE - IZZY 300 127V 50-60HZ LOG;813237;PINO DESTRAVAMENTO TRINO;1,0;20,0;20,0;20,0;20,0;20,0;20,0;20,0;20,0;20,0
2006149;CONJ. MOVIMENTADOR INTELIGENTE - IZZY 300 127V 50-60HZ LOG;813248;TAMPA PROTEÇÃO DO MOTOR - GRAFITE;1,0;20,0;20,0;20,0;20,0;20,0;20,0;20,0;20,0;20,0
2006149;CONJ. MOVIMENTADOR INTELIGENTE - IZZY 300 127V 50-60HZ LOG;813249;CILINDRO MOTOR DESLIZANTE NYLON;1,0;20,0;20,0;20,0;20,0;20,0;20,0;20,0;20,0;20,0
2006149;CONJ. MOVIMENTADOR INTELIGENTE - IZZY 300 127V 50-60HZ LOG;813250;CHAVE CILINDRO MOTOR DESLIZANTE NYLON (MODELO NOVO);2,0;40,0;40,0;40,0;40,0;40,0;40,0;40,0;40,0;40,0
2006149;CONJ. MOVIMENTADOR INTELIGENTE - IZZY 300 127V 50-60HZ LOG;813251;SEM FIM DE UMA ENTRADA ALUMÍNIO TR LIGTH/ TR300/ TR500;1,0;20,0;20,0;20,0;20,0;20,0;20,0;20,0;20,0;20,0
2006149;CONJ. MOVIMENTADOR INTELIGENTE - IZZY 300 127V 50-60HZ LOG;813289;ENGRENAGEM INTERNA DE 1 ENTRADA DZ E NEWBV SEM IMÃ;2,0;40,0;40,0;40,0;40,0;40,0;40,0;40,0;40,0;40,0
2006149;CONJ. MOVIMENTADOR INTELIGENTE - IZZY 300 127V 50-60HZ LOG;813293;MIOLO DO CILINDRO NYLON MOTOR DESLIZANTE;1,0;20,0;20,0;20,0;20,0;20,0;20,0;20,0;20,0;20,0
2006149;CONJ. MOVIMENTADOR INTELIGENTE - IZZY 300 127V 50-60HZ LOG;813294;PORCA DO CILINDRO NYLON MOTOR DESLIZANTE;1,0;20,0;20,0;20,0;20,0;20,0;20,0;20,0;20,0;20,0
2006149;CONJ. MOVIMENTADOR INTELIGENTE - IZZY 300 127V 50-60HZ LOG;813331;SUPORTE DE INSTALAÇÃO DO IMÃ DZ;2,0;40,0;40,0;40,0;40,0;40,0;40,0;40,0;40,0;40,0
2006149;CONJ. MOVIMENTADOR INTELIGENTE - IZZY 300 127V 50-60HZ LOG;813409;TAMPÃO DO ENGRENAGEM EXTERNA MOTORES DZ;1,0;20,0;20,0;20,0;20,0;20,0;20,0;20,0;20,0;20,0
2006149;CONJ. MOVIMENTADOR INTELIGENTE - IZZY 300 127V 50-60HZ LOG;813410;BUCHA DE CENTRAGEM DO EIXO DO ROTOR DZ;1,0;20,0;20,0;20,0;20,0;20,0;20,0;20,0;20,0;20,0
2006149;CONJ. MOVIMENTADOR INTELIGENTE - IZZY 300 127V 50-60HZ LOG;813455;SENSOR DE FIM DE CURSO REED DESLIZANTE;1,0;20,0;20,0;20,0;20,0;20,0;20,0;20,0;20,0;20,0
2006149;CONJ. MOVIMENTADOR INTELIGENTE - IZZY 300 127V 50-60HZ LOG;813507;CASE DE PROTEÇÃO DO MÓDULO WIFI IZZY;1,0;20,0;20,0;20,0;20,0;20,0;20,0;20,0;20,0;20,0
2006149;CONJ. MOVIMENTADOR INTELIGENTE - IZZY 300 127V 50-60HZ LOG;813508;SUPORTE DO ENCODER INDUSTRIAL/DZ 300 SEM TAMPA;1,0;20,0;20,0;20,0;20,0;20,0;20,0;20,0;20,0;20,0
2006149;CONJ. MOVIMENTADOR INTELIGENTE - IZZY 300 127V 50-60HZ LOG;813509;TAMPA DO ENCODER INDUSTRIAL/DZ 300;1,0;20,0;20,0;20,0;20,0;20,0;20,0;20,0;20,0;20,0
2006149;CONJ. MOVIMENTADOR INTELIGENTE - IZZY 300 127V 50-60HZ LOG;813522;CHAVETA QUADRADA 8MMX33,4MM;1,0;20,0;20,0;20,0;20,0;20,0;20,0;20,0;20,0;20,0
2006149;CONJ. MOVIMENTADOR INTELIGENTE - IZZY 300 127V 50-60HZ LOG;813525;EIXO ESTAMPADO PARA MOTOR TRINO LIGHT/300 - ZINCADO;1,0;20,0;20,0;20,0;20,0;20,0;20,0;20,0;20,0;20,0
2006149;CONJ. MOVIMENTADOR INTELIGENTE - IZZY 300 127V 50-60HZ LOG;813527;COPO DO PINO ELÁSTICO DO EIXO ESTAMPADO;1,0;20,0;20,0;20,0;20,0;20,0;20,0;20,0;20,0;20,0
2006149;CONJ. MOVIMENTADOR INTELIGENTE - IZZY 300 127V 50-60HZ LOG;813528;DISCO DO ENCODER DZ (LADO MACHO);1,0;20,0;20,0;20,0;20,0;20,0;20,0;20,0;20,0;20,0
2006149;CONJ. MOVIMENTADOR INTELIGENTE - IZZY 300 127V 50-60HZ LOG;813529;DISCO DO ENCODER DZ (LADO FÊMEA);1,0;20,0;20,0;20,0;20,0;20,0;20,0;20,0;20,0;20,0
2006149;CONJ. MOVIMENTADOR INTELIGENTE - IZZY 300 127V 50-60HZ LOG;816565;CREMALHEIRA PERFIL AÇO GOMO DE PLÁSTICO 0,25M;12,0;240,0;240,0;240,0;240,0;240,0;240,0;240,0;240,0;240,0
2006149;CONJ. MOVIMENTADOR INTELIGENTE - IZZY 300 127V 50-60HZ LOG;911079;PLACA REVISADA DO MODULO WIFI/BLUETOOTH CENTRAL IZZY;1,0;20,0;20,0;20,0;20,0;20,0;20,0;20,0;20,0;20,0
2006149;CONJ. MOVIMENTADOR INTELIGENTE - IZZY 300 127V 50-60HZ LOG;911127;PLACA REVISADA NOVA CENTRAL IZZY;1,0;20,0;20,0;20,0;20,0;20,0;20,0;20,0;20,0;20,0
2007092;CONJUNTO MOVIMENTADOR TRINO PIVÔ 4 220V SEM ACIONAMENTO;813515;CALÇO DO ESTATOR P28 BV/PIVO;2,0;28,0;28,0;28,0;28,0;38,0;38,0;38,0;38,0;38,0
2007092;CONJUNTO MOVIMENTADOR TRINO PIVÔ 4 220V SEM ACIONAMENTO;103064;CONECTOR FÊMEA EC601V-5.08-3P GREEN BAG/BULK (EC601V-5.08-3P);1,0;14,0;14,0;14,0;14,0;19,0;19,0;19,0;19,0;19,0
2007092;CONJUNTO MOVIMENTADOR TRINO PIVÔ 4 220V SEM ACIONAMENTO;201125;GRAMPO 35/18 UNIDADE;6,0;84,0;84,0;84,0;84,0;114,0;114,0;114,0;114,0;114,0
2007092;CONJUNTO MOVIMENTADOR TRINO PIVÔ 4 220V SEM ACIONAMENTO;401014;PARAFUSO 2.9 X 6.5 A/A PAN PHS ZI;2,0;28,0;28,0;28,0;28,0;38,0;38,0;38,0;38,0;38,0
2007092;CONJUNTO MOVIMENTADOR TRINO PIVÔ 4 220V SEM ACIONAMENTO;401031;ARRUELA LISA M6;8,0;112,0;112,0;112,0;112,0;152,0;152,0;152,0;152,0;152,0
2007092;CONJUNTO MOVIMENTADOR TRINO PIVÔ 4 220V SEM ACIONAMENTO;401095;PARAFUSO MET SXT RI M6-1.00MA X 20 ZI;8,0;112,0;112,0;112,0;112,0;152,0;152,0;152,0;152,0;152,0
2007092;CONJUNTO MOVIMENTADOR TRINO PIVÔ 4 220V SEM ACIONAMENTO;401134;PARAFUSO PAN CRUZ 3,5MMX27MM (FABR. AGL) - ZINCADO (PROD);2,0;28,0;28,0;28,0;28,0;38,0;38,0;38,0;38,0;38,0
2007092;CONJUNTO MOVIMENTADOR TRINO PIVÔ 4 220V SEM ACIONAMENTO;401160;PARAFUSO MQ HXL M5 X 16MM RI T25 ZBR;6,0;84,0;84,0;84,0;84,0;114,0;114,0;114,0;114,0;114,0
2007092;CONJUNTO MOVIMENTADOR TRINO PIVÔ 4 220V SEM ACIONAMENTO;401198;PARAFUSO PLASTIC PAN PHILLIPS 4 X 10 ZB - ZINCADO;4,0;56,0;56,0;56,0;56,0;76,0;76,0;76,0;76,0;76,0
2007092;CONJUNTO MOVIMENTADOR TRINO PIVÔ 4 220V SEM ACIONAMENTO;402012;ANEL ELÁSTICO E-20;2,0;28,0;28,0;28,0;28,0;38,0;38,0;38,0;38,0;38,0
2007092;CONJUNTO MOVIMENTADOR TRINO PIVÔ 4 220V SEM ACIONAMENTO;402015;ANEL ELÁSTICO E12;1,0;14,0;14,0;14,0;14,0;19,0;19,0;19,0;19,0;19,0
2007092;CONJUNTO MOVIMENTADOR TRINO PIVÔ 4 220V SEM ACIONAMENTO;402018;ESPAGUETE LISO 10MMX150MM;0,15;2,1;2,1;2,1;2,1;2,85;2,85;2,85;2,85;2,85
2007092;CONJUNTO MOVIMENTADOR TRINO PIVÔ 4 220V SEM ACIONAMENTO;402036;BUCHA PLASTICA N06;2,0;28,0;28,0;28,0;28,0;38,0;38,0;38,0;38,0;38,0
2007092;CONJUNTO MOVIMENTADOR TRINO PIVÔ 4 220V SEM ACIONAMENTO;403047;MOLA DO FREIO MOTOR PIVOTANTE/ NEW BV;1,0;14,0;14,0;14,0;14,0;19,0;19,0;19,0;19,0;19,0
2007092;CONJUNTO MOVIMENTADOR TRINO PIVÔ 4 220V SEM ACIONAMENTO;411017;ROLAMENTOS 6201-08 ZZ C3;2,0;28,0;28,0;28,0;28,0;38,0;38,0;38,0;38,0;38,0
2007092;CONJUNTO MOVIMENTADOR TRINO PIVÔ 4 220V SEM ACIONAMENTO;411058;CORDÃO ESPONJOSO 1/8  Ø 3MM + 0,4MM (ANEL DE VEDAÇÃO);0,7000000000000001;9,8;9,8;9,8;9,8;13,3;13,3;13,3;13,3;13,3
2007092;CONJUNTO MOVIMENTADOR TRINO PIVÔ 4 220V SEM ACIONAMENTO;412155;ESTATOR BOBINADO AGL BV/NEW BV/PIVO P28 1/5 cv 04 42 220V 60Hz;1,0;14,0;14,0;14,0;14,0;19,0;19,0;19,0;19,0;19,0
2007092;CONJUNTO MOVIMENTADOR TRINO PIVÔ 4 220V SEM ACIONAMENTO;412027;ROTOR AGL BV/PIVO P28 4 POLOS;1,0;14,0;14,0;14,0;14,0;19,0;19,0;19,0;19,0;19,0
2007092;CONJUNTO MOVIMENTADOR TRINO PIVÔ 4 220V SEM ACIONAMENTO;510027;INLUB GRAX MP 2/TI;0,012;0,17;0,17;0,17;0,17;0,23;0,23;0,23;0,23;0,23
2007092;CONJUNTO MOVIMENTADOR TRINO PIVÔ 4 220V SEM ACIONAMENTO;804326;BASE DE PROTEÇÃO DA CENTRAL NEW PIVO;1,0;14,0;14,0;14,0;14,0;19,0;19,0;19,0;19,0;19,0
2007092;CONJUNTO MOVIMENTADOR TRINO PIVÔ 4 220V SEM ACIONAMENTO;804327;TAMPA DE PROTEÇÃO DA CENTRAL NEW PIVO;1,0;14,0;14,0;14,0;14,0;19,0;19,0;19,0;19,0;19,0
2007092;CONJUNTO MOVIMENTADOR TRINO PIVÔ 4 220V SEM ACIONAMENTO;804508;COROA DO MOVIMENTADOR BV/PIVO NYLON Ø 20MM;1,0;14,0;14,0;14,0;14,0;19,0;19,0;19,0;19,0;19,0
2007092;CONJUNTO MOVIMENTADOR TRINO PIVÔ 4 220V SEM ACIONAMENTO;811034;MANUAL DE INSTALAÇÃO LINHA PIVOTANTE SEM LOGO PORTUGUÊS (CENTRAL FLEX / DUPLA);1,0;14,0;14,0;14,0;14,0;19,0;19,0;19,0;19,0;19,0
2007092;CONJUNTO MOVIMENTADOR TRINO PIVÔ 4 220V SEM ACIONAMENTO;811306;ETIQUETA ADES. COUCHE 100MM X 80MM X 01 CAR;1,0;14,0;14,0;14,0;14,0;19,0;19,0;19,0;19,0;19,0
2007092;CONJUNTO MOVIMENTADOR TRINO PIVÔ 4 220V SEM ACIONAMENTO;811311;ETIQUETA ADES. BOPP FOSCO C/DFAM 50MM X 25MM X 02 CAR;2,0;28,0;28,0;28,0;28,0;38,0;38,0;38,0;38,0;38,0
2007092;CONJUNTO MOVIMENTADOR TRINO PIVÔ 4 220V SEM ACIONAMENTO;811541;SACO PLASTICO TRANSPARENTE 30CM X 15CM;1,0;14,0;14,0;14,0;14,0;19,0;19,0;19,0;19,0;19,0
2007092;CONJUNTO MOVIMENTADOR TRINO PIVÔ 4 220V SEM ACIONAMENTO;811916;CAIXA MOTOR PIVO SIMPLES S/ ACIONAMENTO;1,0;14,0;14,0;14,0;14,0;19,0;19,0;19,0;19,0;19,0
2007092;CONJUNTO MOVIMENTADOR TRINO PIVÔ 4 220V SEM ACIONAMENTO;813025;VENTOINHA DOS MOTORES;1,0;14,0;14,0;14,0;14,0;19,0;19,0;19,0;19,0;19,0
2007092;CONJUNTO MOVIMENTADOR TRINO PIVÔ 4 220V SEM ACIONAMENTO;813033;TAMPA DE PROTEÇÃO DA VENTOINHA;1,0;14,0;14,0;14,0;14,0;19,0;19,0;19,0;19,0;19,0
2007092;CONJUNTO MOVIMENTADOR TRINO PIVÔ 4 220V SEM ACIONAMENTO;813043;BUCHA DE CENTRAGEM DO SEM FIM DO BASCULANTE;1,0;14,0;14,0;14,0;14,0;19,0;19,0;19,0;19,0;19,0
2007092;CONJUNTO MOVIMENTADOR TRINO PIVÔ 4 220V SEM ACIONAMENTO;813047;PASSA FIO DO BV;1,0;14,0;14,0;14,0;14,0;19,0;19,0;19,0;19,0;19,0
2007092;CONJUNTO MOVIMENTADOR TRINO PIVÔ 4 220V SEM ACIONAMENTO;813054;MANCAL PERFIL INFERIOR;1,0;14,0;14,0;14,0;14,0;19,0;19,0;19,0;19,0;19,0
2007092;CONJUNTO MOVIMENTADOR TRINO PIVÔ 4 220V SEM ACIONAMENTO;813108;SEM FIM DE DUAS ENTRADAS AÇO BV ANTIGO/ BV3/ BV4;1,0;14,0;14,0;14,0;14,0;19,0;19,0;19,0;19,0;19,0
2007092;CONJUNTO MOVIMENTADOR TRINO PIVÔ 4 220V SEM ACIONAMENTO;813270;CARCAÇA DE MOTOR BV/PIVO SUPERIOR;1,0;14,0;14,0;14,0;14,0;19,0;19,0;19,0;19,0;19,0
2007092;CONJUNTO MOVIMENTADOR TRINO PIVÔ 4 220V SEM ACIONAMENTO;813271;CARCAÇA DE MOTOR BV/PIVO INFERIOR;1,0;14,0;14,0;14,0;14,0;19,0;19,0;19,0;19,0;19,0
2007092;CONJUNTO MOVIMENTADOR TRINO PIVÔ 4 220V SEM ACIONAMENTO;813280;CRUZETA DO MANCAL;1,0;14,0;14,0;14,0;14,0;19,0;19,0;19,0;19,0;19,0
2007092;CONJUNTO MOVIMENTADOR TRINO PIVÔ 4 220V SEM ACIONAMENTO;813281;SUPORTE ORELHA DO BV/PIVÔ;1,0;14,0;14,0;14,0;14,0;19,0;19,0;19,0;19,0;19,0
2007092;CONJUNTO MOVIMENTADOR TRINO PIVÔ 4 220V SEM ACIONAMENTO;813309;PINO DESTRAVAMENTO PIVO;1,0;14,0;14,0;14,0;14,0;19,0;19,0;19,0;19,0;19,0
2007092;CONJUNTO MOVIMENTADOR TRINO PIVÔ 4 220V SEM ACIONAMENTO;813310;CILINDRO CHAVE PIVO;1,0;14,0;14,0;14,0;14,0;19,0;19,0;19,0;19,0;19,0
2007092;CONJUNTO MOVIMENTADOR TRINO PIVÔ 4 220V SEM ACIONAMENTO;813311;CHAVE PIVO;1,0;14,0;14,0;14,0;14,0;19,0;19,0;19,0;19,0;19,0
2007092;CONJUNTO MOVIMENTADOR TRINO PIVÔ 4 220V SEM ACIONAMENTO;813412;DISCO DE FRICÇÃO DE CELEROM Ø20MM;1,0;14,0;14,0;14,0;14,0;19,0;19,0;19,0;19,0;19,0
2007092;CONJUNTO MOVIMENTADOR TRINO PIVÔ 4 220V SEM ACIONAMENTO;813521;SUPORTE DA BUCHA MANCAL MODELO NOVO (P/ EIXO 20MM);1,0;14,0;14,0;14,0;14,0;19,0;19,0;19,0;19,0;19,0
2007092;CONJUNTO MOVIMENTADOR TRINO PIVÔ 4 220V SEM ACIONAMENTO;813524;COPO DE FREIO PIVOTANTE/ NEW BV SPEED;1,0;14,0;14,0;14,0;14,0;19,0;19,0;19,0;19,0;19,0
2007092;CONJUNTO MOVIMENTADOR TRINO PIVÔ 4 220V SEM ACIONAMENTO;911080;PLACA REVISADA CENTRAL FLEX;1,0;14,0;14,0;14,0;14,0;19,0;19,0;19,0;19,0;19,0
2007092;CONJUNTO MOVIMENTADOR TRINO PIVÔ 4 220V SEM ACIONAMENTO;402017;CP DE FERRO ZINCADO 3/16 X 1. 1/4;2,0;28,0;28,0;28,0;28,0;38,0;38,0;38,0;38,0;38,0
2007092;CONJUNTO MOVIMENTADOR TRINO PIVÔ 4 220V SEM ACIONAMENTO;813319;TRAVA MAIOR SUPORTE FX PIVO - ZINCADO;1,0;14,0;14,0;14,0;14,0;19,0;19,0;19,0;19,0;19,0
2007092;CONJUNTO MOVIMENTADOR TRINO PIVÔ 4 220V SEM ACIONAMENTO;813320;TRAVA MENOR SUPORTE FX PIVO - ZINCADO;1,0;14,0;14,0;14,0;14,0;19,0;19,0;19,0;19,0;19,0
2007092;CONJUNTO MOVIMENTADOR TRINO PIVÔ 4 220V SEM ACIONAMENTO;813321;PINO TRAVA PIVO - ZINCADO;2,0;28,0;28,0;28,0;28,0;38,0;38,0;38,0;38,0;38,0
2007092;CONJUNTO MOVIMENTADOR TRINO PIVÔ 4 220V SEM ACIONAMENTO;105068;BOBINA LAMINADA 2,00MM PRETA 23 (EVA PARA MOTORES);0,025;0,35;0,35;0,35;0,35;0,48;0,48;0,48;0,48;0,48
2007092;CONJUNTO MOVIMENTADOR TRINO PIVÔ 4 220V SEM ACIONAMENTO;105069;FITA EMPACT. 50MT X 48MM ACRI;0,026;0,36;0,36;0,36;0,36;0,49;0,49;0,49;0,49;0,49
2007092;CONJUNTO MOVIMENTADOR TRINO PIVÔ 4 220V SEM ACIONAMENTO;811802;CAIXA MASTER 12 - CX DA CENTRAL PIVÔ;1,0;14,0;14,0;14,0;14,0;19,0;19,0;19,0;19,0;19,0
2007092;CONJUNTO MOVIMENTADOR TRINO PIVÔ 4 220V SEM ACIONAMENTO;100802;TRANSMISSOR 433MHZ REMOTE - MODELO: AGL-E2  (DIGITAL KEY 6P20 BLACK);2,0;28,0;28,0;28,0;28,0;38,0;38,0;38,0;38,0;38,0
2007092;CONJUNTO MOVIMENTADOR TRINO PIVÔ 4 220V SEM ACIONAMENTO;813619;EIXO ESTAMPADO PARA MOTOR PIVO - ZINCADO;1,0;14,0;14,0;14,0;14,0;19,0;19,0;19,0;19,0;19,0
2007092;CONJUNTO MOVIMENTADOR TRINO PIVÔ 4 220V SEM ACIONAMENTO;101306;CAPAC. FIXO C/DIEL. DE POLIP. BIOR. P/MOTORES CMRW CANECA PLASTICA 15uf 250V 50;1,0;14,0;14,0;14,0;14,0;19,0;19,0;19,0;19,0;19,0
2007092;CONJUNTO MOVIMENTADOR TRINO PIVÔ 4 220V SEM ACIONAMENTO;402578;MOLA PARA DESTRAVAMENTO PIVOTANTE Ø24.0 x Ø1.5 x 30.91;1,0;14,0;14,0;14,0;14,0;19,0;19,0;19,0;19,0;19,0
2001237;CONJ. MOVIMENTADOR TRINO SPEED TURBO PRO 1/2 FREQUENCY INVERTER BIVOLT 50-60HZ B. ALUM. S. CREMALHEI;100802;TRANSMISSOR 433MHZ REMOTE - MODELO: AGL-E2  (DIGITAL KEY 6P20 BLACK);2,0;24,0;24,0;24,0;24,0;26,0;26,0;26,0;26,0;26,0
2001237;CONJ. MOVIMENTADOR TRINO SPEED TURBO PRO 1/2 FREQUENCY INVERTER BIVOLT 50-60HZ B. ALUM. S. CREMALHEI;103064;CONECTOR FÊMEA EC601V-5.08-3P GREEN BAG/BULK (EC601V-5.08-3P);2,0;24,0;24,0;24,0;24,0;26,0;26,0;26,0;26,0;26,0
2001237;CONJ. MOVIMENTADOR TRINO SPEED TURBO PRO 1/2 FREQUENCY INVERTER BIVOLT 50-60HZ B. ALUM. S. CREMALHEI;208003;IMÃ DE FERRITE - B40X20X10MM;2,0;24,0;24,0;24,0;24,0;26,0;26,0;26,0;26,0;26,0
2001237;CONJ. MOVIMENTADOR TRINO SPEED TURBO PRO 1/2 FREQUENCY INVERTER BIVOLT 50-60HZ B. ALUM. S. CREMALHEI;401014;PARAFUSO 2.9 X 6.5 A/A PAN PHS ZI;5,0;60,0;60,0;60,0;60,0;65,0;65,0;65,0;65,0;65,0
2001237;CONJ. MOVIMENTADOR TRINO SPEED TURBO PRO 1/2 FREQUENCY INVERTER BIVOLT 50-60HZ B. ALUM. S. CREMALHEI;401068;ARRUELA LISA 1/4 FE ZI;4,0;48,0;48,0;48,0;48,0;52,0;52,0;52,0;52,0;52,0
2001237;CONJ. MOVIMENTADOR TRINO SPEED TURBO PRO 1/2 FREQUENCY INVERTER BIVOLT 50-60HZ B. ALUM. S. CREMALHEI;401108;PARAFUSO PLASTIC PAN PHS 5 X 25MM ZI;4,0;48,0;48,0;48,0;48,0;52,0;52,0;52,0;52,0;52,0
2001237;CONJ. MOVIMENTADOR TRINO SPEED TURBO PRO 1/2 FREQUENCY INVERTER BIVOLT 50-60HZ B. ALUM. S. CREMALHEI;401143;ABRAÇADEIRA UV PRETA 100 X 2,5;1,0;12,0;12,0;12,0;12,0;13,0;13,0;13,0;13,0;13,0
2001237;CONJ. MOVIMENTADOR TRINO SPEED TURBO PRO 1/2 FREQUENCY INVERTER BIVOLT 50-60HZ B. ALUM. S. CREMALHEI;401156;PARAFUSO MAD SX 1/4 X 70MM ZI;4,0;48,0;48,0;48,0;48,0;52,0;52,0;52,0;52,0;52,0
2001237;CONJ. MOVIMENTADOR TRINO SPEED TURBO PRO 1/2 FREQUENCY INVERTER BIVOLT 50-60HZ B. ALUM. S. CREMALHEI;401162;PARAFUSO PAN ZBR P/ CHAVE TORX M5 X 25MM T25;6,0;72,0;72,0;72,0;72,0;78,0;78,0;78,0;78,0;78,0
2001237;CONJ. MOVIMENTADOR TRINO SPEED TURBO PRO 1/2 FREQUENCY INVERTER BIVOLT 50-60HZ B. ALUM. S. CREMALHEI;401169;PF JMP PAN PHS 3,5X14MM ZI;2,0;24,0;24,0;24,0;24,0;26,0;26,0;26,0;26,0;26,0
2001237;CONJ. MOVIMENTADOR TRINO SPEED TURBO PRO 1/2 FREQUENCY INVERTER BIVOLT 50-60HZ B. ALUM. S. CREMALHEI;401207;PF A/A JMC DRILL FL PHS C/ SERRILHA PTA BROCA 4,2X13MM ZI;4,0;48,0;48,0;48,0;48,0;52,0;52,0;52,0;52,0;52,0
2001237;CONJ. MOVIMENTADOR TRINO SPEED TURBO PRO 1/2 FREQUENCY INVERTER BIVOLT 50-60HZ B. ALUM. S. CREMALHEI;402012;ANEL ELÁSTICO E-20;3,0;36,0;36,0;36,0;36,0;39,0;39,0;39,0;39,0;39,0
2001237;CONJ. MOVIMENTADOR TRINO SPEED TURBO PRO 1/2 FREQUENCY INVERTER BIVOLT 50-60HZ B. ALUM. S. CREMALHEI;402015;ANEL ELÁSTICO E12;4,0;48,0;48,0;48,0;48,0;52,0;52,0;52,0;52,0;52,0
2001237;CONJ. MOVIMENTADOR TRINO SPEED TURBO PRO 1/2 FREQUENCY INVERTER BIVOLT 50-60HZ B. ALUM. S. CREMALHEI;402019;PINO ELÁSTICO 4 X 24MM;1,0;12,0;12,0;12,0;12,0;13,0;13,0;13,0;13,0;13,0
2001237;CONJ. MOVIMENTADOR TRINO SPEED TURBO PRO 1/2 FREQUENCY INVERTER BIVOLT 50-60HZ B. ALUM. S. CREMALHEI;402028;BUCHA PLASTICA N10;4,0;48,0;48,0;48,0;48,0;52,0;52,0;52,0;52,0;52,0
2001237;CONJ. MOVIMENTADOR TRINO SPEED TURBO PRO 1/2 FREQUENCY INVERTER BIVOLT 50-60HZ B. ALUM. S. CREMALHEI;403032;MOLA DE DESTRAVAMENTO DESLIZANTE;1,0;12,0;12,0;12,0;12,0;13,0;13,0;13,0;13,0;13,0
2001237;CONJ. MOVIMENTADOR TRINO SPEED TURBO PRO 1/2 FREQUENCY INVERTER BIVOLT 50-60HZ B. ALUM. S. CREMALHEI;510027;INLUB GRAX MP 2/TI;0,034;0,41;0,41;0,41;0,41;0,44;0,44;0,44;0,44;0,44
2001237;CONJ. MOVIMENTADOR TRINO SPEED TURBO PRO 1/2 FREQUENCY INVERTER BIVOLT 50-60HZ B. ALUM. S. CREMALHEI;512022;CONJUNTO ESTATOR E ROTOR AGL DESL P39 4P 3F 110V 60HZ;1,0;12,0;12,0;12,0;12,0;13,0;13,0;13,0;13,0;13,0
2001237;CONJ. MOVIMENTADOR TRINO SPEED TURBO PRO 1/2 FREQUENCY INVERTER BIVOLT 50-60HZ B. ALUM. S. CREMALHEI;701154;EIXO MOTOR DESLIZANTE - BRUTO;1,0;12,0;12,0;12,0;12,0;13,0;13,0;13,0;13,0;13,0
2001237;CONJ. MOVIMENTADOR TRINO SPEED TURBO PRO 1/2 FREQUENCY INVERTER BIVOLT 50-60HZ B. ALUM. S. CREMALHEI;802036;PARTE DE FECHADURAS - CILINDRO COM CHAVE PARA MOTOR - CYLINDER;1,0;12,0;12,0;12,0;12,0;13,0;13,0;13,0;13,0;13,0
2001237;CONJ. MOVIMENTADOR TRINO SPEED TURBO PRO 1/2 FREQUENCY INVERTER BIVOLT 50-60HZ B. ALUM. S. CREMALHEI;804261;BASE SUPERIOR NYLON DO MOTOR DESLIZANTE C/ ENCODER;1,0;12,0;12,0;12,0;12,0;13,0;13,0;13,0;13,0;13,0
2001237;CONJ. MOVIMENTADOR TRINO SPEED TURBO PRO 1/2 FREQUENCY INVERTER BIVOLT 50-60HZ B. ALUM. S. CREMALHEI;804426;TAMPA DA CENTRAL DESLIZANTE INVERTER;1,0;12,0;12,0;12,0;12,0;13,0;13,0;13,0;13,0;13,0
2001237;CONJ. MOVIMENTADOR TRINO SPEED TURBO PRO 1/2 FREQUENCY INVERTER BIVOLT 50-60HZ B. ALUM. S. CREMALHEI;811106;MANUAL DE INSTALAÇÃO LINHA DESLIZANTE TURBO SEM LOGO PORTUGUÊS (CENTRAL NEW INVERTER);1,0;12,0;12,0;12,0;12,0;13,0;13,0;13,0;13,0;13,0
2001237;CONJ. MOVIMENTADOR TRINO SPEED TURBO PRO 1/2 FREQUENCY INVERTER BIVOLT 50-60HZ B. ALUM. S. CREMALHEI;811306;ETIQUETA ADES. COUCHE 100MM X 80MM X 01 CAR;1,0;12,0;12,0;12,0;12,0;13,0;13,0;13,0;13,0;13,0
2001237;CONJ. MOVIMENTADOR TRINO SPEED TURBO PRO 1/2 FREQUENCY INVERTER BIVOLT 50-60HZ B. ALUM. S. CREMALHEI;811311;ETIQUETA ADES. BOPP FOSCO C/DFAM 50MM X 25MM X 02 CAR;1,0;12,0;12,0;12,0;12,0;13,0;13,0;13,0;13,0;13,0
2001237;CONJ. MOVIMENTADOR TRINO SPEED TURBO PRO 1/2 FREQUENCY INVERTER BIVOLT 50-60HZ B. ALUM. S. CREMALHEI;811541;SACO PLASTICO TRANSPARENTE 30CM X 15CM;1,0;12,0;12,0;12,0;12,0;13,0;13,0;13,0;13,0;13,0
2001237;CONJ. MOVIMENTADOR TRINO SPEED TURBO PRO 1/2 FREQUENCY INVERTER BIVOLT 50-60HZ B. ALUM. S. CREMALHEI;811921;CAIXA PARDA MOTOR DESLIZANTE AGL ( MEIA ABA REFORÇADA);1,0;12,0;12,0;12,0;12,0;13,0;13,0;13,0;13,0;13,0
2001237;CONJ. MOVIMENTADOR TRINO SPEED TURBO PRO 1/2 FREQUENCY INVERTER BIVOLT 50-60HZ B. ALUM. S. CREMALHEI;813009;ALAVANCA PARA DESTRAVAMENTO MANUAL;1,0;12,0;12,0;12,0;12,0;13,0;13,0;13,0;13,0;13,0
2001237;CONJ. MOVIMENTADOR TRINO SPEED TURBO PRO 1/2 FREQUENCY INVERTER BIVOLT 50-60HZ B. ALUM. S. CREMALHEI;813014;LINGUETA DO CILINDRO DA ALAVANCA DE DESTRAVAMENTO MANUAL DZ ZI;1,0;12,0;12,0;12,0;12,0;13,0;13,0;13,0;13,0;13,0
2001237;CONJ. MOVIMENTADOR TRINO SPEED TURBO PRO 1/2 FREQUENCY INVERTER BIVOLT 50-60HZ B. ALUM. S. CREMALHEI;813025;VENTOINHA DOS MOTORES;1,0;12,0;12,0;12,0;12,0;13,0;13,0;13,0;13,0;13,0
2001237;CONJ. MOVIMENTADOR TRINO SPEED TURBO PRO 1/2 FREQUENCY INVERTER BIVOLT 50-60HZ B. ALUM. S. CREMALHEI;813036;TAMPA PROTEÇÃO DO MOTOR - CINZA;1,0;12,0;12,0;12,0;12,0;13,0;13,0;13,0;13,0;13,0
2001237;CONJ. MOVIMENTADOR TRINO SPEED TURBO PRO 1/2 FREQUENCY INVERTER BIVOLT 50-60HZ B. ALUM. S. CREMALHEI;813037;ENGRENAGEM EXTERNA MOTOR 17 DENTES;1,0;12,0;12,0;12,0;12,0;13,0;13,0;13,0;13,0;13,0
2001237;CONJ. MOVIMENTADOR TRINO SPEED TURBO PRO 1/2 FREQUENCY INVERTER BIVOLT 50-60HZ B. ALUM. S. CREMALHEI;813039;VENEZIANA DOS MOTORES;1,0;12,0;12,0;12,0;12,0;13,0;13,0;13,0;13,0;13,0
2001237;CONJ. MOVIMENTADOR TRINO SPEED TURBO PRO 1/2 FREQUENCY INVERTER BIVOLT 50-60HZ B. ALUM. S. CREMALHEI;813094;ENGRENAGEM INTERNA DE 1 ENTRADA DZ E NEWBV;1,0;12,0;12,0;12,0;12,0;13,0;13,0;13,0;13,0;13,0
2001237;CONJ. MOVIMENTADOR TRINO SPEED TURBO PRO 1/2 FREQUENCY INVERTER BIVOLT 50-60HZ B. ALUM. S. CREMALHEI;813144;SUPORTE DO IMA DE FIM DE CURSO DESLIZANTE;2,0;24,0;24,0;24,0;24,0;26,0;26,0;26,0;26,0;26,0
2001237;CONJ. MOVIMENTADOR TRINO SPEED TURBO PRO 1/2 FREQUENCY INVERTER BIVOLT 50-60HZ B. ALUM. S. CREMALHEI;813152;BASE DA CENTRAL DESLIZANTE INVERTER;1,0;12,0;12,0;12,0;12,0;13,0;13,0;13,0;13,0;13,0
2001237;CONJ. MOVIMENTADOR TRINO SPEED TURBO PRO 1/2 FREQUENCY INVERTER BIVOLT 50-60HZ B. ALUM. S. CREMALHEI;813173;ARRUELA 1,2MM EIXO DESLIZANTE;1,0;12,0;12,0;12,0;12,0;13,0;13,0;13,0;13,0;13,0
2001237;CONJ. MOVIMENTADOR TRINO SPEED TURBO PRO 1/2 FREQUENCY INVERTER BIVOLT 50-60HZ B. ALUM. S. CREMALHEI;813199;BASE DE ALUMÍNIO MOTORES DESLIZANTES;1,0;12,0;12,0;12,0;12,0;13,0;13,0;13,0;13,0;13,0
2001237;CONJ. MOVIMENTADOR TRINO SPEED TURBO PRO 1/2 FREQUENCY INVERTER BIVOLT 50-60HZ B. ALUM. S. CREMALHEI;813235;BUCHA DO EIXO DESLIZANTE SEXTAVADA;2,0;24,0;24,0;24,0;24,0;26,0;26,0;26,0;26,0;26,0
2001237;CONJ. MOVIMENTADOR TRINO SPEED TURBO PRO 1/2 FREQUENCY INVERTER BIVOLT 50-60HZ B. ALUM. S. CREMALHEI;813237;PINO DESTRAVAMENTO TRINO;1,0;12,0;12,0;12,0;12,0;13,0;13,0;13,0;13,0;13,0
2001237;CONJ. MOVIMENTADOR TRINO SPEED TURBO PRO 1/2 FREQUENCY INVERTER BIVOLT 50-60HZ B. ALUM. S. CREMALHEI;813253;SEM FIM DE 1 ENTRADA AÇO;1,0;12,0;12,0;12,0;12,0;13,0;13,0;13,0;13,0;13,0
2001237;CONJ. MOVIMENTADOR TRINO SPEED TURBO PRO 1/2 FREQUENCY INVERTER BIVOLT 50-60HZ B. ALUM. S. CREMALHEI;813331;SUPORTE DE INSTALAÇÃO DO IMÃ DZ;2,0;24,0;24,0;24,0;24,0;26,0;26,0;26,0;26,0;26,0
2001237;CONJ. MOVIMENTADOR TRINO SPEED TURBO PRO 1/2 FREQUENCY INVERTER BIVOLT 50-60HZ B. ALUM. S. CREMALHEI;813409;TAMPÃO DO ENGRENAGEM EXTERNA MOTORES DZ;1,0;12,0;12,0;12,0;12,0;13,0;13,0;13,0;13,0;13,0
2001237;CONJ. MOVIMENTADOR TRINO SPEED TURBO PRO 1/2 FREQUENCY INVERTER BIVOLT 50-60HZ B. ALUM. S. CREMALHEI;813410;BUCHA DE CENTRAGEM DO EIXO DO ROTOR DZ;1,0;12,0;12,0;12,0;12,0;13,0;13,0;13,0;13,0;13,0
2001237;CONJ. MOVIMENTADOR TRINO SPEED TURBO PRO 1/2 FREQUENCY INVERTER BIVOLT 50-60HZ B. ALUM. S. CREMALHEI;813455;SENSOR DE FIM DE CURSO REED DESLIZANTE;1,0;12,0;12,0;12,0;12,0;13,0;13,0;13,0;13,0;13,0
2001237;CONJ. MOVIMENTADOR TRINO SPEED TURBO PRO 1/2 FREQUENCY INVERTER BIVOLT 50-60HZ B. ALUM. S. CREMALHEI;813522;CHAVETA QUADRADA 8MMX33,4MM;1,0;12,0;12,0;12,0;12,0;13,0;13,0;13,0;13,0;13,0
2001237;CONJ. MOVIMENTADOR TRINO SPEED TURBO PRO 1/2 FREQUENCY INVERTER BIVOLT 50-60HZ B. ALUM. S. CREMALHEI;911124;PLACA REVISADA NOVA CENTRAL INVERSORA;1,0;12,0;12,0;12,0;12,0;13,0;13,0;13,0;13,0;13,0
2001237;CONJ. MOVIMENTADOR TRINO SPEED TURBO PRO 1/2 FREQUENCY INVERTER BIVOLT 50-60HZ B. ALUM. S. CREMALHEI;105069;FITA EMPACT. 50MT X 48MM ACRI;0,02;0,24;0,24;0,24;0,24;0,26;0,26;0,26;0,26;0,26
2008026;CONJ. MOVIMENTADOR TRINO NEW BV4 127V SEM ACIONAMENTO;100802;TRANSMISSOR 433MHZ REMOTE - MODELO: AGL-E2  (DIGITAL KEY 6P20 BLACK);2,0;24,0;24,0;24,0;24,0;24,0;28,0;28,0;28,0;28,0
2008026;CONJ. MOVIMENTADOR TRINO NEW BV4 127V SEM ACIONAMENTO;101309;CAPACITOR FIXO C/DIELETRICO DE POLIPROPILENO BIORIENTADO P/MOTORES CMRW CANECA PLASTICA 30UF 250V 50;1,0;12,0;12,0;12,0;12,0;12,0;14,0;14,0;14,0;14,0
2008026;CONJ. MOVIMENTADOR TRINO NEW BV4 127V SEM ACIONAMENTO;103064;CONECTOR FÊMEA EC601V-5.08-3P GREEN BAG/BULK (EC601V-5.08-3P);1,0;12,0;12,0;12,0;12,0;12,0;14,0;14,0;14,0;14,0
2008026;CONJ. MOVIMENTADOR TRINO NEW BV4 127V SEM ACIONAMENTO;401007;PARAFUSO 4.8 X 13 A/A PN. PH - ZI;4,0;48,0;48,0;48,0;48,0;48,0;56,0;56,0;56,0;56,0
2008026;CONJ. MOVIMENTADOR TRINO NEW BV4 127V SEM ACIONAMENTO;401014;PARAFUSO 2.9 X 6.5 A/A PAN PHS ZI;2,0;24,0;24,0;24,0;24,0;24,0;28,0;28,0;28,0;28,0
2008026;CONJ. MOVIMENTADOR TRINO NEW BV4 127V SEM ACIONAMENTO;401121;ABRAÇADEIRA UV PRETA 202X3,7;1,0;12,0;12,0;12,0;12,0;12,0;14,0;14,0;14,0;14,0
2008026;CONJ. MOVIMENTADOR TRINO NEW BV4 127V SEM ACIONAMENTO;401161;PARAFUSO PAN ZBR P/ CHAVE TORX M5 X 20MM T25;6,0;72,0;72,0;72,0;72,0;72,0;84,0;84,0;84,0;84,0
2008026;CONJ. MOVIMENTADOR TRINO NEW BV4 127V SEM ACIONAMENTO;401169;PF JMP PAN PHS 3,5X14MM ZI;4,0;48,0;48,0;48,0;48,0;48,0;56,0;56,0;56,0;56,0
2008026;CONJ. MOVIMENTADOR TRINO NEW BV4 127V SEM ACIONAMENTO;401169;PF JMP PAN PHS 3,5X14MM ZI;2,0;24,0;24,0;24,0;24,0;24,0;28,0;28,0;28,0;28,0
2008026;CONJ. MOVIMENTADOR TRINO NEW BV4 127V SEM ACIONAMENTO;401208;PA MQ PN HXL T25 TMA 5X12 RI ZB;8,0;96,0;96,0;96,0;96,0;96,0;112,0;112,0;112,0;112,0
2008026;CONJ. MOVIMENTADOR TRINO NEW BV4 127V SEM ACIONAMENTO;402012;ANEL ELÁSTICO E-20;3,0;36,0;36,0;36,0;36,0;36,0;42,0;42,0;42,0;42,0
2008026;CONJ. MOVIMENTADOR TRINO NEW BV4 127V SEM ACIONAMENTO;402013;RETENTOR GR 20X30X7 TC GTOP;2,0;24,0;24,0;24,0;24,0;24,0;28,0;28,0;28,0;28,0
2008026;CONJ. MOVIMENTADOR TRINO NEW BV4 127V SEM ACIONAMENTO;402015;ANEL ELÁSTICO E12;4,0;48,0;48,0;48,0;48,0;48,0;56,0;56,0;56,0;56,0
2008026;CONJ. MOVIMENTADOR TRINO NEW BV4 127V SEM ACIONAMENTO;402018;ESPAGUETE LISO 10MMX150MM;0,15;1,8;1,8;1,8;1,8;1,8;2,1;2,1;2,1;2,1
2008026;CONJ. MOVIMENTADOR TRINO NEW BV4 127V SEM ACIONAMENTO;402019;PINO ELÁSTICO 4 X 24MM;1,0;12,0;12,0;12,0;12,0;12,0;14,0;14,0;14,0;14,0
2008026;CONJ. MOVIMENTADOR TRINO NEW BV4 127V SEM ACIONAMENTO;411017;ROLAMENTOS 6201-08 ZZ C3;2,0;24,0;24,0;24,0;24,0;24,0;28,0;28,0;28,0;28,0
2008026;CONJ. MOVIMENTADOR TRINO NEW BV4 127V SEM ACIONAMENTO;412008;ESTATOR BOBINADO AGL BV/NEW BV/PIVO P28 1/5 cv 04 42 127V 60Hz;1,0;12,0;12,0;12,0;12,0;12,0;14,0;14,0;14,0;14,0
2008026;CONJ. MOVIMENTADOR TRINO NEW BV4 127V SEM ACIONAMENTO;412147;ROTOR AGL NEW BV P28 1/5 cv 04;1,0;12,0;12,0;12,0;12,0;12,0;14,0;14,0;14,0;14,0
2008026;CONJ. MOVIMENTADOR TRINO NEW BV4 127V SEM ACIONAMENTO;510027;INLUB GRAX MP 2/TI;0,012;0,14;0,14;0,14;0,14;0,14;0,17;0,17;0,17;0,17
2008026;CONJ. MOVIMENTADOR TRINO NEW BV4 127V SEM ACIONAMENTO;701155;EIXO PRINCIPAL DO NEW BV - BRUTO;1,0;12,0;12,0;12,0;12,0;12,0;14,0;14,0;14,0;14,0
2008026;CONJ. MOVIMENTADOR TRINO NEW BV4 127V SEM ACIONAMENTO;804430;CAPA DO ROLAMENTO DOS MOTORES;2,0;24,0;24,0;24,0;24,0;24,0;28,0;28,0;28,0;28,0
2008026;CONJ. MOVIMENTADOR TRINO NEW BV4 127V SEM ACIONAMENTO;811122;MANUAL P / AUTOMATIZADOR DZ/BV/NEW BV CENTRAL FLEX/LIGHT EM PORTUGUÊS;1,0;12,0;12,0;12,0;12,0;12,0;14,0;14,0;14,0;14,0
2008026;CONJ. MOVIMENTADOR TRINO NEW BV4 127V SEM ACIONAMENTO;811306;ETIQUETA ADES. COUCHE 100MM X 80MM X 01 CAR;1,0;12,0;12,0;12,0;12,0;12,0;14,0;14,0;14,0;14,0
2008026;CONJ. MOVIMENTADOR TRINO NEW BV4 127V SEM ACIONAMENTO;811311;ETIQUETA ADES. BOPP FOSCO C/DFAM 50MM X 25MM X 02 CAR;1,0;12,0;12,0;12,0;12,0;12,0;14,0;14,0;14,0;14,0
2008026;CONJ. MOVIMENTADOR TRINO NEW BV4 127V SEM ACIONAMENTO;811505;SACO PLASTICO TRANSPARENTE 14CM X 9CM;1,0;12,0;12,0;12,0;12,0;12,0;14,0;14,0;14,0;14,0
2008026;CONJ. MOVIMENTADOR TRINO NEW BV4 127V SEM ACIONAMENTO;811775;CAIXA MOTOR BASCULANTE NOVA 23,0 X 16,0 X 24,5;1,0;12,0;12,0;12,0;12,0;12,0;14,0;14,0;14,0;14,0
2008026;CONJ. MOVIMENTADOR TRINO NEW BV4 127V SEM ACIONAMENTO;813253;SEM FIM DE 1 ENTRADA AÇO;1,0;12,0;12,0;12,0;12,0;12,0;14,0;14,0;14,0;14,0
2008026;CONJ. MOVIMENTADOR TRINO NEW BV4 127V SEM ACIONAMENTO;813256;TAMPA DA CENTRAL NEW BV;1,0;12,0;12,0;12,0;12,0;12,0;14,0;14,0;14,0;14,0
2008026;CONJ. MOVIMENTADOR TRINO NEW BV4 127V SEM ACIONAMENTO;813257;BASE CENTRAL NEW BV;1,0;12,0;12,0;12,0;12,0;12,0;14,0;14,0;14,0;14,0
2008026;CONJ. MOVIMENTADOR TRINO NEW BV4 127V SEM ACIONAMENTO;813258;CARCAÇA INFERIOR NEW BV SEM FURO ENCODER;1,0;12,0;12,0;12,0;12,0;12,0;14,0;14,0;14,0;14,0
2008026;CONJ. MOVIMENTADOR TRINO NEW BV4 127V SEM ACIONAMENTO;813260;CALÇO DO ESTATOR NEW BV;2,0;24,0;24,0;24,0;24,0;24,0;28,0;28,0;28,0;28,0
2008026;CONJ. MOVIMENTADOR TRINO NEW BV4 127V SEM ACIONAMENTO;813263;ROLAMENTO PLÁSTICO EIXO ENGRENAGEM;2,0;24,0;24,0;24,0;24,0;24,0;28,0;28,0;28,0;28,0
2008026;CONJ. MOVIMENTADOR TRINO NEW BV4 127V SEM ACIONAMENTO;813265;CARCAÇA SUPERIOR NEW BV;1,0;12,0;12,0;12,0;12,0;12,0;14,0;14,0;14,0;14,0
2008026;CONJ. MOVIMENTADOR TRINO NEW BV4 127V SEM ACIONAMENTO;813289;ENGRENAGEM INTERNA DE 1 ENTRADA DZ E NEWBV SEM IMÃ;1,0;12,0;12,0;12,0;12,0;12,0;14,0;14,0;14,0;14,0
2008026;CONJ. MOVIMENTADOR TRINO NEW BV4 127V SEM ACIONAMENTO;813395;PASSA FIO DO NEW BV;1,0;12,0;12,0;12,0;12,0;12,0;14,0;14,0;14,0;14,0
2008026;CONJ. MOVIMENTADOR TRINO NEW BV4 127V SEM ACIONAMENTO;813522;CHAVETA QUADRADA 8MMX33,4MM;1,0;12,0;12,0;12,0;12,0;12,0;14,0;14,0;14,0;14,0
2008026;CONJ. MOVIMENTADOR TRINO NEW BV4 127V SEM ACIONAMENTO;911080;PLACA REVISADA CENTRAL FLEX;1,0;12,0;12,0;12,0;12,0;12,0;14,0;14,0;14,0;14,0
2008028;CONJ. MOVIMENTADOR TRINO NEW BV3 127V SEM ACIONAMENTO;100802;TRANSMISSOR 433MHZ REMOTE - MODELO: AGL-E2  (DIGITAL KEY 6P20 BLACK);2,0;22,0;22,0;22,0;30,0;40,0;46,0;46,0;46,0;46,0
2008028;CONJ. MOVIMENTADOR TRINO NEW BV3 127V SEM ACIONAMENTO;101309;CAPACITOR FIXO C/DIELETRICO DE POLIPROPILENO BIORIENTADO P/MOTORES CMRW CANECA PLASTICA 30UF 250V 50;1,0;11,0;11,0;11,0;15,0;20,0;23,0;23,0;23,0;23,0
2008028;CONJ. MOVIMENTADOR TRINO NEW BV3 127V SEM ACIONAMENTO;103064;CONECTOR FÊMEA EC601V-5.08-3P GREEN BAG/BULK (EC601V-5.08-3P);1,0;11,0;11,0;11,0;15,0;20,0;23,0;23,0;23,0;23,0
2008028;CONJ. MOVIMENTADOR TRINO NEW BV3 127V SEM ACIONAMENTO;401007;PARAFUSO 4.8 X 13 A/A PN. PH - ZI;4,0;44,0;44,0;44,0;60,0;80,0;92,0;92,0;92,0;92,0
2008028;CONJ. MOVIMENTADOR TRINO NEW BV3 127V SEM ACIONAMENTO;401014;PARAFUSO 2.9 X 6.5 A/A PAN PHS ZI;2,0;22,0;22,0;22,0;30,0;40,0;46,0;46,0;46,0;46,0
2008028;CONJ. MOVIMENTADOR TRINO NEW BV3 127V SEM ACIONAMENTO;401121;ABRAÇADEIRA UV PRETA 202X3,7;1,0;11,0;11,0;11,0;15,0;20,0;23,0;23,0;23,0;23,0
2008028;CONJ. MOVIMENTADOR TRINO NEW BV3 127V SEM ACIONAMENTO;401161;PARAFUSO PAN ZBR P/ CHAVE TORX M5 X 20MM T25;6,0;66,0;66,0;66,0;90,0;120,0;138,0;138,0;138,0;138,0
2008028;CONJ. MOVIMENTADOR TRINO NEW BV3 127V SEM ACIONAMENTO;401169;PF JMP PAN PHS 3,5X14MM ZI;4,0;44,0;44,0;44,0;60,0;80,0;92,0;92,0;92,0;92,0
2008028;CONJ. MOVIMENTADOR TRINO NEW BV3 127V SEM ACIONAMENTO;401169;PF JMP PAN PHS 3,5X14MM ZI;2,0;22,0;22,0;22,0;30,0;40,0;46,0;46,0;46,0;46,0
2008028;CONJ. MOVIMENTADOR TRINO NEW BV3 127V SEM ACIONAMENTO;401208;PA MQ PN HXL T25 TMA 5X12 RI ZB;8,0;88,0;88,0;88,0;120,0;160,0;184,0;184,0;184,0;184,0
2008028;CONJ. MOVIMENTADOR TRINO NEW BV3 127V SEM ACIONAMENTO;402012;ANEL ELÁSTICO E-20;3,0;33,0;33,0;33,0;45,0;60,0;69,0;69,0;69,0;69,0
2008028;CONJ. MOVIMENTADOR TRINO NEW BV3 127V SEM ACIONAMENTO;402013;RETENTOR GR 20X30X7 TC GTOP;2,0;22,0;22,0;22,0;30,0;40,0;46,0;46,0;46,0;46,0
2008028;CONJ. MOVIMENTADOR TRINO NEW BV3 127V SEM ACIONAMENTO;402015;ANEL ELÁSTICO E12;4,0;44,0;44,0;44,0;60,0;80,0;92,0;92,0;92,0;92,0
2008028;CONJ. MOVIMENTADOR TRINO NEW BV3 127V SEM ACIONAMENTO;402018;ESPAGUETE LISO 10MMX150MM;0,15;1,65;1,65;1,65;2,25;3,0;3,45;3,45;3,45;3,45
2008028;CONJ. MOVIMENTADOR TRINO NEW BV3 127V SEM ACIONAMENTO;402019;PINO ELÁSTICO 4 X 24MM;1,0;11,0;11,0;11,0;15,0;20,0;23,0;23,0;23,0;23,0
2008028;CONJ. MOVIMENTADOR TRINO NEW BV3 127V SEM ACIONAMENTO;411017;ROLAMENTOS 6201-08 ZZ C3;2,0;22,0;22,0;22,0;30,0;40,0;46,0;46,0;46,0;46,0
2008028;CONJ. MOVIMENTADOR TRINO NEW BV3 127V SEM ACIONAMENTO;412023;ESTATOR BOBINADO AGL BV/NEW BV/PIVO P33 1/4 cv 04 42z 127V 60Hz;1,0;11,0;11,0;11,0;15,0;20,0;23,0;23,0;23,0;23,0
2008028;CONJ. MOVIMENTADOR TRINO NEW BV3 127V SEM ACIONAMENTO;412162;ROTOR AGL NEW BV P33 1/3 cv 04;1,0;11,0;11,0;11,0;15,0;20,0;23,0;23,0;23,0;23,0
2008028;CONJ. MOVIMENTADOR TRINO NEW BV3 127V SEM ACIONAMENTO;510027;INLUB GRAX MP 2/TI;0,012;0,13;0,13;0,13;0,18;0,24;0,28;0,28;0,28;0,28
2008028;CONJ. MOVIMENTADOR TRINO NEW BV3 127V SEM ACIONAMENTO;701155;EIXO PRINCIPAL DO NEW BV - BRUTO;1,0;11,0;11,0;11,0;15,0;20,0;23,0;23,0;23,0;23,0
2008028;CONJ. MOVIMENTADOR TRINO NEW BV3 127V SEM ACIONAMENTO;804430;CAPA DO ROLAMENTO DOS MOTORES;2,0;22,0;22,0;22,0;30,0;40,0;46,0;46,0;46,0;46,0
2008028;CONJ. MOVIMENTADOR TRINO NEW BV3 127V SEM ACIONAMENTO;811122;MANUAL P / AUTOMATIZADOR DZ/BV/NEW BV CENTRAL FLEX/LIGHT EM PORTUGUÊS;1,0;11,0;11,0;11,0;15,0;20,0;23,0;23,0;23,0;23,0
2008028;CONJ. MOVIMENTADOR TRINO NEW BV3 127V SEM ACIONAMENTO;811306;ETIQUETA ADES. COUCHE 100MM X 80MM X 01 CAR;1,0;11,0;11,0;11,0;15,0;20,0;23,0;23,0;23,0;23,0
2008028;CONJ. MOVIMENTADOR TRINO NEW BV3 127V SEM ACIONAMENTO;811311;ETIQUETA ADES. BOPP FOSCO C/DFAM 50MM X 25MM X 02 CAR;1,0;11,0;11,0;11,0;15,0;20,0;23,0;23,0;23,0;23,0
2008028;CONJ. MOVIMENTADOR TRINO NEW BV3 127V SEM ACIONAMENTO;811505;SACO PLASTICO TRANSPARENTE 14CM X 9CM;1,0;11,0;11,0;11,0;15,0;20,0;23,0;23,0;23,0;23,0
2008028;CONJ. MOVIMENTADOR TRINO NEW BV3 127V SEM ACIONAMENTO;811775;CAIXA MOTOR BASCULANTE NOVA 23,0 X 16,0 X 24,5;1,0;11,0;11,0;11,0;15,0;20,0;23,0;23,0;23,0;23,0
2008028;CONJ. MOVIMENTADOR TRINO NEW BV3 127V SEM ACIONAMENTO;813253;SEM FIM DE 1 ENTRADA AÇO;1,0;11,0;11,0;11,0;15,0;20,0;23,0;23,0;23,0;23,0
2008028;CONJ. MOVIMENTADOR TRINO NEW BV3 127V SEM ACIONAMENTO;813256;TAMPA DA CENTRAL NEW BV;1,0;11,0;11,0;11,0;15,0;20,0;23,0;23,0;23,0;23,0
2008028;CONJ. MOVIMENTADOR TRINO NEW BV3 127V SEM ACIONAMENTO;813257;BASE CENTRAL NEW BV;1,0;11,0;11,0;11,0;15,0;20,0;23,0;23,0;23,0;23,0
2008028;CONJ. MOVIMENTADOR TRINO NEW BV3 127V SEM ACIONAMENTO;813258;CARCAÇA INFERIOR NEW BV SEM FURO ENCODER;1,0;11,0;11,0;11,0;15,0;20,0;23,0;23,0;23,0;23,0
2008028;CONJ. MOVIMENTADOR TRINO NEW BV3 127V SEM ACIONAMENTO;813260;CALÇO DO ESTATOR NEW BV;2,0;22,0;22,0;22,0;30,0;40,0;46,0;46,0;46,0;46,0
2008028;CONJ. MOVIMENTADOR TRINO NEW BV3 127V SEM ACIONAMENTO;813263;ROLAMENTO PLÁSTICO EIXO ENGRENAGEM;2,0;22,0;22,0;22,0;30,0;40,0;46,0;46,0;46,0;46,0
2008028;CONJ. MOVIMENTADOR TRINO NEW BV3 127V SEM ACIONAMENTO;813265;CARCAÇA SUPERIOR NEW BV;1,0;11,0;11,0;11,0;15,0;20,0;23,0;23,0;23,0;23,0
2008028;CONJ. MOVIMENTADOR TRINO NEW BV3 127V SEM ACIONAMENTO;813289;ENGRENAGEM INTERNA DE 1 ENTRADA DZ E NEWBV SEM IMÃ;1,0;11,0;11,0;11,0;15,0;20,0;23,0;23,0;23,0;23,0
2008028;CONJ. MOVIMENTADOR TRINO NEW BV3 127V SEM ACIONAMENTO;813395;PASSA FIO DO NEW BV;1,0;11,0;11,0;11,0;15,0;20,0;23,0;23,0;23,0;23,0
2008028;CONJ. MOVIMENTADOR TRINO NEW BV3 127V SEM ACIONAMENTO;813522;CHAVETA QUADRADA 8MMX33,4MM;1,0;11,0;11,0;11,0;15,0;20,0;23,0;23,0;23,0;23,0
2008028;CONJ. MOVIMENTADOR TRINO NEW BV3 127V SEM ACIONAMENTO;911080;PLACA REVISADA CENTRAL FLEX;1,0;11,0;11,0;11,0;15,0;20,0;23,0;23,0;23,0;23,0
2008033;CONJ. MOVIMENTADOR TRINO NEW BV3 SPEED 220V SEM ACIONAMENTO;100802;TRANSMISSOR 433MHZ REMOTE - MODELO: AGL-E2  (DIGITAL KEY 6P20 BLACK);2,0;20,0;20,0;20,0;30,0;42,0;42,0;42,0;42,0;42,0
2008033;CONJ. MOVIMENTADOR TRINO NEW BV3 SPEED 220V SEM ACIONAMENTO;101307;CAPACITOR FIXO C/DIELETRICO DE POLIPROPILENO BIORIENTADO P/MOTORES CMRW CANECA PLASTICA 20uf 250V 50;1,0;10,0;10,0;10,0;15,0;21,0;21,0;21,0;21,0;21,0
2008033;CONJ. MOVIMENTADOR TRINO NEW BV3 SPEED 220V SEM ACIONAMENTO;103064;CONECTOR FÊMEA EC601V-5.08-3P GREEN BAG/BULK (EC601V-5.08-3P);1,0;10,0;10,0;10,0;15,0;21,0;21,0;21,0;21,0;21,0
2008033;CONJ. MOVIMENTADOR TRINO NEW BV3 SPEED 220V SEM ACIONAMENTO;401007;PARAFUSO 4.8 X 13 A/A PN. PH - ZI;4,0;40,0;40,0;40,0;60,0;84,0;84,0;84,0;84,0;84,0
2008033;CONJ. MOVIMENTADOR TRINO NEW BV3 SPEED 220V SEM ACIONAMENTO;401014;PARAFUSO 2.9 X 6.5 A/A PAN PHS ZI;2,0;20,0;20,0;20,0;30,0;42,0;42,0;42,0;42,0;42,0
2008033;CONJ. MOVIMENTADOR TRINO NEW BV3 SPEED 220V SEM ACIONAMENTO;401121;ABRAÇADEIRA UV PRETA 202X3,7;1,0;10,0;10,0;10,0;15,0;21,0;21,0;21,0;21,0;21,0
2008033;CONJ. MOVIMENTADOR TRINO NEW BV3 SPEED 220V SEM ACIONAMENTO;401161;PARAFUSO PAN ZBR P/ CHAVE TORX M5 X 20MM T25;6,0;60,0;60,0;60,0;90,0;126,0;126,0;126,0;126,0;126,0
2008033;CONJ. MOVIMENTADOR TRINO NEW BV3 SPEED 220V SEM ACIONAMENTO;401169;PF JMP PAN PHS 3,5X14MM ZI;4,0;40,0;40,0;40,0;60,0;84,0;84,0;84,0;84,0;84,0
2008033;CONJ. MOVIMENTADOR TRINO NEW BV3 SPEED 220V SEM ACIONAMENTO;401169;PF JMP PAN PHS 3,5X14MM ZI;2,0;20,0;20,0;20,0;30,0;42,0;42,0;42,0;42,0;42,0
2008033;CONJ. MOVIMENTADOR TRINO NEW BV3 SPEED 220V SEM ACIONAMENTO;401208;PA MQ PN HXL T25 TMA 5X12 RI ZB;8,0;80,0;80,0;80,0;120,0;168,0;168,0;168,0;168,0;168,0
2008033;CONJ. MOVIMENTADOR TRINO NEW BV3 SPEED 220V SEM ACIONAMENTO;402012;ANEL ELÁSTICO E-20;3,0;30,0;30,0;30,0;45,0;63,0;63,0;63,0;63,0;63,0
2008033;CONJ. MOVIMENTADOR TRINO NEW BV3 SPEED 220V SEM ACIONAMENTO;402013;RETENTOR GR 20X30X7 TC GTOP;2,0;20,0;20,0;20,0;30,0;42,0;42,0;42,0;42,0;42,0
2008033;CONJ. MOVIMENTADOR TRINO NEW BV3 SPEED 220V SEM ACIONAMENTO;402015;ANEL ELÁSTICO E12;4,0;40,0;40,0;40,0;60,0;84,0;84,0;84,0;84,0;84,0
2008033;CONJ. MOVIMENTADOR TRINO NEW BV3 SPEED 220V SEM ACIONAMENTO;402018;ESPAGUETE LISO 10MMX150MM;0,15;1,5;1,5;1,5;2,25;3,15;3,15;3,15;3,15;3,15
2008033;CONJ. MOVIMENTADOR TRINO NEW BV3 SPEED 220V SEM ACIONAMENTO;402019;PINO ELÁSTICO 4 X 24MM;1,0;10,0;10,0;10,0;15,0;21,0;21,0;21,0;21,0;21,0
2008033;CONJ. MOVIMENTADOR TRINO NEW BV3 SPEED 220V SEM ACIONAMENTO;403047;MOLA DO FREIO MOTOR PIVOTANTE/ NEW BV;1,0;10,0;10,0;10,0;15,0;21,0;21,0;21,0;21,0;21,0
2008033;CONJ. MOVIMENTADOR TRINO NEW BV3 SPEED 220V SEM ACIONAMENTO;411017;ROLAMENTOS 6201-08 ZZ C3;2,0;20,0;20,0;20,0;30,0;42,0;42,0;42,0;42,0;42,0
2008033;CONJ. MOVIMENTADOR TRINO NEW BV3 SPEED 220V SEM ACIONAMENTO;412150;ESTATOR BOBINADO AGL BV/NEW BV/PIVO P33 1/4 cv 04 42z 220V 60Hz;1,0;10,0;10,0;10,0;15,0;21,0;21,0;21,0;21,0;21,0
2008033;CONJ. MOVIMENTADOR TRINO NEW BV3 SPEED 220V SEM ACIONAMENTO;412162;ROTOR AGL NEW BV P33 1/3 cv 04;1,0;10,0;10,0;10,0;15,0;21,0;21,0;21,0;21,0;21,0
2008033;CONJ. MOVIMENTADOR TRINO NEW BV3 SPEED 220V SEM ACIONAMENTO;510027;INLUB GRAX MP 2/TI;0,012;0,12;0,12;0,12;0,18;0,25;0,25;0,25;0,25;0,25
2008033;CONJ. MOVIMENTADOR TRINO NEW BV3 SPEED 220V SEM ACIONAMENTO;701155;EIXO PRINCIPAL DO NEW BV - BRUTO;1,0;10,0;10,0;10,0;15,0;21,0;21,0;21,0;21,0;21,0
2008033;CONJ. MOVIMENTADOR TRINO NEW BV3 SPEED 220V SEM ACIONAMENTO;804430;CAPA DO ROLAMENTO DOS MOTORES;2,0;20,0;20,0;20,0;30,0;42,0;42,0;42,0;42,0;42,0
2008033;CONJ. MOVIMENTADOR TRINO NEW BV3 SPEED 220V SEM ACIONAMENTO;811122;MANUAL P / AUTOMATIZADOR DZ/BV/NEW BV CENTRAL FLEX/LIGHT EM PORTUGUÊS;1,0;10,0;10,0;10,0;15,0;21,0;21,0;21,0;21,0;21,0
2008033;CONJ. MOVIMENTADOR TRINO NEW BV3 SPEED 220V SEM ACIONAMENTO;811306;ETIQUETA ADES. COUCHE 100MM X 80MM X 01 CAR;1,0;10,0;10,0;10,0;15,0;21,0;21,0;21,0;21,0;21,0
2008033;CONJ. MOVIMENTADOR TRINO NEW BV3 SPEED 220V SEM ACIONAMENTO;811311;ETIQUETA ADES. BOPP FOSCO C/DFAM 50MM X 25MM X 02 CAR;2,0;20,0;20,0;20,0;30,0;42,0;42,0;42,0;42,0;42,0
2008033;CONJ. MOVIMENTADOR TRINO NEW BV3 SPEED 220V SEM ACIONAMENTO;811775;CAIXA MOTOR BASCULANTE NOVA 23,0 X 16,0 X 24,5;1,0;10,0;10,0;10,0;15,0;21,0;21,0;21,0;21,0;21,0
2008033;CONJ. MOVIMENTADOR TRINO NEW BV3 SPEED 220V SEM ACIONAMENTO;813255;SEM FIM DE DUAS ENTRADAS AÇO DZ/ NEW BV;1,0;10,0;10,0;10,0;15,0;21,0;21,0;21,0;21,0;21,0
2008033;CONJ. MOVIMENTADOR TRINO NEW BV3 SPEED 220V SEM ACIONAMENTO;813256;TAMPA DA CENTRAL NEW BV;1,0;10,0;10,0;10,0;15,0;21,0;21,0;21,0;21,0;21,0
2008033;CONJ. MOVIMENTADOR TRINO NEW BV3 SPEED 220V SEM ACIONAMENTO;813257;BASE CENTRAL NEW BV;1,0;10,0;10,0;10,0;15,0;21,0;21,0;21,0;21,0;21,0
2008033;CONJ. MOVIMENTADOR TRINO NEW BV3 SPEED 220V SEM ACIONAMENTO;813258;CARCAÇA INFERIOR NEW BV SEM FURO ENCODER;1,0;10,0;10,0;10,0;15,0;21,0;21,0;21,0;21,0;21,0
2008033;CONJ. MOVIMENTADOR TRINO NEW BV3 SPEED 220V SEM ACIONAMENTO;813260;CALÇO DO ESTATOR NEW BV;2,0;20,0;20,0;20,0;30,0;42,0;42,0;42,0;42,0;42,0
2008033;CONJ. MOVIMENTADOR TRINO NEW BV3 SPEED 220V SEM ACIONAMENTO;813263;ROLAMENTO PLÁSTICO EIXO ENGRENAGEM;2,0;20,0;20,0;20,0;30,0;42,0;42,0;42,0;42,0;42,0
2008033;CONJ. MOVIMENTADOR TRINO NEW BV3 SPEED 220V SEM ACIONAMENTO;813265;CARCAÇA SUPERIOR NEW BV;1,0;10,0;10,0;10,0;15,0;21,0;21,0;21,0;21,0;21,0
2008033;CONJ. MOVIMENTADOR TRINO NEW BV3 SPEED 220V SEM ACIONAMENTO;813295;ENGRENAGEM 2 ENTRADAS NEW BV SEM IMÃ;1,0;10,0;10,0;10,0;15,0;21,0;21,0;21,0;21,0;21,0
2008033;CONJ. MOVIMENTADOR TRINO NEW BV3 SPEED 220V SEM ACIONAMENTO;813395;PASSA FIO DO NEW BV;1,0;10,0;10,0;10,0;15,0;21,0;21,0;21,0;21,0;21,0
2008033;CONJ. MOVIMENTADOR TRINO NEW BV3 SPEED 220V SEM ACIONAMENTO;813412;DISCO DE FRICÇÃO DE CELEROM Ø20MM;1,0;10,0;10,0;10,0;15,0;21,0;21,0;21,0;21,0;21,0
2008033;CONJ. MOVIMENTADOR TRINO NEW BV3 SPEED 220V SEM ACIONAMENTO;813522;CHAVETA QUADRADA 8MMX33,4MM;1,0;10,0;10,0;10,0;15,0;21,0;21,0;21,0;21,0;21,0
2008033;CONJ. MOVIMENTADOR TRINO NEW BV3 SPEED 220V SEM ACIONAMENTO;813524;COPO DE FREIO PIVOTANTE/ NEW BV SPEED;1,0;10,0;10,0;10,0;15,0;21,0;21,0;21,0;21,0;21,0
2008033;CONJ. MOVIMENTADOR TRINO NEW BV3 SPEED 220V SEM ACIONAMENTO;911080;PLACA REVISADA CENTRAL FLEX;1,0;10,0;10,0;10,0;15,0;21,0;21,0;21,0;21,0;21,0
2007093;CONJUNTO MOVIMENTADOR TRINO PIVÔ 4 220V SEM ACIONAMENTO - DUPLO;813515;CALÇO DO ESTATOR P28 BV/PIVO;4,0;36,0;36,0;36,0;36,0;56,0;56,0;56,0;56,0;56,0
2007093;CONJUNTO MOVIMENTADOR TRINO PIVÔ 4 220V SEM ACIONAMENTO - DUPLO;103064;CONECTOR FÊMEA EC601V-5.08-3P GREEN BAG/BULK (EC601V-5.08-3P);1,0;9,0;9,0;9,0;9,0;14,0;14,0;14,0;14,0;14,0
2007093;CONJUNTO MOVIMENTADOR TRINO PIVÔ 4 220V SEM ACIONAMENTO - DUPLO;201125;GRAMPO 35/18 UNIDADE;6,0;54,0;54,0;54,0;54,0;84,0;84,0;84,0;84,0;84,0
2007093;CONJUNTO MOVIMENTADOR TRINO PIVÔ 4 220V SEM ACIONAMENTO - DUPLO;401014;PARAFUSO 2.9 X 6.5 A/A PAN PHS ZI;2,0;18,0;18,0;18,0;18,0;28,0;28,0;28,0;28,0;28,0
2007093;CONJUNTO MOVIMENTADOR TRINO PIVÔ 4 220V SEM ACIONAMENTO - DUPLO;401031;ARRUELA LISA M6;16,0;144,0;144,0;144,0;144,0;224,0;224,0;224,0;224,0;224,0
2007093;CONJUNTO MOVIMENTADOR TRINO PIVÔ 4 220V SEM ACIONAMENTO - DUPLO;401095;PARAFUSO MET SXT RI M6-1.00MA X 20 ZI;16,0;144,0;144,0;144,0;144,0;224,0;224,0;224,0;224,0;224,0
2007093;CONJUNTO MOVIMENTADOR TRINO PIVÔ 4 220V SEM ACIONAMENTO - DUPLO;401134;PARAFUSO PAN CRUZ 3,5MMX27MM (FABR. AGL) - ZINCADO (PROD);4,0;36,0;36,0;36,0;36,0;56,0;56,0;56,0;56,0;56,0
2007093;CONJUNTO MOVIMENTADOR TRINO PIVÔ 4 220V SEM ACIONAMENTO - DUPLO;401160;PARAFUSO MQ HXL M5 X 16MM RI T25 ZBR;12,0;108,0;108,0;108,0;108,0;168,0;168,0;168,0;168,0;168,0
2007093;CONJUNTO MOVIMENTADOR TRINO PIVÔ 4 220V SEM ACIONAMENTO - DUPLO;401198;PARAFUSO PLASTIC PAN PHILLIPS 4 X 10 ZB - ZINCADO;4,0;36,0;36,0;36,0;36,0;56,0;56,0;56,0;56,0;56,0
2007093;CONJUNTO MOVIMENTADOR TRINO PIVÔ 4 220V SEM ACIONAMENTO - DUPLO;402012;ANEL ELÁSTICO E-20;4,0;36,0;36,0;36,0;36,0;56,0;56,0;56,0;56,0;56,0
2007093;CONJUNTO MOVIMENTADOR TRINO PIVÔ 4 220V SEM ACIONAMENTO - DUPLO;402015;ANEL ELÁSTICO E12;2,0;18,0;18,0;18,0;18,0;28,0;28,0;28,0;28,0;28,0
2007093;CONJUNTO MOVIMENTADOR TRINO PIVÔ 4 220V SEM ACIONAMENTO - DUPLO;402018;ESPAGUETE LISO 10MMX150MM;0,3;2,7;2,7;2,7;2,7;4,2;4,2;4,2;4,2;4,2
2007093;CONJUNTO MOVIMENTADOR TRINO PIVÔ 4 220V SEM ACIONAMENTO - DUPLO;402036;BUCHA PLASTICA N06;2,0;18,0;18,0;18,0;18,0;28,0;28,0;28,0;28,0;28,0
2007093;CONJUNTO MOVIMENTADOR TRINO PIVÔ 4 220V SEM ACIONAMENTO - DUPLO;403047;MOLA DO FREIO MOTOR PIVOTANTE/ NEW BV;2,0;18,0;18,0;18,0;18,0;28,0;28,0;28,0;28,0;28,0
2007093;CONJUNTO MOVIMENTADOR TRINO PIVÔ 4 220V SEM ACIONAMENTO - DUPLO;411017;ROLAMENTOS 6201-08 ZZ C3;4,0;36,0;36,0;36,0;36,0;56,0;56,0;56,0;56,0;56,0
2007093;CONJUNTO MOVIMENTADOR TRINO PIVÔ 4 220V SEM ACIONAMENTO - DUPLO;411058;CORDÃO ESPONJOSO 1/8  Ø 3MM + 0,4MM (ANEL DE VEDAÇÃO);0,14;1,26;1,26;1,26;1,26;1,96;1,96;1,96;1,96;1,96
2007093;CONJUNTO MOVIMENTADOR TRINO PIVÔ 4 220V SEM ACIONAMENTO - DUPLO;412155;ESTATOR BOBINADO AGL BV/NEW BV/PIVO P28 1/5 cv 04 42 220V 60Hz;2,0;18,0;18,0;18,0;18,0;28,0;28,0;28,0;28,0;28,0
2007093;CONJUNTO MOVIMENTADOR TRINO PIVÔ 4 220V SEM ACIONAMENTO - DUPLO;412027;ROTOR AGL BV/PIVO P28 4 POLOS;2,0;18,0;18,0;18,0;18,0;28,0;28,0;28,0;28,0;28,0
2007093;CONJUNTO MOVIMENTADOR TRINO PIVÔ 4 220V SEM ACIONAMENTO - DUPLO;510027;INLUB GRAX MP 2/TI;0,024;0,22;0,22;0,22;0,22;0,34;0,34;0,34;0,34;0,34
2007093;CONJUNTO MOVIMENTADOR TRINO PIVÔ 4 220V SEM ACIONAMENTO - DUPLO;804326;BASE DE PROTEÇÃO DA CENTRAL NEW PIVO;1,0;9,0;9,0;9,0;9,0;14,0;14,0;14,0;14,0;14,0
2007093;CONJUNTO MOVIMENTADOR TRINO PIVÔ 4 220V SEM ACIONAMENTO - DUPLO;804327;TAMPA DE PROTEÇÃO DA CENTRAL NEW PIVO;1,0;9,0;9,0;9,0;9,0;14,0;14,0;14,0;14,0;14,0
2007093;CONJUNTO MOVIMENTADOR TRINO PIVÔ 4 220V SEM ACIONAMENTO - DUPLO;804508;COROA DO MOVIMENTADOR BV/PIVO NYLON Ø 20MM;2,0;18,0;18,0;18,0;18,0;28,0;28,0;28,0;28,0;28,0
2007093;CONJUNTO MOVIMENTADOR TRINO PIVÔ 4 220V SEM ACIONAMENTO - DUPLO;811034;MANUAL DE INSTALAÇÃO LINHA PIVOTANTE SEM LOGO PORTUGUÊS (CENTRAL FLEX / DUPLA);1,0;9,0;9,0;9,0;9,0;14,0;14,0;14,0;14,0;14,0
2007093;CONJUNTO MOVIMENTADOR TRINO PIVÔ 4 220V SEM ACIONAMENTO - DUPLO;811306;ETIQUETA ADES. COUCHE 100MM X 80MM X 01 CAR;1,0;9,0;9,0;9,0;9,0;14,0;14,0;14,0;14,0;14,0
2007093;CONJUNTO MOVIMENTADOR TRINO PIVÔ 4 220V SEM ACIONAMENTO - DUPLO;811311;ETIQUETA ADES. BOPP FOSCO C/DFAM 50MM X 25MM X 02 CAR;2,0;18,0;18,0;18,0;18,0;28,0;28,0;28,0;28,0;28,0
2007093;CONJUNTO MOVIMENTADOR TRINO PIVÔ 4 220V SEM ACIONAMENTO - DUPLO;811541;SACO PLASTICO TRANSPARENTE 30CM X 15CM;1,0;9,0;9,0;9,0;9,0;14,0;14,0;14,0;14,0;14,0
2007093;CONJUNTO MOVIMENTADOR TRINO PIVÔ 4 220V SEM ACIONAMENTO - DUPLO;811915;CAIXA MOTOR PIVO DUPLO S/ ACIONAMENTO;1,0;9,0;9,0;9,0;9,0;14,0;14,0;14,0;14,0;14,0
2007093;CONJUNTO MOVIMENTADOR TRINO PIVÔ 4 220V SEM ACIONAMENTO - DUPLO;813025;VENTOINHA DOS MOTORES;2,0;18,0;18,0;18,0;18,0;28,0;28,0;28,0;28,0;28,0
2007093;CONJUNTO MOVIMENTADOR TRINO PIVÔ 4 220V SEM ACIONAMENTO - DUPLO;813033;TAMPA DE PROTEÇÃO DA VENTOINHA;2,0;18,0;18,0;18,0;18,0;28,0;28,0;28,0;28,0;28,0
2007093;CONJUNTO MOVIMENTADOR TRINO PIVÔ 4 220V SEM ACIONAMENTO - DUPLO;813043;BUCHA DE CENTRAGEM DO SEM FIM DO BASCULANTE;2,0;18,0;18,0;18,0;18,0;28,0;28,0;28,0;28,0;28,0
2007093;CONJUNTO MOVIMENTADOR TRINO PIVÔ 4 220V SEM ACIONAMENTO - DUPLO;813047;PASSA FIO DO BV;2,0;18,0;18,0;18,0;18,0;28,0;28,0;28,0;28,0;28,0
2007093;CONJUNTO MOVIMENTADOR TRINO PIVÔ 4 220V SEM ACIONAMENTO - DUPLO;813054;MANCAL PERFIL INFERIOR;2,0;18,0;18,0;18,0;18,0;28,0;28,0;28,0;28,0;28,0
2007093;CONJUNTO MOVIMENTADOR TRINO PIVÔ 4 220V SEM ACIONAMENTO - DUPLO;813108;SEM FIM DE DUAS ENTRADAS AÇO BV ANTIGO/ BV3/ BV4;2,0;18,0;18,0;18,0;18,0;28,0;28,0;28,0;28,0;28,0
2007093;CONJUNTO MOVIMENTADOR TRINO PIVÔ 4 220V SEM ACIONAMENTO - DUPLO;813270;CARCAÇA DE MOTOR BV/PIVO SUPERIOR;2,0;18,0;18,0;18,0;18,0;28,0;28,0;28,0;28,0;28,0
2007093;CONJUNTO MOVIMENTADOR TRINO PIVÔ 4 220V SEM ACIONAMENTO - DUPLO;813271;CARCAÇA DE MOTOR BV/PIVO INFERIOR;2,0;18,0;18,0;18,0;18,0;28,0;28,0;28,0;28,0;28,0
2007093;CONJUNTO MOVIMENTADOR TRINO PIVÔ 4 220V SEM ACIONAMENTO - DUPLO;813280;CRUZETA DO MANCAL;2,0;18,0;18,0;18,0;18,0;28,0;28,0;28,0;28,0;28,0
2007093;CONJUNTO MOVIMENTADOR TRINO PIVÔ 4 220V SEM ACIONAMENTO - DUPLO;813281;SUPORTE ORELHA DO BV/PIVÔ;2,0;18,0;18,0;18,0;18,0;28,0;28,0;28,0;28,0;28,0
2007093;CONJUNTO MOVIMENTADOR TRINO PIVÔ 4 220V SEM ACIONAMENTO - DUPLO;813309;PINO DESTRAVAMENTO PIVO;2,0;18,0;18,0;18,0;18,0;28,0;28,0;28,0;28,0;28,0
2007093;CONJUNTO MOVIMENTADOR TRINO PIVÔ 4 220V SEM ACIONAMENTO - DUPLO;813310;CILINDRO CHAVE PIVO;2,0;18,0;18,0;18,0;18,0;28,0;28,0;28,0;28,0;28,0
2007093;CONJUNTO MOVIMENTADOR TRINO PIVÔ 4 220V SEM ACIONAMENTO - DUPLO;813311;CHAVE PIVO;2,0;18,0;18,0;18,0;18,0;28,0;28,0;28,0;28,0;28,0
2007093;CONJUNTO MOVIMENTADOR TRINO PIVÔ 4 220V SEM ACIONAMENTO - DUPLO;813412;DISCO DE FRICÇÃO DE CELEROM Ø20MM;2,0;18,0;18,0;18,0;18,0;28,0;28,0;28,0;28,0;28,0
2007093;CONJUNTO MOVIMENTADOR TRINO PIVÔ 4 220V SEM ACIONAMENTO - DUPLO;813521;SUPORTE DA BUCHA MANCAL MODELO NOVO (P/ EIXO 20MM);2,0;18,0;18,0;18,0;18,0;28,0;28,0;28,0;28,0;28,0
2007093;CONJUNTO MOVIMENTADOR TRINO PIVÔ 4 220V SEM ACIONAMENTO - DUPLO;813524;COPO DE FREIO PIVOTANTE/ NEW BV SPEED;2,0;18,0;18,0;18,0;18,0;28,0;28,0;28,0;28,0;28,0
2007093;CONJUNTO MOVIMENTADOR TRINO PIVÔ 4 220V SEM ACIONAMENTO - DUPLO;911156;PLACA REVISADA NOVA CENTRAL DUPLA;1,0;9,0;9,0;9,0;9,0;14,0;14,0;14,0;14,0;14,0
2007093;CONJUNTO MOVIMENTADOR TRINO PIVÔ 4 220V SEM ACIONAMENTO - DUPLO;402017;CP DE FERRO ZINCADO 3/16 X 1. 1/4;4,0;36,0;36,0;36,0;36,0;56,0;56,0;56,0;56,0;56,0
2007093;CONJUNTO MOVIMENTADOR TRINO PIVÔ 4 220V SEM ACIONAMENTO - DUPLO;813319;TRAVA MAIOR SUPORTE FX PIVO - ZINCADO;2,0;18,0;18,0;18,0;18,0;28,0;28,0;28,0;28,0;28,0
2007093;CONJUNTO MOVIMENTADOR TRINO PIVÔ 4 220V SEM ACIONAMENTO - DUPLO;813320;TRAVA MENOR SUPORTE FX PIVO - ZINCADO;2,0;18,0;18,0;18,0;18,0;28,0;28,0;28,0;28,0;28,0
2007093;CONJUNTO MOVIMENTADOR TRINO PIVÔ 4 220V SEM ACIONAMENTO - DUPLO;813321;PINO TRAVA PIVO - ZINCADO;4,0;36,0;36,0;36,0;36,0;56,0;56,0;56,0;56,0;56,0
2007093;CONJUNTO MOVIMENTADOR TRINO PIVÔ 4 220V SEM ACIONAMENTO - DUPLO;105068;BOBINA LAMINADA 2,00MM PRETA 23 (EVA PARA MOTORES);0,025;0,22;0,22;0,22;0,22;0,35;0,35;0,35;0,35;0,35
2007093;CONJUNTO MOVIMENTADOR TRINO PIVÔ 4 220V SEM ACIONAMENTO - DUPLO;105069;FITA EMPACT. 50MT X 48MM ACRI;0,0324;0,29;0,29;0,29;0,29;0,45;0,45;0,45;0,45;0,45
2007093;CONJUNTO MOVIMENTADOR TRINO PIVÔ 4 220V SEM ACIONAMENTO - DUPLO;811802;CAIXA MASTER 12 - CX DA CENTRAL PIVÔ;1,0;9,0;9,0;9,0;9,0;14,0;14,0;14,0;14,0;14,0
2007093;CONJUNTO MOVIMENTADOR TRINO PIVÔ 4 220V SEM ACIONAMENTO - DUPLO;100802;TRANSMISSOR 433MHZ REMOTE - MODELO: AGL-E2  (DIGITAL KEY 6P20 BLACK);2,0;18,0;18,0;18,0;18,0;28,0;28,0;28,0;28,0;28,0
2007093;CONJUNTO MOVIMENTADOR TRINO PIVÔ 4 220V SEM ACIONAMENTO - DUPLO;813619;EIXO ESTAMPADO PARA MOTOR PIVO - ZINCADO;2,0;18,0;18,0;18,0;18,0;28,0;28,0;28,0;28,0;28,0
2007093;CONJUNTO MOVIMENTADOR TRINO PIVÔ 4 220V SEM ACIONAMENTO - DUPLO;101306;CAPAC. FIXO C/DIEL. DE POLIP. BIOR. P/MOTORES CMRW CANECA PLASTICA 15uf 250V 50;1,0;9,0;9,0;9,0;9,0;14,0;14,0;14,0;14,0;14,0
2007093;CONJUNTO MOVIMENTADOR TRINO PIVÔ 4 220V SEM ACIONAMENTO - DUPLO;402578;MOLA PARA DESTRAVAMENTO PIVOTANTE Ø24.0 x Ø1.5 x 30.92;2,0;18,0;18,0;18,0;18,0;28,0;28,0;28,0;28,0;28,0
2005040;CONJ. MOVIMENTADOR P/ PORTA DE ENROLAR AC600 - 220V SEM TESTEIRA;101819;BATERIA DE LITHIUM CR2032 210mAH 3V TRAY (CR2032);2,0;18,0;18,0;18,0;18,0;18,0;18,0;18,0;18,0;18,0
2005040;CONJ. MOVIMENTADOR P/ PORTA DE ENROLAR AC600 - 220V SEM TESTEIRA;603027;MOTOR AVULSO DE AUTOMATIZADOR PARA PORTAS DE ENROLAR - AC600;1,0;9,0;9,0;9,0;9,0;9,0;9,0;9,0;9,0;9,0
2005040;CONJ. MOVIMENTADOR P/ PORTA DE ENROLAR AC600 - 220V SEM TESTEIRA;804123;BASE SUPERIOR COM LOGO DO CONTROLE REMOTO INTER. DIGI. DIGITAL KEY - PRETO;2,0;18,0;18,0;18,0;18,0;18,0;18,0;18,0;18,0;18,0
2005040;CONJ. MOVIMENTADOR P/ PORTA DE ENROLAR AC600 - 220V SEM TESTEIRA;804165;BASE INFERIOR DO CONTROLE REMOTO INTER. DIGI. DIGITAL KEY - PRETO;2,0;18,0;18,0;18,0;18,0;18,0;18,0;18,0;18,0;18,0
2005040;CONJ. MOVIMENTADOR P/ PORTA DE ENROLAR AC600 - 220V SEM TESTEIRA;804177;ALÇA DO CONTROLE REMOTO INTER. DIGI. DIGITAL KEY PRETO;2,0;18,0;18,0;18,0;18,0;18,0;18,0;18,0;18,0;18,0
2005040;CONJ. MOVIMENTADOR P/ PORTA DE ENROLAR AC600 - 220V SEM TESTEIRA;811306;ETIQUETA ADES. COUCHE 100MM X 80MM X 01 CAR;1,0;9,0;9,0;9,0;9,0;9,0;9,0;9,0;9,0;9,0
2005040;CONJ. MOVIMENTADOR P/ PORTA DE ENROLAR AC600 - 220V SEM TESTEIRA;811311;ETIQUETA ADES. BOPP FOSCO C/DFAM 50MM X 25MM X 02 CAR;1,0;9,0;9,0;9,0;9,0;9,0;9,0;9,0;9,0;9,0
2005040;CONJ. MOVIMENTADOR P/ PORTA DE ENROLAR AC600 - 220V SEM TESTEIRA;811505;SACO PLASTICO TRANSPARENTE 14CM X 9CM;1,0;9,0;9,0;9,0;9,0;9,0;9,0;9,0;9,0;9,0
2005040;CONJ. MOVIMENTADOR P/ PORTA DE ENROLAR AC600 - 220V SEM TESTEIRA;100226;MICROCONTROLADOR  ZY-AGL 433 - REMOTE  PCB - ZYAGL.;2,0;18,0;18,0;18,0;18,0;18,0;18,0;18,0;18,0;18,0
2001189;CONJ. MOVIMENTADOR TRINO 900 220V 50-60HZ SEM CREMALHEIRA COM  B. ALUMINIUM;100802;TRANSMISSOR 433MHZ REMOTE - MODELO: AGL-E2  (DIGITAL KEY 6P20 BLACK);2,0;12,0;12,0;12,0;12,0;12,0;12,0;12,0;12,0;12,0
2001189;CONJ. MOVIMENTADOR TRINO 900 220V 50-60HZ SEM CREMALHEIRA COM  B. ALUMINIUM;103064;CONECTOR FÊMEA EC601V-5.08-3P GREEN BAG/BULK (EC601V-5.08-3P);1,0;6,0;6,0;6,0;6,0;6,0;6,0;6,0;6,0;6,0
2001189;CONJ. MOVIMENTADOR TRINO 900 220V 50-60HZ SEM CREMALHEIRA COM  B. ALUMINIUM;208003;IMÃ DE FERRITE - B40X20X10MM;2,0;12,0;12,0;12,0;12,0;12,0;12,0;12,0;12,0;12,0
2001189;CONJ. MOVIMENTADOR TRINO 900 220V 50-60HZ SEM CREMALHEIRA COM  B. ALUMINIUM;208006;ANEL ENCODER - ROUND MAGNET;1,0;6,0;6,0;6,0;6,0;6,0;6,0;6,0;6,0;6,0
2001189;CONJ. MOVIMENTADOR TRINO 900 220V 50-60HZ SEM CREMALHEIRA COM  B. ALUMINIUM;401007;PARAFUSO 4.8 X 13 A/A PN. PH - ZI;2,0;12,0;12,0;12,0;12,0;12,0;12,0;12,0;12,0;12,0
2001189;CONJ. MOVIMENTADOR TRINO 900 220V 50-60HZ SEM CREMALHEIRA COM  B. ALUMINIUM;401014;PARAFUSO 2.9 X 6.5 A/A PAN PHS ZI;5,0;30,0;30,0;30,0;30,0;30,0;30,0;30,0;30,0;30,0
2001189;CONJ. MOVIMENTADOR TRINO 900 220V 50-60HZ SEM CREMALHEIRA COM  B. ALUMINIUM;401068;ARRUELA LISA 1/4 FE ZI;4,0;24,0;24,0;24,0;24,0;24,0;24,0;24,0;24,0;24,0
2001189;CONJ. MOVIMENTADOR TRINO 900 220V 50-60HZ SEM CREMALHEIRA COM  B. ALUMINIUM;401108;PARAFUSO PLASTIC PAN PHS 5 X 25MM ZI;4,0;24,0;24,0;24,0;24,0;24,0;24,0;24,0;24,0;24,0
2001189;CONJ. MOVIMENTADOR TRINO 900 220V 50-60HZ SEM CREMALHEIRA COM  B. ALUMINIUM;401143;ABRAÇADEIRA UV PRETA 100 X 2,5;1,0;6,0;6,0;6,0;6,0;6,0;6,0;6,0;6,0;6,0
2001189;CONJ. MOVIMENTADOR TRINO 900 220V 50-60HZ SEM CREMALHEIRA COM  B. ALUMINIUM;401156;PARAFUSO MAD SX 1/4 X 70MM ZI;4,0;24,0;24,0;24,0;24,0;24,0;24,0;24,0;24,0;24,0
2001189;CONJ. MOVIMENTADOR TRINO 900 220V 50-60HZ SEM CREMALHEIRA COM  B. ALUMINIUM;401162;PARAFUSO PAN ZBR P/ CHAVE TORX M5 X 25MM T25;6,0;36,0;36,0;36,0;36,0;36,0;36,0;36,0;36,0;36,0
2001189;CONJ. MOVIMENTADOR TRINO 900 220V 50-60HZ SEM CREMALHEIRA COM  B. ALUMINIUM;401169;PF JMP PAN PHS 3,5X14MM ZI;2,0;12,0;12,0;12,0;12,0;12,0;12,0;12,0;12,0;12,0
2001189;CONJ. MOVIMENTADOR TRINO 900 220V 50-60HZ SEM CREMALHEIRA COM  B. ALUMINIUM;401207;PF A/A JMC DRILL FL PHS C/ SERRILHA PTA BROCA 4,2X13MM ZI;4,0;24,0;24,0;24,0;24,0;24,0;24,0;24,0;24,0;24,0
2001189;CONJ. MOVIMENTADOR TRINO 900 220V 50-60HZ SEM CREMALHEIRA COM  B. ALUMINIUM;402012;ANEL ELÁSTICO E-20;3,0;18,0;18,0;18,0;18,0;18,0;18,0;18,0;18,0;18,0
2001189;CONJ. MOVIMENTADOR TRINO 900 220V 50-60HZ SEM CREMALHEIRA COM  B. ALUMINIUM;402015;ANEL ELÁSTICO E12;4,0;24,0;24,0;24,0;24,0;24,0;24,0;24,0;24,0;24,0
2001189;CONJ. MOVIMENTADOR TRINO 900 220V 50-60HZ SEM CREMALHEIRA COM  B. ALUMINIUM;402019;PINO ELÁSTICO 4 X 24MM;1,0;6,0;6,0;6,0;6,0;6,0;6,0;6,0;6,0;6,0
2001189;CONJ. MOVIMENTADOR TRINO 900 220V 50-60HZ SEM CREMALHEIRA COM  B. ALUMINIUM;402028;BUCHA PLASTICA N10;4,0;24,0;24,0;24,0;24,0;24,0;24,0;24,0;24,0;24,0
2001189;CONJ. MOVIMENTADOR TRINO 900 220V 50-60HZ SEM CREMALHEIRA COM  B. ALUMINIUM;403032;MOLA DE DESTRAVAMENTO DESLIZANTE;1,0;6,0;6,0;6,0;6,0;6,0;6,0;6,0;6,0;6,0
2001189;CONJ. MOVIMENTADOR TRINO 900 220V 50-60HZ SEM CREMALHEIRA COM  B. ALUMINIUM;411017;ROLAMENTOS 6201-08 ZZ C3;2,0;12,0;12,0;12,0;12,0;12,0;12,0;12,0;12,0;12,0
2001189;CONJ. MOVIMENTADOR TRINO 900 220V 50-60HZ SEM CREMALHEIRA COM  B. ALUMINIUM;510027;INLUB GRAX MP 2/TI;0,034;0,2;0,2;0,2;0,2;0,2;0,2;0,2;0,2;0,2
2001189;CONJ. MOVIMENTADOR TRINO 900 220V 50-60HZ SEM CREMALHEIRA COM  B. ALUMINIUM;512011;CONJUNTO ESTATOR E ROTOR AGL DESL P45 1/2 cv 04 42Z 220V 60Hz;1,0;6,0;6,0;6,0;6,0;6,0;6,0;6,0;6,0;6,0
2001189;CONJ. MOVIMENTADOR TRINO 900 220V 50-60HZ SEM CREMALHEIRA COM  B. ALUMINIUM;701154;EIXO MOTOR DESLIZANTE - BRUTO;1,0;6,0;6,0;6,0;6,0;6,0;6,0;6,0;6,0;6,0
2001189;CONJ. MOVIMENTADOR TRINO 900 220V 50-60HZ SEM CREMALHEIRA COM  B. ALUMINIUM;802036;PARTE DE FECHADURAS - CILINDRO COM CHAVE PARA MOTOR - CYLINDER;1,0;6,0;6,0;6,0;6,0;6,0;6,0;6,0;6,0;6,0
2001189;CONJ. MOVIMENTADOR TRINO 900 220V 50-60HZ SEM CREMALHEIRA COM  B. ALUMINIUM;804247;BASE DA CENTRAL DESLIZANTE;1,0;6,0;6,0;6,0;6,0;6,0;6,0;6,0;6,0;6,0
2001189;CONJ. MOVIMENTADOR TRINO 900 220V 50-60HZ SEM CREMALHEIRA COM  B. ALUMINIUM;804248;TAMPA DA CENTRAL DESLIZANTE;1,0;6,0;6,0;6,0;6,0;6,0;6,0;6,0;6,0;6,0
2001189;CONJ. MOVIMENTADOR TRINO 900 220V 50-60HZ SEM CREMALHEIRA COM  B. ALUMINIUM;804261;BASE SUPERIOR NYLON DO MOTOR DESLIZANTE C/ ENCODER;1,0;6,0;6,0;6,0;6,0;6,0;6,0;6,0;6,0;6,0
2001189;CONJ. MOVIMENTADOR TRINO 900 220V 50-60HZ SEM CREMALHEIRA COM  B. ALUMINIUM;811122;MANUAL P / AUTOMATIZADOR DZ/BV/NEW BV CENTRAL FLEX/LIGHT EM PORTUGUÊS;1,0;6,0;6,0;6,0;6,0;6,0;6,0;6,0;6,0;6,0
2001189;CONJ. MOVIMENTADOR TRINO 900 220V 50-60HZ SEM CREMALHEIRA COM  B. ALUMINIUM;811306;ETIQUETA ADES. COUCHE 100MM X 80MM X 01 CAR;1,0;6,0;6,0;6,0;6,0;6,0;6,0;6,0;6,0;6,0
2001189;CONJ. MOVIMENTADOR TRINO 900 220V 50-60HZ SEM CREMALHEIRA COM  B. ALUMINIUM;811311;ETIQUETA ADES. BOPP FOSCO C/DFAM 50MM X 25MM X 02 CAR;1,0;6,0;6,0;6,0;6,0;6,0;6,0;6,0;6,0;6,0
2001189;CONJ. MOVIMENTADOR TRINO 900 220V 50-60HZ SEM CREMALHEIRA COM  B. ALUMINIUM;811541;SACO PLASTICO TRANSPARENTE 30CM X 15CM;1,0;6,0;6,0;6,0;6,0;6,0;6,0;6,0;6,0;6,0
2001189;CONJ. MOVIMENTADOR TRINO 900 220V 50-60HZ SEM CREMALHEIRA COM  B. ALUMINIUM;811921;CAIXA PARDA MOTOR DESLIZANTE AGL ( MEIA ABA REFORÇADA);1,0;6,0;6,0;6,0;6,0;6,0;6,0;6,0;6,0;6,0
2001189;CONJ. MOVIMENTADOR TRINO 900 220V 50-60HZ SEM CREMALHEIRA COM  B. ALUMINIUM;813009;ALAVANCA PARA DESTRAVAMENTO MANUAL;1,0;6,0;6,0;6,0;6,0;6,0;6,0;6,0;6,0;6,0
2001189;CONJ. MOVIMENTADOR TRINO 900 220V 50-60HZ SEM CREMALHEIRA COM  B. ALUMINIUM;813014;LINGUETA DO CILINDRO DA ALAVANCA DE DESTRAVAMENTO MANUAL DZ ZI;1,0;6,0;6,0;6,0;6,0;6,0;6,0;6,0;6,0;6,0
2001189;CONJ. MOVIMENTADOR TRINO 900 220V 50-60HZ SEM CREMALHEIRA COM  B. ALUMINIUM;813024;TAMPA PROTEÇÃO DO MOTOR - PRETA;1,0;6,0;6,0;6,0;6,0;6,0;6,0;6,0;6,0;6,0
2001189;CONJ. MOVIMENTADOR TRINO 900 220V 50-60HZ SEM CREMALHEIRA COM  B. ALUMINIUM;813025;VENTOINHA DOS MOTORES;1,0;6,0;6,0;6,0;6,0;6,0;6,0;6,0;6,0;6,0
2001189;CONJ. MOVIMENTADOR TRINO 900 220V 50-60HZ SEM CREMALHEIRA COM  B. ALUMINIUM;813037;ENGRENAGEM EXTERNA MOTOR 17 DENTES;1,0;6,0;6,0;6,0;6,0;6,0;6,0;6,0;6,0;6,0
2001189;CONJ. MOVIMENTADOR TRINO 900 220V 50-60HZ SEM CREMALHEIRA COM  B. ALUMINIUM;813039;VENEZIANA DOS MOTORES;1,0;6,0;6,0;6,0;6,0;6,0;6,0;6,0;6,0;6,0
2001189;CONJ. MOVIMENTADOR TRINO 900 220V 50-60HZ SEM CREMALHEIRA COM  B. ALUMINIUM;813100;ENGRENAGEM INTERNA DE ZAMAC DO DESLIZANTE TRINO 700/900 1 ENTRADA 300/500/SOFT;1,0;6,0;6,0;6,0;6,0;6,0;6,0;6,0;6,0;6,0
2001189;CONJ. MOVIMENTADOR TRINO 900 220V 50-60HZ SEM CREMALHEIRA COM  B. ALUMINIUM;813144;SUPORTE DO IMA DE FIM DE CURSO DESLIZANTE;2,0;12,0;12,0;12,0;12,0;12,0;12,0;12,0;12,0;12,0
2001189;CONJ. MOVIMENTADOR TRINO 900 220V 50-60HZ SEM CREMALHEIRA COM  B. ALUMINIUM;813199;BASE DE ALUMÍNIO MOTORES DESLIZANTES;1,0;6,0;6,0;6,0;6,0;6,0;6,0;6,0;6,0;6,0
2001189;CONJ. MOVIMENTADOR TRINO 900 220V 50-60HZ SEM CREMALHEIRA COM  B. ALUMINIUM;813234;CHAVETA 8MMX33,4MM;1,0;6,0;6,0;6,0;6,0;6,0;6,0;6,0;6,0;6,0
2001189;CONJ. MOVIMENTADOR TRINO 900 220V 50-60HZ SEM CREMALHEIRA COM  B. ALUMINIUM;813235;BUCHA DO EIXO DESLIZANTE SEXTAVADA;2,0;12,0;12,0;12,0;12,0;12,0;12,0;12,0;12,0;12,0
2001189;CONJ. MOVIMENTADOR TRINO 900 220V 50-60HZ SEM CREMALHEIRA COM  B. ALUMINIUM;813237;PINO DESTRAVAMENTO TRINO;1,0;6,0;6,0;6,0;6,0;6,0;6,0;6,0;6,0;6,0
2001189;CONJ. MOVIMENTADOR TRINO 900 220V 50-60HZ SEM CREMALHEIRA COM  B. ALUMINIUM;813253;SEM FIM DE 1 ENTRADA AÇO;1,0;6,0;6,0;6,0;6,0;6,0;6,0;6,0;6,0;6,0
2001189;CONJ. MOVIMENTADOR TRINO 900 220V 50-60HZ SEM CREMALHEIRA COM  B. ALUMINIUM;813331;SUPORTE DE INSTALAÇÃO DO IMÃ DZ;2,0;12,0;12,0;12,0;12,0;12,0;12,0;12,0;12,0;12,0
2001189;CONJ. MOVIMENTADOR TRINO 900 220V 50-60HZ SEM CREMALHEIRA COM  B. ALUMINIUM;813409;TAMPÃO DO ENGRENAGEM EXTERNA MOTORES DZ;1,0;6,0;6,0;6,0;6,0;6,0;6,0;6,0;6,0;6,0
2001189;CONJ. MOVIMENTADOR TRINO 900 220V 50-60HZ SEM CREMALHEIRA COM  B. ALUMINIUM;813410;BUCHA DE CENTRAGEM DO EIXO DO ROTOR DZ;1,0;6,0;6,0;6,0;6,0;6,0;6,0;6,0;6,0;6,0
2001189;CONJ. MOVIMENTADOR TRINO 900 220V 50-60HZ SEM CREMALHEIRA COM  B. ALUMINIUM;813455;SENSOR DE FIM DE CURSO REED DESLIZANTE;1,0;6,0;6,0;6,0;6,0;6,0;6,0;6,0;6,0;6,0
2001189;CONJ. MOVIMENTADOR TRINO 900 220V 50-60HZ SEM CREMALHEIRA COM  B. ALUMINIUM;911080;PLACA REVISADA CENTRAL FLEX;1,0;6,0;6,0;6,0;6,0;6,0;6,0;6,0;6,0;6,0
2001189;CONJ. MOVIMENTADOR TRINO 900 220V 50-60HZ SEM CREMALHEIRA COM  B. ALUMINIUM;105069;FITA EMPACT. 50MT X 48MM ACRI;0,02;0,12;0,12;0,12;0,12;0,12;0,12;0,12;0,12;0,12
2001189;CONJ. MOVIMENTADOR TRINO 900 220V 50-60HZ SEM CREMALHEIRA COM  B. ALUMINIUM;101306;CAPAC. FIXO C/DIEL. DE POLIP. BIOR. P/MOTORES CMRW CANECA PLASTICA 15uf 250V 50;1,0;6,0;6,0;6,0;6,0;6,0;6,0;6,0;6,0;6,0
2008042;CONJ. MOVIMENTADOR TRINO NEW BV HEAVY 220V SEM ACIONAMENTO;100802;TRANSMISSOR 433MHZ REMOTE - MODELO: AGL-E2  (DIGITAL KEY 6P20 BLACK);2,0;10,0;10,0;10,0;14,0;14,0;14,0;14,0;14,0;14,0
2008042;CONJ. MOVIMENTADOR TRINO NEW BV HEAVY 220V SEM ACIONAMENTO;103064;CONECTOR FÊMEA EC601V-5.08-3P GREEN BAG/BULK (EC601V-5.08-3P);1,0;5,0;5,0;5,0;7,0;7,0;7,0;7,0;7,0;7,0
2008042;CONJ. MOVIMENTADOR TRINO NEW BV HEAVY 220V SEM ACIONAMENTO;401007;PARAFUSO 4.8 X 13 A/A PN. PH - ZI;4,0;20,0;20,0;20,0;28,0;28,0;28,0;28,0;28,0;28,0
2008042;CONJ. MOVIMENTADOR TRINO NEW BV HEAVY 220V SEM ACIONAMENTO;401014;PARAFUSO 2.9 X 6.5 A/A PAN PHS ZI;2,0;10,0;10,0;10,0;14,0;14,0;14,0;14,0;14,0;14,0
2008042;CONJ. MOVIMENTADOR TRINO NEW BV HEAVY 220V SEM ACIONAMENTO;401161;PARAFUSO PAN ZBR P/ CHAVE TORX M5 X 20MM T25;6,0;30,0;30,0;30,0;42,0;42,0;42,0;42,0;42,0;42,0
2008042;CONJ. MOVIMENTADOR TRINO NEW BV HEAVY 220V SEM ACIONAMENTO;401169;PF JMP PAN PHS 3,5X14MM ZI;4,0;20,0;20,0;20,0;28,0;28,0;28,0;28,0;28,0;28,0
2008042;CONJ. MOVIMENTADOR TRINO NEW BV HEAVY 220V SEM ACIONAMENTO;401169;PF JMP PAN PHS 3,5X14MM ZI;2,0;10,0;10,0;10,0;14,0;14,0;14,0;14,0;14,0;14,0
2008042;CONJ. MOVIMENTADOR TRINO NEW BV HEAVY 220V SEM ACIONAMENTO;401208;PA MQ PN HXL T25 TMA 5X12 RI ZB;8,0;40,0;40,0;40,0;56,0;56,0;56,0;56,0;56,0;56,0
2008042;CONJ. MOVIMENTADOR TRINO NEW BV HEAVY 220V SEM ACIONAMENTO;402012;ANEL ELÁSTICO E-20;3,0;15,0;15,0;15,0;21,0;21,0;21,0;21,0;21,0;21,0
2008042;CONJ. MOVIMENTADOR TRINO NEW BV HEAVY 220V SEM ACIONAMENTO;402013;RETENTOR GR 20X30X7 TC GTOP;2,0;10,0;10,0;10,0;14,0;14,0;14,0;14,0;14,0;14,0
2008042;CONJ. MOVIMENTADOR TRINO NEW BV HEAVY 220V SEM ACIONAMENTO;402015;ANEL ELÁSTICO E12;4,0;20,0;20,0;20,0;28,0;28,0;28,0;28,0;28,0;28,0
2008042;CONJ. MOVIMENTADOR TRINO NEW BV HEAVY 220V SEM ACIONAMENTO;402018;ESPAGUETE LISO 10MMX150MM;0,15;0,75;0,75;0,75;1,05;1,05;1,05;1,05;1,05;1,05
2008042;CONJ. MOVIMENTADOR TRINO NEW BV HEAVY 220V SEM ACIONAMENTO;402019;PINO ELÁSTICO 4 X 24MM;1,0;5,0;5,0;5,0;7,0;7,0;7,0;7,0;7,0;7,0
2008042;CONJ. MOVIMENTADOR TRINO NEW BV HEAVY 220V SEM ACIONAMENTO;411015;ROLAMENTOS 6004 ZZ;2,0;10,0;10,0;10,0;14,0;14,0;14,0;14,0;14,0;14,0
2008042;CONJ. MOVIMENTADOR TRINO NEW BV HEAVY 220V SEM ACIONAMENTO;411017;ROLAMENTOS 6201-08 ZZ C3;2,0;10,0;10,0;10,0;14,0;14,0;14,0;14,0;14,0;14,0
2008042;CONJ. MOVIMENTADOR TRINO NEW BV HEAVY 220V SEM ACIONAMENTO;412151;ESTATOR BOBINADO AGL NEW BV P39 04 42Z 220V 60HZ;1,0;5,0;5,0;5,0;7,0;7,0;7,0;7,0;7,0;7,0
2008042;CONJ. MOVIMENTADOR TRINO NEW BV HEAVY 220V SEM ACIONAMENTO;412163;ROTOR AGL NEW BV P39;1,0;5,0;5,0;5,0;7,0;7,0;7,0;7,0;7,0;7,0
2008042;CONJ. MOVIMENTADOR TRINO NEW BV HEAVY 220V SEM ACIONAMENTO;510027;INLUB GRAX MP 2/TI;0,012;0,06;0,06;0,06;0,08;0,08;0,08;0,08;0,08;0,08
2008042;CONJ. MOVIMENTADOR TRINO NEW BV HEAVY 220V SEM ACIONAMENTO;701155;EIXO PRINCIPAL DO NEW BV - BRUTO;1,0;5,0;5,0;5,0;7,0;7,0;7,0;7,0;7,0;7,0
2008042;CONJ. MOVIMENTADOR TRINO NEW BV HEAVY 220V SEM ACIONAMENTO;804430;CAPA DO ROLAMENTO DOS MOTORES;2,0;10,0;10,0;10,0;14,0;14,0;14,0;14,0;14,0;14,0
2008042;CONJ. MOVIMENTADOR TRINO NEW BV HEAVY 220V SEM ACIONAMENTO;811122;MANUAL P / AUTOMATIZADOR DZ/BV/NEW BV CENTRAL FLEX/LIGHT EM PORTUGUÊS;1,0;5,0;5,0;5,0;7,0;7,0;7,0;7,0;7,0;7,0
2008042;CONJ. MOVIMENTADOR TRINO NEW BV HEAVY 220V SEM ACIONAMENTO;811306;ETIQUETA ADES. COUCHE 100MM X 80MM X 01 CAR;1,0;5,0;5,0;5,0;7,0;7,0;7,0;7,0;7,0;7,0
2008042;CONJ. MOVIMENTADOR TRINO NEW BV HEAVY 220V SEM ACIONAMENTO;811311;ETIQUETA ADES. BOPP FOSCO C/DFAM 50MM X 25MM X 02 CAR;1,0;5,0;5,0;5,0;7,0;7,0;7,0;7,0;7,0;7,0
2008042;CONJ. MOVIMENTADOR TRINO NEW BV HEAVY 220V SEM ACIONAMENTO;811505;SACO PLASTICO TRANSPARENTE 14CM X 9CM;1,0;5,0;5,0;5,0;7,0;7,0;7,0;7,0;7,0;7,0
2008042;CONJ. MOVIMENTADOR TRINO NEW BV HEAVY 220V SEM ACIONAMENTO;811775;CAIXA MOTOR BASCULANTE NOVA 23,0 X 16,0 X 24,5;1,0;5,0;5,0;5,0;7,0;7,0;7,0;7,0;7,0;7,0
2008042;CONJ. MOVIMENTADOR TRINO NEW BV HEAVY 220V SEM ACIONAMENTO;813253;SEM FIM DE 1 ENTRADA AÇO;1,0;5,0;5,0;5,0;7,0;7,0;7,0;7,0;7,0;7,0
2008042;CONJ. MOVIMENTADOR TRINO NEW BV HEAVY 220V SEM ACIONAMENTO;813256;TAMPA DA CENTRAL NEW BV;1,0;5,0;5,0;5,0;7,0;7,0;7,0;7,0;7,0;7,0
2008042;CONJ. MOVIMENTADOR TRINO NEW BV HEAVY 220V SEM ACIONAMENTO;813257;BASE CENTRAL NEW BV;1,0;5,0;5,0;5,0;7,0;7,0;7,0;7,0;7,0;7,0
2008042;CONJ. MOVIMENTADOR TRINO NEW BV HEAVY 220V SEM ACIONAMENTO;813258;CARCAÇA INFERIOR NEW BV SEM FURO ENCODER;1,0;5,0;5,0;5,0;7,0;7,0;7,0;7,0;7,0;7,0
2008042;CONJ. MOVIMENTADOR TRINO NEW BV HEAVY 220V SEM ACIONAMENTO;813260;CALÇO DO ESTATOR NEW BV;2,0;10,0;10,0;10,0;14,0;14,0;14,0;14,0;14,0;14,0
2008042;CONJ. MOVIMENTADOR TRINO NEW BV HEAVY 220V SEM ACIONAMENTO;813265;CARCAÇA SUPERIOR NEW BV;1,0;5,0;5,0;5,0;7,0;7,0;7,0;7,0;7,0;7,0
2008042;CONJ. MOVIMENTADOR TRINO NEW BV HEAVY 220V SEM ACIONAMENTO;813289;ENGRENAGEM INTERNA DE 1 ENTRADA DZ E NEWBV SEM IMÃ;1,0;5,0;5,0;5,0;7,0;7,0;7,0;7,0;7,0;7,0
2008042;CONJ. MOVIMENTADOR TRINO NEW BV HEAVY 220V SEM ACIONAMENTO;813395;PASSA FIO DO NEW BV;1,0;5,0;5,0;5,0;7,0;7,0;7,0;7,0;7,0;7,0
2008042;CONJ. MOVIMENTADOR TRINO NEW BV HEAVY 220V SEM ACIONAMENTO;813522;CHAVETA QUADRADA 8MMX33,4MM;1,0;5,0;5,0;5,0;7,0;7,0;7,0;7,0;7,0;7,0
2008042;CONJ. MOVIMENTADOR TRINO NEW BV HEAVY 220V SEM ACIONAMENTO;911080;PLACA REVISADA CENTRAL FLEX;1,0;5,0;5,0;5,0;7,0;7,0;7,0;7,0;7,0;7,0
2008042;CONJ. MOVIMENTADOR TRINO NEW BV HEAVY 220V SEM ACIONAMENTO;101306;CAPAC. FIXO C/DIEL. DE POLIP. BIOR. P/MOTORES CMRW CANECA PLASTICA 15uf 250V 50;1,0;5,0;5,0;5,0;7,0;7,0;7,0;7,0;7,0;7,0
2006143;CONJ. MOVIMENTADOR INTELIGENTE - IZZY SPEED TURBO PRO 1/2 FREQUENCY INVERTER BIVOLT 50-60HZ B. ALUMI;100802;TRANSMISSOR 433MHZ REMOTE - MODELO: AGL-E2  (DIGITAL KEY 6P20 BLACK);2,0;6,0;6,0;6,0;6,0;6,0;6,0;6,0;6,0;6,0
2006143;CONJ. MOVIMENTADOR INTELIGENTE - IZZY SPEED TURBO PRO 1/2 FREQUENCY INVERTER BIVOLT 50-60HZ B. ALUMI;103064;CONECTOR FÊMEA EC601V-5.08-3P GREEN BAG/BULK (EC601V-5.08-3P);2,0;6,0;6,0;6,0;6,0;6,0;6,0;6,0;6,0;6,0
2006143;CONJ. MOVIMENTADOR INTELIGENTE - IZZY SPEED TURBO PRO 1/2 FREQUENCY INVERTER BIVOLT 50-60HZ B. ALUMI;201066;ROLO ZINCADO 1,25X50 NBR-7008-ZC;1,262;3,79;3,79;3,79;3,79;3,79;3,79;3,79;3,79;3,79
2006143;CONJ. MOVIMENTADOR INTELIGENTE - IZZY SPEED TURBO PRO 1/2 FREQUENCY INVERTER BIVOLT 50-60HZ B. ALUMI;208003;IMÃ DE FERRITE - B40X20X10MM;2,0;6,0;6,0;6,0;6,0;6,0;6,0;6,0;6,0;6,0
2006143;CONJ. MOVIMENTADOR INTELIGENTE - IZZY SPEED TURBO PRO 1/2 FREQUENCY INVERTER BIVOLT 50-60HZ B. ALUMI;401007;PARAFUSO 4.8 X 13 A/A PN. PH - ZI;36,0;108,0;108,0;108,0;108,0;108,0;108,0;108,0;108,0;108,0
2006143;CONJ. MOVIMENTADOR INTELIGENTE - IZZY SPEED TURBO PRO 1/2 FREQUENCY INVERTER BIVOLT 50-60HZ B. ALUMI;401014;PARAFUSO 2.9 X 6.5 A/A PAN PHS ZI;5,0;15,0;15,0;15,0;15,0;15,0;15,0;15,0;15,0;15,0
2006143;CONJ. MOVIMENTADOR INTELIGENTE - IZZY SPEED TURBO PRO 1/2 FREQUENCY INVERTER BIVOLT 50-60HZ B. ALUMI;401068;ARRUELA LISA 1/4 FE ZI;4,0;12,0;12,0;12,0;12,0;12,0;12,0;12,0;12,0;12,0
2006143;CONJ. MOVIMENTADOR INTELIGENTE - IZZY SPEED TURBO PRO 1/2 FREQUENCY INVERTER BIVOLT 50-60HZ B. ALUMI;401108;PARAFUSO PLASTIC PAN PHS 5 X 25MM ZI;4,0;12,0;12,0;12,0;12,0;12,0;12,0;12,0;12,0;12,0
2006143;CONJ. MOVIMENTADOR INTELIGENTE - IZZY SPEED TURBO PRO 1/2 FREQUENCY INVERTER BIVOLT 50-60HZ B. ALUMI;401143;ABRAÇADEIRA UV PRETA 100 X 2,5;1,0;3,0;3,0;3,0;3,0;3,0;3,0;3,0;3,0;3,0
2006143;CONJ. MOVIMENTADOR INTELIGENTE - IZZY SPEED TURBO PRO 1/2 FREQUENCY INVERTER BIVOLT 50-60HZ B. ALUMI;401156;PARAFUSO MAD SX 1/4 X 70MM ZI;4,0;12,0;12,0;12,0;12,0;12,0;12,0;12,0;12,0;12,0
2006143;CONJ. MOVIMENTADOR INTELIGENTE - IZZY SPEED TURBO PRO 1/2 FREQUENCY INVERTER BIVOLT 50-60HZ B. ALUMI;401162;PARAFUSO PAN ZBR P/ CHAVE TORX M5 X 25MM T25;6,0;18,0;18,0;18,0;18,0;18,0;18,0;18,0;18,0;18,0
2006143;CONJ. MOVIMENTADOR INTELIGENTE - IZZY SPEED TURBO PRO 1/2 FREQUENCY INVERTER BIVOLT 50-60HZ B. ALUMI;401169;PF JMP PAN PHS 3,5X14MM ZI;2,0;6,0;6,0;6,0;6,0;6,0;6,0;6,0;6,0;6,0
2006143;CONJ. MOVIMENTADOR INTELIGENTE - IZZY SPEED TURBO PRO 1/2 FREQUENCY INVERTER BIVOLT 50-60HZ B. ALUMI;401207;PF A/A JMC DRILL FL PHS C/ SERRILHA PTA BROCA 4,2X13MM ZI;4,0;12,0;12,0;12,0;12,0;12,0;12,0;12,0;12,0;12,0
2006143;CONJ. MOVIMENTADOR INTELIGENTE - IZZY SPEED TURBO PRO 1/2 FREQUENCY INVERTER BIVOLT 50-60HZ B. ALUMI;402012;ANEL ELÁSTICO E-20;3,0;9,0;9,0;9,0;9,0;9,0;9,0;9,0;9,0;9,0
2006143;CONJ. MOVIMENTADOR INTELIGENTE - IZZY SPEED TURBO PRO 1/2 FREQUENCY INVERTER BIVOLT 50-60HZ B. ALUMI;402015;ANEL ELÁSTICO E12;4,0;12,0;12,0;12,0;12,0;12,0;12,0;12,0;12,0;12,0
2006143;CONJ. MOVIMENTADOR INTELIGENTE - IZZY SPEED TURBO PRO 1/2 FREQUENCY INVERTER BIVOLT 50-60HZ B. ALUMI;402019;PINO ELÁSTICO 4 X 24MM;1,0;3,0;3,0;3,0;3,0;3,0;3,0;3,0;3,0;3,0
2006143;CONJ. MOVIMENTADOR INTELIGENTE - IZZY SPEED TURBO PRO 1/2 FREQUENCY INVERTER BIVOLT 50-60HZ B. ALUMI;402028;BUCHA PLASTICA N10;4,0;12,0;12,0;12,0;12,0;12,0;12,0;12,0;12,0;12,0
2006143;CONJ. MOVIMENTADOR INTELIGENTE - IZZY SPEED TURBO PRO 1/2 FREQUENCY INVERTER BIVOLT 50-60HZ B. ALUMI;403032;MOLA DE DESTRAVAMENTO DESLIZANTE;1,0;3,0;3,0;3,0;3,0;3,0;3,0;3,0;3,0;3,0
2006143;CONJ. MOVIMENTADOR INTELIGENTE - IZZY SPEED TURBO PRO 1/2 FREQUENCY INVERTER BIVOLT 50-60HZ B. ALUMI;510027;INLUB GRAX MP 2/TI;0,034;0,1;0,1;0,1;0,1;0,1;0,1;0,1;0,1;0,1
2006143;CONJ. MOVIMENTADOR INTELIGENTE - IZZY SPEED TURBO PRO 1/2 FREQUENCY INVERTER BIVOLT 50-60HZ B. ALUMI;512022;CONJUNTO ESTATOR E ROTOR AGL DESL P39 4P 3F 110V 60HZ;1,0;3,0;3,0;3,0;3,0;3,0;3,0;3,0;3,0;3,0
2006143;CONJ. MOVIMENTADOR INTELIGENTE - IZZY SPEED TURBO PRO 1/2 FREQUENCY INVERTER BIVOLT 50-60HZ B. ALUMI;701154;EIXO MOTOR DESLIZANTE - BRUTO;1,0;3,0;3,0;3,0;3,0;3,0;3,0;3,0;3,0;3,0
2006143;CONJ. MOVIMENTADOR INTELIGENTE - IZZY SPEED TURBO PRO 1/2 FREQUENCY INVERTER BIVOLT 50-60HZ B. ALUMI;802036;PARTE DE FECHADURAS - CILINDRO COM CHAVE PARA MOTOR - CYLINDER;1,0;3,0;3,0;3,0;3,0;3,0;3,0;3,0;3,0;3,0
2006143;CONJ. MOVIMENTADOR INTELIGENTE - IZZY SPEED TURBO PRO 1/2 FREQUENCY INVERTER BIVOLT 50-60HZ B. ALUMI;804261;BASE SUPERIOR NYLON DO MOTOR DESLIZANTE C/ ENCODER;1,0;3,0;3,0;3,0;3,0;3,0;3,0;3,0;3,0;3,0
2006143;CONJ. MOVIMENTADOR INTELIGENTE - IZZY SPEED TURBO PRO 1/2 FREQUENCY INVERTER BIVOLT 50-60HZ B. ALUMI;804426;TAMPA DA CENTRAL DESLIZANTE INVERTER;1,0;3,0;3,0;3,0;3,0;3,0;3,0;3,0;3,0;3,0
2006143;CONJ. MOVIMENTADOR INTELIGENTE - IZZY SPEED TURBO PRO 1/2 FREQUENCY INVERTER BIVOLT 50-60HZ B. ALUMI;811040;MANUAL DE INSTALAÇÃO LINHA IZZY QR CODE BILINGUE;1,0;3,0;3,0;3,0;3,0;3,0;3,0;3,0;3,0;3,0
2006143;CONJ. MOVIMENTADOR INTELIGENTE - IZZY SPEED TURBO PRO 1/2 FREQUENCY INVERTER BIVOLT 50-60HZ B. ALUMI;811106;MANUAL DE INSTALAÇÃO LINHA DESLIZANTE TURBO SEM LOGO PORTUGUÊS (CENTRAL NEW INVERTER);1,0;3,0;3,0;3,0;3,0;3,0;3,0;3,0;3,0;3,0
2006143;CONJ. MOVIMENTADOR INTELIGENTE - IZZY SPEED TURBO PRO 1/2 FREQUENCY INVERTER BIVOLT 50-60HZ B. ALUMI;811306;ETIQUETA ADES. COUCHE 100MM X 80MM X 01 CAR;1,0;3,0;3,0;3,0;3,0;3,0;3,0;3,0;3,0;3,0
2006143;CONJ. MOVIMENTADOR INTELIGENTE - IZZY SPEED TURBO PRO 1/2 FREQUENCY INVERTER BIVOLT 50-60HZ B. ALUMI;811311;ETIQUETA ADES. BOPP FOSCO C/DFAM 50MM X 25MM X 02 CAR;1,0;3,0;3,0;3,0;3,0;3,0;3,0;3,0;3,0;3,0
2006143;CONJ. MOVIMENTADOR INTELIGENTE - IZZY SPEED TURBO PRO 1/2 FREQUENCY INVERTER BIVOLT 50-60HZ B. ALUMI;811541;SACO PLASTICO TRANSPARENTE 30CM X 15CM;1,0;3,0;3,0;3,0;3,0;3,0;3,0;3,0;3,0;3,0
2006143;CONJ. MOVIMENTADOR INTELIGENTE - IZZY SPEED TURBO PRO 1/2 FREQUENCY INVERTER BIVOLT 50-60HZ B. ALUMI;811921;CAIXA PARDA MOTOR DESLIZANTE AGL ( MEIA ABA REFORÇADA);1,0;3,0;3,0;3,0;3,0;3,0;3,0;3,0;3,0;3,0
2006143;CONJ. MOVIMENTADOR INTELIGENTE - IZZY SPEED TURBO PRO 1/2 FREQUENCY INVERTER BIVOLT 50-60HZ B. ALUMI;813009;ALAVANCA PARA DESTRAVAMENTO MANUAL;1,0;3,0;3,0;3,0;3,0;3,0;3,0;3,0;3,0;3,0
2006143;CONJ. MOVIMENTADOR INTELIGENTE - IZZY SPEED TURBO PRO 1/2 FREQUENCY INVERTER BIVOLT 50-60HZ B. ALUMI;813014;LINGUETA DO CILINDRO DA ALAVANCA DE DESTRAVAMENTO MANUAL DZ ZI;1,0;3,0;3,0;3,0;3,0;3,0;3,0;3,0;3,0;3,0
2006143;CONJ. MOVIMENTADOR INTELIGENTE - IZZY SPEED TURBO PRO 1/2 FREQUENCY INVERTER BIVOLT 50-60HZ B. ALUMI;813025;VENTOINHA DOS MOTORES;1,0;3,0;3,0;3,0;3,0;3,0;3,0;3,0;3,0;3,0
2006143;CONJ. MOVIMENTADOR INTELIGENTE - IZZY SPEED TURBO PRO 1/2 FREQUENCY INVERTER BIVOLT 50-60HZ B. ALUMI;813036;TAMPA PROTEÇÃO DO MOTOR - CINZA;1,0;3,0;3,0;3,0;3,0;3,0;3,0;3,0;3,0;3,0
2006143;CONJ. MOVIMENTADOR INTELIGENTE - IZZY SPEED TURBO PRO 1/2 FREQUENCY INVERTER BIVOLT 50-60HZ B. ALUMI;813037;ENGRENAGEM EXTERNA MOTOR 17 DENTES;1,0;3,0;3,0;3,0;3,0;3,0;3,0;3,0;3,0;3,0
2006143;CONJ. MOVIMENTADOR INTELIGENTE - IZZY SPEED TURBO PRO 1/2 FREQUENCY INVERTER BIVOLT 50-60HZ B. ALUMI;813039;VENEZIANA DOS MOTORES;1,0;3,0;3,0;3,0;3,0;3,0;3,0;3,0;3,0;3,0
2006143;CONJ. MOVIMENTADOR INTELIGENTE - IZZY SPEED TURBO PRO 1/2 FREQUENCY INVERTER BIVOLT 50-60HZ B. ALUMI;813094;ENGRENAGEM INTERNA DE 1 ENTRADA DZ E NEWBV;1,0;3,0;3,0;3,0;3,0;3,0;3,0;3,0;3,0;3,0
2006143;CONJ. MOVIMENTADOR INTELIGENTE - IZZY SPEED TURBO PRO 1/2 FREQUENCY INVERTER BIVOLT 50-60HZ B. ALUMI;813101;CREMALHEIRA PERFIL AÇO GOMO DE ALUMÍNIO 1,5M;2,0;6,0;6,0;6,0;6,0;6,0;6,0;6,0;6,0;6,0
2006143;CONJ. MOVIMENTADOR INTELIGENTE - IZZY SPEED TURBO PRO 1/2 FREQUENCY INVERTER BIVOLT 50-60HZ B. ALUMI;813144;SUPORTE DO IMA DE FIM DE CURSO DESLIZANTE;2,0;6,0;6,0;6,0;6,0;6,0;6,0;6,0;6,0;6,0
2006143;CONJ. MOVIMENTADOR INTELIGENTE - IZZY SPEED TURBO PRO 1/2 FREQUENCY INVERTER BIVOLT 50-60HZ B. ALUMI;813146;GOMO 25CM P/ CREMALHEIRA ALUMÍNIO;12,0;36,0;36,0;36,0;36,0;36,0;36,0;36,0;36,0;36,0
2006143;CONJ. MOVIMENTADOR INTELIGENTE - IZZY SPEED TURBO PRO 1/2 FREQUENCY INVERTER BIVOLT 50-60HZ B. ALUMI;813152;BASE DA CENTRAL DESLIZANTE INVERTER;1,0;3,0;3,0;3,0;3,0;3,0;3,0;3,0;3,0;3,0
2006143;CONJ. MOVIMENTADOR INTELIGENTE - IZZY SPEED TURBO PRO 1/2 FREQUENCY INVERTER BIVOLT 50-60HZ B. ALUMI;813173;ARRUELA 1,2MM EIXO DESLIZANTE;1,0;3,0;3,0;3,0;3,0;3,0;3,0;3,0;3,0;3,0
2006143;CONJ. MOVIMENTADOR INTELIGENTE - IZZY SPEED TURBO PRO 1/2 FREQUENCY INVERTER BIVOLT 50-60HZ B. ALUMI;813199;BASE DE ALUMÍNIO MOTORES DESLIZANTES;1,0;3,0;3,0;3,0;3,0;3,0;3,0;3,0;3,0;3,0
2006143;CONJ. MOVIMENTADOR INTELIGENTE - IZZY SPEED TURBO PRO 1/2 FREQUENCY INVERTER BIVOLT 50-60HZ B. ALUMI;813235;BUCHA DO EIXO DESLIZANTE SEXTAVADA;2,0;6,0;6,0;6,0;6,0;6,0;6,0;6,0;6,0;6,0
2006143;CONJ. MOVIMENTADOR INTELIGENTE - IZZY SPEED TURBO PRO 1/2 FREQUENCY INVERTER BIVOLT 50-60HZ B. ALUMI;813237;PINO DESTRAVAMENTO TRINO;1,0;3,0;3,0;3,0;3,0;3,0;3,0;3,0;3,0;3,0
2006143;CONJ. MOVIMENTADOR INTELIGENTE - IZZY SPEED TURBO PRO 1/2 FREQUENCY INVERTER BIVOLT 50-60HZ B. ALUMI;813253;SEM FIM DE 1 ENTRADA AÇO;1,0;3,0;3,0;3,0;3,0;3,0;3,0;3,0;3,0;3,0
2006143;CONJ. MOVIMENTADOR INTELIGENTE - IZZY SPEED TURBO PRO 1/2 FREQUENCY INVERTER BIVOLT 50-60HZ B. ALUMI;813331;SUPORTE DE INSTALAÇÃO DO IMÃ DZ;2,0;6,0;6,0;6,0;6,0;6,0;6,0;6,0;6,0;6,0
2006143;CONJ. MOVIMENTADOR INTELIGENTE - IZZY SPEED TURBO PRO 1/2 FREQUENCY INVERTER BIVOLT 50-60HZ B. ALUMI;813409;TAMPÃO DO ENGRENAGEM EXTERNA MOTORES DZ;1,0;3,0;3,0;3,0;3,0;3,0;3,0;3,0;3,0;3,0
2006143;CONJ. MOVIMENTADOR INTELIGENTE - IZZY SPEED TURBO PRO 1/2 FREQUENCY INVERTER BIVOLT 50-60HZ B. ALUMI;813410;BUCHA DE CENTRAGEM DO EIXO DO ROTOR DZ;1,0;3,0;3,0;3,0;3,0;3,0;3,0;3,0;3,0;3,0
2006143;CONJ. MOVIMENTADOR INTELIGENTE - IZZY SPEED TURBO PRO 1/2 FREQUENCY INVERTER BIVOLT 50-60HZ B. ALUMI;813455;SENSOR DE FIM DE CURSO REED DESLIZANTE;1,0;3,0;3,0;3,0;3,0;3,0;3,0;3,0;3,0;3,0
2006143;CONJ. MOVIMENTADOR INTELIGENTE - IZZY SPEED TURBO PRO 1/2 FREQUENCY INVERTER BIVOLT 50-60HZ B. ALUMI;813522;CHAVETA QUADRADA 8MMX33,4MM;1,0;3,0;3,0;3,0;3,0;3,0;3,0;3,0;3,0;3,0
2006143;CONJ. MOVIMENTADOR INTELIGENTE - IZZY SPEED TURBO PRO 1/2 FREQUENCY INVERTER BIVOLT 50-60HZ B. ALUMI;911079;PLACA REVISADA DO MODULO WIFI/BLUETOOTH CENTRAL IZZY;1,0;3,0;3,0;3,0;3,0;3,0;3,0;3,0;3,0;3,0
2006143;CONJ. MOVIMENTADOR INTELIGENTE - IZZY SPEED TURBO PRO 1/2 FREQUENCY INVERTER BIVOLT 50-60HZ B. ALUMI;911124;PLACA REVISADA NOVA CENTRAL INVERSORA;1,0;3,0;3,0;3,0;3,0;3,0;3,0;3,0;3,0;3,0
2006143;CONJ. MOVIMENTADOR INTELIGENTE - IZZY SPEED TURBO PRO 1/2 FREQUENCY INVERTER BIVOLT 50-60HZ B. ALUMI;105069;FITA EMPACT. 50MT X 48MM ACRI;0,02;0,06;0,06;0,06;0,06;0,06;0,06;0,06;0,06;0,06
2001221;CONJ. MOVIMENTADOR DZ INDUSTRIAL STRONG 2000KG 220V 50-60HZ SEM CREMAL;100802;TRANSMISSOR 433MHZ REMOTE - MODELO: AGL-E2  (DIGITAL KEY 6P20 BLACK);2,0;6,0;6,0;6,0;6,0;6,0;6,0;6,0;6,0;6,0
2001221;CONJ. MOVIMENTADOR DZ INDUSTRIAL STRONG 2000KG 220V 50-60HZ SEM CREMAL;100817;SENSOR REED SWITCH (MODELO FLEX-14 1315);2,0;6,0;6,0;6,0;6,0;6,0;6,0;6,0;6,0;6,0
2001221;CONJ. MOVIMENTADOR DZ INDUSTRIAL STRONG 2000KG 220V 50-60HZ SEM CREMAL;103064;CONECTOR FÊMEA EC601V-5.08-3P GREEN BAG/BULK (EC601V-5.08-3P);1,0;3,0;3,0;3,0;3,0;3,0;3,0;3,0;3,0;3,0
2001221;CONJ. MOVIMENTADOR DZ INDUSTRIAL STRONG 2000KG 220V 50-60HZ SEM CREMAL;103130;CABO CONECTOR TERMINAL WHITE WIRE BLK-PH-3P L180 BOX (BLK-PH-3P L180);1,0;3,0;3,0;3,0;3,0;3,0;3,0;3,0;3,0;3,0
2001221;CONJ. MOVIMENTADOR DZ INDUSTRIAL STRONG 2000KG 220V 50-60HZ SEM CREMAL;103144;CABO CONECTOR TERMINAL WHITE WIRE BLK-4P 1800/650 BOX (BLK-4P 1800/650);1,0;3,0;3,0;3,0;3,0;3,0;3,0;3,0;3,0;3,0
2001221;CONJ. MOVIMENTADOR DZ INDUSTRIAL STRONG 2000KG 220V 50-60HZ SEM CREMAL;208003;IMÃ DE FERRITE - B40X20X10MM;2,0;6,0;6,0;6,0;6,0;6,0;6,0;6,0;6,0;6,0
2001221;CONJ. MOVIMENTADOR DZ INDUSTRIAL STRONG 2000KG 220V 50-60HZ SEM CREMAL;208006;ANEL ENCODER - ROUND MAGNET;1,0;3,0;3,0;3,0;3,0;3,0;3,0;3,0;3,0;3,0
2001221;CONJ. MOVIMENTADOR DZ INDUSTRIAL STRONG 2000KG 220V 50-60HZ SEM CREMAL;401006;PARAFUSO 4.8 X 19 PN. PH - ZI;2,0;6,0;6,0;6,0;6,0;6,0;6,0;6,0;6,0;6,0
2001221;CONJ. MOVIMENTADOR DZ INDUSTRIAL STRONG 2000KG 220V 50-60HZ SEM CREMAL;401014;PARAFUSO 2.9 X 6.5 A/A PAN PHS ZI;8,0;24,0;24,0;24,0;24,0;24,0;24,0;24,0;24,0;24,0
2001221;CONJ. MOVIMENTADOR DZ INDUSTRIAL STRONG 2000KG 220V 50-60HZ SEM CREMAL;401044;PARAFUSO A/A PAN PHS 2.9 X 9.5;1,0;3,0;3,0;3,0;3,0;3,0;3,0;3,0;3,0;3,0
2001221;CONJ. MOVIMENTADOR DZ INDUSTRIAL STRONG 2000KG 220V 50-60HZ SEM CREMAL;401121;ABRAÇADEIRA UV PRETA 202X3,7;1,0;3,0;3,0;3,0;3,0;3,0;3,0;3,0;3,0;3,0
2001221;CONJ. MOVIMENTADOR DZ INDUSTRIAL STRONG 2000KG 220V 50-60HZ SEM CREMAL;401143;ABRAÇADEIRA UV PRETA 100 X 2,5;1,0;3,0;3,0;3,0;3,0;3,0;3,0;3,0;3,0;3,0
2001221;CONJ. MOVIMENTADOR DZ INDUSTRIAL STRONG 2000KG 220V 50-60HZ SEM CREMAL;401161;PARAFUSO PAN ZBR P/ CHAVE TORX M5 X 20MM T25;5,0;15,0;15,0;15,0;15,0;15,0;15,0;15,0;15,0;15,0
2001221;CONJ. MOVIMENTADOR DZ INDUSTRIAL STRONG 2000KG 220V 50-60HZ SEM CREMAL;401161;PARAFUSO PAN ZBR P/ CHAVE TORX M5 X 20MM T25;4,0;12,0;12,0;12,0;12,0;12,0;12,0;12,0;12,0;12,0
2001221;CONJ. MOVIMENTADOR DZ INDUSTRIAL STRONG 2000KG 220V 50-60HZ SEM CREMAL;401169;PF JMP PAN PHS 3,5X14MM ZI;4,0;12,0;12,0;12,0;12,0;12,0;12,0;12,0;12,0;12,0
2001221;CONJ. MOVIMENTADOR DZ INDUSTRIAL STRONG 2000KG 220V 50-60HZ SEM CREMAL;401169;PF JMP PAN PHS 3,5X14MM ZI;2,0;6,0;6,0;6,0;6,0;6,0;6,0;6,0;6,0;6,0
2001221;CONJ. MOVIMENTADOR DZ INDUSTRIAL STRONG 2000KG 220V 50-60HZ SEM CREMAL;401207;PF A/A JMC DRILL FL PHS C/ SERRILHA PTA BROCA 4,2X13MM ZI;4,0;12,0;12,0;12,0;12,0;12,0;12,0;12,0;12,0;12,0
2001221;CONJ. MOVIMENTADOR DZ INDUSTRIAL STRONG 2000KG 220V 50-60HZ SEM CREMAL;402012;ANEL ELÁSTICO E-20;1,0;3,0;3,0;3,0;3,0;3,0;3,0;3,0;3,0;3,0
2001221;CONJ. MOVIMENTADOR DZ INDUSTRIAL STRONG 2000KG 220V 50-60HZ SEM CREMAL;402015;ANEL ELÁSTICO E12;4,0;12,0;12,0;12,0;12,0;12,0;12,0;12,0;12,0;12,0
2001221;CONJ. MOVIMENTADOR DZ INDUSTRIAL STRONG 2000KG 220V 50-60HZ SEM CREMAL;402023;ANEL ELÁSTICO E-25 X 12;2,0;6,0;6,0;6,0;6,0;6,0;6,0;6,0;6,0;6,0
2001221;CONJ. MOVIMENTADOR DZ INDUSTRIAL STRONG 2000KG 220V 50-60HZ SEM CREMAL;402024;CHUMBADOR CBJ C/PRISIONEIRO 3/8X110MM ZI;4,0;12,0;12,0;12,0;12,0;12,0;12,0;12,0;12,0;12,0
2001221;CONJ. MOVIMENTADOR DZ INDUSTRIAL STRONG 2000KG 220V 50-60HZ SEM CREMAL;403050;MOLA DE DESTRAVAMENTO MOTOR INDUSTRIAL FIO 2,40MM X 80,00MM;1,0;3,0;3,0;3,0;3,0;3,0;3,0;3,0;3,0;3,0
2001221;CONJ. MOVIMENTADOR DZ INDUSTRIAL STRONG 2000KG 220V 50-60HZ SEM CREMAL;411067;ROLAMENTO 6205LLUC3/2AS 25mm x 52mm x 15;2,0;6,0;6,0;6,0;6,0;6,0;6,0;6,0;6,0;6,0
2001221;CONJ. MOVIMENTADOR DZ INDUSTRIAL STRONG 2000KG 220V 50-60HZ SEM CREMAL;510027;INLUB GRAX MP 2/TI;0,034;0,1;0,1;0,1;0,1;0,1;0,1;0,1;0,1;0,1
2001221;CONJ. MOVIMENTADOR DZ INDUSTRIAL STRONG 2000KG 220V 50-60HZ SEM CREMAL;512023;CONJUNTO ESTATOR E ROTOR AGL DESL P80 STRONG 3/4 220V 60HZ;1,0;3,0;3,0;3,0;3,0;3,0;3,0;3,0;3,0;3,0
2001221;CONJ. MOVIMENTADOR DZ INDUSTRIAL STRONG 2000KG 220V 50-60HZ SEM CREMAL;701156;EIXO DO MOTOR INDUSTRIAL - BRUTO;1,0;3,0;3,0;3,0;3,0;3,0;3,0;3,0;3,0;3,0
2001221;CONJ. MOVIMENTADOR DZ INDUSTRIAL STRONG 2000KG 220V 50-60HZ SEM CREMAL;701159;PINO DESTRAVAMENTO MOTOR DZ INDUSTRIAL - BRUTO;1,0;3,0;3,0;3,0;3,0;3,0;3,0;3,0;3,0;3,0
2001221;CONJ. MOVIMENTADOR DZ INDUSTRIAL STRONG 2000KG 220V 50-60HZ SEM CREMAL;802036;PARTE DE FECHADURAS - CILINDRO COM CHAVE PARA MOTOR - CYLINDER;1,0;3,0;3,0;3,0;3,0;3,0;3,0;3,0;3,0;3,0
2001221;CONJ. MOVIMENTADOR DZ INDUSTRIAL STRONG 2000KG 220V 50-60HZ SEM CREMAL;804247;BASE DA CENTRAL DESLIZANTE;1,0;3,0;3,0;3,0;3,0;3,0;3,0;3,0;3,0;3,0
2001221;CONJ. MOVIMENTADOR DZ INDUSTRIAL STRONG 2000KG 220V 50-60HZ SEM CREMAL;804248;TAMPA DA CENTRAL DESLIZANTE;1,0;3,0;3,0;3,0;3,0;3,0;3,0;3,0;3,0;3,0
2001221;CONJ. MOVIMENTADOR DZ INDUSTRIAL STRONG 2000KG 220V 50-60HZ SEM CREMAL;804431;TAMPA DO MOTOR INDUSTRIAL;1,0;3,0;3,0;3,0;3,0;3,0;3,0;3,0;3,0;3,0
2001221;CONJ. MOVIMENTADOR DZ INDUSTRIAL STRONG 2000KG 220V 50-60HZ SEM CREMAL;804482;SUPORTE FIM DE CURSO DESLIZANTE (LADO ESQUERDO);1,0;3,0;3,0;3,0;3,0;3,0;3,0;3,0;3,0;3,0
2001221;CONJ. MOVIMENTADOR DZ INDUSTRIAL STRONG 2000KG 220V 50-60HZ SEM CREMAL;804483;SUPORTE FIM DE CURSO DESLIZANTE (LADO DIREITO);1,0;3,0;3,0;3,0;3,0;3,0;3,0;3,0;3,0;3,0
2001221;CONJ. MOVIMENTADOR DZ INDUSTRIAL STRONG 2000KG 220V 50-60HZ SEM CREMAL;811306;ETIQUETA ADES. COUCHE 100MM X 80MM X 01 CAR;1,0;3,0;3,0;3,0;3,0;3,0;3,0;3,0;3,0;3,0
2001221;CONJ. MOVIMENTADOR DZ INDUSTRIAL STRONG 2000KG 220V 50-60HZ SEM CREMAL;811311;ETIQUETA ADES. BOPP FOSCO C/DFAM 50MM X 25MM X 02 CAR;1,0;3,0;3,0;3,0;3,0;3,0;3,0;3,0;3,0;3,0
2001221;CONJ. MOVIMENTADOR DZ INDUSTRIAL STRONG 2000KG 220V 50-60HZ SEM CREMAL;811541;SACO PLASTICO TRANSPARENTE 30CM X 15CM;1,0;3,0;3,0;3,0;3,0;3,0;3,0;3,0;3,0;3,0
2001221;CONJ. MOVIMENTADOR DZ INDUSTRIAL STRONG 2000KG 220V 50-60HZ SEM CREMAL;811771;CAIXA DO MOTOR INDUSTRIAL (STRANG 2000);1,0;3,0;3,0;3,0;3,0;3,0;3,0;3,0;3,0;3,0
2001221;CONJ. MOVIMENTADOR DZ INDUSTRIAL STRONG 2000KG 220V 50-60HZ SEM CREMAL;811824;MANUAL LINHA STRONG 2000 SEM LOGO EM PORTUGUÊS (CENTRAL CCMD INDUSTRIAL);1,0;3,0;3,0;3,0;3,0;3,0;3,0;3,0;3,0;3,0
2001221;CONJ. MOVIMENTADOR DZ INDUSTRIAL STRONG 2000KG 220V 50-60HZ SEM CREMAL;813014;LINGUETA DO CILINDRO DA ALAVANCA DE DESTRAVAMENTO MANUAL DZ ZI;1,0;3,0;3,0;3,0;3,0;3,0;3,0;3,0;3,0;3,0
2001221;CONJ. MOVIMENTADOR DZ INDUSTRIAL STRONG 2000KG 220V 50-60HZ SEM CREMAL;813025;VENTOINHA DOS MOTORES;1,0;3,0;3,0;3,0;3,0;3,0;3,0;3,0;3,0;3,0
2001221;CONJ. MOVIMENTADOR DZ INDUSTRIAL STRONG 2000KG 220V 50-60HZ SEM CREMAL;813039;VENEZIANA DOS MOTORES;2,0;6,0;6,0;6,0;6,0;6,0;6,0;6,0;6,0;6,0
2001221;CONJ. MOVIMENTADOR DZ INDUSTRIAL STRONG 2000KG 220V 50-60HZ SEM CREMAL;813051;SUPORTE FIM DE CURSO BASCULANTE;2,0;6,0;6,0;6,0;6,0;6,0;6,0;6,0;6,0;6,0
2001221;CONJ. MOVIMENTADOR DZ INDUSTRIAL STRONG 2000KG 220V 50-60HZ SEM CREMAL;813144;SUPORTE DO IMA DE FIM DE CURSO DESLIZANTE;2,0;6,0;6,0;6,0;6,0;6,0;6,0;6,0;6,0;6,0
2001221;CONJ. MOVIMENTADOR DZ INDUSTRIAL STRONG 2000KG 220V 50-60HZ SEM CREMAL;813153;BASE DE ALUMÍNIO SUPERIOR MOTOR DZ INDUSTRIAL;1,0;3,0;3,0;3,0;3,0;3,0;3,0;3,0;3,0;3,0
2001221;CONJ. MOVIMENTADOR DZ INDUSTRIAL STRONG 2000KG 220V 50-60HZ SEM CREMAL;813241;BASE DE ALUMÍNIO INFERIOR MOTOR DZ INDUSTRIAL;1,0;3,0;3,0;3,0;3,0;3,0;3,0;3,0;3,0;3,0
2001221;CONJ. MOVIMENTADOR DZ INDUSTRIAL STRONG 2000KG 220V 50-60HZ SEM CREMAL;813243;ENGRENAGEM EXTERNA MOTOR INDUSTRIAL;1,0;3,0;3,0;3,0;3,0;3,0;3,0;3,0;3,0;3,0
2001221;CONJ. MOVIMENTADOR DZ INDUSTRIAL STRONG 2000KG 220V 50-60HZ SEM CREMAL;813245;ALAVANCA DESTRAVAMENTO DZ INDUSTRIAL;1,0;3,0;3,0;3,0;3,0;3,0;3,0;3,0;3,0;3,0
2001221;CONJ. MOVIMENTADOR DZ INDUSTRIAL STRONG 2000KG 220V 50-60HZ SEM CREMAL;813328;CHAVETA DO MOTOR INDUSTRIAL;1,0;3,0;3,0;3,0;3,0;3,0;3,0;3,0;3,0;3,0
2001221;CONJ. MOVIMENTADOR DZ INDUSTRIAL STRONG 2000KG 220V 50-60HZ SEM CREMAL;813331;SUPORTE DE INSTALAÇÃO DO IMÃ DZ;2,0;6,0;6,0;6,0;6,0;6,0;6,0;6,0;6,0;6,0
2001221;CONJ. MOVIMENTADOR DZ INDUSTRIAL STRONG 2000KG 220V 50-60HZ SEM CREMAL;813372;SEM FIM DO STRONG 2000;1,0;3,0;3,0;3,0;3,0;3,0;3,0;3,0;3,0;3,0
2001221;CONJ. MOVIMENTADOR DZ INDUSTRIAL STRONG 2000KG 220V 50-60HZ SEM CREMAL;813506;ENGRENAGEM INTERNA 1 ENTRADA PARA MOTOR INDUSTRIAL DE NYLON;1,0;3,0;3,0;3,0;3,0;3,0;3,0;3,0;3,0;3,0
2001221;CONJ. MOVIMENTADOR DZ INDUSTRIAL STRONG 2000KG 220V 50-60HZ SEM CREMAL;813508;SUPORTE DO ENCODER INDUSTRIAL/DZ 300 SEM TAMPA;1,0;3,0;3,0;3,0;3,0;3,0;3,0;3,0;3,0;3,0
2001221;CONJ. MOVIMENTADOR DZ INDUSTRIAL STRONG 2000KG 220V 50-60HZ SEM CREMAL;813509;TAMPA DO ENCODER INDUSTRIAL/DZ 300;1,0;3,0;3,0;3,0;3,0;3,0;3,0;3,0;3,0;3,0
2001221;CONJ. MOVIMENTADOR DZ INDUSTRIAL STRONG 2000KG 220V 50-60HZ SEM CREMAL;911083;PLACA REVISADA CENTRAL CCMD INDUSTRIAL;1,0;3,0;3,0;3,0;3,0;3,0;3,0;3,0;3,0;3,0
2006080;CONJ. MOVIMENTADOR INTELIGENTE - IZZY TRINO NEW BV3 220V SEM ACIONAMENTO;100802;TRANSMISSOR 433MHZ REMOTE - MODELO: AGL-E2  (DIGITAL KEY 6P20 BLACK);2,0;4,0;4,0;4,0;4,0;28,0;28,0;28,0;28,0;28,0
2006080;CONJ. MOVIMENTADOR INTELIGENTE - IZZY TRINO NEW BV3 220V SEM ACIONAMENTO;101950;SENSOR MAGNÉTICO TIPO HALL AH3722A-P-B (MODELO AH3722A-P-B);1,0;2,0;2,0;2,0;2,0;14,0;14,0;14,0;14,0;14,0
2006080;CONJ. MOVIMENTADOR INTELIGENTE - IZZY TRINO NEW BV3 220V SEM ACIONAMENTO;103064;CONECTOR FÊMEA EC601V-5.08-3P GREEN BAG/BULK (EC601V-5.08-3P);1,0;2,0;2,0;2,0;2,0;14,0;14,0;14,0;14,0;14,0
2006080;CONJ. MOVIMENTADOR INTELIGENTE - IZZY TRINO NEW BV3 220V SEM ACIONAMENTO;103131;CABO CONECTOR TERMINAL WHITE WIRE BLK-PH-3P L500 BOX (BLK-PH-3P L500);1,0;2,0;2,0;2,0;2,0;14,0;14,0;14,0;14,0;14,0
2006080;CONJ. MOVIMENTADOR INTELIGENTE - IZZY TRINO NEW BV3 220V SEM ACIONAMENTO;401007;PARAFUSO 4.8 X 13 A/A PN. PH - ZI;4,0;8,0;8,0;8,0;8,0;56,0;56,0;56,0;56,0;56,0
2006080;CONJ. MOVIMENTADOR INTELIGENTE - IZZY TRINO NEW BV3 220V SEM ACIONAMENTO;401012;PARAFUSO 3.5 X 13 CH. PH - OXI;2,0;4,0;4,0;4,0;4,0;28,0;28,0;28,0;28,0;28,0
2006080;CONJ. MOVIMENTADOR INTELIGENTE - IZZY TRINO NEW BV3 220V SEM ACIONAMENTO;401014;PARAFUSO 2.9 X 6.5 A/A PAN PHS ZI;2,0;4,0;4,0;4,0;4,0;28,0;28,0;28,0;28,0;28,0
2006080;CONJ. MOVIMENTADOR INTELIGENTE - IZZY TRINO NEW BV3 220V SEM ACIONAMENTO;401161;PARAFUSO PAN ZBR P/ CHAVE TORX M5 X 20MM T25;6,0;12,0;12,0;12,0;12,0;84,0;84,0;84,0;84,0;84,0
2006080;CONJ. MOVIMENTADOR INTELIGENTE - IZZY TRINO NEW BV3 220V SEM ACIONAMENTO;401169;PF JMP PAN PHS 3,5X14MM ZI;4,0;8,0;8,0;8,0;8,0;56,0;56,0;56,0;56,0;56,0
2006080;CONJ. MOVIMENTADOR INTELIGENTE - IZZY TRINO NEW BV3 220V SEM ACIONAMENTO;401169;PF JMP PAN PHS 3,5X14MM ZI;2,0;4,0;4,0;4,0;4,0;28,0;28,0;28,0;28,0;28,0
2006080;CONJ. MOVIMENTADOR INTELIGENTE - IZZY TRINO NEW BV3 220V SEM ACIONAMENTO;401208;PA MQ PN HXL T25 TMA 5X12 RI ZB;8,0;16,0;16,0;16,0;16,0;112,0;112,0;112,0;112,0;112,0
2006080;CONJ. MOVIMENTADOR INTELIGENTE - IZZY TRINO NEW BV3 220V SEM ACIONAMENTO;402012;ANEL ELÁSTICO E-20;3,0;6,0;6,0;6,0;6,0;42,0;42,0;42,0;42,0;42,0
2006080;CONJ. MOVIMENTADOR INTELIGENTE - IZZY TRINO NEW BV3 220V SEM ACIONAMENTO;402013;RETENTOR GR 20X30X7 TC GTOP;2,0;4,0;4,0;4,0;4,0;28,0;28,0;28,0;28,0;28,0
2006080;CONJ. MOVIMENTADOR INTELIGENTE - IZZY TRINO NEW BV3 220V SEM ACIONAMENTO;402018;ESPAGUETE LISO 10MMX150MM;0,15;0,3;0,3;0,3;0,3;2,1;2,1;2,1;2,1;2,1
2006080;CONJ. MOVIMENTADOR INTELIGENTE - IZZY TRINO NEW BV3 220V SEM ACIONAMENTO;402019;PINO ELÁSTICO 4 X 24MM;1,0;2,0;2,0;2,0;2,0;14,0;14,0;14,0;14,0;14,0
2006080;CONJ. MOVIMENTADOR INTELIGENTE - IZZY TRINO NEW BV3 220V SEM ACIONAMENTO;402034;ANEL DE RETENÇÃO ORING INTERNO 14MM X 2,6MM;1,0;2,0;2,0;2,0;2,0;14,0;14,0;14,0;14,0;14,0
2006080;CONJ. MOVIMENTADOR INTELIGENTE - IZZY TRINO NEW BV3 220V SEM ACIONAMENTO;411017;ROLAMENTOS 6201-08 ZZ C3;2,0;4,0;4,0;4,0;4,0;28,0;28,0;28,0;28,0;28,0
2006080;CONJ. MOVIMENTADOR INTELIGENTE - IZZY TRINO NEW BV3 220V SEM ACIONAMENTO;412150;ESTATOR BOBINADO AGL BV/NEW BV/PIVO P33 1/4 cv 04 42z 220V 60Hz;1,0;2,0;2,0;2,0;2,0;14,0;14,0;14,0;14,0;14,0
2006080;CONJ. MOVIMENTADOR INTELIGENTE - IZZY TRINO NEW BV3 220V SEM ACIONAMENTO;412162;ROTOR AGL NEW BV P33 1/3 cv 04;1,0;2,0;2,0;2,0;2,0;14,0;14,0;14,0;14,0;14,0
2006080;CONJ. MOVIMENTADOR INTELIGENTE - IZZY TRINO NEW BV3 220V SEM ACIONAMENTO;510027;INLUB GRAX MP 2/TI;0,012;0,02;0,02;0,02;0,02;0,17;0,17;0,17;0,17;0,17
2006080;CONJ. MOVIMENTADOR INTELIGENTE - IZZY TRINO NEW BV3 220V SEM ACIONAMENTO;701155;EIXO PRINCIPAL DO NEW BV - BRUTO;1,0;2,0;2,0;2,0;2,0;14,0;14,0;14,0;14,0;14,0
2006080;CONJ. MOVIMENTADOR INTELIGENTE - IZZY TRINO NEW BV3 220V SEM ACIONAMENTO;804430;CAPA DO ROLAMENTO DOS MOTORES;2,0;4,0;4,0;4,0;4,0;28,0;28,0;28,0;28,0;28,0
2006080;CONJ. MOVIMENTADOR INTELIGENTE - IZZY TRINO NEW BV3 220V SEM ACIONAMENTO;811040;MANUAL DE INSTALAÇÃO LINHA IZZY QR CODE BILINGUE;1,0;2,0;2,0;2,0;2,0;14,0;14,0;14,0;14,0;14,0
2006080;CONJ. MOVIMENTADOR INTELIGENTE - IZZY TRINO NEW BV3 220V SEM ACIONAMENTO;811306;ETIQUETA ADES. COUCHE 100MM X 80MM X 01 CAR;1,0;2,0;2,0;2,0;2,0;14,0;14,0;14,0;14,0;14,0
2006080;CONJ. MOVIMENTADOR INTELIGENTE - IZZY TRINO NEW BV3 220V SEM ACIONAMENTO;811311;ETIQUETA ADES. BOPP FOSCO C/DFAM 50MM X 25MM X 02 CAR;1,0;2,0;2,0;2,0;2,0;14,0;14,0;14,0;14,0;14,0
2006080;CONJ. MOVIMENTADOR INTELIGENTE - IZZY TRINO NEW BV3 220V SEM ACIONAMENTO;811505;SACO PLASTICO TRANSPARENTE 14CM X 9CM;1,0;2,0;2,0;2,0;2,0;14,0;14,0;14,0;14,0;14,0
2006080;CONJ. MOVIMENTADOR INTELIGENTE - IZZY TRINO NEW BV3 220V SEM ACIONAMENTO;811775;CAIXA MOTOR BASCULANTE NOVA 23,0 X 16,0 X 24,5;1,0;2,0;2,0;2,0;2,0;14,0;14,0;14,0;14,0;14,0
2006080;CONJ. MOVIMENTADOR INTELIGENTE - IZZY TRINO NEW BV3 220V SEM ACIONAMENTO;813094;ENGRENAGEM INTERNA DE 1 ENTRADA DZ E NEWBV;1,0;2,0;2,0;2,0;2,0;14,0;14,0;14,0;14,0;14,0
2006080;CONJ. MOVIMENTADOR INTELIGENTE - IZZY TRINO NEW BV3 220V SEM ACIONAMENTO;813253;SEM FIM DE 1 ENTRADA AÇO;1,0;2,0;2,0;2,0;2,0;14,0;14,0;14,0;14,0;14,0
2006080;CONJ. MOVIMENTADOR INTELIGENTE - IZZY TRINO NEW BV3 220V SEM ACIONAMENTO;813256;TAMPA DA CENTRAL NEW BV;1,0;2,0;2,0;2,0;2,0;14,0;14,0;14,0;14,0;14,0
2006080;CONJ. MOVIMENTADOR INTELIGENTE - IZZY TRINO NEW BV3 220V SEM ACIONAMENTO;813257;BASE CENTRAL NEW BV;1,0;2,0;2,0;2,0;2,0;14,0;14,0;14,0;14,0;14,0
2006080;CONJ. MOVIMENTADOR INTELIGENTE - IZZY TRINO NEW BV3 220V SEM ACIONAMENTO;813259;CARCAÇA INFERIOR NEW BV COM FURO ENCODER;1,0;2,0;2,0;2,0;2,0;14,0;14,0;14,0;14,0;14,0
2006080;CONJ. MOVIMENTADOR INTELIGENTE - IZZY TRINO NEW BV3 220V SEM ACIONAMENTO;813260;CALÇO DO ESTATOR NEW BV;2,0;4,0;4,0;4,0;4,0;28,0;28,0;28,0;28,0;28,0
2006080;CONJ. MOVIMENTADOR INTELIGENTE - IZZY TRINO NEW BV3 220V SEM ACIONAMENTO;813263;ROLAMENTO PLÁSTICO EIXO ENGRENAGEM;2,0;4,0;4,0;4,0;4,0;28,0;28,0;28,0;28,0;28,0
2006080;CONJ. MOVIMENTADOR INTELIGENTE - IZZY TRINO NEW BV3 220V SEM ACIONAMENTO;813265;CARCAÇA SUPERIOR NEW BV;1,0;2,0;2,0;2,0;2,0;14,0;14,0;14,0;14,0;14,0
2006080;CONJ. MOVIMENTADOR INTELIGENTE - IZZY TRINO NEW BV3 220V SEM ACIONAMENTO;813266;TAMPA ENCODER;1,0;2,0;2,0;2,0;2,0;14,0;14,0;14,0;14,0;14,0
2006080;CONJ. MOVIMENTADOR INTELIGENTE - IZZY TRINO NEW BV3 220V SEM ACIONAMENTO;813267;SUPORTE ENCODER;1,0;2,0;2,0;2,0;2,0;14,0;14,0;14,0;14,0;14,0
2006080;CONJ. MOVIMENTADOR INTELIGENTE - IZZY TRINO NEW BV3 220V SEM ACIONAMENTO;813395;PASSA FIO DO NEW BV;1,0;2,0;2,0;2,0;2,0;14,0;14,0;14,0;14,0;14,0
2006080;CONJ. MOVIMENTADOR INTELIGENTE - IZZY TRINO NEW BV3 220V SEM ACIONAMENTO;813507;CASE DE PROTEÇÃO DO MÓDULO WIFI IZZY;1,0;2,0;2,0;2,0;2,0;14,0;14,0;14,0;14,0;14,0
2006080;CONJ. MOVIMENTADOR INTELIGENTE - IZZY TRINO NEW BV3 220V SEM ACIONAMENTO;813522;CHAVETA QUADRADA 8MMX33,4MM;1,0;2,0;2,0;2,0;2,0;14,0;14,0;14,0;14,0;14,0
2006080;CONJ. MOVIMENTADOR INTELIGENTE - IZZY TRINO NEW BV3 220V SEM ACIONAMENTO;911079;PLACA REVISADA DO MODULO WIFI/BLUETOOTH CENTRAL IZZY;1,0;2,0;2,0;2,0;2,0;14,0;14,0;14,0;14,0;14,0
2006080;CONJ. MOVIMENTADOR INTELIGENTE - IZZY TRINO NEW BV3 220V SEM ACIONAMENTO;911127;PLACA REVISADA NOVA CENTRAL IZZY;1,0;2,0;2,0;2,0;2,0;14,0;14,0;14,0;14,0;14,0
2006080;CONJ. MOVIMENTADOR INTELIGENTE - IZZY TRINO NEW BV3 220V SEM ACIONAMENTO;101306;CAPAC. FIXO C/DIEL. DE POLIP. BIOR. P/MOTORES CMRW CANECA PLASTICA 15uf 250V 50;1,0;2,0;2,0;2,0;2,0;14,0;14,0;14,0;14,0;14,0
2006144;CONJ. MOVIMENTADOR INTELIGENTE - IZZY SPEED TURBO PRO 1/4 FREQUENCY INVERTER BIVOLT 50-60HZ B. ALUMI;100802;TRANSMISSOR 433MHZ REMOTE - MODELO: AGL-E2  (DIGITAL KEY 6P20 BLACK);2,0;4,0;4,0;4,0;4,0;4,0;4,0;4,0;4,0;4,0
2006144;CONJ. MOVIMENTADOR INTELIGENTE - IZZY SPEED TURBO PRO 1/4 FREQUENCY INVERTER BIVOLT 50-60HZ B. ALUMI;103064;CONECTOR FÊMEA EC601V-5.08-3P GREEN BAG/BULK (EC601V-5.08-3P);2,0;4,0;4,0;4,0;4,0;4,0;4,0;4,0;4,0;4,0
2006144;CONJ. MOVIMENTADOR INTELIGENTE - IZZY SPEED TURBO PRO 1/4 FREQUENCY INVERTER BIVOLT 50-60HZ B. ALUMI;208003;IMÃ DE FERRITE - B40X20X10MM;2,0;4,0;4,0;4,0;4,0;4,0;4,0;4,0;4,0;4,0
2006144;CONJ. MOVIMENTADOR INTELIGENTE - IZZY SPEED TURBO PRO 1/4 FREQUENCY INVERTER BIVOLT 50-60HZ B. ALUMI;401014;PARAFUSO 2.9 X 6.5 A/A PAN PHS ZI;4,0;8,0;8,0;8,0;8,0;8,0;8,0;8,0;8,0;8,0
2006144;CONJ. MOVIMENTADOR INTELIGENTE - IZZY SPEED TURBO PRO 1/4 FREQUENCY INVERTER BIVOLT 50-60HZ B. ALUMI;401068;ARRUELA LISA 1/4 FE ZI;4,0;8,0;8,0;8,0;8,0;8,0;8,0;8,0;8,0;8,0
2006144;CONJ. MOVIMENTADOR INTELIGENTE - IZZY SPEED TURBO PRO 1/4 FREQUENCY INVERTER BIVOLT 50-60HZ B. ALUMI;401108;PARAFUSO PLASTIC PAN PHS 5 X 25MM ZI;4,0;8,0;8,0;8,0;8,0;8,0;8,0;8,0;8,0;8,0
2006144;CONJ. MOVIMENTADOR INTELIGENTE - IZZY SPEED TURBO PRO 1/4 FREQUENCY INVERTER BIVOLT 50-60HZ B. ALUMI;401143;ABRAÇADEIRA UV PRETA 100 X 2,5;1,0;2,0;2,0;2,0;2,0;2,0;2,0;2,0;2,0;2,0
2006144;CONJ. MOVIMENTADOR INTELIGENTE - IZZY SPEED TURBO PRO 1/4 FREQUENCY INVERTER BIVOLT 50-60HZ B. ALUMI;401156;PARAFUSO MAD SX 1/4 X 70MM ZI;4,0;8,0;8,0;8,0;8,0;8,0;8,0;8,0;8,0;8,0
2006144;CONJ. MOVIMENTADOR INTELIGENTE - IZZY SPEED TURBO PRO 1/4 FREQUENCY INVERTER BIVOLT 50-60HZ B. ALUMI;401162;PARAFUSO PAN ZBR P/ CHAVE TORX M5 X 25MM T25;6,0;12,0;12,0;12,0;12,0;12,0;12,0;12,0;12,0;12,0
2006144;CONJ. MOVIMENTADOR INTELIGENTE - IZZY SPEED TURBO PRO 1/4 FREQUENCY INVERTER BIVOLT 50-60HZ B. ALUMI;401169;PF JMP PAN PHS 3,5X14MM ZI;2,0;4,0;4,0;4,0;4,0;4,0;4,0;4,0;4,0;4,0
2006144;CONJ. MOVIMENTADOR INTELIGENTE - IZZY SPEED TURBO PRO 1/4 FREQUENCY INVERTER BIVOLT 50-60HZ B. ALUMI;401207;PF A/A JMC DRILL FL PHS C/ SERRILHA PTA BROCA 4,2X13MM ZI;4,0;8,0;8,0;8,0;8,0;8,0;8,0;8,0;8,0;8,0
2006144;CONJ. MOVIMENTADOR INTELIGENTE - IZZY SPEED TURBO PRO 1/4 FREQUENCY INVERTER BIVOLT 50-60HZ B. ALUMI;402012;ANEL ELÁSTICO E-20;3,0;6,0;6,0;6,0;6,0;6,0;6,0;6,0;6,0;6,0
2006144;CONJ. MOVIMENTADOR INTELIGENTE - IZZY SPEED TURBO PRO 1/4 FREQUENCY INVERTER BIVOLT 50-60HZ B. ALUMI;402015;ANEL ELÁSTICO E12;2,0;4,0;4,0;4,0;4,0;4,0;4,0;4,0;4,0;4,0
2006144;CONJ. MOVIMENTADOR INTELIGENTE - IZZY SPEED TURBO PRO 1/4 FREQUENCY INVERTER BIVOLT 50-60HZ B. ALUMI;402019;PINO ELÁSTICO 4 X 24MM;1,0;2,0;2,0;2,0;2,0;2,0;2,0;2,0;2,0;2,0
2006144;CONJ. MOVIMENTADOR INTELIGENTE - IZZY SPEED TURBO PRO 1/4 FREQUENCY INVERTER BIVOLT 50-60HZ B. ALUMI;402028;BUCHA PLASTICA N10;4,0;8,0;8,0;8,0;8,0;8,0;8,0;8,0;8,0;8,0
2006144;CONJ. MOVIMENTADOR INTELIGENTE - IZZY SPEED TURBO PRO 1/4 FREQUENCY INVERTER BIVOLT 50-60HZ B. ALUMI;403032;MOLA DE DESTRAVAMENTO DESLIZANTE;1,0;2,0;2,0;2,0;2,0;2,0;2,0;2,0;2,0;2,0
2006144;CONJ. MOVIMENTADOR INTELIGENTE - IZZY SPEED TURBO PRO 1/4 FREQUENCY INVERTER BIVOLT 50-60HZ B. ALUMI;510027;INLUB GRAX MP 2/TI;0,034;0,07;0,07;0,07;0,07;0,07;0,07;0,07;0,07;0,07
2006144;CONJ. MOVIMENTADOR INTELIGENTE - IZZY SPEED TURBO PRO 1/4 FREQUENCY INVERTER BIVOLT 50-60HZ B. ALUMI;512028;CONJUNTO ESTATOR E ROTOR AGL DESL  P24 1/4 CV 4P 3F 110V 60HZ;1,0;2,0;2,0;2,0;2,0;2,0;2,0;2,0;2,0;2,0
2006144;CONJ. MOVIMENTADOR INTELIGENTE - IZZY SPEED TURBO PRO 1/4 FREQUENCY INVERTER BIVOLT 50-60HZ B. ALUMI;701154;EIXO MOTOR DESLIZANTE - BRUTO;1,0;2,0;2,0;2,0;2,0;2,0;2,0;2,0;2,0;2,0
2006144;CONJ. MOVIMENTADOR INTELIGENTE - IZZY SPEED TURBO PRO 1/4 FREQUENCY INVERTER BIVOLT 50-60HZ B. ALUMI;802036;PARTE DE FECHADURAS - CILINDRO COM CHAVE PARA MOTOR - CYLINDER;1,0;2,0;2,0;2,0;2,0;2,0;2,0;2,0;2,0;2,0
2006144;CONJ. MOVIMENTADOR INTELIGENTE - IZZY SPEED TURBO PRO 1/4 FREQUENCY INVERTER BIVOLT 50-60HZ B. ALUMI;804261;BASE SUPERIOR NYLON DO MOTOR DESLIZANTE C/ ENCODER;1,0;2,0;2,0;2,0;2,0;2,0;2,0;2,0;2,0;2,0
2006144;CONJ. MOVIMENTADOR INTELIGENTE - IZZY SPEED TURBO PRO 1/4 FREQUENCY INVERTER BIVOLT 50-60HZ B. ALUMI;804426;TAMPA DA CENTRAL DESLIZANTE INVERTER;1,0;2,0;2,0;2,0;2,0;2,0;2,0;2,0;2,0;2,0
2006144;CONJ. MOVIMENTADOR INTELIGENTE - IZZY SPEED TURBO PRO 1/4 FREQUENCY INVERTER BIVOLT 50-60HZ B. ALUMI;811040;MANUAL DE INSTALAÇÃO LINHA IZZY QR CODE BILINGUE;1,0;2,0;2,0;2,0;2,0;2,0;2,0;2,0;2,0;2,0
2006144;CONJ. MOVIMENTADOR INTELIGENTE - IZZY SPEED TURBO PRO 1/4 FREQUENCY INVERTER BIVOLT 50-60HZ B. ALUMI;811106;MANUAL DE INSTALAÇÃO LINHA DESLIZANTE TURBO SEM LOGO PORTUGUÊS (CENTRAL NEW INVERTER);1,0;2,0;2,0;2,0;2,0;2,0;2,0;2,0;2,0;2,0
2006144;CONJ. MOVIMENTADOR INTELIGENTE - IZZY SPEED TURBO PRO 1/4 FREQUENCY INVERTER BIVOLT 50-60HZ B. ALUMI;811306;ETIQUETA ADES. COUCHE 100MM X 80MM X 01 CAR;1,0;2,0;2,0;2,0;2,0;2,0;2,0;2,0;2,0;2,0
2006144;CONJ. MOVIMENTADOR INTELIGENTE - IZZY SPEED TURBO PRO 1/4 FREQUENCY INVERTER BIVOLT 50-60HZ B. ALUMI;811311;ETIQUETA ADES. BOPP FOSCO C/DFAM 50MM X 25MM X 02 CAR;1,0;2,0;2,0;2,0;2,0;2,0;2,0;2,0;2,0;2,0
2006144;CONJ. MOVIMENTADOR INTELIGENTE - IZZY SPEED TURBO PRO 1/4 FREQUENCY INVERTER BIVOLT 50-60HZ B. ALUMI;811541;SACO PLASTICO TRANSPARENTE 30CM X 15CM;1,0;2,0;2,0;2,0;2,0;2,0;2,0;2,0;2,0;2,0
2006144;CONJ. MOVIMENTADOR INTELIGENTE - IZZY SPEED TURBO PRO 1/4 FREQUENCY INVERTER BIVOLT 50-60HZ B. ALUMI;811921;CAIXA PARDA MOTOR DESLIZANTE AGL ( MEIA ABA REFORÇADA);1,0;2,0;2,0;2,0;2,0;2,0;2,0;2,0;2,0;2,0
2006144;CONJ. MOVIMENTADOR INTELIGENTE - IZZY SPEED TURBO PRO 1/4 FREQUENCY INVERTER BIVOLT 50-60HZ B. ALUMI;813009;ALAVANCA PARA DESTRAVAMENTO MANUAL;1,0;2,0;2,0;2,0;2,0;2,0;2,0;2,0;2,0;2,0
2006144;CONJ. MOVIMENTADOR INTELIGENTE - IZZY SPEED TURBO PRO 1/4 FREQUENCY INVERTER BIVOLT 50-60HZ B. ALUMI;813014;LINGUETA DO CILINDRO DA ALAVANCA DE DESTRAVAMENTO MANUAL DZ ZI;1,0;2,0;2,0;2,0;2,0;2,0;2,0;2,0;2,0;2,0
2006144;CONJ. MOVIMENTADOR INTELIGENTE - IZZY SPEED TURBO PRO 1/4 FREQUENCY INVERTER BIVOLT 50-60HZ B. ALUMI;813025;VENTOINHA DOS MOTORES;1,0;2,0;2,0;2,0;2,0;2,0;2,0;2,0;2,0;2,0
2006144;CONJ. MOVIMENTADOR INTELIGENTE - IZZY SPEED TURBO PRO 1/4 FREQUENCY INVERTER BIVOLT 50-60HZ B. ALUMI;813036;TAMPA PROTEÇÃO DO MOTOR - CINZA;1,0;2,0;2,0;2,0;2,0;2,0;2,0;2,0;2,0;2,0
2006144;CONJ. MOVIMENTADOR INTELIGENTE - IZZY SPEED TURBO PRO 1/4 FREQUENCY INVERTER BIVOLT 50-60HZ B. ALUMI;813037;ENGRENAGEM EXTERNA MOTOR 17 DENTES;1,0;2,0;2,0;2,0;2,0;2,0;2,0;2,0;2,0;2,0
2006144;CONJ. MOVIMENTADOR INTELIGENTE - IZZY SPEED TURBO PRO 1/4 FREQUENCY INVERTER BIVOLT 50-60HZ B. ALUMI;813039;VENEZIANA DOS MOTORES;1,0;2,0;2,0;2,0;2,0;2,0;2,0;2,0;2,0;2,0
2006144;CONJ. MOVIMENTADOR INTELIGENTE - IZZY SPEED TURBO PRO 1/4 FREQUENCY INVERTER BIVOLT 50-60HZ B. ALUMI;813094;ENGRENAGEM INTERNA DE 1 ENTRADA DZ E NEWBV;1,0;2,0;2,0;2,0;2,0;2,0;2,0;2,0;2,0;2,0
2006144;CONJ. MOVIMENTADOR INTELIGENTE - IZZY SPEED TURBO PRO 1/4 FREQUENCY INVERTER BIVOLT 50-60HZ B. ALUMI;813144;SUPORTE DO IMA DE FIM DE CURSO DESLIZANTE;2,0;4,0;4,0;4,0;4,0;4,0;4,0;4,0;4,0;4,0
2006144;CONJ. MOVIMENTADOR INTELIGENTE - IZZY SPEED TURBO PRO 1/4 FREQUENCY INVERTER BIVOLT 50-60HZ B. ALUMI;813152;BASE DA CENTRAL DESLIZANTE INVERTER;1,0;2,0;2,0;2,0;2,0;2,0;2,0;2,0;2,0;2,0
2006144;CONJ. MOVIMENTADOR INTELIGENTE - IZZY SPEED TURBO PRO 1/4 FREQUENCY INVERTER BIVOLT 50-60HZ B. ALUMI;813173;ARRUELA 1,2MM EIXO DESLIZANTE;1,0;2,0;2,0;2,0;2,0;2,0;2,0;2,0;2,0;2,0
2006144;CONJ. MOVIMENTADOR INTELIGENTE - IZZY SPEED TURBO PRO 1/4 FREQUENCY INVERTER BIVOLT 50-60HZ B. ALUMI;813199;BASE DE ALUMÍNIO MOTORES DESLIZANTES;1,0;2,0;2,0;2,0;2,0;2,0;2,0;2,0;2,0;2,0
2006144;CONJ. MOVIMENTADOR INTELIGENTE - IZZY SPEED TURBO PRO 1/4 FREQUENCY INVERTER BIVOLT 50-60HZ B. ALUMI;813235;BUCHA DO EIXO DESLIZANTE SEXTAVADA;2,0;4,0;4,0;4,0;4,0;4,0;4,0;4,0;4,0;4,0
2006144;CONJ. MOVIMENTADOR INTELIGENTE - IZZY SPEED TURBO PRO 1/4 FREQUENCY INVERTER BIVOLT 50-60HZ B. ALUMI;813237;PINO DESTRAVAMENTO TRINO;1,0;2,0;2,0;2,0;2,0;2,0;2,0;2,0;2,0;2,0
2006144;CONJ. MOVIMENTADOR INTELIGENTE - IZZY SPEED TURBO PRO 1/4 FREQUENCY INVERTER BIVOLT 50-60HZ B. ALUMI;813253;SEM FIM DE 1 ENTRADA AÇO;1,0;2,0;2,0;2,0;2,0;2,0;2,0;2,0;2,0;2,0
2006144;CONJ. MOVIMENTADOR INTELIGENTE - IZZY SPEED TURBO PRO 1/4 FREQUENCY INVERTER BIVOLT 50-60HZ B. ALUMI;813331;SUPORTE DE INSTALAÇÃO DO IMÃ DZ;2,0;4,0;4,0;4,0;4,0;4,0;4,0;4,0;4,0;4,0
2006144;CONJ. MOVIMENTADOR INTELIGENTE - IZZY SPEED TURBO PRO 1/4 FREQUENCY INVERTER BIVOLT 50-60HZ B. ALUMI;813409;TAMPÃO DO ENGRENAGEM EXTERNA MOTORES DZ;1,0;2,0;2,0;2,0;2,0;2,0;2,0;2,0;2,0;2,0
2006144;CONJ. MOVIMENTADOR INTELIGENTE - IZZY SPEED TURBO PRO 1/4 FREQUENCY INVERTER BIVOLT 50-60HZ B. ALUMI;813410;BUCHA DE CENTRAGEM DO EIXO DO ROTOR DZ;1,0;2,0;2,0;2,0;2,0;2,0;2,0;2,0;2,0;2,0
2006144;CONJ. MOVIMENTADOR INTELIGENTE - IZZY SPEED TURBO PRO 1/4 FREQUENCY INVERTER BIVOLT 50-60HZ B. ALUMI;813455;SENSOR DE FIM DE CURSO REED DESLIZANTE;1,0;2,0;2,0;2,0;2,0;2,0;2,0;2,0;2,0;2,0
2006144;CONJ. MOVIMENTADOR INTELIGENTE - IZZY SPEED TURBO PRO 1/4 FREQUENCY INVERTER BIVOLT 50-60HZ B. ALUMI;813507;CASE DE PROTEÇÃO DO MÓDULO WIFI IZZY;1,0;2,0;2,0;2,0;2,0;2,0;2,0;2,0;2,0;2,0
2006144;CONJ. MOVIMENTADOR INTELIGENTE - IZZY SPEED TURBO PRO 1/4 FREQUENCY INVERTER BIVOLT 50-60HZ B. ALUMI;813522;CHAVETA QUADRADA 8MMX33,4MM;1,0;2,0;2,0;2,0;2,0;2,0;2,0;2,0;2,0;2,0
2006144;CONJ. MOVIMENTADOR INTELIGENTE - IZZY SPEED TURBO PRO 1/4 FREQUENCY INVERTER BIVOLT 50-60HZ B. ALUMI;911079;PLACA REVISADA DO MODULO WIFI/BLUETOOTH CENTRAL IZZY;1,0;2,0;2,0;2,0;2,0;2,0;2,0;2,0;2,0;2,0
2006144;CONJ. MOVIMENTADOR INTELIGENTE - IZZY SPEED TURBO PRO 1/4 FREQUENCY INVERTER BIVOLT 50-60HZ B. ALUMI;911124;PLACA REVISADA NOVA CENTRAL INVERSORA;1,0;2,0;2,0;2,0;2,0;2,0;2,0;2,0;2,0;2,0
2006144;CONJ. MOVIMENTADOR INTELIGENTE - IZZY SPEED TURBO PRO 1/4 FREQUENCY INVERTER BIVOLT 50-60HZ B. ALUMI;105069;FITA EMPACT. 50MT X 48MM ACRI;0,02;0,04;0,04;0,04;0,04;0,04;0,04;0,04;0,04;0,04
2001028;CREMALHEIRA RESIDENCIAL 0,50 METRO GOMO ALUM MOD 4;813146;GOMO 25CM P/ CREMALHEIRA ALUMÍNIO;2,0;0,0;0,0;0,0;7586,0;12342,0;12502,0;12662,0;12822,0;12822,0
2001028;CREMALHEIRA RESIDENCIAL 0,50 METRO GOMO ALUM MOD 4;401007;PARAFUSO 4.8 X 13 A/A PN. PH - ZI;6,0;0,0;0,0;0,0;22758,0;37026,0;37506,0;37986,0;38466,0;38466,0
2001028;CREMALHEIRA RESIDENCIAL 0,50 METRO GOMO ALUM MOD 4;201066;ROLO ZINCADO 1,25X50 NBR-7008-ZC;0,212;0,0;0,0;0,0;804,12;1308,25;1325,21;1342,17;1359,13;1359,13
2001028;CREMALHEIRA RESIDENCIAL 0,50 METRO GOMO ALUM MOD 4;105008;FITA DE ARQUEAR 10X0,65 AZUL C/ 3000;0,0062;0,0;0,0;0,0;23,52;38,26;38,76;39,25;39,75;39,75
2001019;CREMALHEIRA RESIDENCIAL 1 METRO GOMO PLÁSTICO MOD 4;401163;PARAFUSO PLASTIC PAN PHS 5 X 12MM ZI;12,0;0,0;0,0;0,0;6900,0;7260,0;7260,0;7260,0;7260,0;7260,0
2001019;CREMALHEIRA RESIDENCIAL 1 METRO GOMO PLÁSTICO MOD 4;201066;ROLO ZINCADO 1,25X50 NBR-7008-ZC;0,424;0,0;0,0;0,0;243,8;256,52;256,52;256,52;256,52;256,52
2001019;CREMALHEIRA RESIDENCIAL 1 METRO GOMO PLÁSTICO MOD 4;105008;FITA DE ARQUEAR 10X0,65 AZUL C/ 3000;0,0222;0,0;0,0;0,0;12,76;13,43;13,43;13,43;13,43;13,43
2001019;CREMALHEIRA RESIDENCIAL 1 METRO GOMO PLÁSTICO MOD 4;813628;GOMO 100CM P/ CREMALHEIRA PLASTICO (4X25CM) - PRETO;1,0;0,0;0,0;0,0;575,0;605,0;605,0;605,0;605,0;605,0
2004046;CREMALHEIRA RESIDENCIAL 1 METRO GOMO PLÁSTICO MOD 4 KRIPT;401163;PARAFUSO PLASTIC PAN PHS 5 X 12MM ZI;12,0;0,0;0,0;0,0;2400,0;2400,0;2400,0;2400,0;2400,0;2400,0
2004046;CREMALHEIRA RESIDENCIAL 1 METRO GOMO PLÁSTICO MOD 4 KRIPT;201066;ROLO ZINCADO 1,25X50 NBR-7008-ZC;0,424;0,0;0,0;0,0;84,8;84,8;84,8;84,8;84,8;84,8
2004046;CREMALHEIRA RESIDENCIAL 1 METRO GOMO PLÁSTICO MOD 4 KRIPT;811276;ETIQUETA ADES. COUCHE 40MM X 25MM X 02 CAR;1,0;0,0;0,0;0,0;200,0;200,0;200,0;200,0;200,0;200,0
2004046;CREMALHEIRA RESIDENCIAL 1 METRO GOMO PLÁSTICO MOD 4 KRIPT;105008;FITA DE ARQUEAR 10X0,65 AZUL C/ 3000;0,0222;0,0;0,0;0,0;4,44;4,44;4,44;4,44;4,44;4,44
2004046;CREMALHEIRA RESIDENCIAL 1 METRO GOMO PLÁSTICO MOD 4 KRIPT;813628;GOMO 100CM P/ CREMALHEIRA PLASTICO (4X25CM) - PRETO;1,0;0,0;0,0;0,0;200,0;200,0;200,0;200,0;200,0;200,0
2006041;CONJ. MOVIMENTADOR INTELIGENTE - IZZY 300 220V 50-60HZ SEM CREMALHEIRA;100802;TRANSMISSOR 433MHZ REMOTE - MODELO: AGL-E2  (DIGITAL KEY 6P20 BLACK);2,0;0,0;0,0;0,0;98,0;118,0;1778,0;2378,0;2978,0;4778,0
2006041;CONJ. MOVIMENTADOR INTELIGENTE - IZZY 300 220V 50-60HZ SEM CREMALHEIRA;101553;SENSOR EFEITO HALL AH3781-P-B 0,30W HALL LATCH SWITCH SIP-3 BULK (AH3781-P-B);1,0;0,0;0,0;0,0;49,0;59,0;889,0;1189,0;1489,0;2389,0
2006041;CONJ. MOVIMENTADOR INTELIGENTE - IZZY 300 220V 50-60HZ SEM CREMALHEIRA;103064;CONECTOR FÊMEA EC601V-5.08-3P GREEN BAG/BULK (EC601V-5.08-3P);1,0;0,0;0,0;0,0;49,0;59,0;889,0;1189,0;1489,0;2389,0
2006041;CONJ. MOVIMENTADOR INTELIGENTE - IZZY 300 220V 50-60HZ SEM CREMALHEIRA;103130;CABO CONECTOR TERMINAL WHITE WIRE BLK-PH-3P L180 BOX (BLK-PH-3P L180);1,0;0,0;0,0;0,0;49,0;59,0;889,0;1189,0;1489,0;2389,0
2006041;CONJ. MOVIMENTADOR INTELIGENTE - IZZY 300 220V 50-60HZ SEM CREMALHEIRA;208003;IMÃ DE FERRITE - B40X20X10MM;2,0;0,0;0,0;0,0;98,0;118,0;1778,0;2378,0;2978,0;4778,0
2006041;CONJ. MOVIMENTADOR INTELIGENTE - IZZY 300 220V 50-60HZ SEM CREMALHEIRA;208006;ANEL ENCODER - ROUND MAGNET;1,0;0,0;0,0;0,0;49,0;59,0;889,0;1189,0;1489,0;2389,0
2006041;CONJ. MOVIMENTADOR INTELIGENTE - IZZY 300 220V 50-60HZ SEM CREMALHEIRA;401068;ARRUELA LISA 1/4 FE ZI;4,0;0,0;0,0;0,0;196,0;236,0;3556,0;4756,0;5956,0;9556,0
2006041;CONJ. MOVIMENTADOR INTELIGENTE - IZZY 300 220V 50-60HZ SEM CREMALHEIRA;401108;PARAFUSO PLASTIC PAN PHS 5 X 25MM ZI;10,0;0,0;0,0;0,0;490,0;590,0;8890,0;11890,0;14890,0;23890,0
2006041;CONJ. MOVIMENTADOR INTELIGENTE - IZZY 300 220V 50-60HZ SEM CREMALHEIRA;401156;PARAFUSO MAD SX 1/4 X 70MM ZI;4,0;0,0;0,0;0,0;196,0;236,0;3556,0;4756,0;5956,0;9556,0
2006041;CONJ. MOVIMENTADOR INTELIGENTE - IZZY 300 220V 50-60HZ SEM CREMALHEIRA;401163;PARAFUSO PLASTIC PAN PHS 5 X 12MM ZI;2,0;0,0;0,0;0,0;98,0;118,0;1778,0;2378,0;2978,0;4778,0
2006041;CONJ. MOVIMENTADOR INTELIGENTE - IZZY 300 220V 50-60HZ SEM CREMALHEIRA;401169;PF JMP PAN PHS 3,5X14MM ZI;2,0;0,0;0,0;0,0;98,0;118,0;1778,0;2378,0;2978,0;4778,0
2006041;CONJ. MOVIMENTADOR INTELIGENTE - IZZY 300 220V 50-60HZ SEM CREMALHEIRA;401207;PF A/A JMC DRILL FL PHS C/ SERRILHA PTA BROCA 4,2X13MM ZI;4,0;0,0;0,0;0,0;196,0;236,0;3556,0;4756,0;5956,0;9556,0
2006041;CONJ. MOVIMENTADOR INTELIGENTE - IZZY 300 220V 50-60HZ SEM CREMALHEIRA;401260;PARAFUSO MQ PN HXL T25 TMA 5X45 PS 30 ZB (ROSCA COMPLETA);1,0;0,0;0,0;0,0;49,0;59,0;889,0;1189,0;1489,0;2389,0
2006041;CONJ. MOVIMENTADOR INTELIGENTE - IZZY 300 220V 50-60HZ SEM CREMALHEIRA;402019;PINO ELÁSTICO 4 X 24MM;2,0;0,0;0,0;0,0;98,0;118,0;1778,0;2378,0;2978,0;4778,0
2006041;CONJ. MOVIMENTADOR INTELIGENTE - IZZY 300 220V 50-60HZ SEM CREMALHEIRA;402028;BUCHA PLASTICA N10;4,0;0,0;0,0;0,0;196,0;236,0;3556,0;4756,0;5956,0;9556,0
2006041;CONJ. MOVIMENTADOR INTELIGENTE - IZZY 300 220V 50-60HZ SEM CREMALHEIRA;403032;MOLA DE DESTRAVAMENTO DESLIZANTE;1,0;0,0;0,0;0,0;49,0;59,0;889,0;1189,0;1489,0;2389,0
2006041;CONJ. MOVIMENTADOR INTELIGENTE - IZZY 300 220V 50-60HZ SEM CREMALHEIRA;510027;INLUB GRAX MP 2/TI;0,034;0,0;0,0;0,0;1,67;2,01;30,23;40,43;50,63;81,23
2006041;CONJ. MOVIMENTADOR INTELIGENTE - IZZY 300 220V 50-60HZ SEM CREMALHEIRA;512002;CONJUNTO ESTATOR E ROTOR AGL DESL P17 1/7 cv 04 42Z 220V 60HZ;1,0;0,0;0,0;0,0;49,0;59,0;889,0;1189,0;1489,0;2389,0
2006041;CONJ. MOVIMENTADOR INTELIGENTE - IZZY 300 220V 50-60HZ SEM CREMALHEIRA;801132;ARGOLA DA CHAVE;1,0;0,0;0,0;0,0;49,0;59,0;889,0;1189,0;1489,0;2389,0
2006041;CONJ. MOVIMENTADOR INTELIGENTE - IZZY 300 220V 50-60HZ SEM CREMALHEIRA;804247;BASE DA CENTRAL DESLIZANTE;1,0;0,0;0,0;0,0;49,0;59,0;889,0;1189,0;1489,0;2389,0
2006041;CONJ. MOVIMENTADOR INTELIGENTE - IZZY 300 220V 50-60HZ SEM CREMALHEIRA;804248;TAMPA DA CENTRAL DESLIZANTE;1,0;0,0;0,0;0,0;49,0;59,0;889,0;1189,0;1489,0;2389,0
2006041;CONJ. MOVIMENTADOR INTELIGENTE - IZZY 300 220V 50-60HZ SEM CREMALHEIRA;804540;BASE SUPERIOR PP DO MOTOR DESLIZANTE;1,0;0,0;0,0;0,0;49,0;59,0;889,0;1189,0;1489,0;2389,0
2006041;CONJ. MOVIMENTADOR INTELIGENTE - IZZY 300 220V 50-60HZ SEM CREMALHEIRA;804542;BASE INFERIOR PP MOTORES DESLIZANTES;1,0;0,0;0,0;0,0;49,0;59,0;889,0;1189,0;1489,0;2389,0
2006041;CONJ. MOVIMENTADOR INTELIGENTE - IZZY 300 220V 50-60HZ SEM CREMALHEIRA;811040;MANUAL DE INSTALAÇÃO LINHA IZZY QR CODE BILINGUE;1,0;0,0;0,0;0,0;49,0;59,0;889,0;1189,0;1489,0;2389,0
2006041;CONJ. MOVIMENTADOR INTELIGENTE - IZZY 300 220V 50-60HZ SEM CREMALHEIRA;811104;GABARITO DE INSTALAÇÃO LINHA TRINO;1,0;0,0;0,0;0,0;49,0;59,0;889,0;1189,0;1489,0;2389,0
2006041;CONJ. MOVIMENTADOR INTELIGENTE - IZZY 300 220V 50-60HZ SEM CREMALHEIRA;811306;ETIQUETA ADES. COUCHE 100MM X 80MM X 01 CAR;1,0;0,0;0,0;0,0;49,0;59,0;889,0;1189,0;1489,0;2389,0
2006041;CONJ. MOVIMENTADOR INTELIGENTE - IZZY 300 220V 50-60HZ SEM CREMALHEIRA;811311;ETIQUETA ADES. BOPP FOSCO C/DFAM 50MM X 25MM X 02 CAR;1,0;0,0;0,0;0,0;49,0;59,0;889,0;1189,0;1489,0;2389,0
2006041;CONJ. MOVIMENTADOR INTELIGENTE - IZZY 300 220V 50-60HZ SEM CREMALHEIRA;811541;SACO PLASTICO TRANSPARENTE 30CM X 15CM;1,0;0,0;0,0;0,0;49,0;59,0;889,0;1189,0;1489,0;2389,0
2006041;CONJ. MOVIMENTADOR INTELIGENTE - IZZY 300 220V 50-60HZ SEM CREMALHEIRA;811921;CAIXA PARDA MOTOR DESLIZANTE AGL ( MEIA ABA REFORÇADA);1,0;0,0;0,0;0,0;49,0;59,0;889,0;1189,0;1489,0;2389,0
2006041;CONJ. MOVIMENTADOR INTELIGENTE - IZZY 300 220V 50-60HZ SEM CREMALHEIRA;813009;ALAVANCA PARA DESTRAVAMENTO MANUAL;1,0;0,0;0,0;0,0;49,0;59,0;889,0;1189,0;1489,0;2389,0
2006041;CONJ. MOVIMENTADOR INTELIGENTE - IZZY 300 220V 50-60HZ SEM CREMALHEIRA;813014;LINGUETA DO CILINDRO DA ALAVANCA DE DESTRAVAMENTO MANUAL DZ ZI;1,0;0,0;0,0;0,0;49,0;59,0;889,0;1189,0;1489,0;2389,0
2006041;CONJ. MOVIMENTADOR INTELIGENTE - IZZY 300 220V 50-60HZ SEM CREMALHEIRA;813096;ENGRENAGEM EXTERNA 17D PARA EIXO ESTAMPADO TRINO LIGHT/300;1,0;0,0;0,0;0,0;49,0;59,0;889,0;1189,0;1489,0;2389,0
2006041;CONJ. MOVIMENTADOR INTELIGENTE - IZZY 300 220V 50-60HZ SEM CREMALHEIRA;813144;SUPORTE DO IMA DE FIM DE CURSO DESLIZANTE;2,0;0,0;0,0;0,0;98,0;118,0;1778,0;2378,0;2978,0;4778,0
2006041;CONJ. MOVIMENTADOR INTELIGENTE - IZZY 300 220V 50-60HZ SEM CREMALHEIRA;813173;ARRUELA 1,2MM EIXO DESLIZANTE;2,0;0,0;0,0;0,0;98,0;118,0;1778,0;2378,0;2978,0;4778,0
2006041;CONJ. MOVIMENTADOR INTELIGENTE - IZZY 300 220V 50-60HZ SEM CREMALHEIRA;813235;BUCHA DO EIXO DESLIZANTE SEXTAVADA;2,0;0,0;0,0;0,0;98,0;118,0;1778,0;2378,0;2978,0;4778,0
2006041;CONJ. MOVIMENTADOR INTELIGENTE - IZZY 300 220V 50-60HZ SEM CREMALHEIRA;813237;PINO DESTRAVAMENTO TRINO;1,0;0,0;0,0;0,0;49,0;59,0;889,0;1189,0;1489,0;2389,0
2006041;CONJ. MOVIMENTADOR INTELIGENTE - IZZY 300 220V 50-60HZ SEM CREMALHEIRA;813248;TAMPA PROTEÇÃO DO MOTOR - GRAFITE;1,0;0,0;0,0;0,0;49,0;59,0;889,0;1189,0;1489,0;2389,0
2006041;CONJ. MOVIMENTADOR INTELIGENTE - IZZY 300 220V 50-60HZ SEM CREMALHEIRA;813249;CILINDRO MOTOR DESLIZANTE NYLON;1,0;0,0;0,0;0,0;49,0;59,0;889,0;1189,0;1489,0;2389,0
2006041;CONJ. MOVIMENTADOR INTELIGENTE - IZZY 300 220V 50-60HZ SEM CREMALHEIRA;813250;CHAVE CILINDRO MOTOR DESLIZANTE NYLON (MODELO NOVO);2,0;0,0;0,0;0,0;98,0;118,0;1778,0;2378,0;2978,0;4778,0
2006041;CONJ. MOVIMENTADOR INTELIGENTE - IZZY 300 220V 50-60HZ SEM CREMALHEIRA;813251;SEM FIM DE UMA ENTRADA ALUMÍNIO TR LIGTH/ TR300/ TR500;1,0;0,0;0,0;0,0;49,0;59,0;889,0;1189,0;1489,0;2389,0
2006041;CONJ. MOVIMENTADOR INTELIGENTE - IZZY 300 220V 50-60HZ SEM CREMALHEIRA;813289;ENGRENAGEM INTERNA DE 1 ENTRADA DZ E NEWBV SEM IMÃ;1,0;0,0;0,0;0,0;49,0;59,0;889,0;1189,0;1489,0;2389,0
2006041;CONJ. MOVIMENTADOR INTELIGENTE - IZZY 300 220V 50-60HZ SEM CREMALHEIRA;813293;MIOLO DO CILINDRO NYLON MOTOR DESLIZANTE;1,0;0,0;0,0;0,0;49,0;59,0;889,0;1189,0;1489,0;2389,0
2006041;CONJ. MOVIMENTADOR INTELIGENTE - IZZY 300 220V 50-60HZ SEM CREMALHEIRA;813294;PORCA DO CILINDRO NYLON MOTOR DESLIZANTE;1,0;0,0;0,0;0,0;49,0;59,0;889,0;1189,0;1489,0;2389,0
2006041;CONJ. MOVIMENTADOR INTELIGENTE - IZZY 300 220V 50-60HZ SEM CREMALHEIRA;813331;SUPORTE DE INSTALAÇÃO DO IMÃ DZ;2,0;0,0;0,0;0,0;98,0;118,0;1778,0;2378,0;2978,0;4778,0
2006041;CONJ. MOVIMENTADOR INTELIGENTE - IZZY 300 220V 50-60HZ SEM CREMALHEIRA;813409;TAMPÃO DO ENGRENAGEM EXTERNA MOTORES DZ;1,0;0,0;0,0;0,0;49,0;59,0;889,0;1189,0;1489,0;2389,0
2006041;CONJ. MOVIMENTADOR INTELIGENTE - IZZY 300 220V 50-60HZ SEM CREMALHEIRA;813410;BUCHA DE CENTRAGEM DO EIXO DO ROTOR DZ;1,0;0,0;0,0;0,0;49,0;59,0;889,0;1189,0;1489,0;2389,0
2006041;CONJ. MOVIMENTADOR INTELIGENTE - IZZY 300 220V 50-60HZ SEM CREMALHEIRA;813455;SENSOR DE FIM DE CURSO REED DESLIZANTE;1,0;0,0;0,0;0,0;49,0;59,0;889,0;1189,0;1489,0;2389,0
2006041;CONJ. MOVIMENTADOR INTELIGENTE - IZZY 300 220V 50-60HZ SEM CREMALHEIRA;813507;CASE DE PROTEÇÃO DO MÓDULO WIFI IZZY;1,0;0,0;0,0;0,0;49,0;59,0;889,0;1189,0;1489,0;2389,0
2006041;CONJ. MOVIMENTADOR INTELIGENTE - IZZY 300 220V 50-60HZ SEM CREMALHEIRA;813508;SUPORTE DO ENCODER INDUSTRIAL/DZ 300 SEM TAMPA;1,0;0,0;0,0;0,0;49,0;59,0;889,0;1189,0;1489,0;2389,0
2006041;CONJ. MOVIMENTADOR INTELIGENTE - IZZY 300 220V 50-60HZ SEM CREMALHEIRA;813509;TAMPA DO ENCODER INDUSTRIAL/DZ 300;1,0;0,0;0,0;0,0;49,0;59,0;889,0;1189,0;1489,0;2389,0
2006041;CONJ. MOVIMENTADOR INTELIGENTE - IZZY 300 220V 50-60HZ SEM CREMALHEIRA;813522;CHAVETA QUADRADA 8MMX33,4MM;1,0;0,0;0,0;0,0;49,0;59,0;889,0;1189,0;1489,0;2389,0
2006041;CONJ. MOVIMENTADOR INTELIGENTE - IZZY 300 220V 50-60HZ SEM CREMALHEIRA;813525;EIXO ESTAMPADO PARA MOTOR TRINO LIGHT/300 - ZINCADO;1,0;0,0;0,0;0,0;49,0;59,0;889,0;1189,0;1489,0;2389,0
2006041;CONJ. MOVIMENTADOR INTELIGENTE - IZZY 300 220V 50-60HZ SEM CREMALHEIRA;813527;COPO DO PINO ELÁSTICO DO EIXO ESTAMPADO;1,0;0,0;0,0;0,0;49,0;59,0;889,0;1189,0;1489,0;2389,0
2006041;CONJ. MOVIMENTADOR INTELIGENTE - IZZY 300 220V 50-60HZ SEM CREMALHEIRA;813528;DISCO DO ENCODER DZ (LADO MACHO);1,0;0,0;0,0;0,0;49,0;59,0;889,0;1189,0;1489,0;2389,0
2006041;CONJ. MOVIMENTADOR INTELIGENTE - IZZY 300 220V 50-60HZ SEM CREMALHEIRA;813529;DISCO DO ENCODER DZ (LADO FÊMEA);1,0;0,0;0,0;0,0;49,0;59,0;889,0;1189,0;1489,0;2389,0
2006041;CONJ. MOVIMENTADOR INTELIGENTE - IZZY 300 220V 50-60HZ SEM CREMALHEIRA;911079;PLACA REVISADA DO MODULO WIFI/BLUETOOTH CENTRAL IZZY;1,0;0,0;0,0;0,0;49,0;59,0;889,0;1189,0;1489,0;2389,0
2006041;CONJ. MOVIMENTADOR INTELIGENTE - IZZY 300 220V 50-60HZ SEM CREMALHEIRA;911127;PLACA REVISADA NOVA CENTRAL IZZY;1,0;0,0;0,0;0,0;49,0;59,0;889,0;1189,0;1489,0;2389,0
2006041;CONJ. MOVIMENTADOR INTELIGENTE - IZZY 300 220V 50-60HZ SEM CREMALHEIRA;105069;FITA EMPACT. 50MT X 48MM ACRI;0,02;0,0;0,0;0,0;0,98;1,18;17,78;23,78;29,78;47,78
2006041;CONJ. MOVIMENTADOR INTELIGENTE - IZZY 300 220V 50-60HZ SEM CREMALHEIRA;101306;CAPAC. FIXO C/DIEL. DE POLIP. BIOR. P/MOTORES CMRW CANECA PLASTICA 15uf 250V 50;1,0;0,0;0,0;0,0;49,0;59,0;889,0;1189,0;1489,0;2389,0
2009509;ACIONAMENTO P/ MOVIMENTADOR TRINO PIVÔ 0,75M;102573;BOBINA TUBULAR PEBD LEITOSA IMPRESA P/ ACIONAMENTO DE MOTORES;0,09857142857125001;0,0;0,0;0,0;4,34;4,93;54,21;54,21;152,79;202,07
2009509;ACIONAMENTO P/ MOVIMENTADOR TRINO PIVÔ 0,75M;208004;IMÃ DE FERRITE - B20X13X5MM;1,0;0,0;0,0;0,0;44,0;50,0;550,0;550,0;1550,0;2050,0
2009509;ACIONAMENTO P/ MOVIMENTADOR TRINO PIVÔ 0,75M;401069;PARAFUSO 2 9X13MM A/A PAN PHS ZI;4,0;0,0;0,0;0,0;176,0;200,0;2200,0;2200,0;6200,0;8200,0
2009509;ACIONAMENTO P/ MOVIMENTADOR TRINO PIVÔ 0,75M;401085;PORCA F MQ UNC SEXT. 1/4 (CH7/16) ZI (NSC);4,0;0,0;0,0;0,0;176,0;200,0;2200,0;2200,0;6200,0;8200,0
2009509;ACIONAMENTO P/ MOVIMENTADOR TRINO PIVÔ 0,75M;401157;PARAFUSO PAN ZBR P/ CHAVE TORX M5 X 30MM T25;2,0;0,0;0,0;0,0;88,0;100,0;1100,0;1100,0;3100,0;4100,0
2009509;ACIONAMENTO P/ MOVIMENTADOR TRINO PIVÔ 0,75M;401163;PARAFUSO PLASTIC PAN PHS 5 X 12MM ZI;5,0;0,0;0,0;0,0;220,0;250,0;2750,0;2750,0;7750,0;10250,0
2009509;ACIONAMENTO P/ MOVIMENTADOR TRINO PIVÔ 0,75M;401164;PARAFUSO MQ UNC SX RI 1/4 X 1/2 ZI;4,0;0,0;0,0;0,0;176,0;200,0;2200,0;2200,0;6200,0;8200,0
2009509;ACIONAMENTO P/ MOVIMENTADOR TRINO PIVÔ 0,75M;411039;TARUGO PE CINZA 10 mm;0,75;0,0;0,0;0,0;33,0;37,5;412,5;412,5;1162,5;1537,5
2009509;ACIONAMENTO P/ MOVIMENTADOR TRINO PIVÔ 0,75M;804462;ACABAMENTO DO TUBO INOX PIVÔ/BARREIRA ARTICULADA;1,0;0,0;0,0;0,0;44,0;50,0;550,0;550,0;1550,0;2050,0
2009509;ACIONAMENTO P/ MOVIMENTADOR TRINO PIVÔ 0,75M;811276;ETIQUETA ADES. COUCHE 40MM X 25MM X 02 CAR;1,0;0,0;0,0;0,0;44,0;50,0;550,0;550,0;1550,0;2050,0
2009509;ACIONAMENTO P/ MOVIMENTADOR TRINO PIVÔ 0,75M;813623;FIM DE CURSO MECANICO DE ALUMÍNIO;2,0;0,0;0,0;0,0;88,0;100,0;1100,0;1100,0;3100,0;4100,0
2009509;ACIONAMENTO P/ MOVIMENTADOR TRINO PIVÔ 0,75M;813182;FUSO P 7.5MM DE 0,75M E 2 ENTRADAS PIVO;1,0;0,0;0,0;0,0;44,0;50,0;550,0;550,0;1550,0;2050,0
2009509;ACIONAMENTO P/ MOVIMENTADOR TRINO PIVÔ 0,75M;813262;ACOPLAMENTO DO NEW BV/BV/PIVO;1,0;0,0;0,0;0,0;44,0;50,0;550,0;550,0;1550,0;2050,0
2009509;ACIONAMENTO P/ MOVIMENTADOR TRINO PIVÔ 0,75M;813315;PORCA DO FUSO 2 ENTRADAS PIVO (MACHO);1,0;0,0;0,0;0,0;44,0;50,0;550,0;550,0;1550,0;2050,0
2009509;ACIONAMENTO P/ MOVIMENTADOR TRINO PIVÔ 0,75M;813316;PORCA DO FUSO 2 ENTRADAS PIVO (FÊMEA);1,0;0,0;0,0;0,0;44,0;50,0;550,0;550,0;1550,0;2050,0
2009509;ACIONAMENTO P/ MOVIMENTADOR TRINO PIVÔ 0,75M;813317;MANCAL SUPERIOR DO PIVO;1,0;0,0;0,0;0,0;44,0;50,0;550,0;550,0;1550,0;2050,0
2009509;ACIONAMENTO P/ MOVIMENTADOR TRINO PIVÔ 0,75M;813318;ARRUELA EM T;1,0;0,0;0,0;0,0;44,0;50,0;550,0;550,0;1550,0;2050,0
2009509;ACIONAMENTO P/ MOVIMENTADOR TRINO PIVÔ 0,75M;813459;TUBO DE INOX CORTADO PARA PIVO 0,75M;1,0;0,0;0,0;0,0;44,0;50,0;550,0;550,0;1550,0;2050,0
2009509;ACIONAMENTO P/ MOVIMENTADOR TRINO PIVÔ 0,75M;813396;PERFIL AL 0,75M SOL 7 STLF-0864 6063;1,0;0,0;0,0;0,0;44,0;50,0;550,0;550,0;1550,0;2050,0
2009509;ACIONAMENTO P/ MOVIMENTADOR TRINO PIVÔ 0,75M;811306;ETIQUETA ADES. COUCHE 100MM X 80MM X 01 CAR;1,0;0,0;0,0;0,0;44,0;50,0;550,0;550,0;1550,0;2050,0
2009509;ACIONAMENTO P/ MOVIMENTADOR TRINO PIVÔ 0,75M;813599;SENSOR DE FIM DE CURSO REED BV/NEW BV/PIVO 0,75M;1,0;0,0;0,0;0,0;44,0;50,0;550,0;550,0;1550,0;2050,0
2009509;ACIONAMENTO P/ MOVIMENTADOR TRINO PIVÔ 0,75M;811505;SACO PLASTICO TRANSPARENTE 14CM X 9CM;1,0;0,0;0,0;0,0;44,0;50,0;550,0;550,0;1550,0;2050,0
2009509;ACIONAMENTO P/ MOVIMENTADOR TRINO PIVÔ 0,75M;501043;GRAXA BRANCA UNILIT NAUTIX SACHE;1,0;0,0;0,0;0,0;44,0;50,0;550,0;550,0;1550,0;2050,0
2004060;CREMALHEIRA RESIDENCIAL 1,5 METRO GOMO ALUM MOD 4 KRIPT;813146;GOMO 25CM P/ CREMALHEIRA ALUMÍNIO;6,0;0,0;0,0;0,0;240,0;240,0;240,0;240,0;240,0;240,0
2004060;CREMALHEIRA RESIDENCIAL 1,5 METRO GOMO ALUM MOD 4 KRIPT;401007;PARAFUSO 4.8 X 13 A/A PN. PH - ZI;18,0;0,0;0,0;0,0;720,0;720,0;720,0;720,0;720,0;720,0
2004060;CREMALHEIRA RESIDENCIAL 1,5 METRO GOMO ALUM MOD 4 KRIPT;201066;ROLO ZINCADO 1,25X50 NBR-7008-ZC;0,631;0,0;0,0;0,0;25,24;25,24;25,24;25,24;25,24;25,24
2004060;CREMALHEIRA RESIDENCIAL 1,5 METRO GOMO ALUM MOD 4 KRIPT;811276;ETIQUETA ADES. COUCHE 40MM X 25MM X 02 CAR;1,0;0,0;0,0;0,0;40,0;40,0;40,0;40,0;40,0;40,0
2004060;CREMALHEIRA RESIDENCIAL 1,5 METRO GOMO ALUM MOD 4 KRIPT;105008;FITA DE ARQUEAR 10X0,65 AZUL C/ 3000;0,021;0,0;0,0;0,0;0,84;0,84;0,84;0,84;0,84;0,84
2001345;CONJ. MOVIMENTADOR TRINO 300 220V Light 50-60HZ LOG;100802;TRANSMISSOR 433MHZ REMOTE - MODELO: AGL-E2  (DIGITAL KEY 6P20 BLACK);2,0;0,0;0,0;0,0;46,0;46,0;906,0;1506,0;1506,0;1506,0
2001345;CONJ. MOVIMENTADOR TRINO 300 220V Light 50-60HZ LOG;103064;CONECTOR FÊMEA EC601V-5.08-3P GREEN BAG/BULK (EC601V-5.08-3P);1,0;0,0;0,0;0,0;23,0;23,0;453,0;753,0;753,0;753,0
2001345;CONJ. MOVIMENTADOR TRINO 300 220V Light 50-60HZ LOG;201125;GRAMPO 35/18 UNIDADE;4,0;0,0;0,0;0,0;92,0;92,0;1812,0;3012,0;3012,0;3012,0
2001345;CONJ. MOVIMENTADOR TRINO 300 220V Light 50-60HZ LOG;208003;IMÃ DE FERRITE - B40X20X10MM;2,0;0,0;0,0;0,0;46,0;46,0;906,0;1506,0;1506,0;1506,0
2001345;CONJ. MOVIMENTADOR TRINO 300 220V Light 50-60HZ LOG;401014;PARAFUSO 2.9 X 6.5 A/A PAN PHS ZI;1,0;0,0;0,0;0,0;23,0;23,0;453,0;753,0;753,0;753,0
2001345;CONJ. MOVIMENTADOR TRINO 300 220V Light 50-60HZ LOG;401068;ARRUELA LISA 1/4 FE ZI;4,0;0,0;0,0;0,0;92,0;92,0;1812,0;3012,0;3012,0;3012,0
2001345;CONJ. MOVIMENTADOR TRINO 300 220V Light 50-60HZ LOG;401108;PARAFUSO PLASTIC PAN PHS 5 X 25MM ZI;10,0;0,0;0,0;0,0;230,0;230,0;4530,0;7530,0;7530,0;7530,0
2001345;CONJ. MOVIMENTADOR TRINO 300 220V Light 50-60HZ LOG;401156;PARAFUSO MAD SX 1/4 X 70MM ZI;4,0;0,0;0,0;0,0;92,0;92,0;1812,0;3012,0;3012,0;3012,0
2001345;CONJ. MOVIMENTADOR TRINO 300 220V Light 50-60HZ LOG;401163;PARAFUSO PLASTIC PAN PHS 5 X 12MM ZI;2,0;0,0;0,0;0,0;46,0;46,0;906,0;1506,0;1506,0;1506,0
2001345;CONJ. MOVIMENTADOR TRINO 300 220V Light 50-60HZ LOG;401169;PF JMP PAN PHS 3,5X14MM ZI;2,0;0,0;0,0;0,0;46,0;46,0;906,0;1506,0;1506,0;1506,0
2001345;CONJ. MOVIMENTADOR TRINO 300 220V Light 50-60HZ LOG;401207;PF A/A JMC DRILL FL PHS C/ SERRILHA PTA BROCA 4,2X13MM ZI;4,0;0,0;0,0;0,0;92,0;92,0;1812,0;3012,0;3012,0;3012,0
2001345;CONJ. MOVIMENTADOR TRINO 300 220V Light 50-60HZ LOG;401260;PARAFUSO MQ PN HXL T25 TMA 5X45 PS 30 ZB (ROSCA COMPLETA);1,0;0,0;0,0;0,0;23,0;23,0;453,0;753,0;753,0;753,0
2001345;CONJ. MOVIMENTADOR TRINO 300 220V Light 50-60HZ LOG;402019;PINO ELÁSTICO 4 X 24MM;2,0;0,0;0,0;0,0;46,0;46,0;906,0;1506,0;1506,0;1506,0
2001345;CONJ. MOVIMENTADOR TRINO 300 220V Light 50-60HZ LOG;402028;BUCHA PLASTICA N10;4,0;0,0;0,0;0,0;92,0;92,0;1812,0;3012,0;3012,0;3012,0
2001345;CONJ. MOVIMENTADOR TRINO 300 220V Light 50-60HZ LOG;403032;MOLA DE DESTRAVAMENTO DESLIZANTE;1,0;0,0;0,0;0,0;23,0;23,0;453,0;753,0;753,0;753,0
2001345;CONJ. MOVIMENTADOR TRINO 300 220V Light 50-60HZ LOG;510027;INLUB GRAX MP 2/TI;0,034;0,0;0,0;0,0;0,78;0,78;15,4;25,6;25,6;25,6
2001345;CONJ. MOVIMENTADOR TRINO 300 220V Light 50-60HZ LOG;512002;CONJUNTO ESTATOR E ROTOR AGL DESL P17 1/7 cv 04 42Z 220V 60HZ;1,0;0,0;0,0;0,0;23,0;23,0;453,0;753,0;753,0;753,0
2001345;CONJ. MOVIMENTADOR TRINO 300 220V Light 50-60HZ LOG;801132;ARGOLA DA CHAVE;1,0;0,0;0,0;0,0;23,0;23,0;453,0;753,0;753,0;753,0
2001345;CONJ. MOVIMENTADOR TRINO 300 220V Light 50-60HZ LOG;804247;BASE DA CENTRAL DESLIZANTE;1,0;0,0;0,0;0,0;23,0;23,0;453,0;753,0;753,0;753,0
2001345;CONJ. MOVIMENTADOR TRINO 300 220V Light 50-60HZ LOG;804248;TAMPA DA CENTRAL DESLIZANTE;1,0;0,0;0,0;0,0;23,0;23,0;453,0;753,0;753,0;753,0
2001345;CONJ. MOVIMENTADOR TRINO 300 220V Light 50-60HZ LOG;804540;BASE SUPERIOR PP DO MOTOR DESLIZANTE;1,0;0,0;0,0;0,0;23,0;23,0;453,0;753,0;753,0;753,0
2001345;CONJ. MOVIMENTADOR TRINO 300 220V Light 50-60HZ LOG;804542;BASE INFERIOR PP MOTORES DESLIZANTES;1,0;0,0;0,0;0,0;23,0;23,0;453,0;753,0;753,0;753,0
2001345;CONJ. MOVIMENTADOR TRINO 300 220V Light 50-60HZ LOG;811122;MANUAL P / AUTOMATIZADOR DZ/BV/NEW BV CENTRAL FLEX/LIGHT EM PORTUGUÊS;1,0;0,0;0,0;0,0;23,0;23,0;453,0;753,0;753,0;753,0
2001345;CONJ. MOVIMENTADOR TRINO 300 220V Light 50-60HZ LOG;811306;ETIQUETA ADES. COUCHE 100MM X 80MM X 01 CAR;1,0;0,0;0,0;0,0;23,0;23,0;453,0;753,0;753,0;753,0
2001345;CONJ. MOVIMENTADOR TRINO 300 220V Light 50-60HZ LOG;811311;ETIQUETA ADES. BOPP FOSCO C/DFAM 50MM X 25MM X 02 CAR;1,0;0,0;0,0;0,0;23,0;23,0;453,0;753,0;753,0;753,0
2001345;CONJ. MOVIMENTADOR TRINO 300 220V Light 50-60HZ LOG;811541;SACO PLASTICO TRANSPARENTE 30CM X 15CM;1,0;0,0;0,0;0,0;23,0;23,0;453,0;753,0;753,0;753,0
2001345;CONJ. MOVIMENTADOR TRINO 300 220V Light 50-60HZ LOG;811913;CAIXA MOTOR TRINO LOG (CREMALHEIRA EMBARCADA);1,0;0,0;0,0;0,0;23,0;23,0;453,0;753,0;753,0;753,0
2001345;CONJ. MOVIMENTADOR TRINO 300 220V Light 50-60HZ LOG;811914;DIVISÓRIA DE PAPELÃO DA CAIXA TRINO LOG;1,0;0,0;0,0;0,0;23,0;23,0;453,0;753,0;753,0;753,0
2001345;CONJ. MOVIMENTADOR TRINO 300 220V Light 50-60HZ LOG;813009;ALAVANCA PARA DESTRAVAMENTO MANUAL;1,0;0,0;0,0;0,0;23,0;23,0;453,0;753,0;753,0;753,0
2001345;CONJ. MOVIMENTADOR TRINO 300 220V Light 50-60HZ LOG;813014;LINGUETA DO CILINDRO DA ALAVANCA DE DESTRAVAMENTO MANUAL DZ ZI;1,0;0,0;0,0;0,0;23,0;23,0;453,0;753,0;753,0;753,0
2001345;CONJ. MOVIMENTADOR TRINO 300 220V Light 50-60HZ LOG;813024;TAMPA PROTEÇÃO DO MOTOR - PRETA;1,0;0,0;0,0;0,0;23,0;23,0;453,0;753,0;753,0;753,0
2001345;CONJ. MOVIMENTADOR TRINO 300 220V Light 50-60HZ LOG;813096;ENGRENAGEM EXTERNA 17D PARA EIXO ESTAMPADO TRINO LIGHT/300;1,0;0,0;0,0;0,0;23,0;23,0;453,0;753,0;753,0;753,0
2001345;CONJ. MOVIMENTADOR TRINO 300 220V Light 50-60HZ LOG;813144;SUPORTE DO IMA DE FIM DE CURSO DESLIZANTE;2,0;0,0;0,0;0,0;46,0;46,0;906,0;1506,0;1506,0;1506,0
2001345;CONJ. MOVIMENTADOR TRINO 300 220V Light 50-60HZ LOG;813173;ARRUELA 1,2MM EIXO DESLIZANTE;2,0;0,0;0,0;0,0;46,0;46,0;906,0;1506,0;1506,0;1506,0
2001345;CONJ. MOVIMENTADOR TRINO 300 220V Light 50-60HZ LOG;813235;BUCHA DO EIXO DESLIZANTE SEXTAVADA;2,0;0,0;0,0;0,0;46,0;46,0;906,0;1506,0;1506,0;1506,0
2001345;CONJ. MOVIMENTADOR TRINO 300 220V Light 50-60HZ LOG;813237;PINO DESTRAVAMENTO TRINO;1,0;0,0;0,0;0,0;23,0;23,0;453,0;753,0;753,0;753,0
2001345;CONJ. MOVIMENTADOR TRINO 300 220V Light 50-60HZ LOG;813249;CILINDRO MOTOR DESLIZANTE NYLON;1,0;0,0;0,0;0,0;23,0;23,0;453,0;753,0;753,0;753,0
2001345;CONJ. MOVIMENTADOR TRINO 300 220V Light 50-60HZ LOG;813250;CHAVE CILINDRO MOTOR DESLIZANTE NYLON (MODELO NOVO);2,0;0,0;0,0;0,0;46,0;46,0;906,0;1506,0;1506,0;1506,0
2001345;CONJ. MOVIMENTADOR TRINO 300 220V Light 50-60HZ LOG;813251;SEM FIM DE UMA ENTRADA ALUMÍNIO TR LIGTH/ TR300/ TR500;1,0;0,0;0,0;0,0;23,0;23,0;453,0;753,0;753,0;753,0
2001345;CONJ. MOVIMENTADOR TRINO 300 220V Light 50-60HZ LOG;813289;ENGRENAGEM INTERNA DE 1 ENTRADA DZ E NEWBV SEM IMÃ;1,0;0,0;0,0;0,0;23,0;23,0;453,0;753,0;753,0;753,0
2001345;CONJ. MOVIMENTADOR TRINO 300 220V Light 50-60HZ LOG;813293;MIOLO DO CILINDRO NYLON MOTOR DESLIZANTE;1,0;0,0;0,0;0,0;23,0;23,0;453,0;753,0;753,0;753,0
2001345;CONJ. MOVIMENTADOR TRINO 300 220V Light 50-60HZ LOG;813294;PORCA DO CILINDRO NYLON MOTOR DESLIZANTE;1,0;0,0;0,0;0,0;23,0;23,0;453,0;753,0;753,0;753,0
2001345;CONJ. MOVIMENTADOR TRINO 300 220V Light 50-60HZ LOG;813331;SUPORTE DE INSTALAÇÃO DO IMÃ DZ;2,0;0,0;0,0;0,0;46,0;46,0;906,0;1506,0;1506,0;1506,0
2001345;CONJ. MOVIMENTADOR TRINO 300 220V Light 50-60HZ LOG;813409;TAMPÃO DO ENGRENAGEM EXTERNA MOTORES DZ;1,0;0,0;0,0;0,0;23,0;23,0;453,0;753,0;753,0;753,0
2001345;CONJ. MOVIMENTADOR TRINO 300 220V Light 50-60HZ LOG;813410;BUCHA DE CENTRAGEM DO EIXO DO ROTOR DZ;1,0;0,0;0,0;0,0;23,0;23,0;453,0;753,0;753,0;753,0
2001345;CONJ. MOVIMENTADOR TRINO 300 220V Light 50-60HZ LOG;813455;SENSOR DE FIM DE CURSO REED DESLIZANTE;1,0;0,0;0,0;0,0;23,0;23,0;453,0;753,0;753,0;753,0
2001345;CONJ. MOVIMENTADOR TRINO 300 220V Light 50-60HZ LOG;813522;CHAVETA QUADRADA 8MMX33,4MM;1,0;0,0;0,0;0,0;23,0;23,0;453,0;753,0;753,0;753,0
2001345;CONJ. MOVIMENTADOR TRINO 300 220V Light 50-60HZ LOG;813525;EIXO ESTAMPADO PARA MOTOR TRINO LIGHT/300 - ZINCADO;1,0;0,0;0,0;0,0;23,0;23,0;453,0;753,0;753,0;753,0
2001345;CONJ. MOVIMENTADOR TRINO 300 220V Light 50-60HZ LOG;813527;COPO DO PINO ELÁSTICO DO EIXO ESTAMPADO;2,0;0,0;0,0;0,0;46,0;46,0;906,0;1506,0;1506,0;1506,0
2001345;CONJ. MOVIMENTADOR TRINO 300 220V Light 50-60HZ LOG;816565;CREMALHEIRA PERFIL AÇO GOMO DE PLÁSTICO 0,25M;12,0;0,0;0,0;0,0;276,0;276,0;5436,0;9036,0;9036,0;9036,0
2001345;CONJ. MOVIMENTADOR TRINO 300 220V Light 50-60HZ LOG;911130;PLACA REVISADA NOVA CENTRAL BASIC G/LIGHT;1,0;0,0;0,0;0,0;23,0;23,0;453,0;753,0;753,0;753,0
2001345;CONJ. MOVIMENTADOR TRINO 300 220V Light 50-60HZ LOG;101889;CAPACITOR FIXO C/DIELETRICO DE POLIPROPILENO BIORIENTADO P/MOTORES CMLW CANECA PLASTICA 12uf 250V;1,0;0,0;0,0;0,0;23,0;23,0;453,0;753,0;753,0;753,0
2004050;CONJ. MOVIMENTADOR TRINO 500 127V 50-60HZ KRIPT SEM CREMALHEIRA;101309;CAPACITOR FIXO C/DIELETRICO DE POLIPROPILENO BIORIENTADO P/MOTORES CMRW CANECA PLASTICA 30UF 250V 50;1,0;0,0;0,0;0,0;15,0;15,0;15,0;15,0;15,0;15,0
2004050;CONJ. MOVIMENTADOR TRINO 500 127V 50-60HZ KRIPT SEM CREMALHEIRA;103064;CONECTOR FÊMEA EC601V-5.08-3P GREEN BAG/BULK (EC601V-5.08-3P);1,0;0,0;0,0;0,0;15,0;15,0;15,0;15,0;15,0;15,0
2004050;CONJ. MOVIMENTADOR TRINO 500 127V 50-60HZ KRIPT SEM CREMALHEIRA;208003;IMÃ DE FERRITE - B40X20X10MM;2,0;0,0;0,0;0,0;30,0;30,0;30,0;30,0;30,0;30,0
2004050;CONJ. MOVIMENTADOR TRINO 500 127V 50-60HZ KRIPT SEM CREMALHEIRA;401068;ARRUELA LISA 1/4 FE ZI;4,0;0,0;0,0;0,0;60,0;60,0;60,0;60,0;60,0;60,0
2004050;CONJ. MOVIMENTADOR TRINO 500 127V 50-60HZ KRIPT SEM CREMALHEIRA;401108;PARAFUSO PLASTIC PAN PHS 5 X 25MM ZI;10,0;0,0;0,0;0,0;150,0;150,0;150,0;150,0;150,0;150,0
2004050;CONJ. MOVIMENTADOR TRINO 500 127V 50-60HZ KRIPT SEM CREMALHEIRA;401121;ABRAÇADEIRA UV PRETA 202X3,7;1,0;0,0;0,0;0,0;15,0;15,0;15,0;15,0;15,0;15,0
2004050;CONJ. MOVIMENTADOR TRINO 500 127V 50-60HZ KRIPT SEM CREMALHEIRA;401143;ABRAÇADEIRA UV PRETA 100 X 2,5;1,0;0,0;0,0;0,0;15,0;15,0;15,0;15,0;15,0;15,0
2004050;CONJ. MOVIMENTADOR TRINO 500 127V 50-60HZ KRIPT SEM CREMALHEIRA;401156;PARAFUSO MAD SX 1/4 X 70MM ZI;4,0;0,0;0,0;0,0;60,0;60,0;60,0;60,0;60,0;60,0
2004050;CONJ. MOVIMENTADOR TRINO 500 127V 50-60HZ KRIPT SEM CREMALHEIRA;401163;PARAFUSO PLASTIC PAN PHS 5 X 12MM ZI;2,0;0,0;0,0;0,0;30,0;30,0;30,0;30,0;30,0;30,0
2004050;CONJ. MOVIMENTADOR TRINO 500 127V 50-60HZ KRIPT SEM CREMALHEIRA;401169;PF JMP PAN PHS 3,5X14MM ZI;2,0;0,0;0,0;0,0;30,0;30,0;30,0;30,0;30,0;30,0
2004050;CONJ. MOVIMENTADOR TRINO 500 127V 50-60HZ KRIPT SEM CREMALHEIRA;401207;PF A/A JMC DRILL FL PHS C/ SERRILHA PTA BROCA 4,2X13MM ZI;4,0;0,0;0,0;0,0;60,0;60,0;60,0;60,0;60,0;60,0
2004050;CONJ. MOVIMENTADOR TRINO 500 127V 50-60HZ KRIPT SEM CREMALHEIRA;402012;ANEL ELÁSTICO E-20;3,0;0,0;0,0;0,0;45,0;45,0;45,0;45,0;45,0;45,0
2004050;CONJ. MOVIMENTADOR TRINO 500 127V 50-60HZ KRIPT SEM CREMALHEIRA;402019;PINO ELÁSTICO 4 X 24MM;1,0;0,0;0,0;0,0;15,0;15,0;15,0;15,0;15,0;15,0
2004050;CONJ. MOVIMENTADOR TRINO 500 127V 50-60HZ KRIPT SEM CREMALHEIRA;402028;BUCHA PLASTICA N10;4,0;0,0;0,0;0,0;60,0;60,0;60,0;60,0;60,0;60,0
2004050;CONJ. MOVIMENTADOR TRINO 500 127V 50-60HZ KRIPT SEM CREMALHEIRA;403032;MOLA DE DESTRAVAMENTO DESLIZANTE;1,0;0,0;0,0;0,0;15,0;15,0;15,0;15,0;15,0;15,0
2004050;CONJ. MOVIMENTADOR TRINO 500 127V 50-60HZ KRIPT SEM CREMALHEIRA;510027;INLUB GRAX MP 2/TI;0,034;0,0;0,0;0,0;0,51;0,51;0,51;0,51;0,51;0,51
2004050;CONJ. MOVIMENTADOR TRINO 500 127V 50-60HZ KRIPT SEM CREMALHEIRA;512004;CONJUNTO ESTATOR E ROTOR AGL DESL P28 1/4 cv 04 42Z 127V 60Hz;1,0;0,0;0,0;0,0;15,0;15,0;15,0;15,0;15,0;15,0
2004050;CONJ. MOVIMENTADOR TRINO 500 127V 50-60HZ KRIPT SEM CREMALHEIRA;701154;EIXO MOTOR DESLIZANTE - BRUTO;1,0;0,0;0,0;0,0;15,0;15,0;15,0;15,0;15,0;15,0
2004050;CONJ. MOVIMENTADOR TRINO 500 127V 50-60HZ KRIPT SEM CREMALHEIRA;802036;PARTE DE FECHADURAS - CILINDRO COM CHAVE PARA MOTOR - CYLINDER;1,0;0,0;0,0;0,0;15,0;15,0;15,0;15,0;15,0;15,0
2004050;CONJ. MOVIMENTADOR TRINO 500 127V 50-60HZ KRIPT SEM CREMALHEIRA;804247;BASE DA CENTRAL DESLIZANTE;1,0;0,0;0,0;0,0;15,0;15,0;15,0;15,0;15,0;15,0
2004050;CONJ. MOVIMENTADOR TRINO 500 127V 50-60HZ KRIPT SEM CREMALHEIRA;804248;TAMPA DA CENTRAL DESLIZANTE;1,0;0,0;0,0;0,0;15,0;15,0;15,0;15,0;15,0;15,0
2004050;CONJ. MOVIMENTADOR TRINO 500 127V 50-60HZ KRIPT SEM CREMALHEIRA;804259;BASE SUPERIOR SEM LOGO DO CONTROLE REMOTO INTER. DIGI. DIGITAL KEY - PRETO;2,0;0,0;0,0;0,0;30,0;30,0;30,0;30,0;30,0;30,0
2004050;CONJ. MOVIMENTADOR TRINO 500 127V 50-60HZ KRIPT SEM CREMALHEIRA;804540;BASE SUPERIOR PP DO MOTOR DESLIZANTE;1,0;0,0;0,0;0,0;15,0;15,0;15,0;15,0;15,0;15,0
2004050;CONJ. MOVIMENTADOR TRINO 500 127V 50-60HZ KRIPT SEM CREMALHEIRA;804542;BASE INFERIOR PP MOTORES DESLIZANTES;1,0;0,0;0,0;0,0;15,0;15,0;15,0;15,0;15,0;15,0
2004050;CONJ. MOVIMENTADOR TRINO 500 127V 50-60HZ KRIPT SEM CREMALHEIRA;811122;MANUAL P / AUTOMATIZADOR DZ/BV/NEW BV CENTRAL FLEX/LIGHT EM PORTUGUÊS;1,0;0,0;0,0;0,0;15,0;15,0;15,0;15,0;15,0;15,0
2004050;CONJ. MOVIMENTADOR TRINO 500 127V 50-60HZ KRIPT SEM CREMALHEIRA;811306;ETIQUETA ADES. COUCHE 100MM X 80MM X 01 CAR;1,0;0,0;0,0;0,0;15,0;15,0;15,0;15,0;15,0;15,0
2004050;CONJ. MOVIMENTADOR TRINO 500 127V 50-60HZ KRIPT SEM CREMALHEIRA;811311;ETIQUETA ADES. BOPP FOSCO C/DFAM 50MM X 25MM X 02 CAR;1,0;0,0;0,0;0,0;15,0;15,0;15,0;15,0;15,0;15,0
2004050;CONJ. MOVIMENTADOR TRINO 500 127V 50-60HZ KRIPT SEM CREMALHEIRA;811541;SACO PLASTICO TRANSPARENTE 30CM X 15CM;1,0;0,0;0,0;0,0;15,0;15,0;15,0;15,0;15,0;15,0
2004050;CONJ. MOVIMENTADOR TRINO 500 127V 50-60HZ KRIPT SEM CREMALHEIRA;811746;CAIXA MOTOR KRIPT 24,0 X 19,5 X 24,5;1,0;0,0;0,0;0,0;15,0;15,0;15,0;15,0;15,0;15,0
2004050;CONJ. MOVIMENTADOR TRINO 500 127V 50-60HZ KRIPT SEM CREMALHEIRA;813009;ALAVANCA PARA DESTRAVAMENTO MANUAL;1,0;0,0;0,0;0,0;15,0;15,0;15,0;15,0;15,0;15,0
2004050;CONJ. MOVIMENTADOR TRINO 500 127V 50-60HZ KRIPT SEM CREMALHEIRA;813014;LINGUETA DO CILINDRO DA ALAVANCA DE DESTRAVAMENTO MANUAL DZ ZI;1,0;0,0;0,0;0,0;15,0;15,0;15,0;15,0;15,0;15,0
2004050;CONJ. MOVIMENTADOR TRINO 500 127V 50-60HZ KRIPT SEM CREMALHEIRA;813024;TAMPA PROTEÇÃO DO MOTOR - PRETA;1,0;0,0;0,0;0,0;15,0;15,0;15,0;15,0;15,0;15,0
2004050;CONJ. MOVIMENTADOR TRINO 500 127V 50-60HZ KRIPT SEM CREMALHEIRA;813037;ENGRENAGEM EXTERNA MOTOR 17 DENTES;1,0;0,0;0,0;0,0;15,0;15,0;15,0;15,0;15,0;15,0
2004050;CONJ. MOVIMENTADOR TRINO 500 127V 50-60HZ KRIPT SEM CREMALHEIRA;813144;SUPORTE DO IMA DE FIM DE CURSO DESLIZANTE;2,0;0,0;0,0;0,0;30,0;30,0;30,0;30,0;30,0;30,0
2004050;CONJ. MOVIMENTADOR TRINO 500 127V 50-60HZ KRIPT SEM CREMALHEIRA;813173;ARRUELA 1,2MM EIXO DESLIZANTE;1,0;0,0;0,0;0,0;15,0;15,0;15,0;15,0;15,0;15,0
2004050;CONJ. MOVIMENTADOR TRINO 500 127V 50-60HZ KRIPT SEM CREMALHEIRA;813235;BUCHA DO EIXO DESLIZANTE SEXTAVADA;2,0;0,0;0,0;0,0;30,0;30,0;30,0;30,0;30,0;30,0
2004050;CONJ. MOVIMENTADOR TRINO 500 127V 50-60HZ KRIPT SEM CREMALHEIRA;813237;PINO DESTRAVAMENTO TRINO;1,0;0,0;0,0;0,0;15,0;15,0;15,0;15,0;15,0;15,0
2004050;CONJ. MOVIMENTADOR TRINO 500 127V 50-60HZ KRIPT SEM CREMALHEIRA;813251;SEM FIM DE UMA ENTRADA ALUMÍNIO TR LIGTH/ TR300/ TR500;1,0;0,0;0,0;0,0;15,0;15,0;15,0;15,0;15,0;15,0
2004050;CONJ. MOVIMENTADOR TRINO 500 127V 50-60HZ KRIPT SEM CREMALHEIRA;813289;ENGRENAGEM INTERNA DE 1 ENTRADA DZ E NEWBV SEM IMÃ;1,0;0,0;0,0;0,0;15,0;15,0;15,0;15,0;15,0;15,0
2004050;CONJ. MOVIMENTADOR TRINO 500 127V 50-60HZ KRIPT SEM CREMALHEIRA;813331;SUPORTE DE INSTALAÇÃO DO IMÃ DZ;2,0;0,0;0,0;0,0;30,0;30,0;30,0;30,0;30,0;30,0
2004050;CONJ. MOVIMENTADOR TRINO 500 127V 50-60HZ KRIPT SEM CREMALHEIRA;813409;TAMPÃO DO ENGRENAGEM EXTERNA MOTORES DZ;1,0;0,0;0,0;0,0;15,0;15,0;15,0;15,0;15,0;15,0
2004050;CONJ. MOVIMENTADOR TRINO 500 127V 50-60HZ KRIPT SEM CREMALHEIRA;813410;BUCHA DE CENTRAGEM DO EIXO DO ROTOR DZ;1,0;0,0;0,0;0,0;15,0;15,0;15,0;15,0;15,0;15,0
2004050;CONJ. MOVIMENTADOR TRINO 500 127V 50-60HZ KRIPT SEM CREMALHEIRA;813455;SENSOR DE FIM DE CURSO REED DESLIZANTE;1,0;0,0;0,0;0,0;15,0;15,0;15,0;15,0;15,0;15,0
2004050;CONJ. MOVIMENTADOR TRINO 500 127V 50-60HZ KRIPT SEM CREMALHEIRA;813522;CHAVETA QUADRADA 8MMX33,4MM;1,0;0,0;0,0;0,0;15,0;15,0;15,0;15,0;15,0;15,0
2004050;CONJ. MOVIMENTADOR TRINO 500 127V 50-60HZ KRIPT SEM CREMALHEIRA;911080;PLACA REVISADA CENTRAL FLEX;1,0;0,0;0,0;0,0;15,0;15,0;15,0;15,0;15,0;15,0
2001311;CONJ. MOVIMENTADOR TRINO 300 127V Light 50-60HZ KRIPT SEM CREMALHEIRA;101309;CAPACITOR FIXO C/DIELETRICO DE POLIPROPILENO BIORIENTADO P/MOTORES CMRW CANECA PLASTICA 30UF 250V 50;1,0;0,0;0,0;0,0;15,0;15,0;15,0;15,0;15,0;15,0
2001311;CONJ. MOVIMENTADOR TRINO 300 127V Light 50-60HZ KRIPT SEM CREMALHEIRA;101890;CAPACITOR FIXO C/DIELETRICO DE POLIPROPILENO BIORIENTADO P/MOTORES CMLW CANECA PLASTICA 25uf 250V;1,0;0,0;0,0;0,0;15,0;15,0;15,0;15,0;15,0;15,0
2001311;CONJ. MOVIMENTADOR TRINO 300 127V Light 50-60HZ KRIPT SEM CREMALHEIRA;103064;CONECTOR FÊMEA EC601V-5.08-3P GREEN BAG/BULK (EC601V-5.08-3P);1,0;0,0;0,0;0,0;15,0;15,0;15,0;15,0;15,0;15,0
2001311;CONJ. MOVIMENTADOR TRINO 300 127V Light 50-60HZ KRIPT SEM CREMALHEIRA;208003;IMÃ DE FERRITE - B40X20X10MM;2,0;0,0;0,0;0,0;30,0;30,0;30,0;30,0;30,0;30,0
2001311;CONJ. MOVIMENTADOR TRINO 300 127V Light 50-60HZ KRIPT SEM CREMALHEIRA;401014;PARAFUSO 2.9 X 6.5 A/A PAN PHS ZI;1,0;0,0;0,0;0,0;15,0;15,0;15,0;15,0;15,0;15,0
2001311;CONJ. MOVIMENTADOR TRINO 300 127V Light 50-60HZ KRIPT SEM CREMALHEIRA;401068;ARRUELA LISA 1/4 FE ZI;4,0;0,0;0,0;0,0;60,0;60,0;60,0;60,0;60,0;60,0
2001311;CONJ. MOVIMENTADOR TRINO 300 127V Light 50-60HZ KRIPT SEM CREMALHEIRA;401108;PARAFUSO PLASTIC PAN PHS 5 X 25MM ZI;10,0;0,0;0,0;0,0;150,0;150,0;150,0;150,0;150,0;150,0
2001311;CONJ. MOVIMENTADOR TRINO 300 127V Light 50-60HZ KRIPT SEM CREMALHEIRA;401121;ABRAÇADEIRA UV PRETA 202X3,7;1,0;0,0;0,0;0,0;15,0;15,0;15,0;15,0;15,0;15,0
2001311;CONJ. MOVIMENTADOR TRINO 300 127V Light 50-60HZ KRIPT SEM CREMALHEIRA;401156;PARAFUSO MAD SX 1/4 X 70MM ZI;4,0;0,0;0,0;0,0;60,0;60,0;60,0;60,0;60,0;60,0
2001311;CONJ. MOVIMENTADOR TRINO 300 127V Light 50-60HZ KRIPT SEM CREMALHEIRA;401163;PARAFUSO PLASTIC PAN PHS 5 X 12MM ZI;2,0;0,0;0,0;0,0;30,0;30,0;30,0;30,0;30,0;30,0
2001311;CONJ. MOVIMENTADOR TRINO 300 127V Light 50-60HZ KRIPT SEM CREMALHEIRA;401169;PF JMP PAN PHS 3,5X14MM ZI;2,0;0,0;0,0;0,0;30,0;30,0;30,0;30,0;30,0;30,0
2001311;CONJ. MOVIMENTADOR TRINO 300 127V Light 50-60HZ KRIPT SEM CREMALHEIRA;401207;PF A/A JMC DRILL FL PHS C/ SERRILHA PTA BROCA 4,2X13MM ZI;4,0;0,0;0,0;0,0;60,0;60,0;60,0;60,0;60,0;60,0
2001311;CONJ. MOVIMENTADOR TRINO 300 127V Light 50-60HZ KRIPT SEM CREMALHEIRA;401260;PARAFUSO MQ PN HXL T25 TMA 5X45 PS 30 ZB (ROSCA COMPLETA);1,0;0,0;0,0;0,0;15,0;15,0;15,0;15,0;15,0;15,0
2001311;CONJ. MOVIMENTADOR TRINO 300 127V Light 50-60HZ KRIPT SEM CREMALHEIRA;402019;PINO ELÁSTICO 4 X 24MM;2,0;0,0;0,0;0,0;30,0;30,0;30,0;30,0;30,0;30,0
2001311;CONJ. MOVIMENTADOR TRINO 300 127V Light 50-60HZ KRIPT SEM CREMALHEIRA;402028;BUCHA PLASTICA N10;4,0;0,0;0,0;0,0;60,0;60,0;60,0;60,0;60,0;60,0
2001311;CONJ. MOVIMENTADOR TRINO 300 127V Light 50-60HZ KRIPT SEM CREMALHEIRA;403032;MOLA DE DESTRAVAMENTO DESLIZANTE;1,0;0,0;0,0;0,0;15,0;15,0;15,0;15,0;15,0;15,0
2001311;CONJ. MOVIMENTADOR TRINO 300 127V Light 50-60HZ KRIPT SEM CREMALHEIRA;510027;INLUB GRAX MP 2/TI;0,034;0,0;0,0;0,0;0,51;0,51;0,51;0,51;0,51;0,51
2001311;CONJ. MOVIMENTADOR TRINO 300 127V Light 50-60HZ KRIPT SEM CREMALHEIRA;512001;CONJUNTO ESTATOR E ROTOR AGL DESL P17 1/7 cv 04 42Z 127V 60HZ;1,0;0,0;0,0;0,0;15,0;15,0;15,0;15,0;15,0;15,0
2001311;CONJ. MOVIMENTADOR TRINO 300 127V Light 50-60HZ KRIPT SEM CREMALHEIRA;801132;ARGOLA DA CHAVE;1,0;0,0;0,0;0,0;15,0;15,0;15,0;15,0;15,0;15,0
2001311;CONJ. MOVIMENTADOR TRINO 300 127V Light 50-60HZ KRIPT SEM CREMALHEIRA;804247;BASE DA CENTRAL DESLIZANTE;1,0;0,0;0,0;0,0;15,0;15,0;15,0;15,0;15,0;15,0
2001311;CONJ. MOVIMENTADOR TRINO 300 127V Light 50-60HZ KRIPT SEM CREMALHEIRA;804248;TAMPA DA CENTRAL DESLIZANTE;1,0;0,0;0,0;0,0;15,0;15,0;15,0;15,0;15,0;15,0
2001311;CONJ. MOVIMENTADOR TRINO 300 127V Light 50-60HZ KRIPT SEM CREMALHEIRA;804259;BASE SUPERIOR SEM LOGO DO CONTROLE REMOTO INTER. DIGI. DIGITAL KEY - PRETO;2,0;0,0;0,0;0,0;30,0;30,0;30,0;30,0;30,0;30,0
2001311;CONJ. MOVIMENTADOR TRINO 300 127V Light 50-60HZ KRIPT SEM CREMALHEIRA;804540;BASE SUPERIOR PP DO MOTOR DESLIZANTE;1,0;0,0;0,0;0,0;15,0;15,0;15,0;15,0;15,0;15,0
2001311;CONJ. MOVIMENTADOR TRINO 300 127V Light 50-60HZ KRIPT SEM CREMALHEIRA;804542;BASE INFERIOR PP MOTORES DESLIZANTES;1,0;0,0;0,0;0,0;15,0;15,0;15,0;15,0;15,0;15,0
2001311;CONJ. MOVIMENTADOR TRINO 300 127V Light 50-60HZ KRIPT SEM CREMALHEIRA;811122;MANUAL P / AUTOMATIZADOR DZ/BV/NEW BV CENTRAL FLEX/LIGHT EM PORTUGUÊS;1,0;0,0;0,0;0,0;15,0;15,0;15,0;15,0;15,0;15,0
2001311;CONJ. MOVIMENTADOR TRINO 300 127V Light 50-60HZ KRIPT SEM CREMALHEIRA;811306;ETIQUETA ADES. COUCHE 100MM X 80MM X 01 CAR;1,0;0,0;0,0;0,0;15,0;15,0;15,0;15,0;15,0;15,0
2001311;CONJ. MOVIMENTADOR TRINO 300 127V Light 50-60HZ KRIPT SEM CREMALHEIRA;811311;ETIQUETA ADES. BOPP FOSCO C/DFAM 50MM X 25MM X 02 CAR;1,0;0,0;0,0;0,0;15,0;15,0;15,0;15,0;15,0;15,0
2001311;CONJ. MOVIMENTADOR TRINO 300 127V Light 50-60HZ KRIPT SEM CREMALHEIRA;811541;SACO PLASTICO TRANSPARENTE 30CM X 15CM;1,0;0,0;0,0;0,0;15,0;15,0;15,0;15,0;15,0;15,0
2001311;CONJ. MOVIMENTADOR TRINO 300 127V Light 50-60HZ KRIPT SEM CREMALHEIRA;811746;CAIXA MOTOR KRIPT 24,0 X 19,5 X 24,5;1,0;0,0;0,0;0,0;15,0;15,0;15,0;15,0;15,0;15,0
2001311;CONJ. MOVIMENTADOR TRINO 300 127V Light 50-60HZ KRIPT SEM CREMALHEIRA;813009;ALAVANCA PARA DESTRAVAMENTO MANUAL;1,0;0,0;0,0;0,0;15,0;15,0;15,0;15,0;15,0;15,0
2001311;CONJ. MOVIMENTADOR TRINO 300 127V Light 50-60HZ KRIPT SEM CREMALHEIRA;813014;LINGUETA DO CILINDRO DA ALAVANCA DE DESTRAVAMENTO MANUAL DZ ZI;1,0;0,0;0,0;0,0;15,0;15,0;15,0;15,0;15,0;15,0
2001311;CONJ. MOVIMENTADOR TRINO 300 127V Light 50-60HZ KRIPT SEM CREMALHEIRA;813024;TAMPA PROTEÇÃO DO MOTOR - PRETA;1,0;0,0;0,0;0,0;15,0;15,0;15,0;15,0;15,0;15,0
2001311;CONJ. MOVIMENTADOR TRINO 300 127V Light 50-60HZ KRIPT SEM CREMALHEIRA;813096;ENGRENAGEM EXTERNA 17D PARA EIXO ESTAMPADO TRINO LIGHT/300;1,0;0,0;0,0;0,0;15,0;15,0;15,0;15,0;15,0;15,0
2001311;CONJ. MOVIMENTADOR TRINO 300 127V Light 50-60HZ KRIPT SEM CREMALHEIRA;813144;SUPORTE DO IMA DE FIM DE CURSO DESLIZANTE;2,0;0,0;0,0;0,0;30,0;30,0;30,0;30,0;30,0;30,0
2001311;CONJ. MOVIMENTADOR TRINO 300 127V Light 50-60HZ KRIPT SEM CREMALHEIRA;813173;ARRUELA 1,2MM EIXO DESLIZANTE;2,0;0,0;0,0;0,0;30,0;30,0;30,0;30,0;30,0;30,0
2001311;CONJ. MOVIMENTADOR TRINO 300 127V Light 50-60HZ KRIPT SEM CREMALHEIRA;813235;BUCHA DO EIXO DESLIZANTE SEXTAVADA;2,0;0,0;0,0;0,0;30,0;30,0;30,0;30,0;30,0;30,0
2001311;CONJ. MOVIMENTADOR TRINO 300 127V Light 50-60HZ KRIPT SEM CREMALHEIRA;813237;PINO DESTRAVAMENTO TRINO;1,0;0,0;0,0;0,0;15,0;15,0;15,0;15,0;15,0;15,0
2001311;CONJ. MOVIMENTADOR TRINO 300 127V Light 50-60HZ KRIPT SEM CREMALHEIRA;813249;CILINDRO MOTOR DESLIZANTE NYLON;1,0;0,0;0,0;0,0;15,0;15,0;15,0;15,0;15,0;15,0
2001311;CONJ. MOVIMENTADOR TRINO 300 127V Light 50-60HZ KRIPT SEM CREMALHEIRA;813250;CHAVE CILINDRO MOTOR DESLIZANTE NYLON (MODELO NOVO);2,0;0,0;0,0;0,0;30,0;30,0;30,0;30,0;30,0;30,0
2001311;CONJ. MOVIMENTADOR TRINO 300 127V Light 50-60HZ KRIPT SEM CREMALHEIRA;813251;SEM FIM DE UMA ENTRADA ALUMÍNIO TR LIGTH/ TR300/ TR500;1,0;0,0;0,0;0,0;15,0;15,0;15,0;15,0;15,0;15,0
2001311;CONJ. MOVIMENTADOR TRINO 300 127V Light 50-60HZ KRIPT SEM CREMALHEIRA;813289;ENGRENAGEM INTERNA DE 1 ENTRADA DZ E NEWBV SEM IMÃ;1,0;0,0;0,0;0,0;15,0;15,0;15,0;15,0;15,0;15,0
2001311;CONJ. MOVIMENTADOR TRINO 300 127V Light 50-60HZ KRIPT SEM CREMALHEIRA;813293;MIOLO DO CILINDRO NYLON MOTOR DESLIZANTE;1,0;0,0;0,0;0,0;15,0;15,0;15,0;15,0;15,0;15,0
2001311;CONJ. MOVIMENTADOR TRINO 300 127V Light 50-60HZ KRIPT SEM CREMALHEIRA;813294;PORCA DO CILINDRO NYLON MOTOR DESLIZANTE;1,0;0,0;0,0;0,0;15,0;15,0;15,0;15,0;15,0;15,0
2001311;CONJ. MOVIMENTADOR TRINO 300 127V Light 50-60HZ KRIPT SEM CREMALHEIRA;813331;SUPORTE DE INSTALAÇÃO DO IMÃ DZ;2,0;0,0;0,0;0,0;30,0;30,0;30,0;30,0;30,0;30,0
2001311;CONJ. MOVIMENTADOR TRINO 300 127V Light 50-60HZ KRIPT SEM CREMALHEIRA;813409;TAMPÃO DO ENGRENAGEM EXTERNA MOTORES DZ;1,0;0,0;0,0;0,0;15,0;15,0;15,0;15,0;15,0;15,0
2001311;CONJ. MOVIMENTADOR TRINO 300 127V Light 50-60HZ KRIPT SEM CREMALHEIRA;813410;BUCHA DE CENTRAGEM DO EIXO DO ROTOR DZ;1,0;0,0;0,0;0,0;15,0;15,0;15,0;15,0;15,0;15,0
2001311;CONJ. MOVIMENTADOR TRINO 300 127V Light 50-60HZ KRIPT SEM CREMALHEIRA;813455;SENSOR DE FIM DE CURSO REED DESLIZANTE;1,0;0,0;0,0;0,0;15,0;15,0;15,0;15,0;15,0;15,0
2001311;CONJ. MOVIMENTADOR TRINO 300 127V Light 50-60HZ KRIPT SEM CREMALHEIRA;813522;CHAVETA QUADRADA 8MMX33,4MM;1,0;0,0;0,0;0,0;15,0;15,0;15,0;15,0;15,0;15,0
2001311;CONJ. MOVIMENTADOR TRINO 300 127V Light 50-60HZ KRIPT SEM CREMALHEIRA;813525;EIXO ESTAMPADO PARA MOTOR TRINO LIGHT/300 - ZINCADO;1,0;0,0;0,0;0,0;15,0;15,0;15,0;15,0;15,0;15,0
2001311;CONJ. MOVIMENTADOR TRINO 300 127V Light 50-60HZ KRIPT SEM CREMALHEIRA;813527;COPO DO PINO ELÁSTICO DO EIXO ESTAMPADO;2,0;0,0;0,0;0,0;30,0;30,0;30,0;30,0;30,0;30,0
2001311;CONJ. MOVIMENTADOR TRINO 300 127V Light 50-60HZ KRIPT SEM CREMALHEIRA;911130;PLACA REVISADA NOVA CENTRAL BASIC G/LIGHT;1,0;0,0;0,0;0,0;15,0;15,0;15,0;15,0;15,0;15,0
2010306;PORCA DO FUSO NEW BV P.60 Ø 5/8'';208004;IMÃ DE FERRITE - B20X13X5MM;2,0;0,0;0,0;0,0;20,0;20,0;20,0;20,0;20,0;20,0
2010306;PORCA DO FUSO NEW BV P.60 Ø 5/8'';811276;ETIQUETA ADES. COUCHE 40MM X 25MM X 02 CAR;1,0;0,0;0,0;0,0;10,0;10,0;10,0;10,0;10,0;10,0
2010306;PORCA DO FUSO NEW BV P.60 Ø 5/8'';811541;SACO PLASTICO TRANSPARENTE 30CM X 15CM;1,0;0,0;0,0;0,0;10,0;10,0;10,0;10,0;10,0;10,0
2010306;PORCA DO FUSO NEW BV P.60 Ø 5/8'';813269;PORCA DO FUSO NEW BV P.60 Ø 5/8;1,0;0,0;0,0;0,0;10,0;10,0;10,0;10,0;10,0;10,0
2008001;CONJ. MOVIMENTADOR TRINO BV3 127V SEM ACIONAMENTO;100802;TRANSMISSOR 433MHZ REMOTE - MODELO: AGL-E2  (DIGITAL KEY 6P20 BLACK);2,0;0,0;0,0;0,0;14,0;14,0;14,0;14,0;14,0;14,0
2008001;CONJ. MOVIMENTADOR TRINO BV3 127V SEM ACIONAMENTO;101309;CAPACITOR FIXO C/DIELETRICO DE POLIPROPILENO BIORIENTADO P/MOTORES CMRW CANECA PLASTICA 30UF 250V 50;1,0;0,0;0,0;0,0;7,0;7,0;7,0;7,0;7,0;7,0
2008001;CONJ. MOVIMENTADOR TRINO BV3 127V SEM ACIONAMENTO;103064;CONECTOR FÊMEA EC601V-5.08-3P GREEN BAG/BULK (EC601V-5.08-3P);1,0;0,0;0,0;0,0;7,0;7,0;7,0;7,0;7,0;7,0
2008001;CONJ. MOVIMENTADOR TRINO BV3 127V SEM ACIONAMENTO;105068;BOBINA LAMINADA 2,00MM PRETA 23 (EVA PARA MOTORES);0,025;0,0;0,0;0,0;0,18;0,18;0,18;0,18;0,18;0,18
2008001;CONJ. MOVIMENTADOR TRINO BV3 127V SEM ACIONAMENTO;401007;PARAFUSO 4.8 X 13 A/A PN. PH - ZI;4,0;0,0;0,0;0,0;28,0;28,0;28,0;28,0;28,0;28,0
2008001;CONJ. MOVIMENTADOR TRINO BV3 127V SEM ACIONAMENTO;401014;PARAFUSO 2.9 X 6.5 A/A PAN PHS ZI;2,0;0,0;0,0;0,0;14,0;14,0;14,0;14,0;14,0;14,0
2008001;CONJ. MOVIMENTADOR TRINO BV3 127V SEM ACIONAMENTO;401121;ABRAÇADEIRA UV PRETA 202X3,7;1,0;0,0;0,0;0,0;7,0;7,0;7,0;7,0;7,0;7,0
2008001;CONJ. MOVIMENTADOR TRINO BV3 127V SEM ACIONAMENTO;401160;PARAFUSO MQ HXL M5 X 16MM RI T25 ZBR;6,0;0,0;0,0;0,0;42,0;42,0;42,0;42,0;42,0;42,0
2008001;CONJ. MOVIMENTADOR TRINO BV3 127V SEM ACIONAMENTO;401169;PF JMP PAN PHS 3,5X14MM ZI;4,0;0,0;0,0;0,0;28,0;28,0;28,0;28,0;28,0;28,0
2008001;CONJ. MOVIMENTADOR TRINO BV3 127V SEM ACIONAMENTO;401169;PF JMP PAN PHS 3,5X14MM ZI;2,0;0,0;0,0;0,0;14,0;14,0;14,0;14,0;14,0;14,0
2008001;CONJ. MOVIMENTADOR TRINO BV3 127V SEM ACIONAMENTO;402015;ANEL ELÁSTICO E12;4,0;0,0;0,0;0,0;28,0;28,0;28,0;28,0;28,0;28,0
2008001;CONJ. MOVIMENTADOR TRINO BV3 127V SEM ACIONAMENTO;402018;ESPAGUETE LISO 10MMX150MM;0,15;0,0;0,0;0,0;1,05;1,05;1,05;1,05;1,05;1,05
2008001;CONJ. MOVIMENTADOR TRINO BV3 127V SEM ACIONAMENTO;402019;PINO ELÁSTICO 4 X 24MM;2,0;0,0;0,0;0,0;14,0;14,0;14,0;14,0;14,0;14,0
2008001;CONJ. MOVIMENTADOR TRINO BV3 127V SEM ACIONAMENTO;411017;ROLAMENTOS 6201-08 ZZ C3;2,0;0,0;0,0;0,0;14,0;14,0;14,0;14,0;14,0;14,0
2008001;CONJ. MOVIMENTADOR TRINO BV3 127V SEM ACIONAMENTO;412023;ESTATOR BOBINADO AGL BV/NEW BV/PIVO P33 1/4 cv 04 42z 127V 60Hz;1,0;0,0;0,0;0,0;7,0;7,0;7,0;7,0;7,0;7,0
2008001;CONJ. MOVIMENTADOR TRINO BV3 127V SEM ACIONAMENTO;412161;ROTOR AGL BV/PIVO P33 1/4 cv 04;1,0;0,0;0,0;0,0;7,0;7,0;7,0;7,0;7,0;7,0
2008001;CONJ. MOVIMENTADOR TRINO BV3 127V SEM ACIONAMENTO;510027;INLUB GRAX MP 2/TI;0,012;0,0;0,0;0,0;0,08;0,08;0,08;0,08;0,08;0,08
2008001;CONJ. MOVIMENTADOR TRINO BV3 127V SEM ACIONAMENTO;811122;MANUAL P / AUTOMATIZADOR DZ/BV/NEW BV CENTRAL FLEX/LIGHT EM PORTUGUÊS;1,0;0,0;0,0;0,0;7,0;7,0;7,0;7,0;7,0;7,0
2008001;CONJ. MOVIMENTADOR TRINO BV3 127V SEM ACIONAMENTO;811306;ETIQUETA ADES. COUCHE 100MM X 80MM X 01 CAR;1,0;0,0;0,0;0,0;7,0;7,0;7,0;7,0;7,0;7,0
2008001;CONJ. MOVIMENTADOR TRINO BV3 127V SEM ACIONAMENTO;811311;ETIQUETA ADES. BOPP FOSCO C/DFAM 50MM X 25MM X 02 CAR;1,0;0,0;0,0;0,0;7,0;7,0;7,0;7,0;7,0;7,0
2008001;CONJ. MOVIMENTADOR TRINO BV3 127V SEM ACIONAMENTO;811505;SACO PLASTICO TRANSPARENTE 14CM X 9CM;1,0;0,0;0,0;0,0;7,0;7,0;7,0;7,0;7,0;7,0
2008001;CONJ. MOVIMENTADOR TRINO BV3 127V SEM ACIONAMENTO;811729;CAIXA MOTOR BASCULANTE AGL 18,9 X 14,1 X 23,4;1,0;0,0;0,0;0,0;7,0;7,0;7,0;7,0;7,0;7,0
2008001;CONJ. MOVIMENTADOR TRINO BV3 127V SEM ACIONAMENTO;813025;VENTOINHA DOS MOTORES;1,0;0,0;0,0;0,0;7,0;7,0;7,0;7,0;7,0;7,0
2008001;CONJ. MOVIMENTADOR TRINO BV3 127V SEM ACIONAMENTO;813033;TAMPA DE PROTEÇÃO DA VENTOINHA;1,0;0,0;0,0;0,0;7,0;7,0;7,0;7,0;7,0;7,0
2008001;CONJ. MOVIMENTADOR TRINO BV3 127V SEM ACIONAMENTO;813034;TAMPA LISA DO REDUTOR DA CARCAÇA DO BASCULANTE;2,0;0,0;0,0;0,0;14,0;14,0;14,0;14,0;14,0;14,0
2008001;CONJ. MOVIMENTADOR TRINO BV3 127V SEM ACIONAMENTO;813038;BASE CENTRAL DO BV;1,0;0,0;0,0;0,0;7,0;7,0;7,0;7,0;7,0;7,0
2008001;CONJ. MOVIMENTADOR TRINO BV3 127V SEM ACIONAMENTO;813043;BUCHA DE CENTRAGEM DO SEM FIM DO BASCULANTE;1,0;0,0;0,0;0,0;7,0;7,0;7,0;7,0;7,0;7,0
2008001;CONJ. MOVIMENTADOR TRINO BV3 127V SEM ACIONAMENTO;813047;PASSA FIO DO BV;1,0;0,0;0,0;0,0;7,0;7,0;7,0;7,0;7,0;7,0
2008001;CONJ. MOVIMENTADOR TRINO BV3 127V SEM ACIONAMENTO;813108;SEM FIM DE DUAS ENTRADAS AÇO BV ANTIGO/ BV3/ BV4;1,0;0,0;0,0;0,0;7,0;7,0;7,0;7,0;7,0;7,0
2008001;CONJ. MOVIMENTADOR TRINO BV3 127V SEM ACIONAMENTO;813179;TAMPA DA CENTRAL DO BV;1,0;0,0;0,0;0,0;7,0;7,0;7,0;7,0;7,0;7,0
2008001;CONJ. MOVIMENTADOR TRINO BV3 127V SEM ACIONAMENTO;813270;CARCAÇA DE MOTOR BV/PIVO SUPERIOR;1,0;0,0;0,0;0,0;7,0;7,0;7,0;7,0;7,0;7,0
2008001;CONJ. MOVIMENTADOR TRINO BV3 127V SEM ACIONAMENTO;813271;CARCAÇA DE MOTOR BV/PIVO INFERIOR;1,0;0,0;0,0;0,0;7,0;7,0;7,0;7,0;7,0;7,0
2008001;CONJ. MOVIMENTADOR TRINO BV3 127V SEM ACIONAMENTO;911080;PLACA REVISADA CENTRAL FLEX;1,0;0,0;0,0;0,0;7,0;7,0;7,0;7,0;7,0;7,0
2008534;ACIONAMENTO MOVIMENTADOR TRINO NEW BV 1,5M FUSO Ø 5/8 P/ BV TURBO;401164;PARAFUSO MQ UNC SX RI 1/4 X 1/2 ZI;4,0;0,0;0,0;0,0;20,0;20,0;20,0;20,0;20,0;20,0
2008534;ACIONAMENTO MOVIMENTADOR TRINO NEW BV 1,5M FUSO Ø 5/8 P/ BV TURBO;813623;FIM DE CURSO MECANICO DE ALUMÍNIO;2,0;0,0;0,0;0,0;10,0;10,0;10,0;10,0;10,0;10,0
2008534;ACIONAMENTO MOVIMENTADOR TRINO NEW BV 1,5M FUSO Ø 5/8 P/ BV TURBO;813304;FUSO P.60 Ø 5/8'' DE 1,5M;1,0;0,0;0,0;0,0;5,0;5,0;5,0;5,0;5,0;5,0
2008534;ACIONAMENTO MOVIMENTADOR TRINO NEW BV 1,5M FUSO Ø 5/8 P/ BV TURBO;501084;GRAXA BRANCA SACHE 15G;1,0;0,0;0,0;0,0;5,0;5,0;5,0;5,0;5,0;5,0
2008534;ACIONAMENTO MOVIMENTADOR TRINO NEW BV 1,5M FUSO Ø 5/8 P/ BV TURBO;208004;IMÃ DE FERRITE - B20X13X5MM;2,0;0,0;0,0;0,0;10,0;10,0;10,0;10,0;10,0;10,0
2008534;ACIONAMENTO MOVIMENTADOR TRINO NEW BV 1,5M FUSO Ø 5/8 P/ BV TURBO;813048;MANCAL PERFIL SUPERIOR BV;1,0;0,0;0,0;0,0;5,0;5,0;5,0;5,0;5,0;5,0
2008534;ACIONAMENTO MOVIMENTADOR TRINO NEW BV 1,5M FUSO Ø 5/8 P/ BV TURBO;813399;PERFIL AL 1,5M SOL 7 STLF-0864 6063;1,0;0,0;0,0;0,0;5,0;5,0;5,0;5,0;5,0;5,0
2008534;ACIONAMENTO MOVIMENTADOR TRINO NEW BV 1,5M FUSO Ø 5/8 P/ BV TURBO;813277;ROLAMENTO PLÁSTICO DO FUSO BV;1,0;0,0;0,0;0,0;5,0;5,0;5,0;5,0;5,0;5,0
2008534;ACIONAMENTO MOVIMENTADOR TRINO NEW BV 1,5M FUSO Ø 5/8 P/ BV TURBO;401163;PARAFUSO PLASTIC PAN PHS 5 X 12MM ZI;5,0;0,0;0,0;0,0;25,0;25,0;25,0;25,0;25,0;25,0
2008534;ACIONAMENTO MOVIMENTADOR TRINO NEW BV 1,5M FUSO Ø 5/8 P/ BV TURBO;811541;SACO PLASTICO TRANSPARENTE 30CM X 15CM;1,0;0,0;0,0;0,0;5,0;5,0;5,0;5,0;5,0;5,0
2008534;ACIONAMENTO MOVIMENTADOR TRINO NEW BV 1,5M FUSO Ø 5/8 P/ BV TURBO;813306;SUPORTE ORELHA DO NEW BV;1,0;0,0;0,0;0,0;5,0;5,0;5,0;5,0;5,0;5,0
2008534;ACIONAMENTO MOVIMENTADOR TRINO NEW BV 1,5M FUSO Ø 5/8 P/ BV TURBO;411039;TARUGO PE CINZA 10 mm;1,5;0,0;0,0;0,0;7,5;7,5;7,5;7,5;7,5;7,5
2008534;ACIONAMENTO MOVIMENTADOR TRINO NEW BV 1,5M FUSO Ø 5/8 P/ BV TURBO;813292;BRACINHO ARTICULADO BV E NEW BV;1,0;0,0;0,0;0,0;5,0;5,0;5,0;5,0;5,0;5,0
2008534;ACIONAMENTO MOVIMENTADOR TRINO NEW BV 1,5M FUSO Ø 5/8 P/ BV TURBO;813511;PINO DESTRAVAMENTO LINHA BV/ PORTA CADEADO HZ/ ESTICAD. CANCELA;1,0;0,0;0,0;0,0;5,0;5,0;5,0;5,0;5,0;5,0
2008534;ACIONAMENTO MOVIMENTADOR TRINO NEW BV 1,5M FUSO Ø 5/8 P/ BV TURBO;402017;CP DE FERRO ZINCADO 3/16 X 1. 1/4;1,0;0,0;0,0;0,0;5,0;5,0;5,0;5,0;5,0;5,0
2008534;ACIONAMENTO MOVIMENTADOR TRINO NEW BV 1,5M FUSO Ø 5/8 P/ BV TURBO;811761;SACO PLASTICO TRANSPARENTE 14CM X 40CM;1,0;0,0;0,0;0,0;5,0;5,0;5,0;5,0;5,0;5,0
2008534;ACIONAMENTO MOVIMENTADOR TRINO NEW BV 1,5M FUSO Ø 5/8 P/ BV TURBO;401115;PARAFUSO MQ UNC SXT RI 1/4 X 1.1/4 - ZI;6,0;0,0;0,0;0,0;30,0;30,0;30,0;30,0;30,0;30,0
2008534;ACIONAMENTO MOVIMENTADOR TRINO NEW BV 1,5M FUSO Ø 5/8 P/ BV TURBO;401085;PORCA F MQ UNC SEXT. 1/4 (CH7/16) ZI (NSC);10,0;0,0;0,0;0,0;50,0;50,0;50,0;50,0;50,0;50,0
2008534;ACIONAMENTO MOVIMENTADOR TRINO NEW BV 1,5M FUSO Ø 5/8 P/ BV TURBO;401068;ARRUELA LISA 1/4 FE ZI;6,0;0,0;0,0;0,0;30,0;30,0;30,0;30,0;30,0;30,0
2008534;ACIONAMENTO MOVIMENTADOR TRINO NEW BV 1,5M FUSO Ø 5/8 P/ BV TURBO;102573;BOBINA TUBULAR PEBD LEITOSA IMPRESA P/ ACIONAMENTO DE MOTORES;0,12342857142857137;0,0;0,0;0,0;0,62;0,62;0,62;0,62;0,62;0,62
2008534;ACIONAMENTO MOVIMENTADOR TRINO NEW BV 1,5M FUSO Ø 5/8 P/ BV TURBO;811330;ETIQUETA ADES. COUCHE 100MM X 80MM X 01 CAR VERMELHA;1,0;0,0;0,0;0,0;5,0;5,0;5,0;5,0;5,0;5,0
2008534;ACIONAMENTO MOVIMENTADOR TRINO NEW BV 1,5M FUSO Ø 5/8 P/ BV TURBO;401069;PARAFUSO 2 9X13MM A/A PAN PHS ZI;2,0;0,0;0,0;0,0;10,0;10,0;10,0;10,0;10,0;10,0
2008534;ACIONAMENTO MOVIMENTADOR TRINO NEW BV 1,5M FUSO Ø 5/8 P/ BV TURBO;401157;PARAFUSO PAN ZBR P/ CHAVE TORX M5 X 30MM T25;2,0;0,0;0,0;0,0;10,0;10,0;10,0;10,0;10,0;10,0
2008534;ACIONAMENTO MOVIMENTADOR TRINO NEW BV 1,5M FUSO Ø 5/8 P/ BV TURBO;813601;SENSOR DE FIM DE CURSO REED BV/NEW BV/PIVO 1,5M;1,0;0,0;0,0;0,0;5,0;5,0;5,0;5,0;5,0;5,0
2008534;ACIONAMENTO MOVIMENTADOR TRINO NEW BV 1,5M FUSO Ø 5/8 P/ BV TURBO;401303;ABRAÇADEIRA UV PRETA 300X3,6;1,0;0,0;0,0;0,0;5,0;5,0;5,0;5,0;5,0;5,0
2008534;ACIONAMENTO MOVIMENTADOR TRINO NEW BV 1,5M FUSO Ø 5/8 P/ BV TURBO;202062;AÇO RED TREF SAE 1020 5.00 SAE;0,22602;0,0;0,0;0,0;1,13;1,13;1,13;1,13;1,13;1,13
2008534;ACIONAMENTO MOVIMENTADOR TRINO NEW BV 1,5M FUSO Ø 5/8 P/ BV TURBO;813269;PORCA DO FUSO NEW BV P.60 Ø 5/8;1,0;0,0;0,0;0,0;5,0;5,0;5,0;5,0;5,0;5,0
2006094;CONJ. MOVIMENTADOR INTELIGENTE - IZZY TRINO NEW BV3 127V SEM ACIONAMENTO;100802;TRANSMISSOR 433MHZ REMOTE - MODELO: AGL-E2  (DIGITAL KEY 6P20 BLACK);2,0;0,0;0,0;0,0;8,0;20,0;20,0;20,0;20,0;20,0
2006094;CONJ. MOVIMENTADOR INTELIGENTE - IZZY TRINO NEW BV3 127V SEM ACIONAMENTO;101309;CAPACITOR FIXO C/DIELETRICO DE POLIPROPILENO BIORIENTADO P/MOTORES CMRW CANECA PLASTICA 30UF 250V 50;1,0;0,0;0,0;0,0;4,0;10,0;10,0;10,0;10,0;10,0
2006094;CONJ. MOVIMENTADOR INTELIGENTE - IZZY TRINO NEW BV3 127V SEM ACIONAMENTO;101950;SENSOR MAGNÉTICO TIPO HALL AH3722A-P-B (MODELO AH3722A-P-B);1,0;0,0;0,0;0,0;4,0;10,0;10,0;10,0;10,0;10,0
2006094;CONJ. MOVIMENTADOR INTELIGENTE - IZZY TRINO NEW BV3 127V SEM ACIONAMENTO;103064;CONECTOR FÊMEA EC601V-5.08-3P GREEN BAG/BULK (EC601V-5.08-3P);1,0;0,0;0,0;0,0;4,0;10,0;10,0;10,0;10,0;10,0
2006094;CONJ. MOVIMENTADOR INTELIGENTE - IZZY TRINO NEW BV3 127V SEM ACIONAMENTO;103131;CABO CONECTOR TERMINAL WHITE WIRE BLK-PH-3P L500 BOX (BLK-PH-3P L500);1,0;0,0;0,0;0,0;4,0;10,0;10,0;10,0;10,0;10,0
2006094;CONJ. MOVIMENTADOR INTELIGENTE - IZZY TRINO NEW BV3 127V SEM ACIONAMENTO;401007;PARAFUSO 4.8 X 13 A/A PN. PH - ZI;4,0;0,0;0,0;0,0;16,0;40,0;40,0;40,0;40,0;40,0
2006094;CONJ. MOVIMENTADOR INTELIGENTE - IZZY TRINO NEW BV3 127V SEM ACIONAMENTO;401012;PARAFUSO 3.5 X 13 CH. PH - OXI;2,0;0,0;0,0;0,0;8,0;20,0;20,0;20,0;20,0;20,0
2006094;CONJ. MOVIMENTADOR INTELIGENTE - IZZY TRINO NEW BV3 127V SEM ACIONAMENTO;401014;PARAFUSO 2.9 X 6.5 A/A PAN PHS ZI;2,0;0,0;0,0;0,0;8,0;20,0;20,0;20,0;20,0;20,0
2006094;CONJ. MOVIMENTADOR INTELIGENTE - IZZY TRINO NEW BV3 127V SEM ACIONAMENTO;401121;ABRAÇADEIRA UV PRETA 202X3,7;1,0;0,0;0,0;0,0;4,0;10,0;10,0;10,0;10,0;10,0
2006094;CONJ. MOVIMENTADOR INTELIGENTE - IZZY TRINO NEW BV3 127V SEM ACIONAMENTO;401161;PARAFUSO PAN ZBR P/ CHAVE TORX M5 X 20MM T25;6,0;0,0;0,0;0,0;24,0;60,0;60,0;60,0;60,0;60,0
2006094;CONJ. MOVIMENTADOR INTELIGENTE - IZZY TRINO NEW BV3 127V SEM ACIONAMENTO;401169;PF JMP PAN PHS 3,5X14MM ZI;4,0;0,0;0,0;0,0;16,0;40,0;40,0;40,0;40,0;40,0
2006094;CONJ. MOVIMENTADOR INTELIGENTE - IZZY TRINO NEW BV3 127V SEM ACIONAMENTO;401169;PF JMP PAN PHS 3,5X14MM ZI;2,0;0,0;0,0;0,0;8,0;20,0;20,0;20,0;20,0;20,0
2006094;CONJ. MOVIMENTADOR INTELIGENTE - IZZY TRINO NEW BV3 127V SEM ACIONAMENTO;401208;PA MQ PN HXL T25 TMA 5X12 RI ZB;8,0;0,0;0,0;0,0;32,0;80,0;80,0;80,0;80,0;80,0
2006094;CONJ. MOVIMENTADOR INTELIGENTE - IZZY TRINO NEW BV3 127V SEM ACIONAMENTO;402012;ANEL ELÁSTICO E-20;3,0;0,0;0,0;0,0;12,0;30,0;30,0;30,0;30,0;30,0
2006094;CONJ. MOVIMENTADOR INTELIGENTE - IZZY TRINO NEW BV3 127V SEM ACIONAMENTO;402013;RETENTOR GR 20X30X7 TC GTOP;2,0;0,0;0,0;0,0;8,0;20,0;20,0;20,0;20,0;20,0
2006094;CONJ. MOVIMENTADOR INTELIGENTE - IZZY TRINO NEW BV3 127V SEM ACIONAMENTO;402018;ESPAGUETE LISO 10MMX150MM;0,15;0,0;0,0;0,0;0,6;1,5;1,5;1,5;1,5;1,5
2006094;CONJ. MOVIMENTADOR INTELIGENTE - IZZY TRINO NEW BV3 127V SEM ACIONAMENTO;402019;PINO ELÁSTICO 4 X 24MM;1,0;0,0;0,0;0,0;4,0;10,0;10,0;10,0;10,0;10,0
2006094;CONJ. MOVIMENTADOR INTELIGENTE - IZZY TRINO NEW BV3 127V SEM ACIONAMENTO;402034;ANEL DE RETENÇÃO ORING INTERNO 14MM X 2,6MM;1,0;0,0;0,0;0,0;4,0;10,0;10,0;10,0;10,0;10,0
2006094;CONJ. MOVIMENTADOR INTELIGENTE - IZZY TRINO NEW BV3 127V SEM ACIONAMENTO;411017;ROLAMENTOS 6201-08 ZZ C3;2,0;0,0;0,0;0,0;8,0;20,0;20,0;20,0;20,0;20,0
2006094;CONJ. MOVIMENTADOR INTELIGENTE - IZZY TRINO NEW BV3 127V SEM ACIONAMENTO;412023;ESTATOR BOBINADO AGL BV/NEW BV/PIVO P33 1/4 cv 04 42z 127V 60Hz;1,0;0,0;0,0;0,0;4,0;10,0;10,0;10,0;10,0;10,0
2006094;CONJ. MOVIMENTADOR INTELIGENTE - IZZY TRINO NEW BV3 127V SEM ACIONAMENTO;412162;ROTOR AGL NEW BV P33 1/3 cv 04;1,0;0,0;0,0;0,0;4,0;10,0;10,0;10,0;10,0;10,0
2006094;CONJ. MOVIMENTADOR INTELIGENTE - IZZY TRINO NEW BV3 127V SEM ACIONAMENTO;510027;INLUB GRAX MP 2/TI;0,012;0,0;0,0;0,0;0,05;0,12;0,12;0,12;0,12;0,12
2006094;CONJ. MOVIMENTADOR INTELIGENTE - IZZY TRINO NEW BV3 127V SEM ACIONAMENTO;701155;EIXO PRINCIPAL DO NEW BV - BRUTO;1,0;0,0;0,0;0,0;4,0;10,0;10,0;10,0;10,0;10,0
2006094;CONJ. MOVIMENTADOR INTELIGENTE - IZZY TRINO NEW BV3 127V SEM ACIONAMENTO;804430;CAPA DO ROLAMENTO DOS MOTORES;2,0;0,0;0,0;0,0;8,0;20,0;20,0;20,0;20,0;20,0
2006094;CONJ. MOVIMENTADOR INTELIGENTE - IZZY TRINO NEW BV3 127V SEM ACIONAMENTO;811040;MANUAL DE INSTALAÇÃO LINHA IZZY QR CODE BILINGUE;1,0;0,0;0,0;0,0;4,0;10,0;10,0;10,0;10,0;10,0
2006094;CONJ. MOVIMENTADOR INTELIGENTE - IZZY TRINO NEW BV3 127V SEM ACIONAMENTO;811306;ETIQUETA ADES. COUCHE 100MM X 80MM X 01 CAR;1,0;0,0;0,0;0,0;4,0;10,0;10,0;10,0;10,0;10,0
2006094;CONJ. MOVIMENTADOR INTELIGENTE - IZZY TRINO NEW BV3 127V SEM ACIONAMENTO;811311;ETIQUETA ADES. BOPP FOSCO C/DFAM 50MM X 25MM X 02 CAR;1,0;0,0;0,0;0,0;4,0;10,0;10,0;10,0;10,0;10,0
2006094;CONJ. MOVIMENTADOR INTELIGENTE - IZZY TRINO NEW BV3 127V SEM ACIONAMENTO;811505;SACO PLASTICO TRANSPARENTE 14CM X 9CM;1,0;0,0;0,0;0,0;4,0;10,0;10,0;10,0;10,0;10,0
2006094;CONJ. MOVIMENTADOR INTELIGENTE - IZZY TRINO NEW BV3 127V SEM ACIONAMENTO;811775;CAIXA MOTOR BASCULANTE NOVA 23,0 X 16,0 X 24,5;1,0;0,0;0,0;0,0;4,0;10,0;10,0;10,0;10,0;10,0
2006094;CONJ. MOVIMENTADOR INTELIGENTE - IZZY TRINO NEW BV3 127V SEM ACIONAMENTO;813094;ENGRENAGEM INTERNA DE 1 ENTRADA DZ E NEWBV;1,0;0,0;0,0;0,0;4,0;10,0;10,0;10,0;10,0;10,0
2006094;CONJ. MOVIMENTADOR INTELIGENTE - IZZY TRINO NEW BV3 127V SEM ACIONAMENTO;813253;SEM FIM DE 1 ENTRADA AÇO;1,0;0,0;0,0;0,0;4,0;10,0;10,0;10,0;10,0;10,0
2006094;CONJ. MOVIMENTADOR INTELIGENTE - IZZY TRINO NEW BV3 127V SEM ACIONAMENTO;813256;TAMPA DA CENTRAL NEW BV;1,0;0,0;0,0;0,0;4,0;10,0;10,0;10,0;10,0;10,0
2006094;CONJ. MOVIMENTADOR INTELIGENTE - IZZY TRINO NEW BV3 127V SEM ACIONAMENTO;813257;BASE CENTRAL NEW BV;1,0;0,0;0,0;0,0;4,0;10,0;10,0;10,0;10,0;10,0
2006094;CONJ. MOVIMENTADOR INTELIGENTE - IZZY TRINO NEW BV3 127V SEM ACIONAMENTO;813259;CARCAÇA INFERIOR NEW BV COM FURO ENCODER;1,0;0,0;0,0;0,0;4,0;10,0;10,0;10,0;10,0;10,0
2006094;CONJ. MOVIMENTADOR INTELIGENTE - IZZY TRINO NEW BV3 127V SEM ACIONAMENTO;813260;CALÇO DO ESTATOR NEW BV;2,0;0,0;0,0;0,0;8,0;20,0;20,0;20,0;20,0;20,0
2006094;CONJ. MOVIMENTADOR INTELIGENTE - IZZY TRINO NEW BV3 127V SEM ACIONAMENTO;813263;ROLAMENTO PLÁSTICO EIXO ENGRENAGEM;2,0;0,0;0,0;0,0;8,0;20,0;20,0;20,0;20,0;20,0
2006094;CONJ. MOVIMENTADOR INTELIGENTE - IZZY TRINO NEW BV3 127V SEM ACIONAMENTO;813265;CARCAÇA SUPERIOR NEW BV;1,0;0,0;0,0;0,0;4,0;10,0;10,0;10,0;10,0;10,0
2006094;CONJ. MOVIMENTADOR INTELIGENTE - IZZY TRINO NEW BV3 127V SEM ACIONAMENTO;813266;TAMPA ENCODER;1,0;0,0;0,0;0,0;4,0;10,0;10,0;10,0;10,0;10,0
2006094;CONJ. MOVIMENTADOR INTELIGENTE - IZZY TRINO NEW BV3 127V SEM ACIONAMENTO;813267;SUPORTE ENCODER;1,0;0,0;0,0;0,0;4,0;10,0;10,0;10,0;10,0;10,0
2006094;CONJ. MOVIMENTADOR INTELIGENTE - IZZY TRINO NEW BV3 127V SEM ACIONAMENTO;813395;PASSA FIO DO NEW BV;1,0;0,0;0,0;0,0;4,0;10,0;10,0;10,0;10,0;10,0
2006094;CONJ. MOVIMENTADOR INTELIGENTE - IZZY TRINO NEW BV3 127V SEM ACIONAMENTO;813507;CASE DE PROTEÇÃO DO MÓDULO WIFI IZZY;1,0;0,0;0,0;0,0;4,0;10,0;10,0;10,0;10,0;10,0
2006094;CONJ. MOVIMENTADOR INTELIGENTE - IZZY TRINO NEW BV3 127V SEM ACIONAMENTO;813522;CHAVETA QUADRADA 8MMX33,4MM;1,0;0,0;0,0;0,0;4,0;10,0;10,0;10,0;10,0;10,0
2006094;CONJ. MOVIMENTADOR INTELIGENTE - IZZY TRINO NEW BV3 127V SEM ACIONAMENTO;911079;PLACA REVISADA DO MODULO WIFI/BLUETOOTH CENTRAL IZZY;1,0;0,0;0,0;0,0;4,0;10,0;10,0;10,0;10,0;10,0
2006094;CONJ. MOVIMENTADOR INTELIGENTE - IZZY TRINO NEW BV3 127V SEM ACIONAMENTO;911127;PLACA REVISADA NOVA CENTRAL IZZY;1,0;0,0;0,0;0,0;4,0;10,0;10,0;10,0;10,0;10,0
2001035;CONJ. MOVIMENTADOR TRINO 500 127V 50-60HZ SEM CREMALHEIRA;100802;TRANSMISSOR 433MHZ REMOTE - MODELO: AGL-E2  (DIGITAL KEY 6P20 BLACK);2,0;0,0;0,0;0,0;8,0;10,0;10,0;10,0;10,0;10,0
2001035;CONJ. MOVIMENTADOR TRINO 500 127V 50-60HZ SEM CREMALHEIRA;101309;CAPACITOR FIXO C/DIELETRICO DE POLIPROPILENO BIORIENTADO P/MOTORES CMRW CANECA PLASTICA 30UF 250V 50;1,0;0,0;0,0;0,0;4,0;5,0;5,0;5,0;5,0;5,0
2001035;CONJ. MOVIMENTADOR TRINO 500 127V 50-60HZ SEM CREMALHEIRA;103064;CONECTOR FÊMEA EC601V-5.08-3P GREEN BAG/BULK (EC601V-5.08-3P);1,0;0,0;0,0;0,0;4,0;5,0;5,0;5,0;5,0;5,0
2001035;CONJ. MOVIMENTADOR TRINO 500 127V 50-60HZ SEM CREMALHEIRA;208003;IMÃ DE FERRITE - B40X20X10MM;2,0;0,0;0,0;0,0;8,0;10,0;10,0;10,0;10,0;10,0
2001035;CONJ. MOVIMENTADOR TRINO 500 127V 50-60HZ SEM CREMALHEIRA;401068;ARRUELA LISA 1/4 FE ZI;4,0;0,0;0,0;0,0;16,0;20,0;20,0;20,0;20,0;20,0
2001035;CONJ. MOVIMENTADOR TRINO 500 127V 50-60HZ SEM CREMALHEIRA;401108;PARAFUSO PLASTIC PAN PHS 5 X 25MM ZI;10,0;0,0;0,0;0,0;40,0;50,0;50,0;50,0;50,0;50,0
2001035;CONJ. MOVIMENTADOR TRINO 500 127V 50-60HZ SEM CREMALHEIRA;401121;ABRAÇADEIRA UV PRETA 202X3,7;1,0;0,0;0,0;0,0;4,0;5,0;5,0;5,0;5,0;5,0
2001035;CONJ. MOVIMENTADOR TRINO 500 127V 50-60HZ SEM CREMALHEIRA;401143;ABRAÇADEIRA UV PRETA 100 X 2,5;1,0;0,0;0,0;0,0;4,0;5,0;5,0;5,0;5,0;5,0
2001035;CONJ. MOVIMENTADOR TRINO 500 127V 50-60HZ SEM CREMALHEIRA;401156;PARAFUSO MAD SX 1/4 X 70MM ZI;4,0;0,0;0,0;0,0;16,0;20,0;20,0;20,0;20,0;20,0
2001035;CONJ. MOVIMENTADOR TRINO 500 127V 50-60HZ SEM CREMALHEIRA;401163;PARAFUSO PLASTIC PAN PHS 5 X 12MM ZI;2,0;0,0;0,0;0,0;8,0;10,0;10,0;10,0;10,0;10,0
2001035;CONJ. MOVIMENTADOR TRINO 500 127V 50-60HZ SEM CREMALHEIRA;401169;PF JMP PAN PHS 3,5X14MM ZI;2,0;0,0;0,0;0,0;8,0;10,0;10,0;10,0;10,0;10,0
2001035;CONJ. MOVIMENTADOR TRINO 500 127V 50-60HZ SEM CREMALHEIRA;401207;PF A/A JMC DRILL FL PHS C/ SERRILHA PTA BROCA 4,2X13MM ZI;4,0;0,0;0,0;0,0;16,0;20,0;20,0;20,0;20,0;20,0
2001035;CONJ. MOVIMENTADOR TRINO 500 127V 50-60HZ SEM CREMALHEIRA;402012;ANEL ELÁSTICO E-20;3,0;0,0;0,0;0,0;12,0;15,0;15,0;15,0;15,0;15,0
2001035;CONJ. MOVIMENTADOR TRINO 500 127V 50-60HZ SEM CREMALHEIRA;402019;PINO ELÁSTICO 4 X 24MM;1,0;0,0;0,0;0,0;4,0;5,0;5,0;5,0;5,0;5,0
2001035;CONJ. MOVIMENTADOR TRINO 500 127V 50-60HZ SEM CREMALHEIRA;402028;BUCHA PLASTICA N10;4,0;0,0;0,0;0,0;16,0;20,0;20,0;20,0;20,0;20,0
2001035;CONJ. MOVIMENTADOR TRINO 500 127V 50-60HZ SEM CREMALHEIRA;403032;MOLA DE DESTRAVAMENTO DESLIZANTE;1,0;0,0;0,0;0,0;4,0;5,0;5,0;5,0;5,0;5,0
2001035;CONJ. MOVIMENTADOR TRINO 500 127V 50-60HZ SEM CREMALHEIRA;510027;INLUB GRAX MP 2/TI;0,034;0,0;0,0;0,0;0,14;0,17;0,17;0,17;0,17;0,17
2001035;CONJ. MOVIMENTADOR TRINO 500 127V 50-60HZ SEM CREMALHEIRA;512004;CONJUNTO ESTATOR E ROTOR AGL DESL P28 1/4 cv 04 42Z 127V 60Hz;1,0;0,0;0,0;0,0;4,0;5,0;5,0;5,0;5,0;5,0
2001035;CONJ. MOVIMENTADOR TRINO 500 127V 50-60HZ SEM CREMALHEIRA;701154;EIXO MOTOR DESLIZANTE - BRUTO;1,0;0,0;0,0;0,0;4,0;5,0;5,0;5,0;5,0;5,0
2001035;CONJ. MOVIMENTADOR TRINO 500 127V 50-60HZ SEM CREMALHEIRA;802036;PARTE DE FECHADURAS - CILINDRO COM CHAVE PARA MOTOR - CYLINDER;1,0;0,0;0,0;0,0;4,0;5,0;5,0;5,0;5,0;5,0
2001035;CONJ. MOVIMENTADOR TRINO 500 127V 50-60HZ SEM CREMALHEIRA;804247;BASE DA CENTRAL DESLIZANTE;1,0;0,0;0,0;0,0;4,0;5,0;5,0;5,0;5,0;5,0
2001035;CONJ. MOVIMENTADOR TRINO 500 127V 50-60HZ SEM CREMALHEIRA;804248;TAMPA DA CENTRAL DESLIZANTE;1,0;0,0;0,0;0,0;4,0;5,0;5,0;5,0;5,0;5,0
2001035;CONJ. MOVIMENTADOR TRINO 500 127V 50-60HZ SEM CREMALHEIRA;804540;BASE SUPERIOR PP DO MOTOR DESLIZANTE;1,0;0,0;0,0;0,0;4,0;5,0;5,0;5,0;5,0;5,0
2001035;CONJ. MOVIMENTADOR TRINO 500 127V 50-60HZ SEM CREMALHEIRA;804542;BASE INFERIOR PP MOTORES DESLIZANTES;1,0;0,0;0,0;0,0;4,0;5,0;5,0;5,0;5,0;5,0
2001035;CONJ. MOVIMENTADOR TRINO 500 127V 50-60HZ SEM CREMALHEIRA;811122;MANUAL P / AUTOMATIZADOR DZ/BV/NEW BV CENTRAL FLEX/LIGHT EM PORTUGUÊS;1,0;0,0;0,0;0,0;4,0;5,0;5,0;5,0;5,0;5,0
2001035;CONJ. MOVIMENTADOR TRINO 500 127V 50-60HZ SEM CREMALHEIRA;811306;ETIQUETA ADES. COUCHE 100MM X 80MM X 01 CAR;1,0;0,0;0,0;0,0;4,0;5,0;5,0;5,0;5,0;5,0
2001035;CONJ. MOVIMENTADOR TRINO 500 127V 50-60HZ SEM CREMALHEIRA;811311;ETIQUETA ADES. BOPP FOSCO C/DFAM 50MM X 25MM X 02 CAR;1,0;0,0;0,0;0,0;4,0;5,0;5,0;5,0;5,0;5,0
2001035;CONJ. MOVIMENTADOR TRINO 500 127V 50-60HZ SEM CREMALHEIRA;811541;SACO PLASTICO TRANSPARENTE 30CM X 15CM;1,0;0,0;0,0;0,0;4,0;5,0;5,0;5,0;5,0;5,0
2001035;CONJ. MOVIMENTADOR TRINO 500 127V 50-60HZ SEM CREMALHEIRA;811921;CAIXA PARDA MOTOR DESLIZANTE AGL ( MEIA ABA REFORÇADA);1,0;0,0;0,0;0,0;4,0;5,0;5,0;5,0;5,0;5,0
2001035;CONJ. MOVIMENTADOR TRINO 500 127V 50-60HZ SEM CREMALHEIRA;813009;ALAVANCA PARA DESTRAVAMENTO MANUAL;1,0;0,0;0,0;0,0;4,0;5,0;5,0;5,0;5,0;5,0
2001035;CONJ. MOVIMENTADOR TRINO 500 127V 50-60HZ SEM CREMALHEIRA;813014;LINGUETA DO CILINDRO DA ALAVANCA DE DESTRAVAMENTO MANUAL DZ ZI;1,0;0,0;0,0;0,0;4,0;5,0;5,0;5,0;5,0;5,0
2001035;CONJ. MOVIMENTADOR TRINO 500 127V 50-60HZ SEM CREMALHEIRA;813024;TAMPA PROTEÇÃO DO MOTOR - PRETA;1,0;0,0;0,0;0,0;4,0;5,0;5,0;5,0;5,0;5,0
2001035;CONJ. MOVIMENTADOR TRINO 500 127V 50-60HZ SEM CREMALHEIRA;813037;ENGRENAGEM EXTERNA MOTOR 17 DENTES;1,0;0,0;0,0;0,0;4,0;5,0;5,0;5,0;5,0;5,0
2001035;CONJ. MOVIMENTADOR TRINO 500 127V 50-60HZ SEM CREMALHEIRA;813144;SUPORTE DO IMA DE FIM DE CURSO DESLIZANTE;2,0;0,0;0,0;0,0;8,0;10,0;10,0;10,0;10,0;10,0
2001035;CONJ. MOVIMENTADOR TRINO 500 127V 50-60HZ SEM CREMALHEIRA;813173;ARRUELA 1,2MM EIXO DESLIZANTE;1,0;0,0;0,0;0,0;4,0;5,0;5,0;5,0;5,0;5,0
2001035;CONJ. MOVIMENTADOR TRINO 500 127V 50-60HZ SEM CREMALHEIRA;813235;BUCHA DO EIXO DESLIZANTE SEXTAVADA;2,0;0,0;0,0;0,0;8,0;10,0;10,0;10,0;10,0;10,0
2001035;CONJ. MOVIMENTADOR TRINO 500 127V 50-60HZ SEM CREMALHEIRA;813237;PINO DESTRAVAMENTO TRINO;1,0;0,0;0,0;0,0;4,0;5,0;5,0;5,0;5,0;5,0
2001035;CONJ. MOVIMENTADOR TRINO 500 127V 50-60HZ SEM CREMALHEIRA;813251;SEM FIM DE UMA ENTRADA ALUMÍNIO TR LIGTH/ TR300/ TR500;1,0;0,0;0,0;0,0;4,0;5,0;5,0;5,0;5,0;5,0
2001035;CONJ. MOVIMENTADOR TRINO 500 127V 50-60HZ SEM CREMALHEIRA;813289;ENGRENAGEM INTERNA DE 1 ENTRADA DZ E NEWBV SEM IMÃ;1,0;0,0;0,0;0,0;4,0;5,0;5,0;5,0;5,0;5,0
2001035;CONJ. MOVIMENTADOR TRINO 500 127V 50-60HZ SEM CREMALHEIRA;813331;SUPORTE DE INSTALAÇÃO DO IMÃ DZ;2,0;0,0;0,0;0,0;8,0;10,0;10,0;10,0;10,0;10,0
2001035;CONJ. MOVIMENTADOR TRINO 500 127V 50-60HZ SEM CREMALHEIRA;813409;TAMPÃO DO ENGRENAGEM EXTERNA MOTORES DZ;1,0;0,0;0,0;0,0;4,0;5,0;5,0;5,0;5,0;5,0
2001035;CONJ. MOVIMENTADOR TRINO 500 127V 50-60HZ SEM CREMALHEIRA;813410;BUCHA DE CENTRAGEM DO EIXO DO ROTOR DZ;1,0;0,0;0,0;0,0;4,0;5,0;5,0;5,0;5,0;5,0
2001035;CONJ. MOVIMENTADOR TRINO 500 127V 50-60HZ SEM CREMALHEIRA;813455;SENSOR DE FIM DE CURSO REED DESLIZANTE;1,0;0,0;0,0;0,0;4,0;5,0;5,0;5,0;5,0;5,0
2001035;CONJ. MOVIMENTADOR TRINO 500 127V 50-60HZ SEM CREMALHEIRA;813522;CHAVETA QUADRADA 8MMX33,4MM;1,0;0,0;0,0;0,0;4,0;5,0;5,0;5,0;5,0;5,0
2001035;CONJ. MOVIMENTADOR TRINO 500 127V 50-60HZ SEM CREMALHEIRA;911080;PLACA REVISADA CENTRAL FLEX;1,0;0,0;0,0;0,0;4,0;5,0;5,0;5,0;5,0;5,0
2001035;CONJ. MOVIMENTADOR TRINO 500 127V 50-60HZ SEM CREMALHEIRA;105069;FITA EMPACT. 50MT X 48MM ACRI;0,02;0,0;0,0;0,0;0,08;0,1;0,1;0,1;0,1;0,1
2010324;CREMALHEIRA P/ MOTOR INDUSTRIAL STRONG 2000KG 1M GOMO ALUMÍNIO;813128;GOMO ALUMINIO 25 CM P/ CREMALHEIRA MOTOR STRONG;4,0;0,0;0,0;0,0;8,0;216,0;216,0;216,0;216,0;216,0
2010324;CREMALHEIRA P/ MOTOR INDUSTRIAL STRONG 2000KG 1M GOMO ALUMÍNIO;401007;PARAFUSO 4.8 X 13 A/A PN. PH - ZI;12,0;0,0;0,0;0,0;24,0;648,0;648,0;648,0;648,0;648,0
2010324;CREMALHEIRA P/ MOTOR INDUSTRIAL STRONG 2000KG 1M GOMO ALUMÍNIO;813375;CANTONEIRA CREMALHEIRA MOTOR INDUSTRIAL;1,0;0,0;0,0;0,0;2,0;54,0;54,0;54,0;54,0;54,0
2010324;CREMALHEIRA P/ MOTOR INDUSTRIAL STRONG 2000KG 1M GOMO ALUMÍNIO;105008;FITA DE ARQUEAR 10X0,65 AZUL C/ 3000;2,712;0,0;0,0;0,0;5,42;146,45;146,45;146,45;146,45;146,45
2008502;ACIONAMENTO MOVIMENTADOR TRINO BV 2,0M;401164;PARAFUSO MQ UNC SX RI 1/4 X 1/2 ZI;4,0;0,0;0,0;0,0;8,0;40,0;40,0;40,0;40,0;40,0
2008502;ACIONAMENTO MOVIMENTADOR TRINO BV 2,0M;813623;FIM DE CURSO MECANICO DE ALUMÍNIO;2,0;0,0;0,0;0,0;4,0;20,0;20,0;20,0;20,0;20,0
2008502;ACIONAMENTO MOVIMENTADOR TRINO BV 2,0M;813044;FUSO P 7.5MM DE 2,0M E 4 ENTRADAS BV;1,0;0,0;0,0;0,0;2,0;10,0;10,0;10,0;10,0;10,0
2008502;ACIONAMENTO MOVIMENTADOR TRINO BV 2,0M;501084;GRAXA BRANCA SACHE 15G;1,0;0,0;0,0;0,0;2,0;10,0;10,0;10,0;10,0;10,0
2008502;ACIONAMENTO MOVIMENTADOR TRINO BV 2,0M;208004;IMÃ DE FERRITE - B20X13X5MM;2,0;0,0;0,0;0,0;4,0;20,0;20,0;20,0;20,0;20,0
2008502;ACIONAMENTO MOVIMENTADOR TRINO BV 2,0M;813048;MANCAL PERFIL SUPERIOR BV;1,0;0,0;0,0;0,0;2,0;10,0;10,0;10,0;10,0;10,0
2008502;ACIONAMENTO MOVIMENTADOR TRINO BV 2,0M;813400;PERFIL AL 2,0M SOL 7 STLF-0864 6063;1,0;0,0;0,0;0,0;2,0;10,0;10,0;10,0;10,0;10,0
2008502;ACIONAMENTO MOVIMENTADOR TRINO BV 2,0M;813277;ROLAMENTO PLÁSTICO DO FUSO BV;1,0;0,0;0,0;0,0;2,0;10,0;10,0;10,0;10,0;10,0
2008502;ACIONAMENTO MOVIMENTADOR TRINO BV 2,0M;401163;PARAFUSO PLASTIC PAN PHS 5 X 12MM ZI;5,0;0,0;0,0;0,0;10,0;50,0;50,0;50,0;50,0;50,0
2008502;ACIONAMENTO MOVIMENTADOR TRINO BV 2,0M;813262;ACOPLAMENTO DO NEW BV/BV/PIVO;1,0;0,0;0,0;0,0;2,0;10,0;10,0;10,0;10,0;10,0
2008502;ACIONAMENTO MOVIMENTADOR TRINO BV 2,0M;813054;MANCAL PERFIL INFERIOR;1,0;0,0;0,0;0,0;2,0;10,0;10,0;10,0;10,0;10,0
2008502;ACIONAMENTO MOVIMENTADOR TRINO BV 2,0M;402012;ANEL ELÁSTICO E-20;2,0;0,0;0,0;0,0;4,0;20,0;20,0;20,0;20,0;20,0
2008502;ACIONAMENTO MOVIMENTADOR TRINO BV 2,0M;804508;COROA DO MOVIMENTADOR BV/PIVO NYLON Ø 20MM;1,0;0,0;0,0;0,0;2,0;10,0;10,0;10,0;10,0;10,0
2008502;ACIONAMENTO MOVIMENTADOR TRINO BV 2,0M;401157;PARAFUSO PAN ZBR P/ CHAVE TORX M5 X 30MM T25;2,0;0,0;0,0;0,0;4,0;20,0;20,0;20,0;20,0;20,0
2008502;ACIONAMENTO MOVIMENTADOR TRINO BV 2,0M;813280;CRUZETA DO MANCAL;1,0;0,0;0,0;0,0;2,0;10,0;10,0;10,0;10,0;10,0
2008502;ACIONAMENTO MOVIMENTADOR TRINO BV 2,0M;811541;SACO PLASTICO TRANSPARENTE 30CM X 15CM;1,0;0,0;0,0;0,0;2,0;10,0;10,0;10,0;10,0;10,0
2008502;ACIONAMENTO MOVIMENTADOR TRINO BV 2,0M;813281;SUPORTE ORELHA DO BV/PIVÔ;1,0;0,0;0,0;0,0;2,0;10,0;10,0;10,0;10,0;10,0
2008502;ACIONAMENTO MOVIMENTADOR TRINO BV 2,0M;813521;SUPORTE DA BUCHA MANCAL MODELO NOVO (P/ EIXO 20MM);1,0;0,0;0,0;0,0;2,0;10,0;10,0;10,0;10,0;10,0
2008502;ACIONAMENTO MOVIMENTADOR TRINO BV 2,0M;411039;TARUGO PE CINZA 10 mm;2,0;0,0;0,0;0,0;4,0;20,0;20,0;20,0;20,0;20,0
2008502;ACIONAMENTO MOVIMENTADOR TRINO BV 2,0M;813292;BRACINHO ARTICULADO BV E NEW BV;1,0;0,0;0,0;0,0;2,0;10,0;10,0;10,0;10,0;10,0
2008502;ACIONAMENTO MOVIMENTADOR TRINO BV 2,0M;813511;PINO DESTRAVAMENTO LINHA BV/ PORTA CADEADO HZ/ ESTICAD. CANCELA;1,0;0,0;0,0;0,0;2,0;10,0;10,0;10,0;10,0;10,0
2008502;ACIONAMENTO MOVIMENTADOR TRINO BV 2,0M;402017;CP DE FERRO ZINCADO 3/16 X 1. 1/4;1,0;0,0;0,0;0,0;2,0;10,0;10,0;10,0;10,0;10,0
2008502;ACIONAMENTO MOVIMENTADOR TRINO BV 2,0M;811761;SACO PLASTICO TRANSPARENTE 14CM X 40CM;1,0;0,0;0,0;0,0;2,0;10,0;10,0;10,0;10,0;10,0
2008502;ACIONAMENTO MOVIMENTADOR TRINO BV 2,0M;401115;PARAFUSO MQ UNC SXT RI 1/4 X 1.1/4 - ZI;6,0;0,0;0,0;0,0;12,0;60,0;60,0;60,0;60,0;60,0
2008502;ACIONAMENTO MOVIMENTADOR TRINO BV 2,0M;401085;PORCA F MQ UNC SEXT. 1/4 (CH7/16) ZI (NSC);10,0;0,0;0,0;0,0;20,0;100,0;100,0;100,0;100,0;100,0
2008502;ACIONAMENTO MOVIMENTADOR TRINO BV 2,0M;401068;ARRUELA LISA 1/4 FE ZI;6,0;0,0;0,0;0,0;12,0;60,0;60,0;60,0;60,0;60,0
2008502;ACIONAMENTO MOVIMENTADOR TRINO BV 2,0M;811505;SACO PLASTICO TRANSPARENTE 14CM X 9CM;1,0;0,0;0,0;0,0;2,0;10,0;10,0;10,0;10,0;10,0
2008502;ACIONAMENTO MOVIMENTADOR TRINO BV 2,0M;102573;BOBINA TUBULAR PEBD LEITOSA IMPRESA P/ ACIONAMENTO DE MOTORES;0,1577142857142856;0,0;0,0;0,0;0,32;1,58;1,58;1,58;1,58;1,58
2008502;ACIONAMENTO MOVIMENTADOR TRINO BV 2,0M;811327;ETIQUETA ADES. COUCHE 100MM X 80MM X 01 CAR AMARELA;1,0;0,0;0,0;0,0;2,0;10,0;10,0;10,0;10,0;10,0
2008502;ACIONAMENTO MOVIMENTADOR TRINO BV 2,0M;401069;PARAFUSO 2 9X13MM A/A PAN PHS ZI;2,0;0,0;0,0;0,0;4,0;20,0;20,0;20,0;20,0;20,0
2008502;ACIONAMENTO MOVIMENTADOR TRINO BV 2,0M;813589;SENSOR DE FIM DE CURSO REED BV/NEW BV 2,0M;1,0;0,0;0,0;0,0;2,0;10,0;10,0;10,0;10,0;10,0
2008502;ACIONAMENTO MOVIMENTADOR TRINO BV 2,0M;813477;EIXO DE TRAÇÃO DA PORCA ACIONADORA - ZINCADO;1,0;0,0;0,0;0,0;2,0;10,0;10,0;10,0;10,0;10,0
2008502;ACIONAMENTO MOVIMENTADOR TRINO BV 2,0M;813517;SUPORTE UNIVERSAL PORCA DO FUSO;1,0;0,0;0,0;0,0;2,0;10,0;10,0;10,0;10,0;10,0
2008502;ACIONAMENTO MOVIMENTADOR TRINO BV 2,0M;813532;CARTUCHO DA PORCA 4 ENTRADAS;1,0;0,0;0,0;0,0;2,0;10,0;10,0;10,0;10,0;10,0
2008502;ACIONAMENTO MOVIMENTADOR TRINO BV 2,0M;401303;ABRAÇADEIRA UV PRETA 300X3,6;1,0;0,0;0,0;0,0;2,0;10,0;10,0;10,0;10,0;10,0
2008502;ACIONAMENTO MOVIMENTADOR TRINO BV 2,0M;813522;CHAVETA QUADRADA 8MMX33,4MM;1,0;0,0;0,0;0,0;2,0;10,0;10,0;10,0;10,0;10,0
2008502;ACIONAMENTO MOVIMENTADOR TRINO BV 2,0M;813618;EIXO ESTAMPADO PARA ACIONAMENTO BV - ZINCADO;1,0;0,0;0,0;0,0;2,0;10,0;10,0;10,0;10,0;10,0
2010348;PORCA DO FUSO PIVOTANTE DE 2 ENTRADAS;208004;IMÃ DE FERRITE - B20X13X5MM;1,0;0,0;0,0;0,0;1,0;1,0;1,0;1,0;1,0;1,0
2010348;PORCA DO FUSO PIVOTANTE DE 2 ENTRADAS;401169;PF JMP PAN PHS 3,5X14MM ZI;6,0;0,0;0,0;0,0;6,0;6,0;6,0;6,0;6,0;6,0
2010348;PORCA DO FUSO PIVOTANTE DE 2 ENTRADAS;811276;ETIQUETA ADES. COUCHE 40MM X 25MM X 02 CAR;1,0;0,0;0,0;0,0;1,0;1,0;1,0;1,0;1,0;1,0
2010348;PORCA DO FUSO PIVOTANTE DE 2 ENTRADAS;811541;SACO PLASTICO TRANSPARENTE 30CM X 15CM;1,0;0,0;0,0;0,0;1,0;1,0;1,0;1,0;1,0;1,0
2010348;PORCA DO FUSO PIVOTANTE DE 2 ENTRADAS;813315;PORCA DO FUSO 2 ENTRADAS PIVO (MACHO);1,0;0,0;0,0;0,0;1,0;1,0;1,0;1,0;1,0;1,0
2010348;PORCA DO FUSO PIVOTANTE DE 2 ENTRADAS;813316;PORCA DO FUSO 2 ENTRADAS PIVO (FÊMEA);1,0;0,0;0,0;0,0;1,0;1,0;1,0;1,0;1,0;1,0
2010106;PERFIL ALUMINIO EXTRUSADO 1,5M BV;811276;ETIQUETA ADES. COUCHE 40MM X 25MM X 02 CAR;1,0;0,0;0,0;0,0;1,0;1,0;1,0;1,0;1,0;1,0
2010106;PERFIL ALUMINIO EXTRUSADO 1,5M BV;900001;BRAÇO DE ARTICULAÇÃO DE 1,5M;1,0;0,0;0,0;0,0;1,0;1,0;1,0;1,0;1,0;1,0
2001015;CREMALHEIRA RESIDENCIAL 1,5 METRO GOMO ALUM MOD 4;813146;GOMO 25CM P/ CREMALHEIRA ALUMÍNIO;6,0;0,0;0,0;0,0;0,0;5076,0;5196,0;5316,0;5436,0;5436,0
2001015;CREMALHEIRA RESIDENCIAL 1,5 METRO GOMO ALUM MOD 4;401007;PARAFUSO 4.8 X 13 A/A PN. PH - ZI;18,0;0,0;0,0;0,0;0,0;15228,0;15588,0;15948,0;16308,0;16308,0
2001015;CREMALHEIRA RESIDENCIAL 1,5 METRO GOMO ALUM MOD 4;201066;ROLO ZINCADO 1,25X50 NBR-7008-ZC;0,631;0,0;0,0;0,0;0,0;533,83;546,45;559,07;571,69;571,69
2001015;CREMALHEIRA RESIDENCIAL 1,5 METRO GOMO ALUM MOD 4;105008;FITA DE ARQUEAR 10X0,65 AZUL C/ 3000;0,021;0,0;0,0;0,0;0,0;17,77;18,19;18,61;19,03;19,03
2008004;CONJ. MOVIMENTADOR TRINO BV4 220V SEM ACIONAMENTO;100802;TRANSMISSOR 433MHZ REMOTE - MODELO: AGL-E2  (DIGITAL KEY 6P20 BLACK);2,0;0,0;0,0;0,0;0,0;380,0;386,0;1002,0;1602,0;2202,0
2008004;CONJ. MOVIMENTADOR TRINO BV4 220V SEM ACIONAMENTO;103064;CONECTOR FÊMEA EC601V-5.08-3P GREEN BAG/BULK (EC601V-5.08-3P);1,0;0,0;0,0;0,0;0,0;190,0;193,0;501,0;801,0;1101,0
2008004;CONJ. MOVIMENTADOR TRINO BV4 220V SEM ACIONAMENTO;105068;BOBINA LAMINADA 2,00MM PRETA 23 (EVA PARA MOTORES);0,025;0,0;0,0;0,0;0,0;4,75;4,82;12,52;20,03;27,52
2008004;CONJ. MOVIMENTADOR TRINO BV4 220V SEM ACIONAMENTO;401007;PARAFUSO 4.8 X 13 A/A PN. PH - ZI;4,0;0,0;0,0;0,0;0,0;760,0;772,0;2004,0;3204,0;4404,0
2008004;CONJ. MOVIMENTADOR TRINO BV4 220V SEM ACIONAMENTO;401014;PARAFUSO 2.9 X 6.5 A/A PAN PHS ZI;2,0;0,0;0,0;0,0;0,0;380,0;386,0;1002,0;1602,0;2202,0
2008004;CONJ. MOVIMENTADOR TRINO BV4 220V SEM ACIONAMENTO;401160;PARAFUSO MQ HXL M5 X 16MM RI T25 ZBR;6,0;0,0;0,0;0,0;0,0;1140,0;1158,0;3006,0;4806,0;6606,0
2008004;CONJ. MOVIMENTADOR TRINO BV4 220V SEM ACIONAMENTO;401169;PF JMP PAN PHS 3,5X14MM ZI;4,0;0,0;0,0;0,0;0,0;760,0;772,0;2004,0;3204,0;4404,0
2008004;CONJ. MOVIMENTADOR TRINO BV4 220V SEM ACIONAMENTO;401169;PF JMP PAN PHS 3,5X14MM ZI;2,0;0,0;0,0;0,0;0,0;380,0;386,0;1002,0;1602,0;2202,0
2008004;CONJ. MOVIMENTADOR TRINO BV4 220V SEM ACIONAMENTO;402015;ANEL ELÁSTICO E12;4,0;0,0;0,0;0,0;0,0;760,0;772,0;2004,0;3204,0;4404,0
2008004;CONJ. MOVIMENTADOR TRINO BV4 220V SEM ACIONAMENTO;402018;ESPAGUETE LISO 10MMX150MM;0,15;0,0;0,0;0,0;0,0;28,5;28,95;75,15;120,15;165,15
2008004;CONJ. MOVIMENTADOR TRINO BV4 220V SEM ACIONAMENTO;402019;PINO ELÁSTICO 4 X 24MM;2,0;0,0;0,0;0,0;0,0;380,0;386,0;1002,0;1602,0;2202,0
2008004;CONJ. MOVIMENTADOR TRINO BV4 220V SEM ACIONAMENTO;411017;ROLAMENTOS 6201-08 ZZ C3;2,0;0,0;0,0;0,0;0,0;380,0;386,0;1002,0;1602,0;2202,0
2008004;CONJ. MOVIMENTADOR TRINO BV4 220V SEM ACIONAMENTO;412027;ROTOR AGL BV/PIVO P28 1/5 cv 04;1,0;0,0;0,0;0,0;0,0;190,0;193,0;501,0;801,0;1101,0
2008004;CONJ. MOVIMENTADOR TRINO BV4 220V SEM ACIONAMENTO;412155;ESTATOR BOBINADO AGL BV/NEW BV/PIVO P28 1/5 cv 04 42 220V 60Hz;1,0;0,0;0,0;0,0;0,0;190,0;193,0;501,0;801,0;1101,0
2008004;CONJ. MOVIMENTADOR TRINO BV4 220V SEM ACIONAMENTO;510027;INLUB GRAX MP 2/TI;0,012;0,0;0,0;0,0;0,0;2,28;2,32;6,01;9,61;13,21
2008004;CONJ. MOVIMENTADOR TRINO BV4 220V SEM ACIONAMENTO;811122;MANUAL P / AUTOMATIZADOR DZ/BV/NEW BV CENTRAL FLEX/LIGHT EM PORTUGUÊS;1,0;0,0;0,0;0,0;0,0;190,0;193,0;501,0;801,0;1101,0
2008004;CONJ. MOVIMENTADOR TRINO BV4 220V SEM ACIONAMENTO;811306;ETIQUETA ADES. COUCHE 100MM X 80MM X 01 CAR;1,0;0,0;0,0;0,0;0,0;190,0;193,0;501,0;801,0;1101,0
2008004;CONJ. MOVIMENTADOR TRINO BV4 220V SEM ACIONAMENTO;811311;ETIQUETA ADES. BOPP FOSCO C/DFAM 50MM X 25MM X 02 CAR;1,0;0,0;0,0;0,0;0,0;190,0;193,0;501,0;801,0;1101,0
2008004;CONJ. MOVIMENTADOR TRINO BV4 220V SEM ACIONAMENTO;811505;SACO PLASTICO TRANSPARENTE 14CM X 9CM;1,0;0,0;0,0;0,0;0,0;190,0;193,0;501,0;801,0;1101,0
2008004;CONJ. MOVIMENTADOR TRINO BV4 220V SEM ACIONAMENTO;811729;CAIXA MOTOR BASCULANTE AGL 18,9 X 14,1 X 23,4;1,0;0,0;0,0;0,0;0,0;190,0;193,0;501,0;801,0;1101,0
2008004;CONJ. MOVIMENTADOR TRINO BV4 220V SEM ACIONAMENTO;813025;VENTOINHA DOS MOTORES;1,0;0,0;0,0;0,0;0,0;190,0;193,0;501,0;801,0;1101,0
2008004;CONJ. MOVIMENTADOR TRINO BV4 220V SEM ACIONAMENTO;813033;TAMPA DE PROTEÇÃO DA VENTOINHA;1,0;0,0;0,0;0,0;0,0;190,0;193,0;501,0;801,0;1101,0
2008004;CONJ. MOVIMENTADOR TRINO BV4 220V SEM ACIONAMENTO;813034;TAMPA LISA DO REDUTOR DA CARCAÇA DO BASCULANTE;2,0;0,0;0,0;0,0;0,0;380,0;386,0;1002,0;1602,0;2202,0
2008004;CONJ. MOVIMENTADOR TRINO BV4 220V SEM ACIONAMENTO;813038;BASE CENTRAL DO BV;1,0;0,0;0,0;0,0;0,0;190,0;193,0;501,0;801,0;1101,0
2008004;CONJ. MOVIMENTADOR TRINO BV4 220V SEM ACIONAMENTO;813043;BUCHA DE CENTRAGEM DO SEM FIM DO BASCULANTE;1,0;0,0;0,0;0,0;0,0;190,0;193,0;501,0;801,0;1101,0
2008004;CONJ. MOVIMENTADOR TRINO BV4 220V SEM ACIONAMENTO;813047;PASSA FIO DO BV;1,0;0,0;0,0;0,0;0,0;190,0;193,0;501,0;801,0;1101,0
2008004;CONJ. MOVIMENTADOR TRINO BV4 220V SEM ACIONAMENTO;813108;SEM FIM DE DUAS ENTRADAS AÇO BV ANTIGO/ BV3/ BV4;1,0;0,0;0,0;0,0;0,0;190,0;193,0;501,0;801,0;1101,0
2008004;CONJ. MOVIMENTADOR TRINO BV4 220V SEM ACIONAMENTO;813179;TAMPA DA CENTRAL DO BV;1,0;0,0;0,0;0,0;0,0;190,0;193,0;501,0;801,0;1101,0
2008004;CONJ. MOVIMENTADOR TRINO BV4 220V SEM ACIONAMENTO;813270;CARCAÇA DE MOTOR BV/PIVO SUPERIOR;1,0;0,0;0,0;0,0;0,0;190,0;193,0;501,0;801,0;1101,0
2008004;CONJ. MOVIMENTADOR TRINO BV4 220V SEM ACIONAMENTO;813271;CARCAÇA DE MOTOR BV/PIVO INFERIOR;1,0;0,0;0,0;0,0;0,0;190,0;193,0;501,0;801,0;1101,0
2008004;CONJ. MOVIMENTADOR TRINO BV4 220V SEM ACIONAMENTO;813515;CALÇO DO ESTATOR P28 BV/PIVO;2,0;0,0;0,0;0,0;0,0;380,0;386,0;1002,0;1602,0;2202,0
2008004;CONJ. MOVIMENTADOR TRINO BV4 220V SEM ACIONAMENTO;911080;PLACA REVISADA CENTRAL FLEX;1,0;0,0;0,0;0,0;0,0;190,0;193,0;501,0;801,0;1101,0
2008004;CONJ. MOVIMENTADOR TRINO BV4 220V SEM ACIONAMENTO;101306;CAPAC. FIXO C/DIEL. DE POLIP. BIOR. P/MOTORES CMRW CANECA PLASTICA 15uf 250V 50;1,0;0,0;0,0;0,0;0,0;190,0;193,0;501,0;801,0;1101,0
2010056;KIT IMÃ FIM DE CURSO DESLIZANTE;208003;IMÃ DE FERRITE - B40X20X10MM;2,0;0,0;0,0;0,0;0,0;160,0;160,0;160,0;160,0;160,0
2010056;KIT IMÃ FIM DE CURSO DESLIZANTE;401169;PF JMP PAN PHS 3,5X14MM ZI;2,0;0,0;0,0;0,0;0,0;160,0;160,0;160,0;160,0;160,0
2010056;KIT IMÃ FIM DE CURSO DESLIZANTE;401207;PF A/A JMC DRILL FL PHS C/ SERRILHA PTA BROCA 4,2X13MM ZI;4,0;0,0;0,0;0,0;0,0;320,0;320,0;320,0;320,0;320,0
2010056;KIT IMÃ FIM DE CURSO DESLIZANTE;811276;ETIQUETA ADES. COUCHE 40MM X 25MM X 02 CAR;1,0;0,0;0,0;0,0;0,0;80,0;80,0;80,0;80,0;80,0
2010056;KIT IMÃ FIM DE CURSO DESLIZANTE;811541;SACO PLASTICO TRANSPARENTE 30CM X 15CM;1,0;0,0;0,0;0,0;0,0;80,0;80,0;80,0;80,0;80,0
2010056;KIT IMÃ FIM DE CURSO DESLIZANTE;813144;SUPORTE DO IMA DE FIM DE CURSO DESLIZANTE;2,0;0,0;0,0;0,0;0,0;160,0;160,0;160,0;160,0;160,0
2010056;KIT IMÃ FIM DE CURSO DESLIZANTE;813331;SUPORTE DE INSTALAÇÃO DO IMÃ DZ;2,0;0,0;0,0;0,0;0,0;160,0;160,0;160,0;160,0;160,0
2006055;CONJ. MOVIMENTADOR INTELIGENTE - IZZY 500 127V 50-60HZ SEM CREMALHEIRA;100802;TRANSMISSOR 433MHZ REMOTE - MODELO: AGL-E2  (DIGITAL KEY 6P20 BLACK);2,0;0,0;0,0;0,0;0,0;34,0;34,0;34,0;34,0;34,0
2006055;CONJ. MOVIMENTADOR INTELIGENTE - IZZY 500 127V 50-60HZ SEM CREMALHEIRA;101309;CAPACITOR FIXO C/DIELETRICO DE POLIPROPILENO BIORIENTADO P/MOTORES CMRW CANECA PLASTICA 30UF 250V 50;1,0;0,0;0,0;0,0;0,0;17,0;17,0;17,0;17,0;17,0
2006055;CONJ. MOVIMENTADOR INTELIGENTE - IZZY 500 127V 50-60HZ SEM CREMALHEIRA;103064;CONECTOR FÊMEA EC601V-5.08-3P GREEN BAG/BULK (EC601V-5.08-3P);1,0;0,0;0,0;0,0;0,0;17,0;17,0;17,0;17,0;17,0
2006055;CONJ. MOVIMENTADOR INTELIGENTE - IZZY 500 127V 50-60HZ SEM CREMALHEIRA;208003;IMÃ DE FERRITE - B40X20X10MM;2,0;0,0;0,0;0,0;0,0;34,0;34,0;34,0;34,0;34,0
2006055;CONJ. MOVIMENTADOR INTELIGENTE - IZZY 500 127V 50-60HZ SEM CREMALHEIRA;401068;ARRUELA LISA 1/4 FE ZI;4,0;0,0;0,0;0,0;0,0;68,0;68,0;68,0;68,0;68,0
2006055;CONJ. MOVIMENTADOR INTELIGENTE - IZZY 500 127V 50-60HZ SEM CREMALHEIRA;401108;PARAFUSO PLASTIC PAN PHS 5 X 25MM ZI;10,0;0,0;0,0;0,0;0,0;170,0;170,0;170,0;170,0;170,0
2006055;CONJ. MOVIMENTADOR INTELIGENTE - IZZY 500 127V 50-60HZ SEM CREMALHEIRA;401121;ABRAÇADEIRA UV PRETA 202X3,7;1,0;0,0;0,0;0,0;0,0;17,0;17,0;17,0;17,0;17,0
2006055;CONJ. MOVIMENTADOR INTELIGENTE - IZZY 500 127V 50-60HZ SEM CREMALHEIRA;401143;ABRAÇADEIRA UV PRETA 100 X 2,5;1,0;0,0;0,0;0,0;0,0;17,0;17,0;17,0;17,0;17,0
2006055;CONJ. MOVIMENTADOR INTELIGENTE - IZZY 500 127V 50-60HZ SEM CREMALHEIRA;401156;PARAFUSO MAD SX 1/4 X 70MM ZI;4,0;0,0;0,0;0,0;0,0;68,0;68,0;68,0;68,0;68,0
2006055;CONJ. MOVIMENTADOR INTELIGENTE - IZZY 500 127V 50-60HZ SEM CREMALHEIRA;401163;PARAFUSO PLASTIC PAN PHS 5 X 12MM ZI;2,0;0,0;0,0;0,0;0,0;34,0;34,0;34,0;34,0;34,0
2006055;CONJ. MOVIMENTADOR INTELIGENTE - IZZY 500 127V 50-60HZ SEM CREMALHEIRA;401169;PF JMP PAN PHS 3,5X14MM ZI;2,0;0,0;0,0;0,0;0,0;34,0;34,0;34,0;34,0;34,0
2006055;CONJ. MOVIMENTADOR INTELIGENTE - IZZY 500 127V 50-60HZ SEM CREMALHEIRA;401207;PF A/A JMC DRILL FL PHS C/ SERRILHA PTA BROCA 4,2X13MM ZI;4,0;0,0;0,0;0,0;0,0;68,0;68,0;68,0;68,0;68,0
2006055;CONJ. MOVIMENTADOR INTELIGENTE - IZZY 500 127V 50-60HZ SEM CREMALHEIRA;402012;ANEL ELÁSTICO E-20;3,0;0,0;0,0;0,0;0,0;51,0;51,0;51,0;51,0;51,0
2006055;CONJ. MOVIMENTADOR INTELIGENTE - IZZY 500 127V 50-60HZ SEM CREMALHEIRA;402019;PINO ELÁSTICO 4 X 24MM;1,0;0,0;0,0;0,0;0,0;17,0;17,0;17,0;17,0;17,0
2006055;CONJ. MOVIMENTADOR INTELIGENTE - IZZY 500 127V 50-60HZ SEM CREMALHEIRA;402028;BUCHA PLASTICA N10;4,0;0,0;0,0;0,0;0,0;68,0;68,0;68,0;68,0;68,0
2006055;CONJ. MOVIMENTADOR INTELIGENTE - IZZY 500 127V 50-60HZ SEM CREMALHEIRA;403032;MOLA DE DESTRAVAMENTO DESLIZANTE;1,0;0,0;0,0;0,0;0,0;17,0;17,0;17,0;17,0;17,0
2006055;CONJ. MOVIMENTADOR INTELIGENTE - IZZY 500 127V 50-60HZ SEM CREMALHEIRA;510027;INLUB GRAX MP 2/TI;0,034;0,0;0,0;0,0;0,0;0,58;0,58;0,58;0,58;0,58
2006055;CONJ. MOVIMENTADOR INTELIGENTE - IZZY 500 127V 50-60HZ SEM CREMALHEIRA;512004;CONJUNTO ESTATOR E ROTOR AGL DESL P28 1/4 cv 04 42Z 127V 60Hz;1,0;0,0;0,0;0,0;0,0;17,0;17,0;17,0;17,0;17,0
2006055;CONJ. MOVIMENTADOR INTELIGENTE - IZZY 500 127V 50-60HZ SEM CREMALHEIRA;701154;EIXO MOTOR DESLIZANTE - BRUTO;1,0;0,0;0,0;0,0;0,0;17,0;17,0;17,0;17,0;17,0
2006055;CONJ. MOVIMENTADOR INTELIGENTE - IZZY 500 127V 50-60HZ SEM CREMALHEIRA;802036;PARTE DE FECHADURAS - CILINDRO COM CHAVE PARA MOTOR - CYLINDER;1,0;0,0;0,0;0,0;0,0;17,0;17,0;17,0;17,0;17,0
2006055;CONJ. MOVIMENTADOR INTELIGENTE - IZZY 500 127V 50-60HZ SEM CREMALHEIRA;804247;BASE DA CENTRAL DESLIZANTE;1,0;0,0;0,0;0,0;0,0;17,0;17,0;17,0;17,0;17,0
2006055;CONJ. MOVIMENTADOR INTELIGENTE - IZZY 500 127V 50-60HZ SEM CREMALHEIRA;804248;TAMPA DA CENTRAL DESLIZANTE;1,0;0,0;0,0;0,0;0,0;17,0;17,0;17,0;17,0;17,0
2006055;CONJ. MOVIMENTADOR INTELIGENTE - IZZY 500 127V 50-60HZ SEM CREMALHEIRA;804261;BASE SUPERIOR NYLON DO MOTOR DESLIZANTE C/ ENCODER;1,0;0,0;0,0;0,0;0,0;17,0;17,0;17,0;17,0;17,0
2006055;CONJ. MOVIMENTADOR INTELIGENTE - IZZY 500 127V 50-60HZ SEM CREMALHEIRA;804542;BASE INFERIOR PP MOTORES DESLIZANTES;1,0;0,0;0,0;0,0;0,0;17,0;17,0;17,0;17,0;17,0
2006055;CONJ. MOVIMENTADOR INTELIGENTE - IZZY 500 127V 50-60HZ SEM CREMALHEIRA;811040;MANUAL DE INSTALAÇÃO LINHA IZZY QR CODE BILINGUE;1,0;0,0;0,0;0,0;0,0;17,0;17,0;17,0;17,0;17,0
2006055;CONJ. MOVIMENTADOR INTELIGENTE - IZZY 500 127V 50-60HZ SEM CREMALHEIRA;811104;GABARITO DE INSTALAÇÃO LINHA TRINO;1,0;0,0;0,0;0,0;0,0;17,0;17,0;17,0;17,0;17,0
2006055;CONJ. MOVIMENTADOR INTELIGENTE - IZZY 500 127V 50-60HZ SEM CREMALHEIRA;811306;ETIQUETA ADES. COUCHE 100MM X 80MM X 01 CAR;1,0;0,0;0,0;0,0;0,0;17,0;17,0;17,0;17,0;17,0
2006055;CONJ. MOVIMENTADOR INTELIGENTE - IZZY 500 127V 50-60HZ SEM CREMALHEIRA;811311;ETIQUETA ADES. BOPP FOSCO C/DFAM 50MM X 25MM X 02 CAR;1,0;0,0;0,0;0,0;0,0;17,0;17,0;17,0;17,0;17,0
2006055;CONJ. MOVIMENTADOR INTELIGENTE - IZZY 500 127V 50-60HZ SEM CREMALHEIRA;811541;SACO PLASTICO TRANSPARENTE 30CM X 15CM;1,0;0,0;0,0;0,0;0,0;17,0;17,0;17,0;17,0;17,0
2006055;CONJ. MOVIMENTADOR INTELIGENTE - IZZY 500 127V 50-60HZ SEM CREMALHEIRA;811921;CAIXA PARDA MOTOR DESLIZANTE AGL ( MEIA ABA REFORÇADA);1,0;0,0;0,0;0,0;0,0;17,0;17,0;17,0;17,0;17,0
2006055;CONJ. MOVIMENTADOR INTELIGENTE - IZZY 500 127V 50-60HZ SEM CREMALHEIRA;813009;ALAVANCA PARA DESTRAVAMENTO MANUAL;1,0;0,0;0,0;0,0;0,0;17,0;17,0;17,0;17,0;17,0
2006055;CONJ. MOVIMENTADOR INTELIGENTE - IZZY 500 127V 50-60HZ SEM CREMALHEIRA;813014;LINGUETA DO CILINDRO DA ALAVANCA DE DESTRAVAMENTO MANUAL DZ ZI;1,0;0,0;0,0;0,0;0,0;17,0;17,0;17,0;17,0;17,0
2006055;CONJ. MOVIMENTADOR INTELIGENTE - IZZY 500 127V 50-60HZ SEM CREMALHEIRA;813037;ENGRENAGEM EXTERNA MOTOR 17 DENTES;1,0;0,0;0,0;0,0;0,0;17,0;17,0;17,0;17,0;17,0
2006055;CONJ. MOVIMENTADOR INTELIGENTE - IZZY 500 127V 50-60HZ SEM CREMALHEIRA;813094;ENGRENAGEM INTERNA DE 1 ENTRADA DZ E NEWBV;1,0;0,0;0,0;0,0;0,0;17,0;17,0;17,0;17,0;17,0
2006055;CONJ. MOVIMENTADOR INTELIGENTE - IZZY 500 127V 50-60HZ SEM CREMALHEIRA;813144;SUPORTE DO IMA DE FIM DE CURSO DESLIZANTE;2,0;0,0;0,0;0,0;0,0;34,0;34,0;34,0;34,0;34,0
2006055;CONJ. MOVIMENTADOR INTELIGENTE - IZZY 500 127V 50-60HZ SEM CREMALHEIRA;813173;ARRUELA 1,2MM EIXO DESLIZANTE;1,0;0,0;0,0;0,0;0,0;17,0;17,0;17,0;17,0;17,0
2006055;CONJ. MOVIMENTADOR INTELIGENTE - IZZY 500 127V 50-60HZ SEM CREMALHEIRA;813235;BUCHA DO EIXO DESLIZANTE SEXTAVADA;2,0;0,0;0,0;0,0;0,0;34,0;34,0;34,0;34,0;34,0
2006055;CONJ. MOVIMENTADOR INTELIGENTE - IZZY 500 127V 50-60HZ SEM CREMALHEIRA;813237;PINO DESTRAVAMENTO TRINO;1,0;0,0;0,0;0,0;0,0;17,0;17,0;17,0;17,0;17,0
2006055;CONJ. MOVIMENTADOR INTELIGENTE - IZZY 500 127V 50-60HZ SEM CREMALHEIRA;813248;TAMPA PROTEÇÃO DO MOTOR - GRAFITE;1,0;0,0;0,0;0,0;0,0;17,0;17,0;17,0;17,0;17,0
2006055;CONJ. MOVIMENTADOR INTELIGENTE - IZZY 500 127V 50-60HZ SEM CREMALHEIRA;813251;SEM FIM DE UMA ENTRADA ALUMÍNIO TR LIGTH/ TR300/ TR500;1,0;0,0;0,0;0,0;0,0;17,0;17,0;17,0;17,0;17,0
2006055;CONJ. MOVIMENTADOR INTELIGENTE - IZZY 500 127V 50-60HZ SEM CREMALHEIRA;813331;SUPORTE DE INSTALAÇÃO DO IMÃ DZ;2,0;0,0;0,0;0,0;0,0;34,0;34,0;34,0;34,0;34,0
2006055;CONJ. MOVIMENTADOR INTELIGENTE - IZZY 500 127V 50-60HZ SEM CREMALHEIRA;813409;TAMPÃO DO ENGRENAGEM EXTERNA MOTORES DZ;1,0;0,0;0,0;0,0;0,0;17,0;17,0;17,0;17,0;17,0
2006055;CONJ. MOVIMENTADOR INTELIGENTE - IZZY 500 127V 50-60HZ SEM CREMALHEIRA;813410;BUCHA DE CENTRAGEM DO EIXO DO ROTOR DZ;1,0;0,0;0,0;0,0;0,0;17,0;17,0;17,0;17,0;17,0
2006055;CONJ. MOVIMENTADOR INTELIGENTE - IZZY 500 127V 50-60HZ SEM CREMALHEIRA;813455;SENSOR DE FIM DE CURSO REED DESLIZANTE;1,0;0,0;0,0;0,0;0,0;17,0;17,0;17,0;17,0;17,0
2006055;CONJ. MOVIMENTADOR INTELIGENTE - IZZY 500 127V 50-60HZ SEM CREMALHEIRA;813507;CASE DE PROTEÇÃO DO MÓDULO WIFI IZZY;1,0;0,0;0,0;0,0;0,0;17,0;17,0;17,0;17,0;17,0
2006055;CONJ. MOVIMENTADOR INTELIGENTE - IZZY 500 127V 50-60HZ SEM CREMALHEIRA;813522;CHAVETA QUADRADA 8MMX33,4MM;1,0;0,0;0,0;0,0;0,0;17,0;17,0;17,0;17,0;17,0
2006055;CONJ. MOVIMENTADOR INTELIGENTE - IZZY 500 127V 50-60HZ SEM CREMALHEIRA;911079;PLACA REVISADA DO MODULO WIFI/BLUETOOTH CENTRAL IZZY;1,0;0,0;0,0;0,0;0,0;17,0;17,0;17,0;17,0;17,0
2006055;CONJ. MOVIMENTADOR INTELIGENTE - IZZY 500 127V 50-60HZ SEM CREMALHEIRA;911127;PLACA REVISADA NOVA CENTRAL IZZY;1,0;0,0;0,0;0,0;0,0;17,0;17,0;17,0;17,0;17,0
2006055;CONJ. MOVIMENTADOR INTELIGENTE - IZZY 500 127V 50-60HZ SEM CREMALHEIRA;105069;FITA EMPACT. 50MT X 48MM ACRI;0,02;0,0;0,0;0,0;0,0;0,34;0,34;0,34;0,34;0,34
2001178;CONJ. MOVIMENTADOR TRINO 300 220V 50-60HZ SEM CREMALHEIRA COM  B. ALUMINIUM;100802;TRANSMISSOR 433MHZ REMOTE - MODELO: AGL-E2  (DIGITAL KEY 6P20 BLACK);2,0;0,0;0,0;0,0;0,0;30,0;30,0;30,0;30,0;30,0
2001178;CONJ. MOVIMENTADOR TRINO 300 220V 50-60HZ SEM CREMALHEIRA COM  B. ALUMINIUM;103064;CONECTOR FÊMEA EC601V-5.08-3P GREEN BAG/BULK (EC601V-5.08-3P);1,0;0,0;0,0;0,0;0,0;15,0;15,0;15,0;15,0;15,0
2001178;CONJ. MOVIMENTADOR TRINO 300 220V 50-60HZ SEM CREMALHEIRA COM  B. ALUMINIUM;208003;IMÃ DE FERRITE - B40X20X10MM;2,0;0,0;0,0;0,0;0,0;30,0;30,0;30,0;30,0;30,0
2001178;CONJ. MOVIMENTADOR TRINO 300 220V 50-60HZ SEM CREMALHEIRA COM  B. ALUMINIUM;401007;PARAFUSO 4.8 X 13 A/A PN. PH - ZI;2,0;0,0;0,0;0,0;0,0;30,0;30,0;30,0;30,0;30,0
2001178;CONJ. MOVIMENTADOR TRINO 300 220V 50-60HZ SEM CREMALHEIRA COM  B. ALUMINIUM;401068;ARRUELA LISA 1/4 FE ZI;4,0;0,0;0,0;0,0;0,0;60,0;60,0;60,0;60,0;60,0
2001178;CONJ. MOVIMENTADOR TRINO 300 220V 50-60HZ SEM CREMALHEIRA COM  B. ALUMINIUM;401108;PARAFUSO PLASTIC PAN PHS 5 X 25MM ZI;4,0;0,0;0,0;0,0;0,0;60,0;60,0;60,0;60,0;60,0
2001178;CONJ. MOVIMENTADOR TRINO 300 220V 50-60HZ SEM CREMALHEIRA COM  B. ALUMINIUM;401156;PARAFUSO MAD SX 1/4 X 70MM ZI;4,0;0,0;0,0;0,0;0,0;60,0;60,0;60,0;60,0;60,0
2001178;CONJ. MOVIMENTADOR TRINO 300 220V 50-60HZ SEM CREMALHEIRA COM  B. ALUMINIUM;401162;PARAFUSO PAN ZBR P/ CHAVE TORX M5 X 25MM T25;6,0;0,0;0,0;0,0;0,0;90,0;90,0;90,0;90,0;90,0
2001178;CONJ. MOVIMENTADOR TRINO 300 220V 50-60HZ SEM CREMALHEIRA COM  B. ALUMINIUM;401169;PF JMP PAN PHS 3,5X14MM ZI;2,0;0,0;0,0;0,0;0,0;30,0;30,0;30,0;30,0;30,0
2001178;CONJ. MOVIMENTADOR TRINO 300 220V 50-60HZ SEM CREMALHEIRA COM  B. ALUMINIUM;401207;PF A/A JMC DRILL FL PHS C/ SERRILHA PTA BROCA 4,2X13MM ZI;4,0;0,0;0,0;0,0;0,0;60,0;60,0;60,0;60,0;60,0
2001178;CONJ. MOVIMENTADOR TRINO 300 220V 50-60HZ SEM CREMALHEIRA COM  B. ALUMINIUM;402012;ANEL ELÁSTICO E-20;3,0;0,0;0,0;0,0;0,0;45,0;45,0;45,0;45,0;45,0
2001178;CONJ. MOVIMENTADOR TRINO 300 220V 50-60HZ SEM CREMALHEIRA COM  B. ALUMINIUM;402019;PINO ELÁSTICO 4 X 24MM;1,0;0,0;0,0;0,0;0,0;15,0;15,0;15,0;15,0;15,0
2001178;CONJ. MOVIMENTADOR TRINO 300 220V 50-60HZ SEM CREMALHEIRA COM  B. ALUMINIUM;402028;BUCHA PLASTICA N10;4,0;0,0;0,0;0,0;0,0;60,0;60,0;60,0;60,0;60,0
2001178;CONJ. MOVIMENTADOR TRINO 300 220V 50-60HZ SEM CREMALHEIRA COM  B. ALUMINIUM;403032;MOLA DE DESTRAVAMENTO DESLIZANTE;1,0;0,0;0,0;0,0;0,0;15,0;15,0;15,0;15,0;15,0
2001178;CONJ. MOVIMENTADOR TRINO 300 220V 50-60HZ SEM CREMALHEIRA COM  B. ALUMINIUM;510027;INLUB GRAX MP 2/TI;0,034;0,0;0,0;0,0;0,0;0,51;0,51;0,51;0,51;0,51
2001178;CONJ. MOVIMENTADOR TRINO 300 220V 50-60HZ SEM CREMALHEIRA COM  B. ALUMINIUM;512002;CONJUNTO ESTATOR E ROTOR AGL DESL P17 1/7 cv 04 42Z 220V 60HZ;1,0;0,0;0,0;0,0;0,0;15,0;15,0;15,0;15,0;15,0
2001178;CONJ. MOVIMENTADOR TRINO 300 220V 50-60HZ SEM CREMALHEIRA COM  B. ALUMINIUM;701154;EIXO MOTOR DESLIZANTE - BRUTO;1,0;0,0;0,0;0,0;0,0;15,0;15,0;15,0;15,0;15,0
2001178;CONJ. MOVIMENTADOR TRINO 300 220V 50-60HZ SEM CREMALHEIRA COM  B. ALUMINIUM;801132;ARGOLA DA CHAVE;1,0;0,0;0,0;0,0;0,0;15,0;15,0;15,0;15,0;15,0
2001178;CONJ. MOVIMENTADOR TRINO 300 220V 50-60HZ SEM CREMALHEIRA COM  B. ALUMINIUM;804246;BASE SUPERIOR NYLON DO MOTOR DESLIZANTE;1,0;0,0;0,0;0,0;0,0;15,0;15,0;15,0;15,0;15,0
2001178;CONJ. MOVIMENTADOR TRINO 300 220V 50-60HZ SEM CREMALHEIRA COM  B. ALUMINIUM;804247;BASE DA CENTRAL DESLIZANTE;1,0;0,0;0,0;0,0;0,0;15,0;15,0;15,0;15,0;15,0
2001178;CONJ. MOVIMENTADOR TRINO 300 220V 50-60HZ SEM CREMALHEIRA COM  B. ALUMINIUM;804248;TAMPA DA CENTRAL DESLIZANTE;1,0;0,0;0,0;0,0;0,0;15,0;15,0;15,0;15,0;15,0
2001178;CONJ. MOVIMENTADOR TRINO 300 220V 50-60HZ SEM CREMALHEIRA COM  B. ALUMINIUM;811122;MANUAL P / AUTOMATIZADOR DZ/BV/NEW BV CENTRAL FLEX/LIGHT EM PORTUGUÊS;1,0;0,0;0,0;0,0;0,0;15,0;15,0;15,0;15,0;15,0
2001178;CONJ. MOVIMENTADOR TRINO 300 220V 50-60HZ SEM CREMALHEIRA COM  B. ALUMINIUM;811306;ETIQUETA ADES. COUCHE 100MM X 80MM X 01 CAR;1,0;0,0;0,0;0,0;0,0;15,0;15,0;15,0;15,0;15,0
2001178;CONJ. MOVIMENTADOR TRINO 300 220V 50-60HZ SEM CREMALHEIRA COM  B. ALUMINIUM;811311;ETIQUETA ADES. BOPP FOSCO C/DFAM 50MM X 25MM X 02 CAR;1,0;0,0;0,0;0,0;0,0;15,0;15,0;15,0;15,0;15,0
2001178;CONJ. MOVIMENTADOR TRINO 300 220V 50-60HZ SEM CREMALHEIRA COM  B. ALUMINIUM;811541;SACO PLASTICO TRANSPARENTE 30CM X 15CM;1,0;0,0;0,0;0,0;0,0;15,0;15,0;15,0;15,0;15,0
2001178;CONJ. MOVIMENTADOR TRINO 300 220V 50-60HZ SEM CREMALHEIRA COM  B. ALUMINIUM;811921;CAIXA PARDA MOTOR DESLIZANTE AGL ( MEIA ABA REFORÇADA);1,0;0,0;0,0;0,0;0,0;15,0;15,0;15,0;15,0;15,0
2001178;CONJ. MOVIMENTADOR TRINO 300 220V 50-60HZ SEM CREMALHEIRA COM  B. ALUMINIUM;813009;ALAVANCA PARA DESTRAVAMENTO MANUAL;1,0;0,0;0,0;0,0;0,0;15,0;15,0;15,0;15,0;15,0
2001178;CONJ. MOVIMENTADOR TRINO 300 220V 50-60HZ SEM CREMALHEIRA COM  B. ALUMINIUM;813014;LINGUETA DO CILINDRO DA ALAVANCA DE DESTRAVAMENTO MANUAL DZ ZI;1,0;0,0;0,0;0,0;0,0;15,0;15,0;15,0;15,0;15,0
2001178;CONJ. MOVIMENTADOR TRINO 300 220V 50-60HZ SEM CREMALHEIRA COM  B. ALUMINIUM;813024;TAMPA PROTEÇÃO DO MOTOR - PRETA;1,0;0,0;0,0;0,0;0,0;15,0;15,0;15,0;15,0;15,0
2001178;CONJ. MOVIMENTADOR TRINO 300 220V 50-60HZ SEM CREMALHEIRA COM  B. ALUMINIUM;813037;ENGRENAGEM EXTERNA MOTOR 17 DENTES;1,0;0,0;0,0;0,0;0,0;15,0;15,0;15,0;15,0;15,0
2001178;CONJ. MOVIMENTADOR TRINO 300 220V 50-60HZ SEM CREMALHEIRA COM  B. ALUMINIUM;813144;SUPORTE DO IMA DE FIM DE CURSO DESLIZANTE;2,0;0,0;0,0;0,0;0,0;30,0;30,0;30,0;30,0;30,0
2001178;CONJ. MOVIMENTADOR TRINO 300 220V 50-60HZ SEM CREMALHEIRA COM  B. ALUMINIUM;813173;ARRUELA 1,2MM EIXO DESLIZANTE;1,0;0,0;0,0;0,0;0,0;15,0;15,0;15,0;15,0;15,0
2001178;CONJ. MOVIMENTADOR TRINO 300 220V 50-60HZ SEM CREMALHEIRA COM  B. ALUMINIUM;813199;BASE DE ALUMÍNIO MOTORES DESLIZANTES;1,0;0,0;0,0;0,0;0,0;15,0;15,0;15,0;15,0;15,0
2001178;CONJ. MOVIMENTADOR TRINO 300 220V 50-60HZ SEM CREMALHEIRA COM  B. ALUMINIUM;813235;BUCHA DO EIXO DESLIZANTE SEXTAVADA;2,0;0,0;0,0;0,0;0,0;30,0;30,0;30,0;30,0;30,0
2001178;CONJ. MOVIMENTADOR TRINO 300 220V 50-60HZ SEM CREMALHEIRA COM  B. ALUMINIUM;813237;PINO DESTRAVAMENTO TRINO;1,0;0,0;0,0;0,0;0,0;15,0;15,0;15,0;15,0;15,0
2001178;CONJ. MOVIMENTADOR TRINO 300 220V 50-60HZ SEM CREMALHEIRA COM  B. ALUMINIUM;813249;CILINDRO MOTOR DESLIZANTE NYLON;1,0;0,0;0,0;0,0;0,0;15,0;15,0;15,0;15,0;15,0
2001178;CONJ. MOVIMENTADOR TRINO 300 220V 50-60HZ SEM CREMALHEIRA COM  B. ALUMINIUM;813250;CHAVE CILINDRO MOTOR DESLIZANTE NYLON (MODELO NOVO);2,0;0,0;0,0;0,0;0,0;30,0;30,0;30,0;30,0;30,0
2001178;CONJ. MOVIMENTADOR TRINO 300 220V 50-60HZ SEM CREMALHEIRA COM  B. ALUMINIUM;813251;SEM FIM DE UMA ENTRADA ALUMÍNIO TR LIGTH/ TR300/ TR500;1,0;0,0;0,0;0,0;0,0;15,0;15,0;15,0;15,0;15,0
2001178;CONJ. MOVIMENTADOR TRINO 300 220V 50-60HZ SEM CREMALHEIRA COM  B. ALUMINIUM;813289;ENGRENAGEM INTERNA DE 1 ENTRADA DZ E NEWBV SEM IMÃ;1,0;0,0;0,0;0,0;0,0;15,0;15,0;15,0;15,0;15,0
2001178;CONJ. MOVIMENTADOR TRINO 300 220V 50-60HZ SEM CREMALHEIRA COM  B. ALUMINIUM;813293;MIOLO DO CILINDRO NYLON MOTOR DESLIZANTE;1,0;0,0;0,0;0,0;0,0;15,0;15,0;15,0;15,0;15,0
2001178;CONJ. MOVIMENTADOR TRINO 300 220V 50-60HZ SEM CREMALHEIRA COM  B. ALUMINIUM;813294;PORCA DO CILINDRO NYLON MOTOR DESLIZANTE;1,0;0,0;0,0;0,0;0,0;15,0;15,0;15,0;15,0;15,0
2001178;CONJ. MOVIMENTADOR TRINO 300 220V 50-60HZ SEM CREMALHEIRA COM  B. ALUMINIUM;813331;SUPORTE DE INSTALAÇÃO DO IMÃ DZ;2,0;0,0;0,0;0,0;0,0;30,0;30,0;30,0;30,0;30,0
2001178;CONJ. MOVIMENTADOR TRINO 300 220V 50-60HZ SEM CREMALHEIRA COM  B. ALUMINIUM;813409;TAMPÃO DO ENGRENAGEM EXTERNA MOTORES DZ;1,0;0,0;0,0;0,0;0,0;15,0;15,0;15,0;15,0;15,0
2001178;CONJ. MOVIMENTADOR TRINO 300 220V 50-60HZ SEM CREMALHEIRA COM  B. ALUMINIUM;813410;BUCHA DE CENTRAGEM DO EIXO DO ROTOR DZ;1,0;0,0;0,0;0,0;0,0;15,0;15,0;15,0;15,0;15,0
2001178;CONJ. MOVIMENTADOR TRINO 300 220V 50-60HZ SEM CREMALHEIRA COM  B. ALUMINIUM;813455;SENSOR DE FIM DE CURSO REED DESLIZANTE;1,0;0,0;0,0;0,0;0,0;15,0;15,0;15,0;15,0;15,0
2001178;CONJ. MOVIMENTADOR TRINO 300 220V 50-60HZ SEM CREMALHEIRA COM  B. ALUMINIUM;813522;CHAVETA QUADRADA 8MMX33,4MM;1,0;0,0;0,0;0,0;0,0;15,0;15,0;15,0;15,0;15,0
2001178;CONJ. MOVIMENTADOR TRINO 300 220V 50-60HZ SEM CREMALHEIRA COM  B. ALUMINIUM;911080;PLACA REVISADA CENTRAL FLEX;1,0;0,0;0,0;0,0;0,0;15,0;15,0;15,0;15,0;15,0
2001178;CONJ. MOVIMENTADOR TRINO 300 220V 50-60HZ SEM CREMALHEIRA COM  B. ALUMINIUM;105069;FITA EMPACT. 50MT X 48MM ACRI;0,02;0,0;0,0;0,0;0,0;0,3;0,3;0,3;0,3;0,3
2001178;CONJ. MOVIMENTADOR TRINO 300 220V 50-60HZ SEM CREMALHEIRA COM  B. ALUMINIUM;101306;CAPAC. FIXO C/DIEL. DE POLIP. BIOR. P/MOTORES CMRW CANECA PLASTICA 15uf 250V 50;1,0;0,0;0,0;0,0;0,0;15,0;15,0;15,0;15,0;15,0
2005731;KIT PARA PORTA SOCIAL DZ (SEM OS PERFIS DE ALUM);998926;SISTEMA AUTOMATIZADO PARA PORTAS DESLIZANTES MARCA MANNERS;1,0;0,0;0,0;0,0;0,0;8,0;12,0;16,0;16,0;16,0
2005731;KIT PARA PORTA SOCIAL DZ (SEM OS PERFIS DE ALUM);811306;ETIQUETA ADES. COUCHE 100MM X 80MM X 01 CAR;1,0;0,0;0,0;0,0;0,0;8,0;12,0;16,0;16,0;16,0
2001279;CONJ. MOVIMENTADOR DZ BRABUS SPEED 500 B. ALUMINIUM 220V 50-60HZ SEM CREMALH.;100802;TRANSMISSOR 433MHZ REMOTE - MODELO: AGL-E2  (DIGITAL KEY 6P20 BLACK);2,0;0,0;0,0;0,0;0,0;14,0;14,0;14,0;14,0;14,0
2001279;CONJ. MOVIMENTADOR DZ BRABUS SPEED 500 B. ALUMINIUM 220V 50-60HZ SEM CREMALH.;101307;CAPACITOR FIXO C/DIELETRICO DE POLIPROPILENO BIORIENTADO P/MOTORES CMRW CANECA PLASTICA 20uf 250V 50;1,0;0,0;0,0;0,0;0,0;7,0;7,0;7,0;7,0;7,0
2001279;CONJ. MOVIMENTADOR DZ BRABUS SPEED 500 B. ALUMINIUM 220V 50-60HZ SEM CREMALH.;103064;CONECTOR FÊMEA EC601V-5.08-3P GREEN BAG/BULK (EC601V-5.08-3P);1,0;0,0;0,0;0,0;0,0;7,0;7,0;7,0;7,0;7,0
2001279;CONJ. MOVIMENTADOR DZ BRABUS SPEED 500 B. ALUMINIUM 220V 50-60HZ SEM CREMALH.;208003;IMÃ DE FERRITE - B40X20X10MM;2,0;0,0;0,0;0,0;0,0;14,0;14,0;14,0;14,0;14,0
2001279;CONJ. MOVIMENTADOR DZ BRABUS SPEED 500 B. ALUMINIUM 220V 50-60HZ SEM CREMALH.;401007;PARAFUSO 4.8 X 13 A/A PN. PH - ZI;2,0;0,0;0,0;0,0;0,0;14,0;14,0;14,0;14,0;14,0
2001279;CONJ. MOVIMENTADOR DZ BRABUS SPEED 500 B. ALUMINIUM 220V 50-60HZ SEM CREMALH.;401014;PARAFUSO 2.9 X 6.5 A/A PAN PHS ZI;4,0;0,0;0,0;0,0;0,0;28,0;28,0;28,0;28,0;28,0
2001279;CONJ. MOVIMENTADOR DZ BRABUS SPEED 500 B. ALUMINIUM 220V 50-60HZ SEM CREMALH.;401068;ARRUELA LISA 1/4 FE ZI;4,0;0,0;0,0;0,0;0,0;28,0;28,0;28,0;28,0;28,0
2001279;CONJ. MOVIMENTADOR DZ BRABUS SPEED 500 B. ALUMINIUM 220V 50-60HZ SEM CREMALH.;401108;PARAFUSO PLASTIC PAN PHS 5 X 25MM ZI;4,0;0,0;0,0;0,0;0,0;28,0;28,0;28,0;28,0;28,0
2001279;CONJ. MOVIMENTADOR DZ BRABUS SPEED 500 B. ALUMINIUM 220V 50-60HZ SEM CREMALH.;401121;ABRAÇADEIRA UV PRETA 202X3,7;1,0;0,0;0,0;0,0;0,0;7,0;7,0;7,0;7,0;7,0
2001279;CONJ. MOVIMENTADOR DZ BRABUS SPEED 500 B. ALUMINIUM 220V 50-60HZ SEM CREMALH.;401143;ABRAÇADEIRA UV PRETA 100 X 2,5;1,0;0,0;0,0;0,0;0,0;7,0;7,0;7,0;7,0;7,0
2001279;CONJ. MOVIMENTADOR DZ BRABUS SPEED 500 B. ALUMINIUM 220V 50-60HZ SEM CREMALH.;401156;PARAFUSO MAD SX 1/4 X 70MM ZI;4,0;0,0;0,0;0,0;0,0;28,0;28,0;28,0;28,0;28,0
2001279;CONJ. MOVIMENTADOR DZ BRABUS SPEED 500 B. ALUMINIUM 220V 50-60HZ SEM CREMALH.;401162;PARAFUSO PAN ZBR P/ CHAVE TORX M5 X 25MM T25;6,0;0,0;0,0;0,0;0,0;42,0;42,0;42,0;42,0;42,0
2001279;CONJ. MOVIMENTADOR DZ BRABUS SPEED 500 B. ALUMINIUM 220V 50-60HZ SEM CREMALH.;401169;PF JMP PAN PHS 3,5X14MM ZI;2,0;0,0;0,0;0,0;0,0;14,0;14,0;14,0;14,0;14,0
2001279;CONJ. MOVIMENTADOR DZ BRABUS SPEED 500 B. ALUMINIUM 220V 50-60HZ SEM CREMALH.;401207;PF A/A JMC DRILL FL PHS C/ SERRILHA PTA BROCA 4,2X13MM ZI;4,0;0,0;0,0;0,0;0,0;28,0;28,0;28,0;28,0;28,0
2001279;CONJ. MOVIMENTADOR DZ BRABUS SPEED 500 B. ALUMINIUM 220V 50-60HZ SEM CREMALH.;402012;ANEL ELÁSTICO E-20;3,0;0,0;0,0;0,0;0,0;21,0;21,0;21,0;21,0;21,0
2001279;CONJ. MOVIMENTADOR DZ BRABUS SPEED 500 B. ALUMINIUM 220V 50-60HZ SEM CREMALH.;402015;ANEL ELÁSTICO E12;4,0;0,0;0,0;0,0;0,0;28,0;28,0;28,0;28,0;28,0
2001279;CONJ. MOVIMENTADOR DZ BRABUS SPEED 500 B. ALUMINIUM 220V 50-60HZ SEM CREMALH.;402019;PINO ELÁSTICO 4 X 24MM;1,0;0,0;0,0;0,0;0,0;7,0;7,0;7,0;7,0;7,0
2001279;CONJ. MOVIMENTADOR DZ BRABUS SPEED 500 B. ALUMINIUM 220V 50-60HZ SEM CREMALH.;402028;BUCHA PLASTICA N10;4,0;0,0;0,0;0,0;0,0;28,0;28,0;28,0;28,0;28,0
2001279;CONJ. MOVIMENTADOR DZ BRABUS SPEED 500 B. ALUMINIUM 220V 50-60HZ SEM CREMALH.;403032;MOLA DE DESTRAVAMENTO DESLIZANTE;1,0;0,0;0,0;0,0;0,0;7,0;7,0;7,0;7,0;7,0
2001279;CONJ. MOVIMENTADOR DZ BRABUS SPEED 500 B. ALUMINIUM 220V 50-60HZ SEM CREMALH.;510027;INLUB GRAX MP 2/TI;0,034;0,0;0,0;0,0;0,0;0,24;0,24;0,24;0,24;0,24
2001279;CONJ. MOVIMENTADOR DZ BRABUS SPEED 500 B. ALUMINIUM 220V 50-60HZ SEM CREMALH.;512014;CONJUNTO ESTATOR E ROTOR AGL DESL P28 2P 220V 60HZ;1,0;0,0;0,0;0,0;0,0;7,0;7,0;7,0;7,0;7,0
2001279;CONJ. MOVIMENTADOR DZ BRABUS SPEED 500 B. ALUMINIUM 220V 50-60HZ SEM CREMALH.;701154;EIXO MOTOR DESLIZANTE - BRUTO;1,0;0,0;0,0;0,0;0,0;7,0;7,0;7,0;7,0;7,0
2001279;CONJ. MOVIMENTADOR DZ BRABUS SPEED 500 B. ALUMINIUM 220V 50-60HZ SEM CREMALH.;802036;PARTE DE FECHADURAS - CILINDRO COM CHAVE PARA MOTOR - CYLINDER;1,0;0,0;0,0;0,0;0,0;7,0;7,0;7,0;7,0;7,0
2001279;CONJ. MOVIMENTADOR DZ BRABUS SPEED 500 B. ALUMINIUM 220V 50-60HZ SEM CREMALH.;804247;BASE DA CENTRAL DESLIZANTE;1,0;0,0;0,0;0,0;0,0;7,0;7,0;7,0;7,0;7,0
2001279;CONJ. MOVIMENTADOR DZ BRABUS SPEED 500 B. ALUMINIUM 220V 50-60HZ SEM CREMALH.;804248;TAMPA DA CENTRAL DESLIZANTE;1,0;0,0;0,0;0,0;0,0;7,0;7,0;7,0;7,0;7,0
2001279;CONJ. MOVIMENTADOR DZ BRABUS SPEED 500 B. ALUMINIUM 220V 50-60HZ SEM CREMALH.;804261;BASE SUPERIOR NYLON DO MOTOR DESLIZANTE C/ ENCODER;1,0;0,0;0,0;0,0;0,0;7,0;7,0;7,0;7,0;7,0
2001279;CONJ. MOVIMENTADOR DZ BRABUS SPEED 500 B. ALUMINIUM 220V 50-60HZ SEM CREMALH.;811032;MANUAL DE INSTALAÇÃO LINHA DESLIZANTE BRABUS SEM LOGO BILÍNGUE (CENTRAL FX BRABUS);1,0;0,0;0,0;0,0;0,0;7,0;7,0;7,0;7,0;7,0
2001279;CONJ. MOVIMENTADOR DZ BRABUS SPEED 500 B. ALUMINIUM 220V 50-60HZ SEM CREMALH.;811306;ETIQUETA ADES. COUCHE 100MM X 80MM X 01 CAR;1,0;0,0;0,0;0,0;0,0;7,0;7,0;7,0;7,0;7,0
2001279;CONJ. MOVIMENTADOR DZ BRABUS SPEED 500 B. ALUMINIUM 220V 50-60HZ SEM CREMALH.;811311;ETIQUETA ADES. BOPP FOSCO C/DFAM 50MM X 25MM X 02 CAR;1,0;0,0;0,0;0,0;0,0;7,0;7,0;7,0;7,0;7,0
2001279;CONJ. MOVIMENTADOR DZ BRABUS SPEED 500 B. ALUMINIUM 220V 50-60HZ SEM CREMALH.;811541;SACO PLASTICO TRANSPARENTE 30CM X 15CM;1,0;0,0;0,0;0,0;0,0;7,0;7,0;7,0;7,0;7,0
2001279;CONJ. MOVIMENTADOR DZ BRABUS SPEED 500 B. ALUMINIUM 220V 50-60HZ SEM CREMALH.;811921;CAIXA PARDA MOTOR DESLIZANTE AGL ( MEIA ABA REFORÇADA);1,0;0,0;0,0;0,0;0,0;7,0;7,0;7,0;7,0;7,0
2001279;CONJ. MOVIMENTADOR DZ BRABUS SPEED 500 B. ALUMINIUM 220V 50-60HZ SEM CREMALH.;813009;ALAVANCA PARA DESTRAVAMENTO MANUAL;1,0;0,0;0,0;0,0;0,0;7,0;7,0;7,0;7,0;7,0
2001279;CONJ. MOVIMENTADOR DZ BRABUS SPEED 500 B. ALUMINIUM 220V 50-60HZ SEM CREMALH.;813014;LINGUETA DO CILINDRO DA ALAVANCA DE DESTRAVAMENTO MANUAL DZ ZI;1,0;0,0;0,0;0,0;0,0;7,0;7,0;7,0;7,0;7,0
2001279;CONJ. MOVIMENTADOR DZ BRABUS SPEED 500 B. ALUMINIUM 220V 50-60HZ SEM CREMALH.;813024;TAMPA PROTEÇÃO DO MOTOR - PRETA;1,0;0,0;0,0;0,0;0,0;7,0;7,0;7,0;7,0;7,0
2001279;CONJ. MOVIMENTADOR DZ BRABUS SPEED 500 B. ALUMINIUM 220V 50-60HZ SEM CREMALH.;813025;VENTOINHA DOS MOTORES;1,0;0,0;0,0;0,0;0,0;7,0;7,0;7,0;7,0;7,0
2001279;CONJ. MOVIMENTADOR DZ BRABUS SPEED 500 B. ALUMINIUM 220V 50-60HZ SEM CREMALH.;813037;ENGRENAGEM EXTERNA MOTOR 17 DENTES;1,0;0,0;0,0;0,0;0,0;7,0;7,0;7,0;7,0;7,0
2001279;CONJ. MOVIMENTADOR DZ BRABUS SPEED 500 B. ALUMINIUM 220V 50-60HZ SEM CREMALH.;813039;VENEZIANA DOS MOTORES;1,0;0,0;0,0;0,0;0,0;7,0;7,0;7,0;7,0;7,0
2001279;CONJ. MOVIMENTADOR DZ BRABUS SPEED 500 B. ALUMINIUM 220V 50-60HZ SEM CREMALH.;813094;ENGRENAGEM INTERNA DE 1 ENTRADA DZ E NEWBV;1,0;0,0;0,0;0,0;0,0;7,0;7,0;7,0;7,0;7,0
2001279;CONJ. MOVIMENTADOR DZ BRABUS SPEED 500 B. ALUMINIUM 220V 50-60HZ SEM CREMALH.;813144;SUPORTE DO IMA DE FIM DE CURSO DESLIZANTE;2,0;0,0;0,0;0,0;0,0;14,0;14,0;14,0;14,0;14,0
2001279;CONJ. MOVIMENTADOR DZ BRABUS SPEED 500 B. ALUMINIUM 220V 50-60HZ SEM CREMALH.;813173;ARRUELA 1,2MM EIXO DESLIZANTE;1,0;0,0;0,0;0,0;0,0;7,0;7,0;7,0;7,0;7,0
2001279;CONJ. MOVIMENTADOR DZ BRABUS SPEED 500 B. ALUMINIUM 220V 50-60HZ SEM CREMALH.;813199;BASE DE ALUMÍNIO MOTORES DESLIZANTES;1,0;0,0;0,0;0,0;0,0;7,0;7,0;7,0;7,0;7,0
2001279;CONJ. MOVIMENTADOR DZ BRABUS SPEED 500 B. ALUMINIUM 220V 50-60HZ SEM CREMALH.;813235;BUCHA DO EIXO DESLIZANTE SEXTAVADA;2,0;0,0;0,0;0,0;0,0;14,0;14,0;14,0;14,0;14,0
2001279;CONJ. MOVIMENTADOR DZ BRABUS SPEED 500 B. ALUMINIUM 220V 50-60HZ SEM CREMALH.;813237;PINO DESTRAVAMENTO TRINO;1,0;0,0;0,0;0,0;0,0;7,0;7,0;7,0;7,0;7,0
2001279;CONJ. MOVIMENTADOR DZ BRABUS SPEED 500 B. ALUMINIUM 220V 50-60HZ SEM CREMALH.;813253;SEM FIM DE 1 ENTRADA AÇO;1,0;0,0;0,0;0,0;0,0;7,0;7,0;7,0;7,0;7,0
2001279;CONJ. MOVIMENTADOR DZ BRABUS SPEED 500 B. ALUMINIUM 220V 50-60HZ SEM CREMALH.;813331;SUPORTE DE INSTALAÇÃO DO IMÃ DZ;2,0;0,0;0,0;0,0;0,0;14,0;14,0;14,0;14,0;14,0
2001279;CONJ. MOVIMENTADOR DZ BRABUS SPEED 500 B. ALUMINIUM 220V 50-60HZ SEM CREMALH.;813409;TAMPÃO DO ENGRENAGEM EXTERNA MOTORES DZ;1,0;0,0;0,0;0,0;0,0;7,0;7,0;7,0;7,0;7,0
2001279;CONJ. MOVIMENTADOR DZ BRABUS SPEED 500 B. ALUMINIUM 220V 50-60HZ SEM CREMALH.;813410;BUCHA DE CENTRAGEM DO EIXO DO ROTOR DZ;1,0;0,0;0,0;0,0;0,0;7,0;7,0;7,0;7,0;7,0
2001279;CONJ. MOVIMENTADOR DZ BRABUS SPEED 500 B. ALUMINIUM 220V 50-60HZ SEM CREMALH.;813455;SENSOR DE FIM DE CURSO REED DESLIZANTE;1,0;0,0;0,0;0,0;0,0;7,0;7,0;7,0;7,0;7,0
2001279;CONJ. MOVIMENTADOR DZ BRABUS SPEED 500 B. ALUMINIUM 220V 50-60HZ SEM CREMALH.;813522;CHAVETA QUADRADA 8MMX33,4MM;1,0;0,0;0,0;0,0;0,0;7,0;7,0;7,0;7,0;7,0
2001279;CONJ. MOVIMENTADOR DZ BRABUS SPEED 500 B. ALUMINIUM 220V 50-60HZ SEM CREMALH.;911117;PLACA REVISADA FX BRABUS;1,0;0,0;0,0;0,0;0,0;7,0;7,0;7,0;7,0;7,0
2001279;CONJ. MOVIMENTADOR DZ BRABUS SPEED 500 B. ALUMINIUM 220V 50-60HZ SEM CREMALH.;105069;FITA EMPACT. 50MT X 48MM ACRI;0,02;0,0;0,0;0,0;0,0;0,14;0,14;0,14;0,14;0,14
2008508;ACIONAMENTO MOVIMENTADOR TRINO BV SPEED 2,0M;401164;PARAFUSO MQ UNC SX RI 1/4 X 1/2 ZI;4,0;0,0;0,0;0,0;0,0;8,0;8,0;8,0;8,0;8,0
2008508;ACIONAMENTO MOVIMENTADOR TRINO BV SPEED 2,0M;813623;FIM DE CURSO MECANICO DE ALUMÍNIO;2,0;0,0;0,0;0,0;0,0;4,0;4,0;4,0;4,0;4,0
2008508;ACIONAMENTO MOVIMENTADOR TRINO BV SPEED 2,0M;813186;FUSO P 7.5MM DE 2,0M E 5 ENTRADAS;1,0;0,0;0,0;0,0;0,0;2,0;2,0;2,0;2,0;2,0
2008508;ACIONAMENTO MOVIMENTADOR TRINO BV SPEED 2,0M;501084;GRAXA BRANCA SACHE 15G;1,0;0,0;0,0;0,0;0,0;2,0;2,0;2,0;2,0;2,0
2008508;ACIONAMENTO MOVIMENTADOR TRINO BV SPEED 2,0M;208004;IMÃ DE FERRITE - B20X13X5MM;2,0;0,0;0,0;0,0;0,0;4,0;4,0;4,0;4,0;4,0
2008508;ACIONAMENTO MOVIMENTADOR TRINO BV SPEED 2,0M;813048;MANCAL PERFIL SUPERIOR BV;1,0;0,0;0,0;0,0;0,0;2,0;2,0;2,0;2,0;2,0
2008508;ACIONAMENTO MOVIMENTADOR TRINO BV SPEED 2,0M;813400;PERFIL AL 2,0M SOL 7 STLF-0864 6063;1,0;0,0;0,0;0,0;0,0;2,0;2,0;2,0;2,0;2,0
2008508;ACIONAMENTO MOVIMENTADOR TRINO BV SPEED 2,0M;804554;CARTUCHO DA PORCA DE 5 ENTRADAS;1,0;0,0;0,0;0,0;0,0;2,0;2,0;2,0;2,0;2,0
2008508;ACIONAMENTO MOVIMENTADOR TRINO BV SPEED 2,0M;813277;ROLAMENTO PLÁSTICO DO FUSO BV;1,0;0,0;0,0;0,0;0,0;2,0;2,0;2,0;2,0;2,0
2008508;ACIONAMENTO MOVIMENTADOR TRINO BV SPEED 2,0M;401163;PARAFUSO PLASTIC PAN PHS 5 X 12MM ZI;5,0;0,0;0,0;0,0;0,0;10,0;10,0;10,0;10,0;10,0
2008508;ACIONAMENTO MOVIMENTADOR TRINO BV SPEED 2,0M;813262;ACOPLAMENTO DO NEW BV/BV/PIVO;1,0;0,0;0,0;0,0;0,0;2,0;2,0;2,0;2,0;2,0
2008508;ACIONAMENTO MOVIMENTADOR TRINO BV SPEED 2,0M;813054;MANCAL PERFIL INFERIOR;1,0;0,0;0,0;0,0;0,0;2,0;2,0;2,0;2,0;2,0
2008508;ACIONAMENTO MOVIMENTADOR TRINO BV SPEED 2,0M;402012;ANEL ELÁSTICO E-20;2,0;0,0;0,0;0,0;0,0;4,0;4,0;4,0;4,0;4,0
2008508;ACIONAMENTO MOVIMENTADOR TRINO BV SPEED 2,0M;804508;COROA DO MOVIMENTADOR BV/PIVO NYLON Ø 20MM;1,0;0,0;0,0;0,0;0,0;2,0;2,0;2,0;2,0;2,0
2008508;ACIONAMENTO MOVIMENTADOR TRINO BV SPEED 2,0M;401157;PARAFUSO PAN ZBR P/ CHAVE TORX M5 X 30MM T25;2,0;0,0;0,0;0,0;0,0;4,0;4,0;4,0;4,0;4,0
2008508;ACIONAMENTO MOVIMENTADOR TRINO BV SPEED 2,0M;813280;CRUZETA DO MANCAL;1,0;0,0;0,0;0,0;0,0;2,0;2,0;2,0;2,0;2,0
2008508;ACIONAMENTO MOVIMENTADOR TRINO BV SPEED 2,0M;811541;SACO PLASTICO TRANSPARENTE 30CM X 15CM;1,0;0,0;0,0;0,0;0,0;2,0;2,0;2,0;2,0;2,0
2008508;ACIONAMENTO MOVIMENTADOR TRINO BV SPEED 2,0M;813281;SUPORTE ORELHA DO BV/PIVÔ;1,0;0,0;0,0;0,0;0,0;2,0;2,0;2,0;2,0;2,0
2008508;ACIONAMENTO MOVIMENTADOR TRINO BV SPEED 2,0M;813521;SUPORTE DA BUCHA MANCAL MODELO NOVO (P/ EIXO 20MM);1,0;0,0;0,0;0,0;0,0;2,0;2,0;2,0;2,0;2,0
2008508;ACIONAMENTO MOVIMENTADOR TRINO BV SPEED 2,0M;411039;TARUGO PE CINZA 10 mm;2,0;0,0;0,0;0,0;0,0;4,0;4,0;4,0;4,0;4,0
2008508;ACIONAMENTO MOVIMENTADOR TRINO BV SPEED 2,0M;813292;BRACINHO ARTICULADO BV E NEW BV;1,0;0,0;0,0;0,0;0,0;2,0;2,0;2,0;2,0;2,0
2008508;ACIONAMENTO MOVIMENTADOR TRINO BV SPEED 2,0M;813511;PINO DESTRAVAMENTO LINHA BV/ PORTA CADEADO HZ/ ESTICAD. CANCELA;1,0;0,0;0,0;0,0;0,0;2,0;2,0;2,0;2,0;2,0
2008508;ACIONAMENTO MOVIMENTADOR TRINO BV SPEED 2,0M;402017;CP DE FERRO ZINCADO 3/16 X 1. 1/4;1,0;0,0;0,0;0,0;0,0;2,0;2,0;2,0;2,0;2,0
2008508;ACIONAMENTO MOVIMENTADOR TRINO BV SPEED 2,0M;811761;SACO PLASTICO TRANSPARENTE 14CM X 40CM;1,0;0,0;0,0;0,0;0,0;2,0;2,0;2,0;2,0;2,0
2008508;ACIONAMENTO MOVIMENTADOR TRINO BV SPEED 2,0M;401115;PARAFUSO MQ UNC SXT RI 1/4 X 1.1/4 - ZI;6,0;0,0;0,0;0,0;0,0;12,0;12,0;12,0;12,0;12,0
2008508;ACIONAMENTO MOVIMENTADOR TRINO BV SPEED 2,0M;401085;PORCA F MQ UNC SEXT. 1/4 (CH7/16) ZI (NSC);10,0;0,0;0,0;0,0;0,0;20,0;20,0;20,0;20,0;20,0
2008508;ACIONAMENTO MOVIMENTADOR TRINO BV SPEED 2,0M;401068;ARRUELA LISA 1/4 FE ZI;6,0;0,0;0,0;0,0;0,0;12,0;12,0;12,0;12,0;12,0
2008508;ACIONAMENTO MOVIMENTADOR TRINO BV SPEED 2,0M;811505;SACO PLASTICO TRANSPARENTE 14CM X 9CM;1,0;0,0;0,0;0,0;0,0;2,0;2,0;2,0;2,0;2,0
2008508;ACIONAMENTO MOVIMENTADOR TRINO BV SPEED 2,0M;102573;BOBINA TUBULAR PEBD LEITOSA IMPRESA P/ ACIONAMENTO DE MOTORES;0,1577142857142856;0,0;0,0;0,0;0,0;0,32;0,32;0,32;0,32;0,32
2008508;ACIONAMENTO MOVIMENTADOR TRINO BV SPEED 2,0M;811328;ETIQUETA ADES. COUCHE 100MM X 80MM X 01 CAR VERDE;1,0;0,0;0,0;0,0;0,0;2,0;2,0;2,0;2,0;2,0
2008508;ACIONAMENTO MOVIMENTADOR TRINO BV SPEED 2,0M;811276;ETIQUETA ADES. COUCHE 40MM X 25MM X 02 CAR;1,0;0,0;0,0;0,0;0,0;2,0;2,0;2,0;2,0;2,0
2008508;ACIONAMENTO MOVIMENTADOR TRINO BV SPEED 2,0M;401069;PARAFUSO 2 9X13MM A/A PAN PHS ZI;2,0;0,0;0,0;0,0;0,0;4,0;4,0;4,0;4,0;4,0
2008508;ACIONAMENTO MOVIMENTADOR TRINO BV SPEED 2,0M;813477;EIXO DE TRAÇÃO DA PORCA ACIONADORA - ZINCADO;1,0;0,0;0,0;0,0;0,0;2,0;2,0;2,0;2,0;2,0
2008508;ACIONAMENTO MOVIMENTADOR TRINO BV SPEED 2,0M;813517;SUPORTE UNIVERSAL PORCA DO FUSO;1,0;0,0;0,0;0,0;0,0;2,0;2,0;2,0;2,0;2,0
2008508;ACIONAMENTO MOVIMENTADOR TRINO BV SPEED 2,0M;813589;SENSOR DE FIM DE CURSO REED BV/NEW BV 2,0M;1,0;0,0;0,0;0,0;0,0;2,0;2,0;2,0;2,0;2,0
2008508;ACIONAMENTO MOVIMENTADOR TRINO BV SPEED 2,0M;401303;ABRAÇADEIRA UV PRETA 300X3,6;1,0;0,0;0,0;0,0;0,0;2,0;2,0;2,0;2,0;2,0
2008508;ACIONAMENTO MOVIMENTADOR TRINO BV SPEED 2,0M;813522;CHAVETA QUADRADA 8MMX33,4MM;1,0;0,0;0,0;0,0;0,0;2,0;2,0;2,0;2,0;2,0
2008508;ACIONAMENTO MOVIMENTADOR TRINO BV SPEED 2,0M;813618;EIXO ESTAMPADO PARA ACIONAMENTO BV - ZINCADO;1,0;0,0;0,0;0,0;0,0;2,0;2,0;2,0;2,0;2,0
2009501;ACIONAMENTO MOVIMENTADOR PIVOTANTE 0,5M REPOSIÇÃO;401163;PARAFUSO PLASTIC PAN PHS 5 X 12MM ZI;5,0;0,0;0,0;0,0;0,0;10,0;10,0;10,0;10,0;10,0
2009501;ACIONAMENTO MOVIMENTADOR PIVOTANTE 0,5M REPOSIÇÃO;813054;MANCAL PERFIL INFERIOR;1,0;0,0;0,0;0,0;0,0;2,0;2,0;2,0;2,0;2,0
2009501;ACIONAMENTO MOVIMENTADOR PIVOTANTE 0,5M REPOSIÇÃO;813262;ACOPLAMENTO DO NEW BV/BV/PIVO;1,0;0,0;0,0;0,0;0,0;2,0;2,0;2,0;2,0;2,0
2009501;ACIONAMENTO MOVIMENTADOR PIVOTANTE 0,5M REPOSIÇÃO;401157;PARAFUSO PAN ZBR P/ CHAVE TORX M5 X 30MM T25;2,0;0,0;0,0;0,0;0,0;4,0;4,0;4,0;4,0;4,0
2009501;ACIONAMENTO MOVIMENTADOR PIVOTANTE 0,5M REPOSIÇÃO;402012;ANEL ELÁSTICO E-20;3,0;0,0;0,0;0,0;0,0;6,0;6,0;6,0;6,0;6,0
2009501;ACIONAMENTO MOVIMENTADOR PIVOTANTE 0,5M REPOSIÇÃO;813181;FUSO P 7.5MM DE 0,50M E 2 ENTRADAS;1,0;0,0;0,0;0,0;0,0;2,0;2,0;2,0;2,0;2,0
2009501;ACIONAMENTO MOVIMENTADOR PIVOTANTE 0,5M REPOSIÇÃO;813280;CRUZETA DO MANCAL;1,0;0,0;0,0;0,0;0,0;2,0;2,0;2,0;2,0;2,0
2009501;ACIONAMENTO MOVIMENTADOR PIVOTANTE 0,5M REPOSIÇÃO;804508;COROA DO MOVIMENTADOR BV/PIVO NYLON Ø 20MM;1,0;0,0;0,0;0,0;0,0;2,0;2,0;2,0;2,0;2,0
2009501;ACIONAMENTO MOVIMENTADOR PIVOTANTE 0,5M REPOSIÇÃO;813315;PORCA DO FUSO 2 ENTRADAS PIVO (MACHO);1,0;0,0;0,0;0,0;0,0;2,0;2,0;2,0;2,0;2,0
2009501;ACIONAMENTO MOVIMENTADOR PIVOTANTE 0,5M REPOSIÇÃO;813316;PORCA DO FUSO 2 ENTRADAS PIVO (FÊMEA);1,0;0,0;0,0;0,0;0,0;2,0;2,0;2,0;2,0;2,0
2009501;ACIONAMENTO MOVIMENTADOR PIVOTANTE 0,5M REPOSIÇÃO;208004;IMÃ DE FERRITE - B20X13X5MM;1,0;0,0;0,0;0,0;0,0;2,0;2,0;2,0;2,0;2,0
2009501;ACIONAMENTO MOVIMENTADOR PIVOTANTE 0,5M REPOSIÇÃO;813557;PERFIL AL 0,50M SOL 7 STLF-0864 6063;1,0;0,0;0,0;0,0;0,0;2,0;2,0;2,0;2,0;2,0
2009501;ACIONAMENTO MOVIMENTADOR PIVOTANTE 0,5M REPOSIÇÃO;411039;TARUGO PE CINZA 10 mm;0,5;0,0;0,0;0,0;0,0;1,0;1,0;1,0;1,0;1,0
2009501;ACIONAMENTO MOVIMENTADOR PIVOTANTE 0,5M REPOSIÇÃO;813458;TUBO DE INOX CORTADO PARA PIVO 0,50M;1,0;0,0;0,0;0,0;0,0;2,0;2,0;2,0;2,0;2,0
2009501;ACIONAMENTO MOVIMENTADOR PIVOTANTE 0,5M REPOSIÇÃO;813317;MANCAL SUPERIOR DO PIVO;1,0;0,0;0,0;0,0;0,0;2,0;2,0;2,0;2,0;2,0
2009501;ACIONAMENTO MOVIMENTADOR PIVOTANTE 0,5M REPOSIÇÃO;813318;ARRUELA EM T;1,0;0,0;0,0;0,0;0,0;2,0;2,0;2,0;2,0;2,0
2009501;ACIONAMENTO MOVIMENTADOR PIVOTANTE 0,5M REPOSIÇÃO;401164;PARAFUSO MQ UNC SX RI 1/4 X 1/2 ZI;4,0;0,0;0,0;0,0;0,0;8,0;8,0;8,0;8,0;8,0
2009501;ACIONAMENTO MOVIMENTADOR PIVOTANTE 0,5M REPOSIÇÃO;401085;PORCA F MQ UNC SEXT. 1/4 (CH7/16) ZI (NSC);4,0;0,0;0,0;0,0;0,0;8,0;8,0;8,0;8,0;8,0
2009501;ACIONAMENTO MOVIMENTADOR PIVOTANTE 0,5M REPOSIÇÃO;813623;FIM DE CURSO MECANICO DE ALUMÍNIO;2,0;0,0;0,0;0,0;0,0;4,0;4,0;4,0;4,0;4,0
2009501;ACIONAMENTO MOVIMENTADOR PIVOTANTE 0,5M REPOSIÇÃO;401069;PARAFUSO 2 9X13MM A/A PAN PHS ZI;2,0;0,0;0,0;0,0;0,0;4,0;4,0;4,0;4,0;4,0
2009501;ACIONAMENTO MOVIMENTADOR PIVOTANTE 0,5M REPOSIÇÃO;804462;ACABAMENTO DO TUBO INOX PIVÔ/BARREIRA ARTICULADA;1,0;0,0;0,0;0,0;0,0;2,0;2,0;2,0;2,0;2,0
2009501;ACIONAMENTO MOVIMENTADOR PIVOTANTE 0,5M REPOSIÇÃO;811276;ETIQUETA ADES. COUCHE 40MM X 25MM X 02 CAR;1,0;0,0;0,0;0,0;0,0;2,0;2,0;2,0;2,0;2,0
2009501;ACIONAMENTO MOVIMENTADOR PIVOTANTE 0,5M REPOSIÇÃO;102573;BOBINA TUBULAR PEBD LEITOSA IMPRESA P/ ACIONAMENTO DE MOTORES;0,078857142857;0,0;0,0;0,0;0,0;0,16;0,16;0,16;0,16;0,16
2009501;ACIONAMENTO MOVIMENTADOR PIVOTANTE 0,5M REPOSIÇÃO;813598;SENSOR DE FIM DE CURSO REED BV/NEW BV/PIVO 0,50M;1,0;0,0;0,0;0,0;0,0;2,0;2,0;2,0;2,0;2,0
2009501;ACIONAMENTO MOVIMENTADOR PIVOTANTE 0,5M REPOSIÇÃO;501043;GRAXA BRANCA UNILIT NAUTIX SACHE;1,0;0,0;0,0;0,0;0,0;2,0;2,0;2,0;2,0;2,0
2009501;ACIONAMENTO MOVIMENTADOR PIVOTANTE 0,5M REPOSIÇÃO;813619;EIXO ESTAMPADO PARA MOTOR PIVO - ZINCADO;1,0;0,0;0,0;0,0;0,0;2,0;2,0;2,0;2,0;2,0
2009501;ACIONAMENTO MOVIMENTADOR PIVOTANTE 0,5M REPOSIÇÃO;402578;MOLA PARA DESTRAVAMENTO PIVOTANTE Ø24.0 x Ø1.5 x 30.98;1,0;0,0;0,0;0,0;0,0;2,0;2,0;2,0;2,0;2,0
2007086;CONJUNTO MOVIMENTADOR TRINO PIVÔ 3 127V SEM ACIONAMENTO;103064;CONECTOR FÊMEA EC601V-5.08-3P GREEN BAG/BULK (EC601V-5.08-3P);1,0;0,0;0,0;0,0;0,0;2,0;2,0;2,0;2,0;2,0
2007086;CONJUNTO MOVIMENTADOR TRINO PIVÔ 3 127V SEM ACIONAMENTO;201125;GRAMPO 35/18 UNIDADE;6,0;0,0;0,0;0,0;0,0;12,0;12,0;12,0;12,0;12,0
2007086;CONJUNTO MOVIMENTADOR TRINO PIVÔ 3 127V SEM ACIONAMENTO;401014;PARAFUSO 2.9 X 6.5 A/A PAN PHS ZI;2,0;0,0;0,0;0,0;0,0;4,0;4,0;4,0;4,0;4,0
2007086;CONJUNTO MOVIMENTADOR TRINO PIVÔ 3 127V SEM ACIONAMENTO;401031;ARRUELA LISA M6;8,0;0,0;0,0;0,0;0,0;16,0;16,0;16,0;16,0;16,0
2007086;CONJUNTO MOVIMENTADOR TRINO PIVÔ 3 127V SEM ACIONAMENTO;401095;PARAFUSO MET SXT RI M6-1.00MA X 20 ZI;8,0;0,0;0,0;0,0;0,0;16,0;16,0;16,0;16,0;16,0
2007086;CONJUNTO MOVIMENTADOR TRINO PIVÔ 3 127V SEM ACIONAMENTO;401134;PARAFUSO PAN CRUZ 3,5MMX27MM (FABR. AGL) - ZINCADO (PROD);2,0;0,0;0,0;0,0;0,0;4,0;4,0;4,0;4,0;4,0
2007086;CONJUNTO MOVIMENTADOR TRINO PIVÔ 3 127V SEM ACIONAMENTO;401160;PARAFUSO MQ HXL M5 X 16MM RI T25 ZBR;6,0;0,0;0,0;0,0;0,0;12,0;12,0;12,0;12,0;12,0
2007086;CONJUNTO MOVIMENTADOR TRINO PIVÔ 3 127V SEM ACIONAMENTO;401198;PARAFUSO PLASTIC PAN PHILLIPS 4 X 10 ZB - ZINCADO;4,0;0,0;0,0;0,0;0,0;8,0;8,0;8,0;8,0;8,0
2007086;CONJUNTO MOVIMENTADOR TRINO PIVÔ 3 127V SEM ACIONAMENTO;402012;ANEL ELÁSTICO E-20;2,0;0,0;0,0;0,0;0,0;4,0;4,0;4,0;4,0;4,0
2007086;CONJUNTO MOVIMENTADOR TRINO PIVÔ 3 127V SEM ACIONAMENTO;402015;ANEL ELÁSTICO E12;1,0;0,0;0,0;0,0;0,0;2,0;2,0;2,0;2,0;2,0
2007086;CONJUNTO MOVIMENTADOR TRINO PIVÔ 3 127V SEM ACIONAMENTO;402018;ESPAGUETE LISO 10MMX150MM;0,15;0,0;0,0;0,0;0,0;0,3;0,3;0,3;0,3;0,3
2007086;CONJUNTO MOVIMENTADOR TRINO PIVÔ 3 127V SEM ACIONAMENTO;402036;BUCHA PLASTICA N06;2,0;0,0;0,0;0,0;0,0;4,0;4,0;4,0;4,0;4,0
2007086;CONJUNTO MOVIMENTADOR TRINO PIVÔ 3 127V SEM ACIONAMENTO;403047;MOLA DO FREIO MOTOR PIVOTANTE/ NEW BV;1,0;0,0;0,0;0,0;0,0;2,0;2,0;2,0;2,0;2,0
2007086;CONJUNTO MOVIMENTADOR TRINO PIVÔ 3 127V SEM ACIONAMENTO;411017;ROLAMENTOS 6201-08 ZZ C3;2,0;0,0;0,0;0,0;0,0;4,0;4,0;4,0;4,0;4,0
2007086;CONJUNTO MOVIMENTADOR TRINO PIVÔ 3 127V SEM ACIONAMENTO;411058;CORDÃO ESPONJOSO 1/8  Ø 3MM + 0,4MM (ANEL DE VEDAÇÃO);0,7000000000000001;0,0;0,0;0,0;0,0;1,4;1,4;1,4;1,4;1,4
2007086;CONJUNTO MOVIMENTADOR TRINO PIVÔ 3 127V SEM ACIONAMENTO;412023;ESTATOR BOBINADO AGL BV/NEW BV/PIVO P33 1/4 cv 04 42z 127V 60Hz;1,0;0,0;0,0;0,0;0,0;2,0;2,0;2,0;2,0;2,0
2007086;CONJUNTO MOVIMENTADOR TRINO PIVÔ 3 127V SEM ACIONAMENTO;412161;ROTOR AGL BV/PIVO P33 1/4 cv 04;1,0;0,0;0,0;0,0;0,0;2,0;2,0;2,0;2,0;2,0
2007086;CONJUNTO MOVIMENTADOR TRINO PIVÔ 3 127V SEM ACIONAMENTO;510027;INLUB GRAX MP 2/TI;0,012;0,0;0,0;0,0;0,0;0,02;0,02;0,02;0,02;0,02
2007086;CONJUNTO MOVIMENTADOR TRINO PIVÔ 3 127V SEM ACIONAMENTO;804326;BASE DE PROTEÇÃO DA CENTRAL NEW PIVO;1,0;0,0;0,0;0,0;0,0;2,0;2,0;2,0;2,0;2,0
2007086;CONJUNTO MOVIMENTADOR TRINO PIVÔ 3 127V SEM ACIONAMENTO;804327;TAMPA DE PROTEÇÃO DA CENTRAL NEW PIVO;1,0;0,0;0,0;0,0;0,0;2,0;2,0;2,0;2,0;2,0
2007086;CONJUNTO MOVIMENTADOR TRINO PIVÔ 3 127V SEM ACIONAMENTO;804508;COROA DO MOVIMENTADOR BV/PIVO NYLON Ø 20MM;1,0;0,0;0,0;0,0;0,0;2,0;2,0;2,0;2,0;2,0
2007086;CONJUNTO MOVIMENTADOR TRINO PIVÔ 3 127V SEM ACIONAMENTO;811034;MANUAL DE INSTALAÇÃO LINHA PIVOTANTE SEM LOGO PORTUGUÊS (CENTRAL FLEX / DUPLA);1,0;0,0;0,0;0,0;0,0;2,0;2,0;2,0;2,0;2,0
2007086;CONJUNTO MOVIMENTADOR TRINO PIVÔ 3 127V SEM ACIONAMENTO;811306;ETIQUETA ADES. COUCHE 100MM X 80MM X 01 CAR;1,0;0,0;0,0;0,0;0,0;2,0;2,0;2,0;2,0;2,0
2007086;CONJUNTO MOVIMENTADOR TRINO PIVÔ 3 127V SEM ACIONAMENTO;811311;ETIQUETA ADES. BOPP FOSCO C/DFAM 50MM X 25MM X 02 CAR;2,0;0,0;0,0;0,0;0,0;4,0;4,0;4,0;4,0;4,0
2007086;CONJUNTO MOVIMENTADOR TRINO PIVÔ 3 127V SEM ACIONAMENTO;811541;SACO PLASTICO TRANSPARENTE 30CM X 15CM;1,0;0,0;0,0;0,0;0,0;2,0;2,0;2,0;2,0;2,0
2007086;CONJUNTO MOVIMENTADOR TRINO PIVÔ 3 127V SEM ACIONAMENTO;811916;CAIXA MOTOR PIVO SIMPLES S/ ACIONAMENTO;1,0;0,0;0,0;0,0;0,0;2,0;2,0;2,0;2,0;2,0
2007086;CONJUNTO MOVIMENTADOR TRINO PIVÔ 3 127V SEM ACIONAMENTO;813025;VENTOINHA DOS MOTORES;1,0;0,0;0,0;0,0;0,0;2,0;2,0;2,0;2,0;2,0
2007086;CONJUNTO MOVIMENTADOR TRINO PIVÔ 3 127V SEM ACIONAMENTO;813033;TAMPA DE PROTEÇÃO DA VENTOINHA;1,0;0,0;0,0;0,0;0,0;2,0;2,0;2,0;2,0;2,0
2007086;CONJUNTO MOVIMENTADOR TRINO PIVÔ 3 127V SEM ACIONAMENTO;813043;BUCHA DE CENTRAGEM DO SEM FIM DO BASCULANTE;1,0;0,0;0,0;0,0;0,0;2,0;2,0;2,0;2,0;2,0
2007086;CONJUNTO MOVIMENTADOR TRINO PIVÔ 3 127V SEM ACIONAMENTO;813047;PASSA FIO DO BV;1,0;0,0;0,0;0,0;0,0;2,0;2,0;2,0;2,0;2,0
2007086;CONJUNTO MOVIMENTADOR TRINO PIVÔ 3 127V SEM ACIONAMENTO;813054;MANCAL PERFIL INFERIOR;1,0;0,0;0,0;0,0;0,0;2,0;2,0;2,0;2,0;2,0
2007086;CONJUNTO MOVIMENTADOR TRINO PIVÔ 3 127V SEM ACIONAMENTO;813108;SEM FIM DE DUAS ENTRADAS AÇO BV ANTIGO/ BV3/ BV4;1,0;0,0;0,0;0,0;0,0;2,0;2,0;2,0;2,0;2,0
2007086;CONJUNTO MOVIMENTADOR TRINO PIVÔ 3 127V SEM ACIONAMENTO;813270;CARCAÇA DE MOTOR BV/PIVO SUPERIOR;1,0;0,0;0,0;0,0;0,0;2,0;2,0;2,0;2,0;2,0
2007086;CONJUNTO MOVIMENTADOR TRINO PIVÔ 3 127V SEM ACIONAMENTO;813271;CARCAÇA DE MOTOR BV/PIVO INFERIOR;1,0;0,0;0,0;0,0;0,0;2,0;2,0;2,0;2,0;2,0
2007086;CONJUNTO MOVIMENTADOR TRINO PIVÔ 3 127V SEM ACIONAMENTO;813280;CRUZETA DO MANCAL;1,0;0,0;0,0;0,0;0,0;2,0;2,0;2,0;2,0;2,0
2007086;CONJUNTO MOVIMENTADOR TRINO PIVÔ 3 127V SEM ACIONAMENTO;813281;SUPORTE ORELHA DO BV/PIVÔ;1,0;0,0;0,0;0,0;0,0;2,0;2,0;2,0;2,0;2,0
2007086;CONJUNTO MOVIMENTADOR TRINO PIVÔ 3 127V SEM ACIONAMENTO;813309;PINO DESTRAVAMENTO PIVO;1,0;0,0;0,0;0,0;0,0;2,0;2,0;2,0;2,0;2,0
2007086;CONJUNTO MOVIMENTADOR TRINO PIVÔ 3 127V SEM ACIONAMENTO;813310;CILINDRO CHAVE PIVO;1,0;0,0;0,0;0,0;0,0;2,0;2,0;2,0;2,0;2,0
2007086;CONJUNTO MOVIMENTADOR TRINO PIVÔ 3 127V SEM ACIONAMENTO;813311;CHAVE PIVO;1,0;0,0;0,0;0,0;0,0;2,0;2,0;2,0;2,0;2,0
2007086;CONJUNTO MOVIMENTADOR TRINO PIVÔ 3 127V SEM ACIONAMENTO;813412;DISCO DE FRICÇÃO DE CELEROM Ø20MM;1,0;0,0;0,0;0,0;0,0;2,0;2,0;2,0;2,0;2,0
2007086;CONJUNTO MOVIMENTADOR TRINO PIVÔ 3 127V SEM ACIONAMENTO;813521;SUPORTE DA BUCHA MANCAL MODELO NOVO (P/ EIXO 20MM);1,0;0,0;0,0;0,0;0,0;2,0;2,0;2,0;2,0;2,0
2007086;CONJUNTO MOVIMENTADOR TRINO PIVÔ 3 127V SEM ACIONAMENTO;813524;COPO DE FREIO PIVOTANTE/ NEW BV SPEED;1,0;0,0;0,0;0,0;0,0;2,0;2,0;2,0;2,0;2,0
2007086;CONJUNTO MOVIMENTADOR TRINO PIVÔ 3 127V SEM ACIONAMENTO;911080;PLACA REVISADA CENTRAL FLEX;1,0;0,0;0,0;0,0;0,0;2,0;2,0;2,0;2,0;2,0
2007086;CONJUNTO MOVIMENTADOR TRINO PIVÔ 3 127V SEM ACIONAMENTO;402017;CP DE FERRO ZINCADO 3/16 X 1. 1/4;2,0;0,0;0,0;0,0;0,0;4,0;4,0;4,0;4,0;4,0
2007086;CONJUNTO MOVIMENTADOR TRINO PIVÔ 3 127V SEM ACIONAMENTO;813319;TRAVA MAIOR SUPORTE FX PIVO - ZINCADO;1,0;0,0;0,0;0,0;0,0;2,0;2,0;2,0;2,0;2,0
2007086;CONJUNTO MOVIMENTADOR TRINO PIVÔ 3 127V SEM ACIONAMENTO;813320;TRAVA MENOR SUPORTE FX PIVO - ZINCADO;1,0;0,0;0,0;0,0;0,0;2,0;2,0;2,0;2,0;2,0
2007086;CONJUNTO MOVIMENTADOR TRINO PIVÔ 3 127V SEM ACIONAMENTO;813321;PINO TRAVA PIVO - ZINCADO;2,0;0,0;0,0;0,0;0,0;4,0;4,0;4,0;4,0;4,0
2007086;CONJUNTO MOVIMENTADOR TRINO PIVÔ 3 127V SEM ACIONAMENTO;105068;BOBINA LAMINADA 2,00MM PRETA 23 (EVA PARA MOTORES);0,025;0,0;0,0;0,0;0,0;0,05;0,05;0,05;0,05;0,05
2007086;CONJUNTO MOVIMENTADOR TRINO PIVÔ 3 127V SEM ACIONAMENTO;105069;FITA EMPACT. 50MT X 48MM ACRI;0,026;0,0;0,0;0,0;0,0;0,05;0,05;0,05;0,05;0,05
2007086;CONJUNTO MOVIMENTADOR TRINO PIVÔ 3 127V SEM ACIONAMENTO;811802;CAIXA MASTER 12 - CX DA CENTRAL PIVÔ;1,0;0,0;0,0;0,0;0,0;2,0;2,0;2,0;2,0;2,0
2007086;CONJUNTO MOVIMENTADOR TRINO PIVÔ 3 127V SEM ACIONAMENTO;101309;CAPACITOR FIXO C/DIELETRICO DE POLIPROPILENO BIORIENTADO P/MOTORES CMRW CANECA PLASTICA 30UF 250V 50;1,0;0,0;0,0;0,0;0,0;2,0;2,0;2,0;2,0;2,0
2007086;CONJUNTO MOVIMENTADOR TRINO PIVÔ 3 127V SEM ACIONAMENTO;100802;TRANSMISSOR 433MHZ REMOTE - MODELO: AGL-E2  (DIGITAL KEY 6P20 BLACK);2,0;0,0;0,0;0,0;0,0;4,0;4,0;4,0;4,0;4,0
2007086;CONJUNTO MOVIMENTADOR TRINO PIVÔ 3 127V SEM ACIONAMENTO;813619;EIXO ESTAMPADO PARA MOTOR PIVO - ZINCADO;1,0;0,0;0,0;0,0;0,0;2,0;2,0;2,0;2,0;2,0
2007086;CONJUNTO MOVIMENTADOR TRINO PIVÔ 3 127V SEM ACIONAMENTO;402578;MOLA PARA DESTRAVAMENTO PIVOTANTE Ø24.0 x Ø1.5 x 30.85;1,0;0,0;0,0;0,0;0,0;2,0;2,0;2,0;2,0;2,0
2005710;CONJ. AUTOMATIZADOR PARA PORTA SOCIAL BRUSHLESS DZ SLIP C/R 6,0M PRETO;998926;SISTEMA AUTOMATIZADO PARA PORTAS DESLIZANTES MARCA MANNERS;1,0;0,0;0,0;0,0;0,0;2,0;2,0;2,0;2,0;2,0
2005710;CONJ. AUTOMATIZADOR PARA PORTA SOCIAL BRUSHLESS DZ SLIP C/R 6,0M PRETO;401315;"PERFIL PRINCIPAL DE SUPORTE DO MOTOR DA PORTA SOCIAL - PRETO - 6,0M - NL-0072F P8"" 1 Furo";1,0;0,0;0,0;0,0;0,0;2,0;2,0;2,0;2,0;2,0
2005710;CONJ. AUTOMATIZADOR PARA PORTA SOCIAL BRUSHLESS DZ SLIP C/R 6,0M PRETO;401323;"ACABAMENTO FRONTAL DA PORTA SOCIAL - PRETO - 6,0M - STLF-1195 P7"" 1 Furo";1,0;0,0;0,0;0,0;0,0;2,0;2,0;2,0;2,0;2,0
2005710;CONJ. AUTOMATIZADOR PARA PORTA SOCIAL BRUSHLESS DZ SLIP C/R 6,0M PRETO;201147;"TRILHO REMOVÍVEL PORTA SOCIAL -  BRUTO STLF-1196 6063 T5 NT 6000 P5"" 4 Furo";0,81;0,0;0,0;0,0;0,0;1,62;1,62;1,62;1,62;1,62
2005710;CONJ. AUTOMATIZADOR PARA PORTA SOCIAL BRUSHLESS DZ SLIP C/R 6,0M PRETO;301053;BORRACHA DE ISOLAMENTO ACÚSTICO DA PORTA SOCIAL;6,0;0,0;0,0;0,0;0,0;12,0;12,0;12,0;12,0;12,0
2005710;CONJ. AUTOMATIZADOR PARA PORTA SOCIAL BRUSHLESS DZ SLIP C/R 6,0M PRETO;807222;TAMPA BILATERAL PARA PORTA SOCIAL PRETA;2,0;0,0;0,0;0,0;0,0;4,0;4,0;4,0;4,0;4,0
2005710;CONJ. AUTOMATIZADOR PARA PORTA SOCIAL BRUSHLESS DZ SLIP C/R 6,0M PRETO;811897;MANUAL PORTA SLIP;1,0;0,0;0,0;0,0;0,0;2,0;2,0;2,0;2,0;2,0
2005710;CONJ. AUTOMATIZADOR PARA PORTA SOCIAL BRUSHLESS DZ SLIP C/R 6,0M PRETO;811919;CAIXA EMBALAGEM VINCADA PARA PORTA SOCIAL DZ SLIP COM ACABAMENTO DAS PONTAS;2,0;0,0;0,0;0,0;0,0;4,0;4,0;4,0;4,0;4,0
2005710;CONJ. AUTOMATIZADOR PARA PORTA SOCIAL BRUSHLESS DZ SLIP C/R 6,0M PRETO;811920;CAIXA EMBALAGEM VINCADA PARA PORTA SOCIAL DZ SLIP SEM ACABAMENTO;6,0;0,0;0,0;0,0;0,0;12,0;12,0;12,0;12,0;12,0
2005710;CONJ. AUTOMATIZADOR PARA PORTA SOCIAL BRUSHLESS DZ SLIP C/R 6,0M PRETO;401296;"PEGA VIDRO PORTA SOCIAL - PRETO - 1,50M - NL-0071F P8"" 1 FURO";2,0;0,0;0,0;0,0;0,0;4,0;4,0;4,0;4,0;4,0
2005710;CONJ. AUTOMATIZADOR PARA PORTA SOCIAL BRUSHLESS DZ SLIP C/R 6,0M PRETO;807223;CANTONEIRA DO BATENTE PORTA SOCIAL - ZINCADO;2,0;0,0;0,0;0,0;0,0;4,0;4,0;4,0;4,0;4,0
2005710;CONJ. AUTOMATIZADOR PARA PORTA SOCIAL BRUSHLESS DZ SLIP C/R 6,0M PRETO;807224;CHAPA DE FIXAÇÃO PEGA VIDRO PORTA SOCIAL - ZINCADO;4,0;0,0;0,0;0,0;0,0;8,0;8,0;8,0;8,0;8,0
2008551;ACIONAMENTO MOVIMENTADOR TRINO NEW BV 3,5M;401164;PARAFUSO MQ UNC SX RI 1/4 X 1/2 ZI;4,0;0,0;0,0;0,0;0,0;4,0;4,0;4,0;4,0;4,0
2008551;ACIONAMENTO MOVIMENTADOR TRINO NEW BV 3,5M;813623;FIM DE CURSO MECANICO DE ALUMÍNIO;2,0;0,0;0,0;0,0;0,0;2,0;2,0;2,0;2,0;2,0
2008551;ACIONAMENTO MOVIMENTADOR TRINO NEW BV 3,5M;813369;FUSO P.60 Ø 1/2'' DE 3,5M;1,0;0,0;0,0;0,0;0,0;1,0;1,0;1,0;1,0;1,0
2008551;ACIONAMENTO MOVIMENTADOR TRINO NEW BV 3,5M;501084;GRAXA BRANCA SACHE 15G;1,0;0,0;0,0;0,0;0,0;1,0;1,0;1,0;1,0;1,0
2008551;ACIONAMENTO MOVIMENTADOR TRINO NEW BV 3,5M;208004;IMÃ DE FERRITE - B20X13X5MM;2,0;0,0;0,0;0,0;0,0;2,0;2,0;2,0;2,0;2,0
2008551;ACIONAMENTO MOVIMENTADOR TRINO NEW BV 3,5M;813048;MANCAL PERFIL SUPERIOR BV;1,0;0,0;0,0;0,0;0,0;1,0;1,0;1,0;1,0;1,0
2008551;ACIONAMENTO MOVIMENTADOR TRINO NEW BV 3,5M;813560;PERFIL AL 3,5M SOL 7 STLF-0864 6063;1,0;0,0;0,0;0,0;0,0;1,0;1,0;1,0;1,0;1,0
2008551;ACIONAMENTO MOVIMENTADOR TRINO NEW BV 3,5M;813540;CARTUCHO DA PORCA DE 6 ENTRADAS P.60 1/2;1,0;0,0;0,0;0,0;0,0;1,0;1,0;1,0;1,0;1,0
2008551;ACIONAMENTO MOVIMENTADOR TRINO NEW BV 3,5M;813277;ROLAMENTO PLÁSTICO DO FUSO BV;1,0;0,0;0,0;0,0;0,0;1,0;1,0;1,0;1,0;1,0
2008551;ACIONAMENTO MOVIMENTADOR TRINO NEW BV 3,5M;401163;PARAFUSO PLASTIC PAN PHS 5 X 12MM ZI;5,0;0,0;0,0;0,0;0,0;5,0;5,0;5,0;5,0;5,0
2008551;ACIONAMENTO MOVIMENTADOR TRINO NEW BV 3,5M;811541;SACO PLASTICO TRANSPARENTE 30CM X 15CM;1,0;0,0;0,0;0,0;0,0;1,0;1,0;1,0;1,0;1,0
2008551;ACIONAMENTO MOVIMENTADOR TRINO NEW BV 3,5M;813306;SUPORTE ORELHA DO NEW BV;1,0;0,0;0,0;0,0;0,0;1,0;1,0;1,0;1,0;1,0
2008551;ACIONAMENTO MOVIMENTADOR TRINO NEW BV 3,5M;411039;TARUGO PE CINZA 10 mm;3,5;0,0;0,0;0,0;0,0;3,5;3,5;3,5;3,5;3,5
2008551;ACIONAMENTO MOVIMENTADOR TRINO NEW BV 3,5M;813292;BRACINHO ARTICULADO BV E NEW BV;1,0;0,0;0,0;0,0;0,0;1,0;1,0;1,0;1,0;1,0
2008551;ACIONAMENTO MOVIMENTADOR TRINO NEW BV 3,5M;813511;PINO DESTRAVAMENTO LINHA BV/ PORTA CADEADO HZ/ ESTICAD. CANCELA;1,0;0,0;0,0;0,0;0,0;1,0;1,0;1,0;1,0;1,0
2008551;ACIONAMENTO MOVIMENTADOR TRINO NEW BV 3,5M;402017;CP DE FERRO ZINCADO 3/16 X 1. 1/4;1,0;0,0;0,0;0,0;0,0;1,0;1,0;1,0;1,0;1,0
2008551;ACIONAMENTO MOVIMENTADOR TRINO NEW BV 3,5M;811761;SACO PLASTICO TRANSPARENTE 14CM X 40CM;1,0;0,0;0,0;0,0;0,0;1,0;1,0;1,0;1,0;1,0
2008551;ACIONAMENTO MOVIMENTADOR TRINO NEW BV 3,5M;401115;PARAFUSO MQ UNC SXT RI 1/4 X 1.1/4 - ZI;6,0;0,0;0,0;0,0;0,0;6,0;6,0;6,0;6,0;6,0
2008551;ACIONAMENTO MOVIMENTADOR TRINO NEW BV 3,5M;401085;PORCA F MQ UNC SEXT. 1/4 (CH7/16) ZI (NSC);10,0;0,0;0,0;0,0;0,0;10,0;10,0;10,0;10,0;10,0
2008551;ACIONAMENTO MOVIMENTADOR TRINO NEW BV 3,5M;401068;ARRUELA LISA 1/4 FE ZI;6,0;0,0;0,0;0,0;0,0;6,0;6,0;6,0;6,0;6,0
2008551;ACIONAMENTO MOVIMENTADOR TRINO NEW BV 3,5M;102573;BOBINA TUBULAR PEBD LEITOSA IMPRESA P/ ACIONAMENTO DE MOTORES;0,260571428571428;0,0;0,0;0,0;0,0;0,26;0,26;0,26;0,26;0,26
2008551;ACIONAMENTO MOVIMENTADOR TRINO NEW BV 3,5M;811329;ETIQUETA ADES. COUCHE 100MM X 80MM X 01 CAR AZUL;1,0;0,0;0,0;0,0;0,0;1,0;1,0;1,0;1,0;1,0
2008551;ACIONAMENTO MOVIMENTADOR TRINO NEW BV 3,5M;401069;PARAFUSO 2 9X13MM A/A PAN PHS ZI;2,0;0,0;0,0;0,0;0,0;2,0;2,0;2,0;2,0;2,0
2008551;ACIONAMENTO MOVIMENTADOR TRINO NEW BV 3,5M;813040;MANCAL DE CENTRAGEM;2,0;0,0;0,0;0,0;0,0;2,0;2,0;2,0;2,0;2,0
2008551;ACIONAMENTO MOVIMENTADOR TRINO NEW BV 3,5M;813254;PINO DA GUIA DE CENTRAGEM;4,0;0,0;0,0;0,0;0,0;4,0;4,0;4,0;4,0;4,0
2008551;ACIONAMENTO MOVIMENTADOR TRINO NEW BV 3,5M;202062;AÇO RED TREF SAE 1020 5.00 SAE;0,461638239029543;0,0;0,0;0,0;0,0;0,46;0,46;0,46;0,46;0,46
2008551;ACIONAMENTO MOVIMENTADOR TRINO NEW BV 3,5M;813477;EIXO DE TRAÇÃO DA PORCA ACIONADORA - ZINCADO;1,0;0,0;0,0;0,0;0,0;1,0;1,0;1,0;1,0;1,0
2008551;ACIONAMENTO MOVIMENTADOR TRINO NEW BV 3,5M;813517;SUPORTE UNIVERSAL PORCA DO FUSO;1,0;0,0;0,0;0,0;0,0;1,0;1,0;1,0;1,0;1,0
2008551;ACIONAMENTO MOVIMENTADOR TRINO NEW BV 3,5M;401157;PARAFUSO PAN ZBR P/ CHAVE TORX M5 X 30MM T25;2,0;0,0;0,0;0,0;0,0;2,0;2,0;2,0;2,0;2,0
2008551;ACIONAMENTO MOVIMENTADOR TRINO NEW BV 3,5M;813592;SENSOR DE FIM DE CURSO REED BV/NEW BV 3,5M;1,0;0,0;0,0;0,0;0,0;1,0;1,0;1,0;1,0;1,0
2008551;ACIONAMENTO MOVIMENTADOR TRINO NEW BV 3,5M;401303;ABRAÇADEIRA UV PRETA 300X3,6;1,0;0,0;0,0;0,0;0,0;1,0;1,0;1,0;1,0;1,0
2010563;"BOLACHA DA TESTEIRA DE 8"" - ZINCADO";811276;ETIQUETA ADES. COUCHE 40MM X 25MM X 02 CAR;1,0;0,0;0,0;0,0;0,0;1,0;1,0;1,0;1,0;1,0
2010563;"BOLACHA DA TESTEIRA DE 8"" - ZINCADO";801319;"BOLACHA DA TESTEIRA DE 8"" - ZINCADO";1,0;0,0;0,0;0,0;0,0;1,0;1,0;1,0;1,0;1,0
2010563;"BOLACHA DA TESTEIRA DE 8"" - ZINCADO";811505;SACO PLASTICO TRANSPARENTE 14CM X 9CM;1,0;0,0;0,0;0,0;0,0;1,0;1,0;1,0;1,0;1,0
2013507;ACIONAMENTO MOVIMENTADOR TRINO DESLIZANTE HORIZONTAL 5,0M;401164;PARAFUSO MQ UNC SX RI 1/4 X 1/2 ZI;4,0;0,0;0,0;0,0;0,0;4,0;4,0;4,0;4,0;4,0
2013507;ACIONAMENTO MOVIMENTADOR TRINO DESLIZANTE HORIZONTAL 5,0M;813623;FIM DE CURSO MECANICO DE ALUMÍNIO;2,0;0,0;0,0;0,0;0,0;2,0;2,0;2,0;2,0;2,0
2013507;ACIONAMENTO MOVIMENTADOR TRINO DESLIZANTE HORIZONTAL 5,0M;813210;FUSO P 7.5MM DE 5M E 6 ENTRADAS;1,0;0,0;0,0;0,0;0,0;1,0;1,0;1,0;1,0;1,0
2013507;ACIONAMENTO MOVIMENTADOR TRINO DESLIZANTE HORIZONTAL 5,0M;501084;GRAXA BRANCA SACHE 15G;1,0;0,0;0,0;0,0;0,0;1,0;1,0;1,0;1,0;1,0
2013507;ACIONAMENTO MOVIMENTADOR TRINO DESLIZANTE HORIZONTAL 5,0M;208004;IMÃ DE FERRITE - B20X13X5MM;2,0;0,0;0,0;0,0;0,0;2,0;2,0;2,0;2,0;2,0
2013507;ACIONAMENTO MOVIMENTADOR TRINO DESLIZANTE HORIZONTAL 5,0M;813048;MANCAL PERFIL SUPERIOR BV;1,0;0,0;0,0;0,0;0,0;1,0;1,0;1,0;1,0;1,0
2013507;ACIONAMENTO MOVIMENTADOR TRINO DESLIZANTE HORIZONTAL 5,0M;813277;ROLAMENTO PLÁSTICO DO FUSO BV;1,0;0,0;0,0;0,0;0,0;1,0;1,0;1,0;1,0;1,0
2013507;ACIONAMENTO MOVIMENTADOR TRINO DESLIZANTE HORIZONTAL 5,0M;401163;PARAFUSO PLASTIC PAN PHS 5 X 12MM ZI;5,0;0,0;0,0;0,0;0,0;5,0;5,0;5,0;5,0;5,0
2013507;ACIONAMENTO MOVIMENTADOR TRINO DESLIZANTE HORIZONTAL 5,0M;813262;ACOPLAMENTO DO NEW BV/BV/PIVO;1,0;0,0;0,0;0,0;0,0;1,0;1,0;1,0;1,0;1,0
2013507;ACIONAMENTO MOVIMENTADOR TRINO DESLIZANTE HORIZONTAL 5,0M;813054;MANCAL PERFIL INFERIOR;1,0;0,0;0,0;0,0;0,0;1,0;1,0;1,0;1,0;1,0
2013507;ACIONAMENTO MOVIMENTADOR TRINO DESLIZANTE HORIZONTAL 5,0M;402012;ANEL ELÁSTICO E-20;2,0;0,0;0,0;0,0;0,0;2,0;2,0;2,0;2,0;2,0
2013507;ACIONAMENTO MOVIMENTADOR TRINO DESLIZANTE HORIZONTAL 5,0M;804508;COROA DO MOVIMENTADOR BV/PIVO NYLON Ø 20MM;1,0;0,0;0,0;0,0;0,0;1,0;1,0;1,0;1,0;1,0
2013507;ACIONAMENTO MOVIMENTADOR TRINO DESLIZANTE HORIZONTAL 5,0M;401157;PARAFUSO PAN ZBR P/ CHAVE TORX M5 X 30MM T25;2,0;0,0;0,0;0,0;0,0;2,0;2,0;2,0;2,0;2,0
2013507;ACIONAMENTO MOVIMENTADOR TRINO DESLIZANTE HORIZONTAL 5,0M;813280;CRUZETA DO MANCAL;1,0;0,0;0,0;0,0;0,0;1,0;1,0;1,0;1,0;1,0
2013507;ACIONAMENTO MOVIMENTADOR TRINO DESLIZANTE HORIZONTAL 5,0M;811541;SACO PLASTICO TRANSPARENTE 30CM X 15CM;1,0;0,0;0,0;0,0;0,0;1,0;1,0;1,0;1,0;1,0
2013507;ACIONAMENTO MOVIMENTADOR TRINO DESLIZANTE HORIZONTAL 5,0M;813281;SUPORTE ORELHA DO BV/PIVÔ;1,0;0,0;0,0;0,0;0,0;1,0;1,0;1,0;1,0;1,0
2013507;ACIONAMENTO MOVIMENTADOR TRINO DESLIZANTE HORIZONTAL 5,0M;813521;SUPORTE DA BUCHA MANCAL MODELO NOVO (P/ EIXO 20MM);1,0;0,0;0,0;0,0;0,0;1,0;1,0;1,0;1,0;1,0
2013507;ACIONAMENTO MOVIMENTADOR TRINO DESLIZANTE HORIZONTAL 5,0M;411039;TARUGO PE CINZA 10 mm;5,0;0,0;0,0;0,0;0,0;5,0;5,0;5,0;5,0;5,0
2013507;ACIONAMENTO MOVIMENTADOR TRINO DESLIZANTE HORIZONTAL 5,0M;813290;BRACINHO ARTICULADO DZ HORIZONTAL;1,0;0,0;0,0;0,0;0,0;1,0;1,0;1,0;1,0;1,0
2013507;ACIONAMENTO MOVIMENTADOR TRINO DESLIZANTE HORIZONTAL 5,0M;813511;PINO DESTRAVAMENTO LINHA BV/ PORTA CADEADO HZ/ ESTICAD. CANCELA;1,0;0,0;0,0;0,0;0,0;1,0;1,0;1,0;1,0;1,0
2013507;ACIONAMENTO MOVIMENTADOR TRINO DESLIZANTE HORIZONTAL 5,0M;402017;CP DE FERRO ZINCADO 3/16 X 1. 1/4;1,0;0,0;0,0;0,0;0,0;1,0;1,0;1,0;1,0;1,0
2013507;ACIONAMENTO MOVIMENTADOR TRINO DESLIZANTE HORIZONTAL 5,0M;811761;SACO PLASTICO TRANSPARENTE 14CM X 40CM;1,0;0,0;0,0;0,0;0,0;1,0;1,0;1,0;1,0;1,0
2013507;ACIONAMENTO MOVIMENTADOR TRINO DESLIZANTE HORIZONTAL 5,0M;401115;PARAFUSO MQ UNC SXT RI 1/4 X 1.1/4 - ZI;6,0;0,0;0,0;0,0;0,0;6,0;6,0;6,0;6,0;6,0
2013507;ACIONAMENTO MOVIMENTADOR TRINO DESLIZANTE HORIZONTAL 5,0M;401085;PORCA F MQ UNC SEXT. 1/4 (CH7/16) ZI (NSC);10,0;0,0;0,0;0,0;0,0;10,0;10,0;10,0;10,0;10,0
2013507;ACIONAMENTO MOVIMENTADOR TRINO DESLIZANTE HORIZONTAL 5,0M;401068;ARRUELA LISA 1/4 FE ZI;6,0;0,0;0,0;0,0;0,0;6,0;6,0;6,0;6,0;6,0
2013507;ACIONAMENTO MOVIMENTADOR TRINO DESLIZANTE HORIZONTAL 5,0M;811505;SACO PLASTICO TRANSPARENTE 14CM X 9CM;1,0;0,0;0,0;0,0;0,0;1,0;1,0;1,0;1,0;1,0
2013507;ACIONAMENTO MOVIMENTADOR TRINO DESLIZANTE HORIZONTAL 5,0M;102573;BOBINA TUBULAR PEBD LEITOSA IMPRESA P/ ACIONAMENTO DE MOTORES;0,3634285714285712;0,0;0,0;0,0;0,0;0,36;0,36;0,36;0,36;0,36
2013507;ACIONAMENTO MOVIMENTADOR TRINO DESLIZANTE HORIZONTAL 5,0M;811306;ETIQUETA ADES. COUCHE 100MM X 80MM X 01 CAR;1,0;0,0;0,0;0,0;0,0;1,0;1,0;1,0;1,0;1,0
2013507;ACIONAMENTO MOVIMENTADOR TRINO DESLIZANTE HORIZONTAL 5,0M;401069;PARAFUSO 2 9X13MM A/A PAN PHS ZI;2,0;0,0;0,0;0,0;0,0;2,0;2,0;2,0;2,0;2,0
2013507;ACIONAMENTO MOVIMENTADOR TRINO DESLIZANTE HORIZONTAL 5,0M;813040;MANCAL DE CENTRAGEM;2,0;0,0;0,0;0,0;0,0;2,0;2,0;2,0;2,0;2,0
2013507;ACIONAMENTO MOVIMENTADOR TRINO DESLIZANTE HORIZONTAL 5,0M;813254;PINO DA GUIA DE CENTRAGEM;4,0;0,0;0,0;0,0;0,0;4,0;4,0;4,0;4,0;4,0
2013507;ACIONAMENTO MOVIMENTADOR TRINO DESLIZANTE HORIZONTAL 5,0M;202062;AÇO RED TREF SAE 1020 5.00 SAE;1,5080182474965085;0,0;0,0;0,0;0,0;1,51;1,51;1,51;1,51;1,51
2013507;ACIONAMENTO MOVIMENTADOR TRINO DESLIZANTE HORIZONTAL 5,0M;813595;SENSOR DE FIM DE CURSO REED BV/NEW BV 5,0M;1,0;0,0;0,0;0,0;0,0;1,0;1,0;1,0;1,0;1,0
2013507;ACIONAMENTO MOVIMENTADOR TRINO DESLIZANTE HORIZONTAL 5,0M;813606;PERFIL AL 5,0M SOL 7 STLF-0846 6063 T5;1,0;0,0;0,0;0,0;0,0;1,0;1,0;1,0;1,0;1,0
2013507;ACIONAMENTO MOVIMENTADOR TRINO DESLIZANTE HORIZONTAL 5,0M;401303;ABRAÇADEIRA UV PRETA 300X3,6;1,0;0,0;0,0;0,0;0,0;1,0;1,0;1,0;1,0;1,0
2013507;ACIONAMENTO MOVIMENTADOR TRINO DESLIZANTE HORIZONTAL 5,0M;813610;CARTUCHO DA PORCA DE 6 ENTRADAS;1,0;0,0;0,0;0,0;0,0;1,0;1,0;1,0;1,0;1,0
2013507;ACIONAMENTO MOVIMENTADOR TRINO DESLIZANTE HORIZONTAL 5,0M;813517;SUPORTE UNIVERSAL PORCA DO FUSO;1,0;0,0;0,0;0,0;0,0;1,0;1,0;1,0;1,0;1,0
2013507;ACIONAMENTO MOVIMENTADOR TRINO DESLIZANTE HORIZONTAL 5,0M;813618;EIXO ESTAMPADO PARA ACIONAMENTO BV - ZINCADO;1,0;0,0;0,0;0,0;0,0;1,0;1,0;1,0;1,0;1,0
2006064;CONJ. MOVIMENTADOR INTELIGENTE - IZZY 900 127V 50-60HZ SEM CREMALHEIRA;100802;TRANSMISSOR 433MHZ REMOTE - MODELO: AGL-E2  (DIGITAL KEY 6P20 BLACK);2,0;0,0;0,0;0,0;0,0;2,0;2,0;2,0;2,0;2,0
2006064;CONJ. MOVIMENTADOR INTELIGENTE - IZZY 900 127V 50-60HZ SEM CREMALHEIRA;101311;CAPACITOR FIXO C/DIELETRICO DE POLIPROPILENO BIORIENTADO P/MOTORES CMRW CANECA PLASTICA 50uf 250V 50;1,0;0,0;0,0;0,0;0,0;1,0;1,0;1,0;1,0;1,0
2006064;CONJ. MOVIMENTADOR INTELIGENTE - IZZY 900 127V 50-60HZ SEM CREMALHEIRA;103064;CONECTOR FÊMEA EC601V-5.08-3P GREEN BAG/BULK (EC601V-5.08-3P);1,0;0,0;0,0;0,0;0,0;1,0;1,0;1,0;1,0;1,0
2006064;CONJ. MOVIMENTADOR INTELIGENTE - IZZY 900 127V 50-60HZ SEM CREMALHEIRA;208003;IMÃ DE FERRITE - B40X20X10MM;2,0;0,0;0,0;0,0;0,0;2,0;2,0;2,0;2,0;2,0
2006064;CONJ. MOVIMENTADOR INTELIGENTE - IZZY 900 127V 50-60HZ SEM CREMALHEIRA;208006;ANEL ENCODER - ROUND MAGNET;1,0;0,0;0,0;0,0;0,0;1,0;1,0;1,0;1,0;1,0
2006064;CONJ. MOVIMENTADOR INTELIGENTE - IZZY 900 127V 50-60HZ SEM CREMALHEIRA;401007;PARAFUSO 4.8 X 13 A/A PN. PH - ZI;2,0;0,0;0,0;0,0;0,0;2,0;2,0;2,0;2,0;2,0
2006064;CONJ. MOVIMENTADOR INTELIGENTE - IZZY 900 127V 50-60HZ SEM CREMALHEIRA;401014;PARAFUSO 2.9 X 6.5 A/A PAN PHS ZI;4,0;0,0;0,0;0,0;0,0;4,0;4,0;4,0;4,0;4,0
2006064;CONJ. MOVIMENTADOR INTELIGENTE - IZZY 900 127V 50-60HZ SEM CREMALHEIRA;401068;ARRUELA LISA 1/4 FE ZI;4,0;0,0;0,0;0,0;0,0;4,0;4,0;4,0;4,0;4,0
2006064;CONJ. MOVIMENTADOR INTELIGENTE - IZZY 900 127V 50-60HZ SEM CREMALHEIRA;401108;PARAFUSO PLASTIC PAN PHS 5 X 25MM ZI;10,0;0,0;0,0;0,0;0,0;10,0;10,0;10,0;10,0;10,0
2006064;CONJ. MOVIMENTADOR INTELIGENTE - IZZY 900 127V 50-60HZ SEM CREMALHEIRA;401121;ABRAÇADEIRA UV PRETA 202X3,7;1,0;0,0;0,0;0,0;0,0;1,0;1,0;1,0;1,0;1,0
2006064;CONJ. MOVIMENTADOR INTELIGENTE - IZZY 900 127V 50-60HZ SEM CREMALHEIRA;401143;ABRAÇADEIRA UV PRETA 100 X 2,5;1,0;0,0;0,0;0,0;0,0;1,0;1,0;1,0;1,0;1,0
2006064;CONJ. MOVIMENTADOR INTELIGENTE - IZZY 900 127V 50-60HZ SEM CREMALHEIRA;401156;PARAFUSO MAD SX 1/4 X 70MM ZI;4,0;0,0;0,0;0,0;0,0;4,0;4,0;4,0;4,0;4,0
2006064;CONJ. MOVIMENTADOR INTELIGENTE - IZZY 900 127V 50-60HZ SEM CREMALHEIRA;401169;PF JMP PAN PHS 3,5X14MM ZI;2,0;0,0;0,0;0,0;0,0;2,0;2,0;2,0;2,0;2,0
2006064;CONJ. MOVIMENTADOR INTELIGENTE - IZZY 900 127V 50-60HZ SEM CREMALHEIRA;401207;PF A/A JMC DRILL FL PHS C/ SERRILHA PTA BROCA 4,2X13MM ZI;4,0;0,0;0,0;0,0;0,0;4,0;4,0;4,0;4,0;4,0
2006064;CONJ. MOVIMENTADOR INTELIGENTE - IZZY 900 127V 50-60HZ SEM CREMALHEIRA;402012;ANEL ELÁSTICO E-20;3,0;0,0;0,0;0,0;0,0;3,0;3,0;3,0;3,0;3,0
2006064;CONJ. MOVIMENTADOR INTELIGENTE - IZZY 900 127V 50-60HZ SEM CREMALHEIRA;402015;ANEL ELÁSTICO E12;2,0;0,0;0,0;0,0;0,0;2,0;2,0;2,0;2,0;2,0
2006064;CONJ. MOVIMENTADOR INTELIGENTE - IZZY 900 127V 50-60HZ SEM CREMALHEIRA;402019;PINO ELÁSTICO 4 X 24MM;1,0;0,0;0,0;0,0;0,0;1,0;1,0;1,0;1,0;1,0
2006064;CONJ. MOVIMENTADOR INTELIGENTE - IZZY 900 127V 50-60HZ SEM CREMALHEIRA;402028;BUCHA PLASTICA N10;4,0;0,0;0,0;0,0;0,0;4,0;4,0;4,0;4,0;4,0
2006064;CONJ. MOVIMENTADOR INTELIGENTE - IZZY 900 127V 50-60HZ SEM CREMALHEIRA;403032;MOLA DE DESTRAVAMENTO DESLIZANTE;1,0;0,0;0,0;0,0;0,0;1,0;1,0;1,0;1,0;1,0
2006064;CONJ. MOVIMENTADOR INTELIGENTE - IZZY 900 127V 50-60HZ SEM CREMALHEIRA;510027;INLUB GRAX MP 2/TI;0,034;0,0;0,0;0,0;0,0;0,03;0,03;0,03;0,03;0,03
2006064;CONJ. MOVIMENTADOR INTELIGENTE - IZZY 900 127V 50-60HZ SEM CREMALHEIRA;512010;CONJUNTO ESTATOR E ROTOR AGL DESL P45 1/2 cv 04 42Z 127V 60Hz;1,0;0,0;0,0;0,0;0,0;1,0;1,0;1,0;1,0;1,0
2006064;CONJ. MOVIMENTADOR INTELIGENTE - IZZY 900 127V 50-60HZ SEM CREMALHEIRA;701154;EIXO MOTOR DESLIZANTE - BRUTO;1,0;0,0;0,0;0,0;0,0;1,0;1,0;1,0;1,0;1,0
2006064;CONJ. MOVIMENTADOR INTELIGENTE - IZZY 900 127V 50-60HZ SEM CREMALHEIRA;802036;PARTE DE FECHADURAS - CILINDRO COM CHAVE PARA MOTOR - CYLINDER;1,0;0,0;0,0;0,0;0,0;1,0;1,0;1,0;1,0;1,0
2006064;CONJ. MOVIMENTADOR INTELIGENTE - IZZY 900 127V 50-60HZ SEM CREMALHEIRA;804247;BASE DA CENTRAL DESLIZANTE;1,0;0,0;0,0;0,0;0,0;1,0;1,0;1,0;1,0;1,0
2006064;CONJ. MOVIMENTADOR INTELIGENTE - IZZY 900 127V 50-60HZ SEM CREMALHEIRA;804248;TAMPA DA CENTRAL DESLIZANTE;1,0;0,0;0,0;0,0;0,0;1,0;1,0;1,0;1,0;1,0
2006064;CONJ. MOVIMENTADOR INTELIGENTE - IZZY 900 127V 50-60HZ SEM CREMALHEIRA;804261;BASE SUPERIOR NYLON DO MOTOR DESLIZANTE C/ ENCODER;1,0;0,0;0,0;0,0;0,0;1,0;1,0;1,0;1,0;1,0
2006064;CONJ. MOVIMENTADOR INTELIGENTE - IZZY 900 127V 50-60HZ SEM CREMALHEIRA;811040;MANUAL DE INSTALAÇÃO LINHA IZZY QR CODE BILINGUE;1,0;0,0;0,0;0,0;0,0;1,0;1,0;1,0;1,0;1,0
2006064;CONJ. MOVIMENTADOR INTELIGENTE - IZZY 900 127V 50-60HZ SEM CREMALHEIRA;811104;GABARITO DE INSTALAÇÃO LINHA TRINO;1,0;0,0;0,0;0,0;0,0;1,0;1,0;1,0;1,0;1,0
2006064;CONJ. MOVIMENTADOR INTELIGENTE - IZZY 900 127V 50-60HZ SEM CREMALHEIRA;811306;ETIQUETA ADES. COUCHE 100MM X 80MM X 01 CAR;1,0;0,0;0,0;0,0;0,0;1,0;1,0;1,0;1,0;1,0
2006064;CONJ. MOVIMENTADOR INTELIGENTE - IZZY 900 127V 50-60HZ SEM CREMALHEIRA;811311;ETIQUETA ADES. BOPP FOSCO C/DFAM 50MM X 25MM X 02 CAR;1,0;0,0;0,0;0,0;0,0;1,0;1,0;1,0;1,0;1,0
2006064;CONJ. MOVIMENTADOR INTELIGENTE - IZZY 900 127V 50-60HZ SEM CREMALHEIRA;811541;SACO PLASTICO TRANSPARENTE 30CM X 15CM;1,0;0,0;0,0;0,0;0,0;1,0;1,0;1,0;1,0;1,0
2006064;CONJ. MOVIMENTADOR INTELIGENTE - IZZY 900 127V 50-60HZ SEM CREMALHEIRA;811921;CAIXA PARDA MOTOR DESLIZANTE AGL ( MEIA ABA REFORÇADA);1,0;0,0;0,0;0,0;0,0;1,0;1,0;1,0;1,0;1,0
2006064;CONJ. MOVIMENTADOR INTELIGENTE - IZZY 900 127V 50-60HZ SEM CREMALHEIRA;813009;ALAVANCA PARA DESTRAVAMENTO MANUAL;1,0;0,0;0,0;0,0;0,0;1,0;1,0;1,0;1,0;1,0
2006064;CONJ. MOVIMENTADOR INTELIGENTE - IZZY 900 127V 50-60HZ SEM CREMALHEIRA;813014;LINGUETA DO CILINDRO DA ALAVANCA DE DESTRAVAMENTO MANUAL DZ ZI;1,0;0,0;0,0;0,0;0,0;1,0;1,0;1,0;1,0;1,0
2006064;CONJ. MOVIMENTADOR INTELIGENTE - IZZY 900 127V 50-60HZ SEM CREMALHEIRA;813025;VENTOINHA DOS MOTORES;1,0;0,0;0,0;0,0;0,0;1,0;1,0;1,0;1,0;1,0
2006064;CONJ. MOVIMENTADOR INTELIGENTE - IZZY 900 127V 50-60HZ SEM CREMALHEIRA;813037;ENGRENAGEM EXTERNA MOTOR 17 DENTES;1,0;0,0;0,0;0,0;0,0;1,0;1,0;1,0;1,0;1,0
2006064;CONJ. MOVIMENTADOR INTELIGENTE - IZZY 900 127V 50-60HZ SEM CREMALHEIRA;813039;VENEZIANA DOS MOTORES;1,0;0,0;0,0;0,0;0,0;1,0;1,0;1,0;1,0;1,0
2006064;CONJ. MOVIMENTADOR INTELIGENTE - IZZY 900 127V 50-60HZ SEM CREMALHEIRA;813100;ENGRENAGEM INTERNA DE ZAMAC DO DESLIZANTE TRINO 700/900 1 ENTRADA 300/500/SOFT;1,0;0,0;0,0;0,0;0,0;1,0;1,0;1,0;1,0;1,0
2006064;CONJ. MOVIMENTADOR INTELIGENTE - IZZY 900 127V 50-60HZ SEM CREMALHEIRA;813144;SUPORTE DO IMA DE FIM DE CURSO DESLIZANTE;2,0;0,0;0,0;0,0;0,0;2,0;2,0;2,0;2,0;2,0
2006064;CONJ. MOVIMENTADOR INTELIGENTE - IZZY 900 127V 50-60HZ SEM CREMALHEIRA;813151;BASE INFERIOR NYLON MOTORES DESLIZANTES;1,0;0,0;0,0;0,0;0,0;1,0;1,0;1,0;1,0;1,0
2006064;CONJ. MOVIMENTADOR INTELIGENTE - IZZY 900 127V 50-60HZ SEM CREMALHEIRA;813234;CHAVETA 8MMX33,4MM;1,0;0,0;0,0;0,0;0,0;1,0;1,0;1,0;1,0;1,0
2006064;CONJ. MOVIMENTADOR INTELIGENTE - IZZY 900 127V 50-60HZ SEM CREMALHEIRA;813235;BUCHA DO EIXO DESLIZANTE SEXTAVADA;2,0;0,0;0,0;0,0;0,0;2,0;2,0;2,0;2,0;2,0
2006064;CONJ. MOVIMENTADOR INTELIGENTE - IZZY 900 127V 50-60HZ SEM CREMALHEIRA;813237;PINO DESTRAVAMENTO TRINO;1,0;0,0;0,0;0,0;0,0;1,0;1,0;1,0;1,0;1,0
2006064;CONJ. MOVIMENTADOR INTELIGENTE - IZZY 900 127V 50-60HZ SEM CREMALHEIRA;813248;TAMPA PROTEÇÃO DO MOTOR - GRAFITE;1,0;0,0;0,0;0,0;0,0;1,0;1,0;1,0;1,0;1,0
2006064;CONJ. MOVIMENTADOR INTELIGENTE - IZZY 900 127V 50-60HZ SEM CREMALHEIRA;813253;SEM FIM DE 1 ENTRADA AÇO;1,0;0,0;0,0;0,0;0,0;1,0;1,0;1,0;1,0;1,0
2006064;CONJ. MOVIMENTADOR INTELIGENTE - IZZY 900 127V 50-60HZ SEM CREMALHEIRA;813331;SUPORTE DE INSTALAÇÃO DO IMÃ DZ;2,0;0,0;0,0;0,0;0,0;2,0;2,0;2,0;2,0;2,0
2006064;CONJ. MOVIMENTADOR INTELIGENTE - IZZY 900 127V 50-60HZ SEM CREMALHEIRA;813409;TAMPÃO DO ENGRENAGEM EXTERNA MOTORES DZ;1,0;0,0;0,0;0,0;0,0;1,0;1,0;1,0;1,0;1,0
2006064;CONJ. MOVIMENTADOR INTELIGENTE - IZZY 900 127V 50-60HZ SEM CREMALHEIRA;813410;BUCHA DE CENTRAGEM DO EIXO DO ROTOR DZ;1,0;0,0;0,0;0,0;0,0;1,0;1,0;1,0;1,0;1,0
2006064;CONJ. MOVIMENTADOR INTELIGENTE - IZZY 900 127V 50-60HZ SEM CREMALHEIRA;813455;SENSOR DE FIM DE CURSO REED DESLIZANTE;1,0;0,0;0,0;0,0;0,0;1,0;1,0;1,0;1,0;1,0
2006064;CONJ. MOVIMENTADOR INTELIGENTE - IZZY 900 127V 50-60HZ SEM CREMALHEIRA;813507;CASE DE PROTEÇÃO DO MÓDULO WIFI IZZY;1,0;0,0;0,0;0,0;0,0;1,0;1,0;1,0;1,0;1,0
2006064;CONJ. MOVIMENTADOR INTELIGENTE - IZZY 900 127V 50-60HZ SEM CREMALHEIRA;911079;PLACA REVISADA DO MODULO WIFI/BLUETOOTH CENTRAL IZZY;1,0;0,0;0,0;0,0;0,0;1,0;1,0;1,0;1,0;1,0
2006064;CONJ. MOVIMENTADOR INTELIGENTE - IZZY 900 127V 50-60HZ SEM CREMALHEIRA;911127;PLACA REVISADA NOVA CENTRAL IZZY;1,0;0,0;0,0;0,0;0,0;1,0;1,0;1,0;1,0;1,0
2006064;CONJ. MOVIMENTADOR INTELIGENTE - IZZY 900 127V 50-60HZ SEM CREMALHEIRA;105069;FITA EMPACT. 50MT X 48MM ACRI;0,02;0,0;0,0;0,0;0,0;0,02;0,02;0,02;0,02;0,02
2008032;CONJ. MOVIMENTADOR TRINO NEW BV3 SPEED 127V SEM ACIONAMENTO;100802;TRANSMISSOR 433MHZ REMOTE - MODELO: AGL-E2  (DIGITAL KEY 6P20 BLACK);2,0;0,0;0,0;0,0;0,0;2,0;2,0;2,0;2,0;2,0
2008032;CONJ. MOVIMENTADOR TRINO NEW BV3 SPEED 127V SEM ACIONAMENTO;101311;CAPACITOR FIXO C/DIELETRICO DE POLIPROPILENO BIORIENTADO P/MOTORES CMRW CANECA PLASTICA 50uf 250V 50;1,0;0,0;0,0;0,0;0,0;1,0;1,0;1,0;1,0;1,0
2008032;CONJ. MOVIMENTADOR TRINO NEW BV3 SPEED 127V SEM ACIONAMENTO;103064;CONECTOR FÊMEA EC601V-5.08-3P GREEN BAG/BULK (EC601V-5.08-3P);1,0;0,0;0,0;0,0;0,0;1,0;1,0;1,0;1,0;1,0
2008032;CONJ. MOVIMENTADOR TRINO NEW BV3 SPEED 127V SEM ACIONAMENTO;401007;PARAFUSO 4.8 X 13 A/A PN. PH - ZI;4,0;0,0;0,0;0,0;0,0;4,0;4,0;4,0;4,0;4,0
2008032;CONJ. MOVIMENTADOR TRINO NEW BV3 SPEED 127V SEM ACIONAMENTO;401014;PARAFUSO 2.9 X 6.5 A/A PAN PHS ZI;2,0;0,0;0,0;0,0;0,0;2,0;2,0;2,0;2,0;2,0
2008032;CONJ. MOVIMENTADOR TRINO NEW BV3 SPEED 127V SEM ACIONAMENTO;401121;ABRAÇADEIRA UV PRETA 202X3,7;1,0;0,0;0,0;0,0;0,0;1,0;1,0;1,0;1,0;1,0
2008032;CONJ. MOVIMENTADOR TRINO NEW BV3 SPEED 127V SEM ACIONAMENTO;401161;PARAFUSO PAN ZBR P/ CHAVE TORX M5 X 20MM T25;6,0;0,0;0,0;0,0;0,0;6,0;6,0;6,0;6,0;6,0
2008032;CONJ. MOVIMENTADOR TRINO NEW BV3 SPEED 127V SEM ACIONAMENTO;401169;PF JMP PAN PHS 3,5X14MM ZI;4,0;0,0;0,0;0,0;0,0;4,0;4,0;4,0;4,0;4,0
2008032;CONJ. MOVIMENTADOR TRINO NEW BV3 SPEED 127V SEM ACIONAMENTO;401169;PF JMP PAN PHS 3,5X14MM ZI;2,0;0,0;0,0;0,0;0,0;2,0;2,0;2,0;2,0;2,0
2008032;CONJ. MOVIMENTADOR TRINO NEW BV3 SPEED 127V SEM ACIONAMENTO;401208;PA MQ PN HXL T25 TMA 5X12 RI ZB;8,0;0,0;0,0;0,0;0,0;8,0;8,0;8,0;8,0;8,0
2008032;CONJ. MOVIMENTADOR TRINO NEW BV3 SPEED 127V SEM ACIONAMENTO;402012;ANEL ELÁSTICO E-20;3,0;0,0;0,0;0,0;0,0;3,0;3,0;3,0;3,0;3,0
2008032;CONJ. MOVIMENTADOR TRINO NEW BV3 SPEED 127V SEM ACIONAMENTO;402013;RETENTOR GR 20X30X7 TC GTOP;2,0;0,0;0,0;0,0;0,0;2,0;2,0;2,0;2,0;2,0
2008032;CONJ. MOVIMENTADOR TRINO NEW BV3 SPEED 127V SEM ACIONAMENTO;402015;ANEL ELÁSTICO E12;4,0;0,0;0,0;0,0;0,0;4,0;4,0;4,0;4,0;4,0
2008032;CONJ. MOVIMENTADOR TRINO NEW BV3 SPEED 127V SEM ACIONAMENTO;402018;ESPAGUETE LISO 10MMX150MM;0,15;0,0;0,0;0,0;0,0;0,15;0,15;0,15;0,15;0,15
2008032;CONJ. MOVIMENTADOR TRINO NEW BV3 SPEED 127V SEM ACIONAMENTO;402019;PINO ELÁSTICO 4 X 24MM;1,0;0,0;0,0;0,0;0,0;1,0;1,0;1,0;1,0;1,0
2008032;CONJ. MOVIMENTADOR TRINO NEW BV3 SPEED 127V SEM ACIONAMENTO;403047;MOLA DO FREIO MOTOR PIVOTANTE/ NEW BV;1,0;0,0;0,0;0,0;0,0;1,0;1,0;1,0;1,0;1,0
2008032;CONJ. MOVIMENTADOR TRINO NEW BV3 SPEED 127V SEM ACIONAMENTO;411017;ROLAMENTOS 6201-08 ZZ C3;2,0;0,0;0,0;0,0;0,0;2,0;2,0;2,0;2,0;2,0
2008032;CONJ. MOVIMENTADOR TRINO NEW BV3 SPEED 127V SEM ACIONAMENTO;412023;ESTATOR BOBINADO AGL BV/NEW BV/PIVO P33 1/4 cv 04 42z 127V 60Hz;1,0;0,0;0,0;0,0;0,0;1,0;1,0;1,0;1,0;1,0
2008032;CONJ. MOVIMENTADOR TRINO NEW BV3 SPEED 127V SEM ACIONAMENTO;412162;ROTOR AGL NEW BV P33 1/3 cv 04;1,0;0,0;0,0;0,0;0,0;1,0;1,0;1,0;1,0;1,0
2008032;CONJ. MOVIMENTADOR TRINO NEW BV3 SPEED 127V SEM ACIONAMENTO;510027;INLUB GRAX MP 2/TI;0,012;0,0;0,0;0,0;0,0;0,01;0,01;0,01;0,01;0,01
2008032;CONJ. MOVIMENTADOR TRINO NEW BV3 SPEED 127V SEM ACIONAMENTO;701155;EIXO PRINCIPAL DO NEW BV - BRUTO;1,0;0,0;0,0;0,0;0,0;1,0;1,0;1,0;1,0;1,0
2008032;CONJ. MOVIMENTADOR TRINO NEW BV3 SPEED 127V SEM ACIONAMENTO;804430;CAPA DO ROLAMENTO DOS MOTORES;2,0;0,0;0,0;0,0;0,0;2,0;2,0;2,0;2,0;2,0
2008032;CONJ. MOVIMENTADOR TRINO NEW BV3 SPEED 127V SEM ACIONAMENTO;811122;MANUAL P / AUTOMATIZADOR DZ/BV/NEW BV CENTRAL FLEX/LIGHT EM PORTUGUÊS;1,0;0,0;0,0;0,0;0,0;1,0;1,0;1,0;1,0;1,0
2008032;CONJ. MOVIMENTADOR TRINO NEW BV3 SPEED 127V SEM ACIONAMENTO;811306;ETIQUETA ADES. COUCHE 100MM X 80MM X 01 CAR;1,0;0,0;0,0;0,0;0,0;1,0;1,0;1,0;1,0;1,0
2008032;CONJ. MOVIMENTADOR TRINO NEW BV3 SPEED 127V SEM ACIONAMENTO;811311;ETIQUETA ADES. BOPP FOSCO C/DFAM 50MM X 25MM X 02 CAR;2,0;0,0;0,0;0,0;0,0;2,0;2,0;2,0;2,0;2,0
2008032;CONJ. MOVIMENTADOR TRINO NEW BV3 SPEED 127V SEM ACIONAMENTO;811505;SACO PLASTICO TRANSPARENTE 14CM X 9CM;1,0;0,0;0,0;0,0;0,0;1,0;1,0;1,0;1,0;1,0
2008032;CONJ. MOVIMENTADOR TRINO NEW BV3 SPEED 127V SEM ACIONAMENTO;811775;CAIXA MOTOR BASCULANTE NOVA 23,0 X 16,0 X 24,5;1,0;0,0;0,0;0,0;0,0;1,0;1,0;1,0;1,0;1,0
2008032;CONJ. MOVIMENTADOR TRINO NEW BV3 SPEED 127V SEM ACIONAMENTO;813255;SEM FIM DE DUAS ENTRADAS AÇO DZ/ NEW BV;1,0;0,0;0,0;0,0;0,0;1,0;1,0;1,0;1,0;1,0
2008032;CONJ. MOVIMENTADOR TRINO NEW BV3 SPEED 127V SEM ACIONAMENTO;813256;TAMPA DA CENTRAL NEW BV;1,0;0,0;0,0;0,0;0,0;1,0;1,0;1,0;1,0;1,0
2008032;CONJ. MOVIMENTADOR TRINO NEW BV3 SPEED 127V SEM ACIONAMENTO;813257;BASE CENTRAL NEW BV;1,0;0,0;0,0;0,0;0,0;1,0;1,0;1,0;1,0;1,0
2008032;CONJ. MOVIMENTADOR TRINO NEW BV3 SPEED 127V SEM ACIONAMENTO;813258;CARCAÇA INFERIOR NEW BV SEM FURO ENCODER;1,0;0,0;0,0;0,0;0,0;1,0;1,0;1,0;1,0;1,0
2008032;CONJ. MOVIMENTADOR TRINO NEW BV3 SPEED 127V SEM ACIONAMENTO;813260;CALÇO DO ESTATOR NEW BV;2,0;0,0;0,0;0,0;0,0;2,0;2,0;2,0;2,0;2,0
2008032;CONJ. MOVIMENTADOR TRINO NEW BV3 SPEED 127V SEM ACIONAMENTO;813263;ROLAMENTO PLÁSTICO EIXO ENGRENAGEM;2,0;0,0;0,0;0,0;0,0;2,0;2,0;2,0;2,0;2,0
2008032;CONJ. MOVIMENTADOR TRINO NEW BV3 SPEED 127V SEM ACIONAMENTO;813265;CARCAÇA SUPERIOR NEW BV;1,0;0,0;0,0;0,0;0,0;1,0;1,0;1,0;1,0;1,0
2008032;CONJ. MOVIMENTADOR TRINO NEW BV3 SPEED 127V SEM ACIONAMENTO;813295;ENGRENAGEM 2 ENTRADAS NEW BV SEM IMÃ;1,0;0,0;0,0;0,0;0,0;1,0;1,0;1,0;1,0;1,0
2008032;CONJ. MOVIMENTADOR TRINO NEW BV3 SPEED 127V SEM ACIONAMENTO;813395;PASSA FIO DO NEW BV;1,0;0,0;0,0;0,0;0,0;1,0;1,0;1,0;1,0;1,0
2008032;CONJ. MOVIMENTADOR TRINO NEW BV3 SPEED 127V SEM ACIONAMENTO;813412;DISCO DE FRICÇÃO DE CELEROM Ø20MM;1,0;0,0;0,0;0,0;0,0;1,0;1,0;1,0;1,0;1,0
2008032;CONJ. MOVIMENTADOR TRINO NEW BV3 SPEED 127V SEM ACIONAMENTO;813522;CHAVETA QUADRADA 8MMX33,4MM;1,0;0,0;0,0;0,0;0,0;1,0;1,0;1,0;1,0;1,0
2008032;CONJ. MOVIMENTADOR TRINO NEW BV3 SPEED 127V SEM ACIONAMENTO;813524;COPO DE FREIO PIVOTANTE/ NEW BV SPEED;1,0;0,0;0,0;0,0;0,0;1,0;1,0;1,0;1,0;1,0
2008032;CONJ. MOVIMENTADOR TRINO NEW BV3 SPEED 127V SEM ACIONAMENTO;911080;PLACA REVISADA CENTRAL FLEX;1,0;0,0;0,0;0,0;0,0;1,0;1,0;1,0;1,0;1,0
2006053;CONJ. MOVIMENTADOR INTELIGENTE - IZZY 300 127V 50-60HZ SEM CREMALHEIRA;100802;TRANSMISSOR 433MHZ REMOTE - MODELO: AGL-E2  (DIGITAL KEY 6P20 BLACK);2,0;0,0;0,0;0,0;0,0;0,0;62,0;462,0;862,0;2062,0
2006053;CONJ. MOVIMENTADOR INTELIGENTE - IZZY 300 127V 50-60HZ SEM CREMALHEIRA;101309;CAPACITOR FIXO C/DIELETRICO DE POLIPROPILENO BIORIENTADO P/MOTORES CMRW CANECA PLASTICA 30UF 250V 50;1,0;0,0;0,0;0,0;0,0;0,0;31,0;231,0;431,0;1031,0
2006053;CONJ. MOVIMENTADOR INTELIGENTE - IZZY 300 127V 50-60HZ SEM CREMALHEIRA;101553;SENSOR EFEITO HALL AH3781-P-B 0,30W HALL LATCH SWITCH SIP-3 BULK (AH3781-P-B);1,0;0,0;0,0;0,0;0,0;0,0;31,0;231,0;431,0;1031,0
2006053;CONJ. MOVIMENTADOR INTELIGENTE - IZZY 300 127V 50-60HZ SEM CREMALHEIRA;103064;CONECTOR FÊMEA EC601V-5.08-3P GREEN BAG/BULK (EC601V-5.08-3P);1,0;0,0;0,0;0,0;0,0;0,0;31,0;231,0;431,0;1031,0
2006053;CONJ. MOVIMENTADOR INTELIGENTE - IZZY 300 127V 50-60HZ SEM CREMALHEIRA;103130;CABO CONECTOR TERMINAL WHITE WIRE BLK-PH-3P L180 BOX (BLK-PH-3P L180);1,0;0,0;0,0;0,0;0,0;0,0;31,0;231,0;431,0;1031,0
2006053;CONJ. MOVIMENTADOR INTELIGENTE - IZZY 300 127V 50-60HZ SEM CREMALHEIRA;208003;IMÃ DE FERRITE - B40X20X10MM;2,0;0,0;0,0;0,0;0,0;0,0;62,0;462,0;862,0;2062,0
2006053;CONJ. MOVIMENTADOR INTELIGENTE - IZZY 300 127V 50-60HZ SEM CREMALHEIRA;208006;ANEL ENCODER - ROUND MAGNET;1,0;0,0;0,0;0,0;0,0;0,0;31,0;231,0;431,0;1031,0
2006053;CONJ. MOVIMENTADOR INTELIGENTE - IZZY 300 127V 50-60HZ SEM CREMALHEIRA;401068;ARRUELA LISA 1/4 FE ZI;4,0;0,0;0,0;0,0;0,0;0,0;124,0;924,0;1724,0;4124,0
2006053;CONJ. MOVIMENTADOR INTELIGENTE - IZZY 300 127V 50-60HZ SEM CREMALHEIRA;401108;PARAFUSO PLASTIC PAN PHS 5 X 25MM ZI;10,0;0,0;0,0;0,0;0,0;0,0;310,0;2310,0;4310,0;10310,0
2006053;CONJ. MOVIMENTADOR INTELIGENTE - IZZY 300 127V 50-60HZ SEM CREMALHEIRA;401121;ABRAÇADEIRA UV PRETA 202X3,7;1,0;0,0;0,0;0,0;0,0;0,0;31,0;231,0;431,0;1031,0
2006053;CONJ. MOVIMENTADOR INTELIGENTE - IZZY 300 127V 50-60HZ SEM CREMALHEIRA;401156;PARAFUSO MAD SX 1/4 X 70MM ZI;4,0;0,0;0,0;0,0;0,0;0,0;124,0;924,0;1724,0;4124,0
2006053;CONJ. MOVIMENTADOR INTELIGENTE - IZZY 300 127V 50-60HZ SEM CREMALHEIRA;401163;PARAFUSO PLASTIC PAN PHS 5 X 12MM ZI;2,0;0,0;0,0;0,0;0,0;0,0;62,0;462,0;862,0;2062,0
2006053;CONJ. MOVIMENTADOR INTELIGENTE - IZZY 300 127V 50-60HZ SEM CREMALHEIRA;401169;PF JMP PAN PHS 3,5X14MM ZI;2,0;0,0;0,0;0,0;0,0;0,0;62,0;462,0;862,0;2062,0
2006053;CONJ. MOVIMENTADOR INTELIGENTE - IZZY 300 127V 50-60HZ SEM CREMALHEIRA;401207;PF A/A JMC DRILL FL PHS C/ SERRILHA PTA BROCA 4,2X13MM ZI;4,0;0,0;0,0;0,0;0,0;0,0;124,0;924,0;1724,0;4124,0
2006053;CONJ. MOVIMENTADOR INTELIGENTE - IZZY 300 127V 50-60HZ SEM CREMALHEIRA;401260;PARAFUSO MQ PN HXL T25 TMA 5X45 PS 30 ZB (ROSCA COMPLETA);1,0;0,0;0,0;0,0;0,0;0,0;31,0;231,0;431,0;1031,0
2006053;CONJ. MOVIMENTADOR INTELIGENTE - IZZY 300 127V 50-60HZ SEM CREMALHEIRA;402019;PINO ELÁSTICO 4 X 24MM;2,0;0,0;0,0;0,0;0,0;0,0;62,0;462,0;862,0;2062,0
2006053;CONJ. MOVIMENTADOR INTELIGENTE - IZZY 300 127V 50-60HZ SEM CREMALHEIRA;402028;BUCHA PLASTICA N10;4,0;0,0;0,0;0,0;0,0;0,0;124,0;924,0;1724,0;4124,0
2006053;CONJ. MOVIMENTADOR INTELIGENTE - IZZY 300 127V 50-60HZ SEM CREMALHEIRA;403032;MOLA DE DESTRAVAMENTO DESLIZANTE;1,0;0,0;0,0;0,0;0,0;0,0;31,0;231,0;431,0;1031,0
2006053;CONJ. MOVIMENTADOR INTELIGENTE - IZZY 300 127V 50-60HZ SEM CREMALHEIRA;510027;INLUB GRAX MP 2/TI;0,034;0,0;0,0;0,0;0,0;0,0;1,05;7,85;14,65;35,05
2006053;CONJ. MOVIMENTADOR INTELIGENTE - IZZY 300 127V 50-60HZ SEM CREMALHEIRA;512001;CONJUNTO ESTATOR E ROTOR AGL DESL P17 1/7 cv 04 42Z 127V 60HZ;1,0;0,0;0,0;0,0;0,0;0,0;31,0;231,0;431,0;1031,0
2006053;CONJ. MOVIMENTADOR INTELIGENTE - IZZY 300 127V 50-60HZ SEM CREMALHEIRA;801132;ARGOLA DA CHAVE;1,0;0,0;0,0;0,0;0,0;0,0;31,0;231,0;431,0;1031,0
2006053;CONJ. MOVIMENTADOR INTELIGENTE - IZZY 300 127V 50-60HZ SEM CREMALHEIRA;804247;BASE DA CENTRAL DESLIZANTE;1,0;0,0;0,0;0,0;0,0;0,0;31,0;231,0;431,0;1031,0
2006053;CONJ. MOVIMENTADOR INTELIGENTE - IZZY 300 127V 50-60HZ SEM CREMALHEIRA;804248;TAMPA DA CENTRAL DESLIZANTE;1,0;0,0;0,0;0,0;0,0;0,0;31,0;231,0;431,0;1031,0
2006053;CONJ. MOVIMENTADOR INTELIGENTE - IZZY 300 127V 50-60HZ SEM CREMALHEIRA;804540;BASE SUPERIOR PP DO MOTOR DESLIZANTE;1,0;0,0;0,0;0,0;0,0;0,0;31,0;231,0;431,0;1031,0
2006053;CONJ. MOVIMENTADOR INTELIGENTE - IZZY 300 127V 50-60HZ SEM CREMALHEIRA;804542;BASE INFERIOR PP MOTORES DESLIZANTES;1,0;0,0;0,0;0,0;0,0;0,0;31,0;231,0;431,0;1031,0
2006053;CONJ. MOVIMENTADOR INTELIGENTE - IZZY 300 127V 50-60HZ SEM CREMALHEIRA;811040;MANUAL DE INSTALAÇÃO LINHA IZZY QR CODE BILINGUE;1,0;0,0;0,0;0,0;0,0;0,0;31,0;231,0;431,0;1031,0
2006053;CONJ. MOVIMENTADOR INTELIGENTE - IZZY 300 127V 50-60HZ SEM CREMALHEIRA;811104;GABARITO DE INSTALAÇÃO LINHA TRINO;1,0;0,0;0,0;0,0;0,0;0,0;31,0;231,0;431,0;1031,0
2006053;CONJ. MOVIMENTADOR INTELIGENTE - IZZY 300 127V 50-60HZ SEM CREMALHEIRA;811306;ETIQUETA ADES. COUCHE 100MM X 80MM X 01 CAR;1,0;0,0;0,0;0,0;0,0;0,0;31,0;231,0;431,0;1031,0
2006053;CONJ. MOVIMENTADOR INTELIGENTE - IZZY 300 127V 50-60HZ SEM CREMALHEIRA;811311;ETIQUETA ADES. BOPP FOSCO C/DFAM 50MM X 25MM X 02 CAR;1,0;0,0;0,0;0,0;0,0;0,0;31,0;231,0;431,0;1031,0
2006053;CONJ. MOVIMENTADOR INTELIGENTE - IZZY 300 127V 50-60HZ SEM CREMALHEIRA;811541;SACO PLASTICO TRANSPARENTE 30CM X 15CM;1,0;0,0;0,0;0,0;0,0;0,0;31,0;231,0;431,0;1031,0
2006053;CONJ. MOVIMENTADOR INTELIGENTE - IZZY 300 127V 50-60HZ SEM CREMALHEIRA;811921;CAIXA PARDA MOTOR DESLIZANTE AGL ( MEIA ABA REFORÇADA);1,0;0,0;0,0;0,0;0,0;0,0;31,0;231,0;431,0;1031,0
2006053;CONJ. MOVIMENTADOR INTELIGENTE - IZZY 300 127V 50-60HZ SEM CREMALHEIRA;813009;ALAVANCA PARA DESTRAVAMENTO MANUAL;1,0;0,0;0,0;0,0;0,0;0,0;31,0;231,0;431,0;1031,0
2006053;CONJ. MOVIMENTADOR INTELIGENTE - IZZY 300 127V 50-60HZ SEM CREMALHEIRA;813014;LINGUETA DO CILINDRO DA ALAVANCA DE DESTRAVAMENTO MANUAL DZ ZI;1,0;0,0;0,0;0,0;0,0;0,0;31,0;231,0;431,0;1031,0
2006053;CONJ. MOVIMENTADOR INTELIGENTE - IZZY 300 127V 50-60HZ SEM CREMALHEIRA;813096;ENGRENAGEM EXTERNA 17D PARA EIXO ESTAMPADO TRINO LIGHT/300;1,0;0,0;0,0;0,0;0,0;0,0;31,0;231,0;431,0;1031,0
2006053;CONJ. MOVIMENTADOR INTELIGENTE - IZZY 300 127V 50-60HZ SEM CREMALHEIRA;813144;SUPORTE DO IMA DE FIM DE CURSO DESLIZANTE;2,0;0,0;0,0;0,0;0,0;0,0;62,0;462,0;862,0;2062,0
2006053;CONJ. MOVIMENTADOR INTELIGENTE - IZZY 300 127V 50-60HZ SEM CREMALHEIRA;813173;ARRUELA 1,2MM EIXO DESLIZANTE;2,0;0,0;0,0;0,0;0,0;0,0;62,0;462,0;862,0;2062,0
2006053;CONJ. MOVIMENTADOR INTELIGENTE - IZZY 300 127V 50-60HZ SEM CREMALHEIRA;813235;BUCHA DO EIXO DESLIZANTE SEXTAVADA;2,0;0,0;0,0;0,0;0,0;0,0;62,0;462,0;862,0;2062,0
2006053;CONJ. MOVIMENTADOR INTELIGENTE - IZZY 300 127V 50-60HZ SEM CREMALHEIRA;813237;PINO DESTRAVAMENTO TRINO;1,0;0,0;0,0;0,0;0,0;0,0;31,0;231,0;431,0;1031,0
2006053;CONJ. MOVIMENTADOR INTELIGENTE - IZZY 300 127V 50-60HZ SEM CREMALHEIRA;813248;TAMPA PROTEÇÃO DO MOTOR - GRAFITE;1,0;0,0;0,0;0,0;0,0;0,0;31,0;231,0;431,0;1031,0
2006053;CONJ. MOVIMENTADOR INTELIGENTE - IZZY 300 127V 50-60HZ SEM CREMALHEIRA;813249;CILINDRO MOTOR DESLIZANTE NYLON;1,0;0,0;0,0;0,0;0,0;0,0;31,0;231,0;431,0;1031,0
2006053;CONJ. MOVIMENTADOR INTELIGENTE - IZZY 300 127V 50-60HZ SEM CREMALHEIRA;813250;CHAVE CILINDRO MOTOR DESLIZANTE NYLON (MODELO NOVO);2,0;0,0;0,0;0,0;0,0;0,0;62,0;462,0;862,0;2062,0
2006053;CONJ. MOVIMENTADOR INTELIGENTE - IZZY 300 127V 50-60HZ SEM CREMALHEIRA;813251;SEM FIM DE UMA ENTRADA ALUMÍNIO TR LIGTH/ TR300/ TR500;1,0;0,0;0,0;0,0;0,0;0,0;31,0;231,0;431,0;1031,0
2006053;CONJ. MOVIMENTADOR INTELIGENTE - IZZY 300 127V 50-60HZ SEM CREMALHEIRA;813289;ENGRENAGEM INTERNA DE 1 ENTRADA DZ E NEWBV SEM IMÃ;1,0;0,0;0,0;0,0;0,0;0,0;31,0;231,0;431,0;1031,0
2006053;CONJ. MOVIMENTADOR INTELIGENTE - IZZY 300 127V 50-60HZ SEM CREMALHEIRA;813293;MIOLO DO CILINDRO NYLON MOTOR DESLIZANTE;1,0;0,0;0,0;0,0;0,0;0,0;31,0;231,0;431,0;1031,0
2006053;CONJ. MOVIMENTADOR INTELIGENTE - IZZY 300 127V 50-60HZ SEM CREMALHEIRA;813294;PORCA DO CILINDRO NYLON MOTOR DESLIZANTE;1,0;0,0;0,0;0,0;0,0;0,0;31,0;231,0;431,0;1031,0
2006053;CONJ. MOVIMENTADOR INTELIGENTE - IZZY 300 127V 50-60HZ SEM CREMALHEIRA;813331;SUPORTE DE INSTALAÇÃO DO IMÃ DZ;2,0;0,0;0,0;0,0;0,0;0,0;62,0;462,0;862,0;2062,0
2006053;CONJ. MOVIMENTADOR INTELIGENTE - IZZY 300 127V 50-60HZ SEM CREMALHEIRA;813409;TAMPÃO DO ENGRENAGEM EXTERNA MOTORES DZ;1,0;0,0;0,0;0,0;0,0;0,0;31,0;231,0;431,0;1031,0
2006053;CONJ. MOVIMENTADOR INTELIGENTE - IZZY 300 127V 50-60HZ SEM CREMALHEIRA;813410;BUCHA DE CENTRAGEM DO EIXO DO ROTOR DZ;1,0;0,0;0,0;0,0;0,0;0,0;31,0;231,0;431,0;1031,0
2006053;CONJ. MOVIMENTADOR INTELIGENTE - IZZY 300 127V 50-60HZ SEM CREMALHEIRA;813455;SENSOR DE FIM DE CURSO REED DESLIZANTE;1,0;0,0;0,0;0,0;0,0;0,0;31,0;231,0;431,0;1031,0
2006053;CONJ. MOVIMENTADOR INTELIGENTE - IZZY 300 127V 50-60HZ SEM CREMALHEIRA;813507;CASE DE PROTEÇÃO DO MÓDULO WIFI IZZY;1,0;0,0;0,0;0,0;0,0;0,0;31,0;231,0;431,0;1031,0
2006053;CONJ. MOVIMENTADOR INTELIGENTE - IZZY 300 127V 50-60HZ SEM CREMALHEIRA;813508;SUPORTE DO ENCODER INDUSTRIAL/DZ 300 SEM TAMPA;1,0;0,0;0,0;0,0;0,0;0,0;31,0;231,0;431,0;1031,0
2006053;CONJ. MOVIMENTADOR INTELIGENTE - IZZY 300 127V 50-60HZ SEM CREMALHEIRA;813509;TAMPA DO ENCODER INDUSTRIAL/DZ 300;1,0;0,0;0,0;0,0;0,0;0,0;31,0;231,0;431,0;1031,0
2006053;CONJ. MOVIMENTADOR INTELIGENTE - IZZY 300 127V 50-60HZ SEM CREMALHEIRA;813522;CHAVETA QUADRADA 8MMX33,4MM;1,0;0,0;0,0;0,0;0,0;0,0;31,0;231,0;431,0;1031,0
2006053;CONJ. MOVIMENTADOR INTELIGENTE - IZZY 300 127V 50-60HZ SEM CREMALHEIRA;813525;EIXO ESTAMPADO PARA MOTOR TRINO LIGHT/300 - ZINCADO;1,0;0,0;0,0;0,0;0,0;0,0;31,0;231,0;431,0;1031,0
2006053;CONJ. MOVIMENTADOR INTELIGENTE - IZZY 300 127V 50-60HZ SEM CREMALHEIRA;813527;COPO DO PINO ELÁSTICO DO EIXO ESTAMPADO;1,0;0,0;0,0;0,0;0,0;0,0;31,0;231,0;431,0;1031,0
2006053;CONJ. MOVIMENTADOR INTELIGENTE - IZZY 300 127V 50-60HZ SEM CREMALHEIRA;813528;DISCO DO ENCODER DZ (LADO MACHO);1,0;0,0;0,0;0,0;0,0;0,0;31,0;231,0;431,0;1031,0
2006053;CONJ. MOVIMENTADOR INTELIGENTE - IZZY 300 127V 50-60HZ SEM CREMALHEIRA;813529;DISCO DO ENCODER DZ (LADO FÊMEA);1,0;0,0;0,0;0,0;0,0;0,0;31,0;231,0;431,0;1031,0
2006053;CONJ. MOVIMENTADOR INTELIGENTE - IZZY 300 127V 50-60HZ SEM CREMALHEIRA;911079;PLACA REVISADA DO MODULO WIFI/BLUETOOTH CENTRAL IZZY;1,0;0,0;0,0;0,0;0,0;0,0;31,0;231,0;431,0;1031,0
2006053;CONJ. MOVIMENTADOR INTELIGENTE - IZZY 300 127V 50-60HZ SEM CREMALHEIRA;911127;PLACA REVISADA NOVA CENTRAL IZZY;1,0;0,0;0,0;0,0;0,0;0,0;31,0;231,0;431,0;1031,0
2006053;CONJ. MOVIMENTADOR INTELIGENTE - IZZY 300 127V 50-60HZ SEM CREMALHEIRA;105069;FITA EMPACT. 50MT X 48MM ACRI;0,02;0,0;0,0;0,0;0,0;0,0;0,62;4,62;8,62;20,62
2005708;CONJ. AUTOMATIZADOR PARA PORTA SOCIAL BRUSHLESS DZ SLIP C/R 4,40M PRETO;201147;"TRILHO REMOVÍVEL PORTA SOCIAL -  BRUTO STLF-1196 6063 T5 NT 6000 P5"" 4 Furo";0,581;0,0;0,0;0,0;0,0;0,0;2,32;4,65;5,23;5,23
2005708;CONJ. AUTOMATIZADOR PARA PORTA SOCIAL BRUSHLESS DZ SLIP C/R 4,40M PRETO;301053;BORRACHA DE ISOLAMENTO ACÚSTICO DA PORTA SOCIAL;4,4;0,0;0,0;0,0;0,0;0,0;17,6;35,2;39,6;39,6
2005708;CONJ. AUTOMATIZADOR PARA PORTA SOCIAL BRUSHLESS DZ SLIP C/R 4,40M PRETO;401314;"PERFIL PRINCIPAL DE SUPORTE DO MOTOR DA PORTA SOCIAL - PRETO - 4,4M - NL-0072F P8"" 1 Furo";1,0;0,0;0,0;0,0;0,0;0,0;4,0;8,0;9,0;9,0
2005708;CONJ. AUTOMATIZADOR PARA PORTA SOCIAL BRUSHLESS DZ SLIP C/R 4,40M PRETO;401322;"ACABAMENTO FRONTAL DA PORTA SOCIAL - PRETO - 4,4M - STLF-1195 P7"" 1 Furo";1,0;0,0;0,0;0,0;0,0;0,0;4,0;8,0;9,0;9,0
2005708;CONJ. AUTOMATIZADOR PARA PORTA SOCIAL BRUSHLESS DZ SLIP C/R 4,40M PRETO;811897;MANUAL PORTA SLIP;1,0;0,0;0,0;0,0;0,0;0,0;4,0;8,0;9,0;9,0
2005708;CONJ. AUTOMATIZADOR PARA PORTA SOCIAL BRUSHLESS DZ SLIP C/R 4,40M PRETO;811919;CAIXA EMBALAGEM VINCADA PARA PORTA SOCIAL DZ SLIP COM ACABAMENTO DAS PONTAS;2,0;0,0;0,0;0,0;0,0;0,0;8,0;16,0;18,0;18,0
2005708;CONJ. AUTOMATIZADOR PARA PORTA SOCIAL BRUSHLESS DZ SLIP C/R 4,40M PRETO;811920;CAIXA EMBALAGEM VINCADA PARA PORTA SOCIAL DZ SLIP SEM ACABAMENTO;4,0;0,0;0,0;0,0;0,0;0,0;16,0;32,0;36,0;36,0
2005708;CONJ. AUTOMATIZADOR PARA PORTA SOCIAL BRUSHLESS DZ SLIP C/R 4,40M PRETO;807222;TAMPA BILATERAL PARA PORTA SOCIAL PRETA;2,0;0,0;0,0;0,0;0,0;0,0;8,0;16,0;18,0;18,0
2005708;CONJ. AUTOMATIZADOR PARA PORTA SOCIAL BRUSHLESS DZ SLIP C/R 4,40M PRETO;998926;SISTEMA AUTOMATIZADO PARA PORTAS DESLIZANTES MARCA MANNERS;1,0;0,0;0,0;0,0;0,0;0,0;4,0;8,0;9,0;9,0
2005708;CONJ. AUTOMATIZADOR PARA PORTA SOCIAL BRUSHLESS DZ SLIP C/R 4,40M PRETO;401295;"PEGA VIDRO PORTA SOCIAL - PRETO - 1,10M - NL-0071F P8"" 1 FURO";2,0;0,0;0,0;0,0;0,0;0,0;8,0;16,0;18,0;18,0
2005708;CONJ. AUTOMATIZADOR PARA PORTA SOCIAL BRUSHLESS DZ SLIP C/R 4,40M PRETO;807223;CANTONEIRA DO BATENTE PORTA SOCIAL - ZINCADO;2,0;0,0;0,0;0,0;0,0;0,0;8,0;16,0;18,0;18,0
2005708;CONJ. AUTOMATIZADOR PARA PORTA SOCIAL BRUSHLESS DZ SLIP C/R 4,40M PRETO;807224;CHAPA DE FIXAÇÃO PEGA VIDRO PORTA SOCIAL - ZINCADO;4,0;0,0;0,0;0,0;0,0;0,0;16,0;32,0;36,0;36,0
2008030;CONJ. MOVIMENTADOR TRINO NEW BV4 SPEED 127V SEM ACIONAMENTO;100802;TRANSMISSOR 433MHZ REMOTE - MODELO: AGL-E2  (DIGITAL KEY 6P20 BLACK);2,0;0,0;0,0;0,0;0,0;0,0;8,0;8,0;8,0;8,0
2008030;CONJ. MOVIMENTADOR TRINO NEW BV4 SPEED 127V SEM ACIONAMENTO;101311;CAPACITOR FIXO C/DIELETRICO DE POLIPROPILENO BIORIENTADO P/MOTORES CMRW CANECA PLASTICA 50uf 250V 50;1,0;0,0;0,0;0,0;0,0;0,0;4,0;4,0;4,0;4,0
2008030;CONJ. MOVIMENTADOR TRINO NEW BV4 SPEED 127V SEM ACIONAMENTO;103064;CONECTOR FÊMEA EC601V-5.08-3P GREEN BAG/BULK (EC601V-5.08-3P);1,0;0,0;0,0;0,0;0,0;0,0;4,0;4,0;4,0;4,0
2008030;CONJ. MOVIMENTADOR TRINO NEW BV4 SPEED 127V SEM ACIONAMENTO;401007;PARAFUSO 4.8 X 13 A/A PN. PH - ZI;4,0;0,0;0,0;0,0;0,0;0,0;16,0;16,0;16,0;16,0
2008030;CONJ. MOVIMENTADOR TRINO NEW BV4 SPEED 127V SEM ACIONAMENTO;401014;PARAFUSO 2.9 X 6.5 A/A PAN PHS ZI;2,0;0,0;0,0;0,0;0,0;0,0;8,0;8,0;8,0;8,0
2008030;CONJ. MOVIMENTADOR TRINO NEW BV4 SPEED 127V SEM ACIONAMENTO;401121;ABRAÇADEIRA UV PRETA 202X3,7;1,0;0,0;0,0;0,0;0,0;0,0;4,0;4,0;4,0;4,0
2008030;CONJ. MOVIMENTADOR TRINO NEW BV4 SPEED 127V SEM ACIONAMENTO;401161;PARAFUSO PAN ZBR P/ CHAVE TORX M5 X 20MM T25;6,0;0,0;0,0;0,0;0,0;0,0;24,0;24,0;24,0;24,0
2008030;CONJ. MOVIMENTADOR TRINO NEW BV4 SPEED 127V SEM ACIONAMENTO;401169;PF JMP PAN PHS 3,5X14MM ZI;4,0;0,0;0,0;0,0;0,0;0,0;16,0;16,0;16,0;16,0
2008030;CONJ. MOVIMENTADOR TRINO NEW BV4 SPEED 127V SEM ACIONAMENTO;401169;PF JMP PAN PHS 3,5X14MM ZI;2,0;0,0;0,0;0,0;0,0;0,0;8,0;8,0;8,0;8,0
2008030;CONJ. MOVIMENTADOR TRINO NEW BV4 SPEED 127V SEM ACIONAMENTO;401208;PA MQ PN HXL T25 TMA 5X12 RI ZB;8,0;0,0;0,0;0,0;0,0;0,0;32,0;32,0;32,0;32,0
2008030;CONJ. MOVIMENTADOR TRINO NEW BV4 SPEED 127V SEM ACIONAMENTO;402012;ANEL ELÁSTICO E-20;3,0;0,0;0,0;0,0;0,0;0,0;12,0;12,0;12,0;12,0
2008030;CONJ. MOVIMENTADOR TRINO NEW BV4 SPEED 127V SEM ACIONAMENTO;402013;RETENTOR GR 20X30X7 TC GTOP;2,0;0,0;0,0;0,0;0,0;0,0;8,0;8,0;8,0;8,0
2008030;CONJ. MOVIMENTADOR TRINO NEW BV4 SPEED 127V SEM ACIONAMENTO;402015;ANEL ELÁSTICO E12;4,0;0,0;0,0;0,0;0,0;0,0;16,0;16,0;16,0;16,0
2008030;CONJ. MOVIMENTADOR TRINO NEW BV4 SPEED 127V SEM ACIONAMENTO;402018;ESPAGUETE LISO 10MMX150MM;0,15;0,0;0,0;0,0;0,0;0,0;0,6;0,6;0,6;0,6
2008030;CONJ. MOVIMENTADOR TRINO NEW BV4 SPEED 127V SEM ACIONAMENTO;402019;PINO ELÁSTICO 4 X 24MM;1,0;0,0;0,0;0,0;0,0;0,0;4,0;4,0;4,0;4,0
2008030;CONJ. MOVIMENTADOR TRINO NEW BV4 SPEED 127V SEM ACIONAMENTO;403047;MOLA DO FREIO MOTOR PIVOTANTE/ NEW BV;1,0;0,0;0,0;0,0;0,0;0,0;4,0;4,0;4,0;4,0
2008030;CONJ. MOVIMENTADOR TRINO NEW BV4 SPEED 127V SEM ACIONAMENTO;411017;ROLAMENTOS 6201-08 ZZ C3;2,0;0,0;0,0;0,0;0,0;0,0;8,0;8,0;8,0;8,0
2008030;CONJ. MOVIMENTADOR TRINO NEW BV4 SPEED 127V SEM ACIONAMENTO;412008;ESTATOR BOBINADO AGL BV/NEW BV/PIVO P28 1/5 cv 04 42 127V 60Hz;1,0;0,0;0,0;0,0;0,0;0,0;4,0;4,0;4,0;4,0
2008030;CONJ. MOVIMENTADOR TRINO NEW BV4 SPEED 127V SEM ACIONAMENTO;412147;ROTOR AGL NEW BV P28 1/5 cv 04;1,0;0,0;0,0;0,0;0,0;0,0;4,0;4,0;4,0;4,0
2008030;CONJ. MOVIMENTADOR TRINO NEW BV4 SPEED 127V SEM ACIONAMENTO;510027;INLUB GRAX MP 2/TI;0,012;0,0;0,0;0,0;0,0;0,0;0,05;0,05;0,05;0,05
2008030;CONJ. MOVIMENTADOR TRINO NEW BV4 SPEED 127V SEM ACIONAMENTO;701155;EIXO PRINCIPAL DO NEW BV - BRUTO;1,0;0,0;0,0;0,0;0,0;0,0;4,0;4,0;4,0;4,0
2008030;CONJ. MOVIMENTADOR TRINO NEW BV4 SPEED 127V SEM ACIONAMENTO;804430;CAPA DO ROLAMENTO DOS MOTORES;2,0;0,0;0,0;0,0;0,0;0,0;8,0;8,0;8,0;8,0
2008030;CONJ. MOVIMENTADOR TRINO NEW BV4 SPEED 127V SEM ACIONAMENTO;811122;MANUAL P / AUTOMATIZADOR DZ/BV/NEW BV CENTRAL FLEX/LIGHT EM PORTUGUÊS;1,0;0,0;0,0;0,0;0,0;0,0;4,0;4,0;4,0;4,0
2008030;CONJ. MOVIMENTADOR TRINO NEW BV4 SPEED 127V SEM ACIONAMENTO;811306;ETIQUETA ADES. COUCHE 100MM X 80MM X 01 CAR;1,0;0,0;0,0;0,0;0,0;0,0;4,0;4,0;4,0;4,0
2008030;CONJ. MOVIMENTADOR TRINO NEW BV4 SPEED 127V SEM ACIONAMENTO;811311;ETIQUETA ADES. BOPP FOSCO C/DFAM 50MM X 25MM X 02 CAR;2,0;0,0;0,0;0,0;0,0;0,0;8,0;8,0;8,0;8,0
2008030;CONJ. MOVIMENTADOR TRINO NEW BV4 SPEED 127V SEM ACIONAMENTO;811505;SACO PLASTICO TRANSPARENTE 14CM X 9CM;1,0;0,0;0,0;0,0;0,0;0,0;4,0;4,0;4,0;4,0
2008030;CONJ. MOVIMENTADOR TRINO NEW BV4 SPEED 127V SEM ACIONAMENTO;811775;CAIXA MOTOR BASCULANTE NOVA 23,0 X 16,0 X 24,5;1,0;0,0;0,0;0,0;0,0;0,0;4,0;4,0;4,0;4,0
2008030;CONJ. MOVIMENTADOR TRINO NEW BV4 SPEED 127V SEM ACIONAMENTO;813255;SEM FIM DE DUAS ENTRADAS AÇO DZ/ NEW BV;1,0;0,0;0,0;0,0;0,0;0,0;4,0;4,0;4,0;4,0
2008030;CONJ. MOVIMENTADOR TRINO NEW BV4 SPEED 127V SEM ACIONAMENTO;813256;TAMPA DA CENTRAL NEW BV;1,0;0,0;0,0;0,0;0,0;0,0;4,0;4,0;4,0;4,0
2008030;CONJ. MOVIMENTADOR TRINO NEW BV4 SPEED 127V SEM ACIONAMENTO;813257;BASE CENTRAL NEW BV;1,0;0,0;0,0;0,0;0,0;0,0;4,0;4,0;4,0;4,0
2008030;CONJ. MOVIMENTADOR TRINO NEW BV4 SPEED 127V SEM ACIONAMENTO;813258;CARCAÇA INFERIOR NEW BV SEM FURO ENCODER;1,0;0,0;0,0;0,0;0,0;0,0;4,0;4,0;4,0;4,0
2008030;CONJ. MOVIMENTADOR TRINO NEW BV4 SPEED 127V SEM ACIONAMENTO;813260;CALÇO DO ESTATOR NEW BV;2,0;0,0;0,0;0,0;0,0;0,0;8,0;8,0;8,0;8,0
2008030;CONJ. MOVIMENTADOR TRINO NEW BV4 SPEED 127V SEM ACIONAMENTO;813263;ROLAMENTO PLÁSTICO EIXO ENGRENAGEM;2,0;0,0;0,0;0,0;0,0;0,0;8,0;8,0;8,0;8,0
2008030;CONJ. MOVIMENTADOR TRINO NEW BV4 SPEED 127V SEM ACIONAMENTO;813265;CARCAÇA SUPERIOR NEW BV;1,0;0,0;0,0;0,0;0,0;0,0;4,0;4,0;4,0;4,0
2008030;CONJ. MOVIMENTADOR TRINO NEW BV4 SPEED 127V SEM ACIONAMENTO;813295;ENGRENAGEM 2 ENTRADAS NEW BV SEM IMÃ;1,0;0,0;0,0;0,0;0,0;0,0;4,0;4,0;4,0;4,0
2008030;CONJ. MOVIMENTADOR TRINO NEW BV4 SPEED 127V SEM ACIONAMENTO;813395;PASSA FIO DO NEW BV;1,0;0,0;0,0;0,0;0,0;0,0;4,0;4,0;4,0;4,0
2008030;CONJ. MOVIMENTADOR TRINO NEW BV4 SPEED 127V SEM ACIONAMENTO;813412;DISCO DE FRICÇÃO DE CELEROM Ø20MM;1,0;0,0;0,0;0,0;0,0;0,0;4,0;4,0;4,0;4,0
2008030;CONJ. MOVIMENTADOR TRINO NEW BV4 SPEED 127V SEM ACIONAMENTO;813522;CHAVETA QUADRADA 8MMX33,4MM;1,0;0,0;0,0;0,0;0,0;0,0;4,0;4,0;4,0;4,0
2008030;CONJ. MOVIMENTADOR TRINO NEW BV4 SPEED 127V SEM ACIONAMENTO;813524;COPO DE FREIO PIVOTANTE/ NEW BV SPEED;1,0;0,0;0,0;0,0;0,0;0,0;4,0;4,0;4,0;4,0
2008030;CONJ. MOVIMENTADOR TRINO NEW BV4 SPEED 127V SEM ACIONAMENTO;911080;PLACA REVISADA CENTRAL FLEX;1,0;0,0;0,0;0,0;0,0;0,0;4,0;4,0;4,0;4,0
2001040;CONJ. MOVIMENTADOR TRINO 700 220V 50-60HZ SEM CREMALHEIRA;100802;TRANSMISSOR 433MHZ REMOTE - MODELO: AGL-E2  (DIGITAL KEY 6P20 BLACK);2,0;0,0;0,0;0,0;0,0;0,0;8,0;8,0;8,0;8,0
2001040;CONJ. MOVIMENTADOR TRINO 700 220V 50-60HZ SEM CREMALHEIRA;103064;CONECTOR FÊMEA EC601V-5.08-3P GREEN BAG/BULK (EC601V-5.08-3P);1,0;0,0;0,0;0,0;0,0;0,0;4,0;4,0;4,0;4,0
2001040;CONJ. MOVIMENTADOR TRINO 700 220V 50-60HZ SEM CREMALHEIRA;208003;IMÃ DE FERRITE - B40X20X10MM;2,0;0,0;0,0;0,0;0,0;0,0;8,0;8,0;8,0;8,0
2001040;CONJ. MOVIMENTADOR TRINO 700 220V 50-60HZ SEM CREMALHEIRA;208006;ANEL ENCODER - ROUND MAGNET;1,0;0,0;0,0;0,0;0,0;0,0;4,0;4,0;4,0;4,0
2001040;CONJ. MOVIMENTADOR TRINO 700 220V 50-60HZ SEM CREMALHEIRA;401068;ARRUELA LISA 1/4 FE ZI;4,0;0,0;0,0;0,0;0,0;0,0;16,0;16,0;16,0;16,0
2001040;CONJ. MOVIMENTADOR TRINO 700 220V 50-60HZ SEM CREMALHEIRA;401108;PARAFUSO PLASTIC PAN PHS 5 X 25MM ZI;10,0;0,0;0,0;0,0;0,0;0,0;40,0;40,0;40,0;40,0
2001040;CONJ. MOVIMENTADOR TRINO 700 220V 50-60HZ SEM CREMALHEIRA;401143;ABRAÇADEIRA UV PRETA 100 X 2,5;1,0;0,0;0,0;0,0;0,0;0,0;4,0;4,0;4,0;4,0
2001040;CONJ. MOVIMENTADOR TRINO 700 220V 50-60HZ SEM CREMALHEIRA;401156;PARAFUSO MAD SX 1/4 X 70MM ZI;4,0;0,0;0,0;0,0;0,0;0,0;16,0;16,0;16,0;16,0
2001040;CONJ. MOVIMENTADOR TRINO 700 220V 50-60HZ SEM CREMALHEIRA;401163;PARAFUSO PLASTIC PAN PHS 5 X 12MM ZI;2,0;0,0;0,0;0,0;0,0;0,0;8,0;8,0;8,0;8,0
2001040;CONJ. MOVIMENTADOR TRINO 700 220V 50-60HZ SEM CREMALHEIRA;401169;PF JMP PAN PHS 3,5X14MM ZI;2,0;0,0;0,0;0,0;0,0;0,0;8,0;8,0;8,0;8,0
2001040;CONJ. MOVIMENTADOR TRINO 700 220V 50-60HZ SEM CREMALHEIRA;401207;PF A/A JMC DRILL FL PHS C/ SERRILHA PTA BROCA 4,2X13MM ZI;4,0;0,0;0,0;0,0;0,0;0,0;16,0;16,0;16,0;16,0
2001040;CONJ. MOVIMENTADOR TRINO 700 220V 50-60HZ SEM CREMALHEIRA;402012;ANEL ELÁSTICO E-20;3,0;0,0;0,0;0,0;0,0;0,0;12,0;12,0;12,0;12,0
2001040;CONJ. MOVIMENTADOR TRINO 700 220V 50-60HZ SEM CREMALHEIRA;402019;PINO ELÁSTICO 4 X 24MM;1,0;0,0;0,0;0,0;0,0;0,0;4,0;4,0;4,0;4,0
2001040;CONJ. MOVIMENTADOR TRINO 700 220V 50-60HZ SEM CREMALHEIRA;402028;BUCHA PLASTICA N10;4,0;0,0;0,0;0,0;0,0;0,0;16,0;16,0;16,0;16,0
2001040;CONJ. MOVIMENTADOR TRINO 700 220V 50-60HZ SEM CREMALHEIRA;403032;MOLA DE DESTRAVAMENTO DESLIZANTE;1,0;0,0;0,0;0,0;0,0;0,0;4,0;4,0;4,0;4,0
2001040;CONJ. MOVIMENTADOR TRINO 700 220V 50-60HZ SEM CREMALHEIRA;510027;INLUB GRAX MP 2/TI;0,034;0,0;0,0;0,0;0,0;0,0;0,14;0,14;0,14;0,14
2001040;CONJ. MOVIMENTADOR TRINO 700 220V 50-60HZ SEM CREMALHEIRA;512008;CONJUNTO ESTATOR E ROTOR AGL DESL P33 1/4 cv 04 42Z 220V 60Hz;1,0;0,0;0,0;0,0;0,0;0,0;4,0;4,0;4,0;4,0
2001040;CONJ. MOVIMENTADOR TRINO 700 220V 50-60HZ SEM CREMALHEIRA;701154;EIXO MOTOR DESLIZANTE - BRUTO;1,0;0,0;0,0;0,0;0,0;0,0;4,0;4,0;4,0;4,0
2001040;CONJ. MOVIMENTADOR TRINO 700 220V 50-60HZ SEM CREMALHEIRA;802036;PARTE DE FECHADURAS - CILINDRO COM CHAVE PARA MOTOR - CYLINDER;1,0;0,0;0,0;0,0;0,0;0,0;4,0;4,0;4,0;4,0
2001040;CONJ. MOVIMENTADOR TRINO 700 220V 50-60HZ SEM CREMALHEIRA;804247;BASE DA CENTRAL DESLIZANTE;1,0;0,0;0,0;0,0;0,0;0,0;4,0;4,0;4,0;4,0
2001040;CONJ. MOVIMENTADOR TRINO 700 220V 50-60HZ SEM CREMALHEIRA;804248;TAMPA DA CENTRAL DESLIZANTE;1,0;0,0;0,0;0,0;0,0;0,0;4,0;4,0;4,0;4,0
2001040;CONJ. MOVIMENTADOR TRINO 700 220V 50-60HZ SEM CREMALHEIRA;804261;BASE SUPERIOR NYLON DO MOTOR DESLIZANTE C/ ENCODER;1,0;0,0;0,0;0,0;0,0;0,0;4,0;4,0;4,0;4,0
2001040;CONJ. MOVIMENTADOR TRINO 700 220V 50-60HZ SEM CREMALHEIRA;811122;MANUAL P / AUTOMATIZADOR DZ/BV/NEW BV CENTRAL FLEX/LIGHT EM PORTUGUÊS;1,0;0,0;0,0;0,0;0,0;0,0;4,0;4,0;4,0;4,0
2001040;CONJ. MOVIMENTADOR TRINO 700 220V 50-60HZ SEM CREMALHEIRA;811306;ETIQUETA ADES. COUCHE 100MM X 80MM X 01 CAR;1,0;0,0;0,0;0,0;0,0;0,0;4,0;4,0;4,0;4,0
2001040;CONJ. MOVIMENTADOR TRINO 700 220V 50-60HZ SEM CREMALHEIRA;811311;ETIQUETA ADES. BOPP FOSCO C/DFAM 50MM X 25MM X 02 CAR;1,0;0,0;0,0;0,0;0,0;0,0;4,0;4,0;4,0;4,0
2001040;CONJ. MOVIMENTADOR TRINO 700 220V 50-60HZ SEM CREMALHEIRA;811541;SACO PLASTICO TRANSPARENTE 30CM X 15CM;1,0;0,0;0,0;0,0;0,0;0,0;4,0;4,0;4,0;4,0
2001040;CONJ. MOVIMENTADOR TRINO 700 220V 50-60HZ SEM CREMALHEIRA;811921;CAIXA PARDA MOTOR DESLIZANTE AGL ( MEIA ABA REFORÇADA);1,0;0,0;0,0;0,0;0,0;0,0;4,0;4,0;4,0;4,0
2001040;CONJ. MOVIMENTADOR TRINO 700 220V 50-60HZ SEM CREMALHEIRA;813009;ALAVANCA PARA DESTRAVAMENTO MANUAL;1,0;0,0;0,0;0,0;0,0;0,0;4,0;4,0;4,0;4,0
2001040;CONJ. MOVIMENTADOR TRINO 700 220V 50-60HZ SEM CREMALHEIRA;813014;LINGUETA DO CILINDRO DA ALAVANCA DE DESTRAVAMENTO MANUAL DZ ZI;1,0;0,0;0,0;0,0;0,0;0,0;4,0;4,0;4,0;4,0
2001040;CONJ. MOVIMENTADOR TRINO 700 220V 50-60HZ SEM CREMALHEIRA;813024;TAMPA PROTEÇÃO DO MOTOR - PRETA;1,0;0,0;0,0;0,0;0,0;0,0;4,0;4,0;4,0;4,0
2001040;CONJ. MOVIMENTADOR TRINO 700 220V 50-60HZ SEM CREMALHEIRA;813037;ENGRENAGEM EXTERNA MOTOR 17 DENTES;1,0;0,0;0,0;0,0;0,0;0,0;4,0;4,0;4,0;4,0
2001040;CONJ. MOVIMENTADOR TRINO 700 220V 50-60HZ SEM CREMALHEIRA;813100;ENGRENAGEM INTERNA DE ZAMAC DO DESLIZANTE TRINO 700/900 1 ENTRADA 300/500/SOFT;1,0;0,0;0,0;0,0;0,0;0,0;4,0;4,0;4,0;4,0
2001040;CONJ. MOVIMENTADOR TRINO 700 220V 50-60HZ SEM CREMALHEIRA;813144;SUPORTE DO IMA DE FIM DE CURSO DESLIZANTE;2,0;0,0;0,0;0,0;0,0;0,0;8,0;8,0;8,0;8,0
2001040;CONJ. MOVIMENTADOR TRINO 700 220V 50-60HZ SEM CREMALHEIRA;813151;BASE INFERIOR NYLON MOTORES DESLIZANTES;1,0;0,0;0,0;0,0;0,0;0,0;4,0;4,0;4,0;4,0
2001040;CONJ. MOVIMENTADOR TRINO 700 220V 50-60HZ SEM CREMALHEIRA;813234;CHAVETA 8MMX33,4MM;1,0;0,0;0,0;0,0;0,0;0,0;4,0;4,0;4,0;4,0
2001040;CONJ. MOVIMENTADOR TRINO 700 220V 50-60HZ SEM CREMALHEIRA;813235;BUCHA DO EIXO DESLIZANTE SEXTAVADA;2,0;0,0;0,0;0,0;0,0;0,0;8,0;8,0;8,0;8,0
2001040;CONJ. MOVIMENTADOR TRINO 700 220V 50-60HZ SEM CREMALHEIRA;813237;PINO DESTRAVAMENTO TRINO;1,0;0,0;0,0;0,0;0,0;0,0;4,0;4,0;4,0;4,0
2001040;CONJ. MOVIMENTADOR TRINO 700 220V 50-60HZ SEM CREMALHEIRA;813253;SEM FIM DE 1 ENTRADA AÇO;1,0;0,0;0,0;0,0;0,0;0,0;4,0;4,0;4,0;4,0
2001040;CONJ. MOVIMENTADOR TRINO 700 220V 50-60HZ SEM CREMALHEIRA;813331;SUPORTE DE INSTALAÇÃO DO IMÃ DZ;2,0;0,0;0,0;0,0;0,0;0,0;8,0;8,0;8,0;8,0
2001040;CONJ. MOVIMENTADOR TRINO 700 220V 50-60HZ SEM CREMALHEIRA;813409;TAMPÃO DO ENGRENAGEM EXTERNA MOTORES DZ;1,0;0,0;0,0;0,0;0,0;0,0;4,0;4,0;4,0;4,0
2001040;CONJ. MOVIMENTADOR TRINO 700 220V 50-60HZ SEM CREMALHEIRA;813410;BUCHA DE CENTRAGEM DO EIXO DO ROTOR DZ;1,0;0,0;0,0;0,0;0,0;0,0;4,0;4,0;4,0;4,0
2001040;CONJ. MOVIMENTADOR TRINO 700 220V 50-60HZ SEM CREMALHEIRA;813455;SENSOR DE FIM DE CURSO REED DESLIZANTE;1,0;0,0;0,0;0,0;0,0;0,0;4,0;4,0;4,0;4,0
2001040;CONJ. MOVIMENTADOR TRINO 700 220V 50-60HZ SEM CREMALHEIRA;911080;PLACA REVISADA CENTRAL FLEX;1,0;0,0;0,0;0,0;0,0;0,0;4,0;4,0;4,0;4,0
2001040;CONJ. MOVIMENTADOR TRINO 700 220V 50-60HZ SEM CREMALHEIRA;105069;FITA EMPACT. 50MT X 48MM ACRI;0,02;0,0;0,0;0,0;0,0;0,0;0,08;0,08;0,08;0,08
2001040;CONJ. MOVIMENTADOR TRINO 700 220V 50-60HZ SEM CREMALHEIRA;101306;CAPAC. FIXO C/DIEL. DE POLIP. BIOR. P/MOTORES CMRW CANECA PLASTICA 15uf 250V 50;1,0;0,0;0,0;0,0;0,0;0,0;4,0;4,0;4,0;4,0
2005707;CONJ. AUTOMATIZADOR PARA PORTA SOCIAL BRUSHLESS DZ SLIP C/R 3,30M PRETO;201147;"TRILHO REMOVÍVEL PORTA SOCIAL -  BRUTO STLF-1196 6063 T5 NT 6000 P5"" 4 Furo";0,437;0,0;0,0;0,0;0,0;0,0;1,31;2,62;4,81;4,81
2005707;CONJ. AUTOMATIZADOR PARA PORTA SOCIAL BRUSHLESS DZ SLIP C/R 3,30M PRETO;301053;BORRACHA DE ISOLAMENTO ACÚSTICO DA PORTA SOCIAL;3,3;0,0;0,0;0,0;0,0;0,0;9,9;19,8;36,3;36,3
2005707;CONJ. AUTOMATIZADOR PARA PORTA SOCIAL BRUSHLESS DZ SLIP C/R 3,30M PRETO;401313;"PERFIL PRINCIPAL DE SUPORTE DO MOTOR DA PORTA SOCIAL - PRETO - 3,3M - NL-0072F P8"" 1 Furo";1,0;0,0;0,0;0,0;0,0;0,0;3,0;6,0;11,0;11,0
2005707;CONJ. AUTOMATIZADOR PARA PORTA SOCIAL BRUSHLESS DZ SLIP C/R 3,30M PRETO;401321;"ACABAMENTO FRONTAL DA PORTA SOCIAL - PRETO - 3,3M - STLF-1195 P7"" 1 Furo";1,0;0,0;0,0;0,0;0,0;0,0;3,0;6,0;11,0;11,0
2005707;CONJ. AUTOMATIZADOR PARA PORTA SOCIAL BRUSHLESS DZ SLIP C/R 3,30M PRETO;811897;MANUAL PORTA SLIP;1,0;0,0;0,0;0,0;0,0;0,0;3,0;6,0;11,0;11,0
2005707;CONJ. AUTOMATIZADOR PARA PORTA SOCIAL BRUSHLESS DZ SLIP C/R 3,30M PRETO;811919;CAIXA EMBALAGEM VINCADA PARA PORTA SOCIAL DZ SLIP COM ACABAMENTO DAS PONTAS;2,0;0,0;0,0;0,0;0,0;0,0;6,0;12,0;22,0;22,0
2005707;CONJ. AUTOMATIZADOR PARA PORTA SOCIAL BRUSHLESS DZ SLIP C/R 3,30M PRETO;811920;CAIXA EMBALAGEM VINCADA PARA PORTA SOCIAL DZ SLIP SEM ACABAMENTO;2,0;0,0;0,0;0,0;0,0;0,0;6,0;12,0;22,0;22,0
2005707;CONJ. AUTOMATIZADOR PARA PORTA SOCIAL BRUSHLESS DZ SLIP C/R 3,30M PRETO;807222;TAMPA BILATERAL PARA PORTA SOCIAL PRETA;2,0;0,0;0,0;0,0;0,0;0,0;6,0;12,0;22,0;22,0
2005707;CONJ. AUTOMATIZADOR PARA PORTA SOCIAL BRUSHLESS DZ SLIP C/R 3,30M PRETO;998926;SISTEMA AUTOMATIZADO PARA PORTAS DESLIZANTES MARCA MANNERS;1,0;0,0;0,0;0,0;0,0;0,0;3,0;6,0;11,0;11,0
2005707;CONJ. AUTOMATIZADOR PARA PORTA SOCIAL BRUSHLESS DZ SLIP C/R 3,30M PRETO;401294;"PEGA VIDRO PORTA SOCIAL - PRETO - 0,82M - NL-0071F P8"" 1 FURO";2,0;0,0;0,0;0,0;0,0;0,0;6,0;12,0;22,0;22,0
2005707;CONJ. AUTOMATIZADOR PARA PORTA SOCIAL BRUSHLESS DZ SLIP C/R 3,30M PRETO;807223;CANTONEIRA DO BATENTE PORTA SOCIAL - ZINCADO;2,0;0,0;0,0;0,0;0,0;0,0;6,0;12,0;22,0;22,0
2005707;CONJ. AUTOMATIZADOR PARA PORTA SOCIAL BRUSHLESS DZ SLIP C/R 3,30M PRETO;807224;CHAPA DE FIXAÇÃO PEGA VIDRO PORTA SOCIAL - ZINCADO;4,0;0,0;0,0;0,0;0,0;0,0;12,0;24,0;44,0;44,0
2005702;CONJ. AUTOMATIZADOR PARA PORTA SOCIAL BRUSHLESS DZ SLIP C/R 3,30M BRANCO;201147;"TRILHO REMOVÍVEL PORTA SOCIAL -  BRUTO STLF-1196 6063 T5 NT 6000 P5"" 4 Furo";0,437;0,0;0,0;0,0;0,0;0,0;1,31;2,62;4,37;4,37
2005702;CONJ. AUTOMATIZADOR PARA PORTA SOCIAL BRUSHLESS DZ SLIP C/R 3,30M BRANCO;301053;BORRACHA DE ISOLAMENTO ACÚSTICO DA PORTA SOCIAL;3,3000000000000003;0,0;0,0;0,0;0,0;0,0;9,9;19,8;33,0;33,0
2005702;CONJ. AUTOMATIZADOR PARA PORTA SOCIAL BRUSHLESS DZ SLIP C/R 3,30M BRANCO;401325;"ACABAMENTO FRONTAL DA PORTA SOCIAL - BRANCO - 3,3M - STLF-1195 P7"" 1 Furo";1,0;0,0;0,0;0,0;0,0;0,0;3,0;6,0;10,0;10,0
2005702;CONJ. AUTOMATIZADOR PARA PORTA SOCIAL BRUSHLESS DZ SLIP C/R 3,30M BRANCO;401309;"PERFIL PRINCIPAL DE SUPORTE DO MOTOR DA PORTA SOCIAL - BRANCO - 3,3M - NL-0072F P8"" 1 Furo";1,0;0,0;0,0;0,0;0,0;0,0;3,0;6,0;10,0;10,0
2005702;CONJ. AUTOMATIZADOR PARA PORTA SOCIAL BRUSHLESS DZ SLIP C/R 3,30M BRANCO;811897;MANUAL PORTA SLIP;1,0;0,0;0,0;0,0;0,0;0,0;3,0;6,0;10,0;10,0
2005702;CONJ. AUTOMATIZADOR PARA PORTA SOCIAL BRUSHLESS DZ SLIP C/R 3,30M BRANCO;811919;CAIXA EMBALAGEM VINCADA PARA PORTA SOCIAL DZ SLIP COM ACABAMENTO DAS PONTAS;2,0;0,0;0,0;0,0;0,0;0,0;6,0;12,0;20,0;20,0
2005702;CONJ. AUTOMATIZADOR PARA PORTA SOCIAL BRUSHLESS DZ SLIP C/R 3,30M BRANCO;811920;CAIXA EMBALAGEM VINCADA PARA PORTA SOCIAL DZ SLIP SEM ACABAMENTO;2,0;0,0;0,0;0,0;0,0;0,0;6,0;12,0;20,0;20,0
2005702;CONJ. AUTOMATIZADOR PARA PORTA SOCIAL BRUSHLESS DZ SLIP C/R 3,30M BRANCO;807220;TAMPA BILATERAL PARA PORTA SOCIAL BRANCA;2,0;0,0;0,0;0,0;0,0;0,0;6,0;12,0;20,0;20,0
2005702;CONJ. AUTOMATIZADOR PARA PORTA SOCIAL BRUSHLESS DZ SLIP C/R 3,30M BRANCO;998926;SISTEMA AUTOMATIZADO PARA PORTAS DESLIZANTES MARCA MANNERS;1,0;0,0;0,0;0,0;0,0;0,0;3,0;6,0;10,0;10,0
2005702;CONJ. AUTOMATIZADOR PARA PORTA SOCIAL BRUSHLESS DZ SLIP C/R 3,30M BRANCO;401290;"PEGA VIDRO PORTA SOCIAL - BRANCO - 0,82M - NL-0071F P8"" 1 FURO";2,0;0,0;0,0;0,0;0,0;0,0;6,0;12,0;20,0;20,0
2005702;CONJ. AUTOMATIZADOR PARA PORTA SOCIAL BRUSHLESS DZ SLIP C/R 3,30M BRANCO;807223;CANTONEIRA DO BATENTE PORTA SOCIAL - ZINCADO;2,0;0,0;0,0;0,0;0,0;0,0;6,0;12,0;20,0;20,0
2005702;CONJ. AUTOMATIZADOR PARA PORTA SOCIAL BRUSHLESS DZ SLIP C/R 3,30M BRANCO;807224;CHAPA DE FIXAÇÃO PEGA VIDRO PORTA SOCIAL - ZINCADO;4,0;0,0;0,0;0,0;0,0;0,0;12,0;24,0;40,0;40,0
2006044;CONJ. MOVIMENTADOR INTELIGENTE - IZZY 300 220V 50-60HZ SEM CREMALHEIRA COM B. ALUMINIUM;100802;TRANSMISSOR 433MHZ REMOTE - MODELO: AGL-E2  (DIGITAL KEY 6P20 BLACK);2,0;0,0;0,0;0,0;0,0;0,0;6,0;6,0;6,0;6,0
2006044;CONJ. MOVIMENTADOR INTELIGENTE - IZZY 300 220V 50-60HZ SEM CREMALHEIRA COM B. ALUMINIUM;103064;CONECTOR FÊMEA EC601V-5.08-3P GREEN BAG/BULK (EC601V-5.08-3P);1,0;0,0;0,0;0,0;0,0;0,0;3,0;3,0;3,0;3,0
2006044;CONJ. MOVIMENTADOR INTELIGENTE - IZZY 300 220V 50-60HZ SEM CREMALHEIRA COM B. ALUMINIUM;208003;IMÃ DE FERRITE - B40X20X10MM;2,0;0,0;0,0;0,0;0,0;0,0;6,0;6,0;6,0;6,0
2006044;CONJ. MOVIMENTADOR INTELIGENTE - IZZY 300 220V 50-60HZ SEM CREMALHEIRA COM B. ALUMINIUM;401007;PARAFUSO 4.8 X 13 A/A PN. PH - ZI;2,0;0,0;0,0;0,0;0,0;0,0;6,0;6,0;6,0;6,0
2006044;CONJ. MOVIMENTADOR INTELIGENTE - IZZY 300 220V 50-60HZ SEM CREMALHEIRA COM B. ALUMINIUM;401068;ARRUELA LISA 1/4 FE ZI;4,0;0,0;0,0;0,0;0,0;0,0;12,0;12,0;12,0;12,0
2006044;CONJ. MOVIMENTADOR INTELIGENTE - IZZY 300 220V 50-60HZ SEM CREMALHEIRA COM B. ALUMINIUM;401108;PARAFUSO PLASTIC PAN PHS 5 X 25MM ZI;4,0;0,0;0,0;0,0;0,0;0,0;12,0;12,0;12,0;12,0
2006044;CONJ. MOVIMENTADOR INTELIGENTE - IZZY 300 220V 50-60HZ SEM CREMALHEIRA COM B. ALUMINIUM;401156;PARAFUSO MAD SX 1/4 X 70MM ZI;4,0;0,0;0,0;0,0;0,0;0,0;12,0;12,0;12,0;12,0
2006044;CONJ. MOVIMENTADOR INTELIGENTE - IZZY 300 220V 50-60HZ SEM CREMALHEIRA COM B. ALUMINIUM;401162;PARAFUSO PAN ZBR P/ CHAVE TORX M5 X 25MM T25;6,0;0,0;0,0;0,0;0,0;0,0;18,0;18,0;18,0;18,0
2006044;CONJ. MOVIMENTADOR INTELIGENTE - IZZY 300 220V 50-60HZ SEM CREMALHEIRA COM B. ALUMINIUM;401169;PF JMP PAN PHS 3,5X14MM ZI;2,0;0,0;0,0;0,0;0,0;0,0;6,0;6,0;6,0;6,0
2006044;CONJ. MOVIMENTADOR INTELIGENTE - IZZY 300 220V 50-60HZ SEM CREMALHEIRA COM B. ALUMINIUM;401207;PF A/A JMC DRILL FL PHS C/ SERRILHA PTA BROCA 4,2X13MM ZI;4,0;0,0;0,0;0,0;0,0;0,0;12,0;12,0;12,0;12,0
2006044;CONJ. MOVIMENTADOR INTELIGENTE - IZZY 300 220V 50-60HZ SEM CREMALHEIRA COM B. ALUMINIUM;402012;ANEL ELÁSTICO E-20;3,0;0,0;0,0;0,0;0,0;0,0;9,0;9,0;9,0;9,0
2006044;CONJ. MOVIMENTADOR INTELIGENTE - IZZY 300 220V 50-60HZ SEM CREMALHEIRA COM B. ALUMINIUM;402019;PINO ELÁSTICO 4 X 24MM;1,0;0,0;0,0;0,0;0,0;0,0;3,0;3,0;3,0;3,0
2006044;CONJ. MOVIMENTADOR INTELIGENTE - IZZY 300 220V 50-60HZ SEM CREMALHEIRA COM B. ALUMINIUM;402028;BUCHA PLASTICA N10;4,0;0,0;0,0;0,0;0,0;0,0;12,0;12,0;12,0;12,0
2006044;CONJ. MOVIMENTADOR INTELIGENTE - IZZY 300 220V 50-60HZ SEM CREMALHEIRA COM B. ALUMINIUM;403032;MOLA DE DESTRAVAMENTO DESLIZANTE;1,0;0,0;0,0;0,0;0,0;0,0;3,0;3,0;3,0;3,0
2006044;CONJ. MOVIMENTADOR INTELIGENTE - IZZY 300 220V 50-60HZ SEM CREMALHEIRA COM B. ALUMINIUM;510027;INLUB GRAX MP 2/TI;0,034;0,0;0,0;0,0;0,0;0,0;0,1;0,1;0,1;0,1
2006044;CONJ. MOVIMENTADOR INTELIGENTE - IZZY 300 220V 50-60HZ SEM CREMALHEIRA COM B. ALUMINIUM;512002;CONJUNTO ESTATOR E ROTOR AGL DESL P17 1/7 cv 04 42Z 220V 60HZ;1,0;0,0;0,0;0,0;0,0;0,0;3,0;3,0;3,0;3,0
2006044;CONJ. MOVIMENTADOR INTELIGENTE - IZZY 300 220V 50-60HZ SEM CREMALHEIRA COM B. ALUMINIUM;701154;EIXO MOTOR DESLIZANTE - BRUTO;1,0;0,0;0,0;0,0;0,0;0,0;3,0;3,0;3,0;3,0
2006044;CONJ. MOVIMENTADOR INTELIGENTE - IZZY 300 220V 50-60HZ SEM CREMALHEIRA COM B. ALUMINIUM;801132;ARGOLA DA CHAVE;1,0;0,0;0,0;0,0;0,0;0,0;3,0;3,0;3,0;3,0
2006044;CONJ. MOVIMENTADOR INTELIGENTE - IZZY 300 220V 50-60HZ SEM CREMALHEIRA COM B. ALUMINIUM;804247;BASE DA CENTRAL DESLIZANTE;1,0;0,0;0,0;0,0;0,0;0,0;3,0;3,0;3,0;3,0
2006044;CONJ. MOVIMENTADOR INTELIGENTE - IZZY 300 220V 50-60HZ SEM CREMALHEIRA COM B. ALUMINIUM;804248;TAMPA DA CENTRAL DESLIZANTE;1,0;0,0;0,0;0,0;0,0;0,0;3,0;3,0;3,0;3,0
2006044;CONJ. MOVIMENTADOR INTELIGENTE - IZZY 300 220V 50-60HZ SEM CREMALHEIRA COM B. ALUMINIUM;804261;BASE SUPERIOR NYLON DO MOTOR DESLIZANTE C/ ENCODER;1,0;0,0;0,0;0,0;0,0;0,0;3,0;3,0;3,0;3,0
2006044;CONJ. MOVIMENTADOR INTELIGENTE - IZZY 300 220V 50-60HZ SEM CREMALHEIRA COM B. ALUMINIUM;811040;MANUAL DE INSTALAÇÃO LINHA IZZY QR CODE BILINGUE;1,0;0,0;0,0;0,0;0,0;0,0;3,0;3,0;3,0;3,0
2006044;CONJ. MOVIMENTADOR INTELIGENTE - IZZY 300 220V 50-60HZ SEM CREMALHEIRA COM B. ALUMINIUM;811104;GABARITO DE INSTALAÇÃO LINHA TRINO;1,0;0,0;0,0;0,0;0,0;0,0;3,0;3,0;3,0;3,0
2006044;CONJ. MOVIMENTADOR INTELIGENTE - IZZY 300 220V 50-60HZ SEM CREMALHEIRA COM B. ALUMINIUM;811306;ETIQUETA ADES. COUCHE 100MM X 80MM X 01 CAR;1,0;0,0;0,0;0,0;0,0;0,0;3,0;3,0;3,0;3,0
2006044;CONJ. MOVIMENTADOR INTELIGENTE - IZZY 300 220V 50-60HZ SEM CREMALHEIRA COM B. ALUMINIUM;811311;ETIQUETA ADES. BOPP FOSCO C/DFAM 50MM X 25MM X 02 CAR;1,0;0,0;0,0;0,0;0,0;0,0;3,0;3,0;3,0;3,0
2006044;CONJ. MOVIMENTADOR INTELIGENTE - IZZY 300 220V 50-60HZ SEM CREMALHEIRA COM B. ALUMINIUM;811541;SACO PLASTICO TRANSPARENTE 30CM X 15CM;1,0;0,0;0,0;0,0;0,0;0,0;3,0;3,0;3,0;3,0
2006044;CONJ. MOVIMENTADOR INTELIGENTE - IZZY 300 220V 50-60HZ SEM CREMALHEIRA COM B. ALUMINIUM;811921;CAIXA PARDA MOTOR DESLIZANTE AGL ( MEIA ABA REFORÇADA);1,0;0,0;0,0;0,0;0,0;0,0;3,0;3,0;3,0;3,0
2006044;CONJ. MOVIMENTADOR INTELIGENTE - IZZY 300 220V 50-60HZ SEM CREMALHEIRA COM B. ALUMINIUM;813009;ALAVANCA PARA DESTRAVAMENTO MANUAL;1,0;0,0;0,0;0,0;0,0;0,0;3,0;3,0;3,0;3,0
2006044;CONJ. MOVIMENTADOR INTELIGENTE - IZZY 300 220V 50-60HZ SEM CREMALHEIRA COM B. ALUMINIUM;813014;LINGUETA DO CILINDRO DA ALAVANCA DE DESTRAVAMENTO MANUAL DZ ZI;1,0;0,0;0,0;0,0;0,0;0,0;3,0;3,0;3,0;3,0
2006044;CONJ. MOVIMENTADOR INTELIGENTE - IZZY 300 220V 50-60HZ SEM CREMALHEIRA COM B. ALUMINIUM;813037;ENGRENAGEM EXTERNA MOTOR 17 DENTES;1,0;0,0;0,0;0,0;0,0;0,0;3,0;3,0;3,0;3,0
2006044;CONJ. MOVIMENTADOR INTELIGENTE - IZZY 300 220V 50-60HZ SEM CREMALHEIRA COM B. ALUMINIUM;813094;ENGRENAGEM INTERNA DE 1 ENTRADA DZ E NEWBV;1,0;0,0;0,0;0,0;0,0;0,0;3,0;3,0;3,0;3,0
2006044;CONJ. MOVIMENTADOR INTELIGENTE - IZZY 300 220V 50-60HZ SEM CREMALHEIRA COM B. ALUMINIUM;813144;SUPORTE DO IMA DE FIM DE CURSO DESLIZANTE;2,0;0,0;0,0;0,0;0,0;0,0;6,0;6,0;6,0;6,0
2006044;CONJ. MOVIMENTADOR INTELIGENTE - IZZY 300 220V 50-60HZ SEM CREMALHEIRA COM B. ALUMINIUM;813173;ARRUELA 1,2MM EIXO DESLIZANTE;1,0;0,0;0,0;0,0;0,0;0,0;3,0;3,0;3,0;3,0
2006044;CONJ. MOVIMENTADOR INTELIGENTE - IZZY 300 220V 50-60HZ SEM CREMALHEIRA COM B. ALUMINIUM;813199;BASE DE ALUMÍNIO MOTORES DESLIZANTES;1,0;0,0;0,0;0,0;0,0;0,0;3,0;3,0;3,0;3,0
2006044;CONJ. MOVIMENTADOR INTELIGENTE - IZZY 300 220V 50-60HZ SEM CREMALHEIRA COM B. ALUMINIUM;813235;BUCHA DO EIXO DESLIZANTE SEXTAVADA;2,0;0,0;0,0;0,0;0,0;0,0;6,0;6,0;6,0;6,0
2006044;CONJ. MOVIMENTADOR INTELIGENTE - IZZY 300 220V 50-60HZ SEM CREMALHEIRA COM B. ALUMINIUM;813237;PINO DESTRAVAMENTO TRINO;1,0;0,0;0,0;0,0;0,0;0,0;3,0;3,0;3,0;3,0
2006044;CONJ. MOVIMENTADOR INTELIGENTE - IZZY 300 220V 50-60HZ SEM CREMALHEIRA COM B. ALUMINIUM;813248;TAMPA PROTEÇÃO DO MOTOR - GRAFITE;1,0;0,0;0,0;0,0;0,0;0,0;3,0;3,0;3,0;3,0
2006044;CONJ. MOVIMENTADOR INTELIGENTE - IZZY 300 220V 50-60HZ SEM CREMALHEIRA COM B. ALUMINIUM;813249;CILINDRO MOTOR DESLIZANTE NYLON;1,0;0,0;0,0;0,0;0,0;0,0;3,0;3,0;3,0;3,0
2006044;CONJ. MOVIMENTADOR INTELIGENTE - IZZY 300 220V 50-60HZ SEM CREMALHEIRA COM B. ALUMINIUM;813250;CHAVE CILINDRO MOTOR DESLIZANTE NYLON (MODELO NOVO);2,0;0,0;0,0;0,0;0,0;0,0;6,0;6,0;6,0;6,0
2006044;CONJ. MOVIMENTADOR INTELIGENTE - IZZY 300 220V 50-60HZ SEM CREMALHEIRA COM B. ALUMINIUM;813251;SEM FIM DE UMA ENTRADA ALUMÍNIO TR LIGTH/ TR300/ TR500;1,0;0,0;0,0;0,0;0,0;0,0;3,0;3,0;3,0;3,0
2006044;CONJ. MOVIMENTADOR INTELIGENTE - IZZY 300 220V 50-60HZ SEM CREMALHEIRA COM B. ALUMINIUM;813293;MIOLO DO CILINDRO NYLON MOTOR DESLIZANTE;1,0;0,0;0,0;0,0;0,0;0,0;3,0;3,0;3,0;3,0
2006044;CONJ. MOVIMENTADOR INTELIGENTE - IZZY 300 220V 50-60HZ SEM CREMALHEIRA COM B. ALUMINIUM;813294;PORCA DO CILINDRO NYLON MOTOR DESLIZANTE;1,0;0,0;0,0;0,0;0,0;0,0;3,0;3,0;3,0;3,0
2006044;CONJ. MOVIMENTADOR INTELIGENTE - IZZY 300 220V 50-60HZ SEM CREMALHEIRA COM B. ALUMINIUM;813331;SUPORTE DE INSTALAÇÃO DO IMÃ DZ;2,0;0,0;0,0;0,0;0,0;0,0;6,0;6,0;6,0;6,0
2006044;CONJ. MOVIMENTADOR INTELIGENTE - IZZY 300 220V 50-60HZ SEM CREMALHEIRA COM B. ALUMINIUM;813409;TAMPÃO DO ENGRENAGEM EXTERNA MOTORES DZ;1,0;0,0;0,0;0,0;0,0;0,0;3,0;3,0;3,0;3,0
2006044;CONJ. MOVIMENTADOR INTELIGENTE - IZZY 300 220V 50-60HZ SEM CREMALHEIRA COM B. ALUMINIUM;813410;BUCHA DE CENTRAGEM DO EIXO DO ROTOR DZ;1,0;0,0;0,0;0,0;0,0;0,0;3,0;3,0;3,0;3,0
2006044;CONJ. MOVIMENTADOR INTELIGENTE - IZZY 300 220V 50-60HZ SEM CREMALHEIRA COM B. ALUMINIUM;813455;SENSOR DE FIM DE CURSO REED DESLIZANTE;1,0;0,0;0,0;0,0;0,0;0,0;3,0;3,0;3,0;3,0
2006044;CONJ. MOVIMENTADOR INTELIGENTE - IZZY 300 220V 50-60HZ SEM CREMALHEIRA COM B. ALUMINIUM;813507;CASE DE PROTEÇÃO DO MÓDULO WIFI IZZY;1,0;0,0;0,0;0,0;0,0;0,0;3,0;3,0;3,0;3,0
2006044;CONJ. MOVIMENTADOR INTELIGENTE - IZZY 300 220V 50-60HZ SEM CREMALHEIRA COM B. ALUMINIUM;813522;CHAVETA QUADRADA 8MMX33,4MM;1,0;0,0;0,0;0,0;0,0;0,0;3,0;3,0;3,0;3,0
2006044;CONJ. MOVIMENTADOR INTELIGENTE - IZZY 300 220V 50-60HZ SEM CREMALHEIRA COM B. ALUMINIUM;911079;PLACA REVISADA DO MODULO WIFI/BLUETOOTH CENTRAL IZZY;1,0;0,0;0,0;0,0;0,0;0,0;3,0;3,0;3,0;3,0
2006044;CONJ. MOVIMENTADOR INTELIGENTE - IZZY 300 220V 50-60HZ SEM CREMALHEIRA COM B. ALUMINIUM;911127;PLACA REVISADA NOVA CENTRAL IZZY;1,0;0,0;0,0;0,0;0,0;0,0;3,0;3,0;3,0;3,0
2006044;CONJ. MOVIMENTADOR INTELIGENTE - IZZY 300 220V 50-60HZ SEM CREMALHEIRA COM B. ALUMINIUM;105069;FITA EMPACT. 50MT X 48MM ACRI;0,02;0,0;0,0;0,0;0,0;0,0;0,06;0,06;0,06;0,06
2006044;CONJ. MOVIMENTADOR INTELIGENTE - IZZY 300 220V 50-60HZ SEM CREMALHEIRA COM B. ALUMINIUM;101306;CAPAC. FIXO C/DIEL. DE POLIP. BIOR. P/MOTORES CMRW CANECA PLASTICA 15uf 250V 50;1,0;0,0;0,0;0,0;0,0;0,0;3,0;3,0;3,0;3,0
2005703;CONJ. AUTOMATIZADOR PARA PORTA SOCIAL BRUSHLESS DZ SLIP C/R 4,40M BRANCO;201147;"TRILHO REMOVÍVEL PORTA SOCIAL -  BRUTO STLF-1196 6063 T5 NT 6000 P5"" 4 Furo";0,581;0,0;0,0;0,0;0,0;0,0;1,16;2,32;5,81;5,81
2005703;CONJ. AUTOMATIZADOR PARA PORTA SOCIAL BRUSHLESS DZ SLIP C/R 4,40M BRANCO;301053;BORRACHA DE ISOLAMENTO ACÚSTICO DA PORTA SOCIAL;4,4;0,0;0,0;0,0;0,0;0,0;8,8;17,6;44,0;44,0
2005703;CONJ. AUTOMATIZADOR PARA PORTA SOCIAL BRUSHLESS DZ SLIP C/R 4,40M BRANCO;401326;"ACABAMENTO FRONTAL DA PORTA SOCIAL - BRANCO - 4,4M - STLF-1195 P7"" 1 Furo";1,0;0,0;0,0;0,0;0,0;0,0;2,0;4,0;10,0;10,0
2005703;CONJ. AUTOMATIZADOR PARA PORTA SOCIAL BRUSHLESS DZ SLIP C/R 4,40M BRANCO;401310;"PERFIL PRINCIPAL DE SUPORTE DO MOTOR DA PORTA SOCIAL - BRANCO - 4,4M - NL-0072F P8"" 1 Furo";1,0;0,0;0,0;0,0;0,0;0,0;2,0;4,0;10,0;10,0
2005703;CONJ. AUTOMATIZADOR PARA PORTA SOCIAL BRUSHLESS DZ SLIP C/R 4,40M BRANCO;811897;MANUAL PORTA SLIP;1,0;0,0;0,0;0,0;0,0;0,0;2,0;4,0;10,0;10,0
2005703;CONJ. AUTOMATIZADOR PARA PORTA SOCIAL BRUSHLESS DZ SLIP C/R 4,40M BRANCO;811919;CAIXA EMBALAGEM VINCADA PARA PORTA SOCIAL DZ SLIP COM ACABAMENTO DAS PONTAS;2,0;0,0;0,0;0,0;0,0;0,0;4,0;8,0;20,0;20,0
2005703;CONJ. AUTOMATIZADOR PARA PORTA SOCIAL BRUSHLESS DZ SLIP C/R 4,40M BRANCO;811920;CAIXA EMBALAGEM VINCADA PARA PORTA SOCIAL DZ SLIP SEM ACABAMENTO;4,0;0,0;0,0;0,0;0,0;0,0;8,0;16,0;40,0;40,0
2005703;CONJ. AUTOMATIZADOR PARA PORTA SOCIAL BRUSHLESS DZ SLIP C/R 4,40M BRANCO;807220;TAMPA BILATERAL PARA PORTA SOCIAL BRANCA;2,0;0,0;0,0;0,0;0,0;0,0;4,0;8,0;20,0;20,0
2005703;CONJ. AUTOMATIZADOR PARA PORTA SOCIAL BRUSHLESS DZ SLIP C/R 4,40M BRANCO;998926;SISTEMA AUTOMATIZADO PARA PORTAS DESLIZANTES MARCA MANNERS;1,0;0,0;0,0;0,0;0,0;0,0;2,0;4,0;10,0;10,0
2005703;CONJ. AUTOMATIZADOR PARA PORTA SOCIAL BRUSHLESS DZ SLIP C/R 4,40M BRANCO;401291;"PEGA VIDRO PORTA SOCIAL - BRANCO - 1,10M - NL-0071F P8"" 1 FURO";2,0;0,0;0,0;0,0;0,0;0,0;4,0;8,0;20,0;20,0
2005703;CONJ. AUTOMATIZADOR PARA PORTA SOCIAL BRUSHLESS DZ SLIP C/R 4,40M BRANCO;807223;CANTONEIRA DO BATENTE PORTA SOCIAL - ZINCADO;2,0;0,0;0,0;0,0;0,0;0,0;4,0;8,0;20,0;20,0
2005703;CONJ. AUTOMATIZADOR PARA PORTA SOCIAL BRUSHLESS DZ SLIP C/R 4,40M BRANCO;807224;CHAPA DE FIXAÇÃO PEGA VIDRO PORTA SOCIAL - ZINCADO;4,0;0,0;0,0;0,0;0,0;0,0;8,0;16,0;40,0;40,0
2008082;CONJ. MOVIMENTADOR TRINO NEW BV CADENA 1/4HP 127V SEM ACIONAMENTO;401228;PARAFUSO ALLEN RI M3 X 16 ZI;4,0;0,0;0,0;0,0;0,0;0,0;8,0;8,0;8,0;8,0
2008082;CONJ. MOVIMENTADOR TRINO NEW BV CADENA 1/4HP 127V SEM ACIONAMENTO;401160;PARAFUSO MQ HXL M5 X 16MM RI T25 ZBR;31,0;0,0;0,0;0,0;0,0;0,0;62,0;62,0;62,0;62,0
2008082;CONJ. MOVIMENTADOR TRINO NEW BV CADENA 1/4HP 127V SEM ACIONAMENTO;813485;BASE DE SUPORTE DO MOTORREDUTOR BV CADENA - CINZA;1,0;0,0;0,0;0,0;0,0;0,0;2,0;2,0;2,0;2,0
2008082;CONJ. MOVIMENTADOR TRINO NEW BV CADENA 1/4HP 127V SEM ACIONAMENTO;813486;CARCAÇA TRASEIRA BV CADENA - CINZA;1,0;0,0;0,0;0,0;0,0;0,0;2,0;2,0;2,0;2,0
2008082;CONJ. MOVIMENTADOR TRINO NEW BV CADENA 1/4HP 127V SEM ACIONAMENTO;813487;TAMPA INFERIOR BV CADENA - CINZA;1,0;0,0;0,0;0,0;0,0;0,0;2,0;2,0;2,0;2,0
2008082;CONJ. MOVIMENTADOR TRINO NEW BV CADENA 1/4HP 127V SEM ACIONAMENTO;813488;TAMPA SUPERIOR BV CADENA - CINZA;1,0;0,0;0,0;0,0;0,0;0,0;2,0;2,0;2,0;2,0
2008082;CONJ. MOVIMENTADOR TRINO NEW BV CADENA 1/4HP 127V SEM ACIONAMENTO;401173;REBITE C/ROSCA SEXT. M5 CAB. PLANA ZB;26,0;0,0;0,0;0,0;0,0;0,0;52,0;52,0;52,0;52,0
2008082;CONJ. MOVIMENTADOR TRINO NEW BV CADENA 1/4HP 127V SEM ACIONAMENTO;813489;CARCAÇA FRONTAL BV CADENA - CINZA;1,0;0,0;0,0;0,0;0,0;0,0;2,0;2,0;2,0;2,0
2008082;CONJ. MOVIMENTADOR TRINO NEW BV CADENA 1/4HP 127V SEM ACIONAMENTO;813152;BASE DA CENTRAL DESLIZANTE INVERTER;1,0;0,0;0,0;0,0;0,0;0,0;2,0;2,0;2,0;2,0
2008082;CONJ. MOVIMENTADOR TRINO NEW BV CADENA 1/4HP 127V SEM ACIONAMENTO;804426;TAMPA DA CENTRAL DESLIZANTE INVERTER;1,0;0,0;0,0;0,0;0,0;0,0;2,0;2,0;2,0;2,0
2008082;CONJ. MOVIMENTADOR TRINO NEW BV CADENA 1/4HP 127V SEM ACIONAMENTO;813039;VENEZIANA DOS MOTORES;2,0;0,0;0,0;0,0;0,0;0,0;4,0;4,0;4,0;4,0
2008082;CONJ. MOVIMENTADOR TRINO NEW BV CADENA 1/4HP 127V SEM ACIONAMENTO;401044;PARAFUSO A/A PAN PHS 2.9 X 9.5;8,0;0,0;0,0;0,0;0,0;0,0;16,0;16,0;16,0;16,0
2008082;CONJ. MOVIMENTADOR TRINO NEW BV CADENA 1/4HP 127V SEM ACIONAMENTO;402012;ANEL ELÁSTICO E-20;3,0;0,0;0,0;0,0;0,0;0,0;6,0;6,0;6,0;6,0
2008082;CONJ. MOVIMENTADOR TRINO NEW BV CADENA 1/4HP 127V SEM ACIONAMENTO;813234;CHAVETA 8MMX33,4MM;1,0;0,0;0,0;0,0;0,0;0,0;2,0;2,0;2,0;2,0
2008082;CONJ. MOVIMENTADOR TRINO NEW BV CADENA 1/4HP 127V SEM ACIONAMENTO;813094;ENGRENAGEM INTERNA DE 1 ENTRADA DZ E NEWBV;1,0;0,0;0,0;0,0;0,0;0,0;2,0;2,0;2,0;2,0
2008082;CONJ. MOVIMENTADOR TRINO NEW BV CADENA 1/4HP 127V SEM ACIONAMENTO;813253;SEM FIM DE 1 ENTRADA AÇO;1,0;0,0;0,0;0,0;0,0;0,0;2,0;2,0;2,0;2,0
2008082;CONJ. MOVIMENTADOR TRINO NEW BV CADENA 1/4HP 127V SEM ACIONAMENTO;411015;ROLAMENTOS 6004 ZZ;2,0;0,0;0,0;0,0;0,0;0,0;4,0;4,0;4,0;4,0
2008082;CONJ. MOVIMENTADOR TRINO NEW BV CADENA 1/4HP 127V SEM ACIONAMENTO;813395;PASSA FIO DO NEW BV;1,0;0,0;0,0;0,0;0,0;0,0;2,0;2,0;2,0;2,0
2008082;CONJ. MOVIMENTADOR TRINO NEW BV CADENA 1/4HP 127V SEM ACIONAMENTO;401161;PARAFUSO PAN ZBR P/ CHAVE TORX M5 X 20MM T25;6,0;0,0;0,0;0,0;0,0;0,0;12,0;12,0;12,0;12,0
2008082;CONJ. MOVIMENTADOR TRINO NEW BV CADENA 1/4HP 127V SEM ACIONAMENTO;813265;CARCAÇA SUPERIOR NEW BV;1,0;0,0;0,0;0,0;0,0;0,0;2,0;2,0;2,0;2,0
2008082;CONJ. MOVIMENTADOR TRINO NEW BV CADENA 1/4HP 127V SEM ACIONAMENTO;813259;CARCAÇA INFERIOR NEW BV COM FURO ENCODER;1,0;0,0;0,0;0,0;0,0;0,0;2,0;2,0;2,0;2,0
2008082;CONJ. MOVIMENTADOR TRINO NEW BV CADENA 1/4HP 127V SEM ACIONAMENTO;402013;RETENTOR GR 20X30X7 TC GTOP;2,0;0,0;0,0;0,0;0,0;0,0;4,0;4,0;4,0;4,0
2008082;CONJ. MOVIMENTADOR TRINO NEW BV CADENA 1/4HP 127V SEM ACIONAMENTO;813267;SUPORTE ENCODER;1,0;0,0;0,0;0,0;0,0;0,0;2,0;2,0;2,0;2,0
2008082;CONJ. MOVIMENTADOR TRINO NEW BV CADENA 1/4HP 127V SEM ACIONAMENTO;813266;TAMPA ENCODER;1,0;0,0;0,0;0,0;0,0;0,0;2,0;2,0;2,0;2,0
2008082;CONJ. MOVIMENTADOR TRINO NEW BV CADENA 1/4HP 127V SEM ACIONAMENTO;401012;PARAFUSO 3.5 X 13 CH. PH - OXI;2,0;0,0;0,0;0,0;0,0;0,0;4,0;4,0;4,0;4,0
2008082;CONJ. MOVIMENTADOR TRINO NEW BV CADENA 1/4HP 127V SEM ACIONAMENTO;402034;ANEL DE RETENÇÃO ORING INTERNO 14MM X 2,6MM;1,0;0,0;0,0;0,0;0,0;0,0;2,0;2,0;2,0;2,0
2008082;CONJ. MOVIMENTADOR TRINO NEW BV CADENA 1/4HP 127V SEM ACIONAMENTO;813274;TAMPÃO P/ EIXO MOTOR DZ E GABINETE CANCELA;1,0;0,0;0,0;0,0;0,0;0,0;2,0;2,0;2,0;2,0
2008082;CONJ. MOVIMENTADOR TRINO NEW BV CADENA 1/4HP 127V SEM ACIONAMENTO;813260;CALÇO DO ESTATOR NEW BV;2,0;0,0;0,0;0,0;0,0;0,0;4,0;4,0;4,0;4,0
2008082;CONJ. MOVIMENTADOR TRINO NEW BV CADENA 1/4HP 127V SEM ACIONAMENTO;412008;ESTATOR BOBINADO AGL BV/NEW BV/PIVO P28 1/5 cv 04 42 127V 60Hz;1,0;0,0;0,0;0,0;0,0;0,0;2,0;2,0;2,0;2,0
2008082;CONJ. MOVIMENTADOR TRINO NEW BV CADENA 1/4HP 127V SEM ACIONAMENTO;402015;ANEL ELÁSTICO E12;2,0;0,0;0,0;0,0;0,0;0,0;4,0;4,0;4,0;4,0
2008082;CONJ. MOVIMENTADOR TRINO NEW BV CADENA 1/4HP 127V SEM ACIONAMENTO;411017;ROLAMENTOS 6201-08 ZZ C3;2,0;0,0;0,0;0,0;0,0;0,0;4,0;4,0;4,0;4,0
2008082;CONJ. MOVIMENTADOR TRINO NEW BV CADENA 1/4HP 127V SEM ACIONAMENTO;804430;CAPA DO ROLAMENTO DOS MOTORES;2,0;0,0;0,0;0,0;0,0;0,0;4,0;4,0;4,0;4,0
2008082;CONJ. MOVIMENTADOR TRINO NEW BV CADENA 1/4HP 127V SEM ACIONAMENTO;402019;PINO ELÁSTICO 4 X 24MM;1,0;0,0;0,0;0,0;0,0;0,0;2,0;2,0;2,0;2,0
2008082;CONJ. MOVIMENTADOR TRINO NEW BV CADENA 1/4HP 127V SEM ACIONAMENTO;412147;ROTOR AGL NEW BV P28 1/5 cv 04;1,0;0,0;0,0;0,0;0,0;0,0;2,0;2,0;2,0;2,0
2008082;CONJ. MOVIMENTADOR TRINO NEW BV CADENA 1/4HP 127V SEM ACIONAMENTO;401007;PARAFUSO 4.8 X 13 A/A PN. PH - ZI;4,0;0,0;0,0;0,0;0,0;0,0;8,0;8,0;8,0;8,0
2008082;CONJ. MOVIMENTADOR TRINO NEW BV CADENA 1/4HP 127V SEM ACIONAMENTO;101553;SENSOR EFEITO HALL AH3781-P-B 0,30W HALL LATCH SWITCH SIP-3 BULK (AH3781-P-B);1,0;0,0;0,0;0,0;0,0;0,0;2,0;2,0;2,0;2,0
2008082;CONJ. MOVIMENTADOR TRINO NEW BV CADENA 1/4HP 127V SEM ACIONAMENTO;911080;PLACA REVISADA CENTRAL FLEX;1,0;0,0;0,0;0,0;0,0;0,0;2,0;2,0;2,0;2,0
2008082;CONJ. MOVIMENTADOR TRINO NEW BV CADENA 1/4HP 127V SEM ACIONAMENTO;102806;MICRO CHAVE NS0-040D PARA BV CORRENTE;2,0;0,0;0,0;0,0;0,0;0,0;4,0;4,0;4,0;4,0
2008082;CONJ. MOVIMENTADOR TRINO NEW BV CADENA 1/4HP 127V SEM ACIONAMENTO;103131;CABO CONECTOR TERMINAL WHITE WIRE BLK-PH-3P L500 BOX (BLK-PH-3P L500);1,0;0,0;0,0;0,0;0,0;0,0;2,0;2,0;2,0;2,0
2008082;CONJ. MOVIMENTADOR TRINO NEW BV CADENA 1/4HP 127V SEM ACIONAMENTO;811851;CAIXA MOTOR BV CADENA 25,6X21,6X32,5;1,0;0,0;0,0;0,0;0,0;0,0;2,0;2,0;2,0;2,0
2008082;CONJ. MOVIMENTADOR TRINO NEW BV CADENA 1/4HP 127V SEM ACIONAMENTO;811505;SACO PLASTICO TRANSPARENTE 14CM X 9CM;1,0;0,0;0,0;0,0;0,0;0,0;2,0;2,0;2,0;2,0
2008082;CONJ. MOVIMENTADOR TRINO NEW BV CADENA 1/4HP 127V SEM ACIONAMENTO;811311;ETIQUETA ADES. BOPP FOSCO C/DFAM 50MM X 25MM X 02 CAR;1,0;0,0;0,0;0,0;0,0;0,0;2,0;2,0;2,0;2,0
2008082;CONJ. MOVIMENTADOR TRINO NEW BV CADENA 1/4HP 127V SEM ACIONAMENTO;811306;ETIQUETA ADES. COUCHE 100MM X 80MM X 01 CAR;1,0;0,0;0,0;0,0;0,0;0,0;2,0;2,0;2,0;2,0
2008082;CONJ. MOVIMENTADOR TRINO NEW BV CADENA 1/4HP 127V SEM ACIONAMENTO;103064;CONECTOR FÊMEA EC601V-5.08-3P GREEN BAG/BULK (EC601V-5.08-3P);1,0;0,0;0,0;0,0;0,0;0,0;2,0;2,0;2,0;2,0
2008082;CONJ. MOVIMENTADOR TRINO NEW BV CADENA 1/4HP 127V SEM ACIONAMENTO;701256;COROA Z11 PARA BV CADENA (P/ CORRENTE ASA 410) - BRUTO;1,0;0,0;0,0;0,0;0,0;0,0;2,0;2,0;2,0;2,0
2008082;CONJ. MOVIMENTADOR TRINO NEW BV CADENA 1/4HP 127V SEM ACIONAMENTO;813490;SUPORTE DO MICRO SWICH BV CADENA - ZINCADO;2,0;0,0;0,0;0,0;0,0;0,0;4,0;4,0;4,0;4,0
2008082;CONJ. MOVIMENTADOR TRINO NEW BV CADENA 1/4HP 127V SEM ACIONAMENTO;813491;MANCAL DE ENCAIXE DO ACIONAMENTO BV CADENA - CINZA;1,0;0,0;0,0;0,0;0,0;0,0;2,0;2,0;2,0;2,0
2008082;CONJ. MOVIMENTADOR TRINO NEW BV CADENA 1/4HP 127V SEM ACIONAMENTO;401230;PORCA BAIXA M20 ZI;2,0;0,0;0,0;0,0;0,0;0,0;4,0;4,0;4,0;4,0
2008082;CONJ. MOVIMENTADOR TRINO NEW BV CADENA 1/4HP 127V SEM ACIONAMENTO;701243;EIXO PRINCIPAL BV CADENA;1,0;0,0;0,0;0,0;0,0;0,0;2,0;2,0;2,0;2,0
2008082;CONJ. MOVIMENTADOR TRINO NEW BV CADENA 1/4HP 127V SEM ACIONAMENTO;813492;CHAPA ESTABILIZADORA TRASEIRA BV CADENA - ZINCADA;1,0;0,0;0,0;0,0;0,0;0,0;2,0;2,0;2,0;2,0
2008082;CONJ. MOVIMENTADOR TRINO NEW BV CADENA 1/4HP 127V SEM ACIONAMENTO;103549;TERMINAL FASTON FEMEA ISOLADO 0,5-1,5MM;4,0;0,0;0,0;0,0;0,0;0,0;8,0;8,0;8,0;8,0
2008082;CONJ. MOVIMENTADOR TRINO NEW BV CADENA 1/4HP 127V SEM ACIONAMENTO;101309;CAPACITOR FIXO C/DIELETRICO DE POLIPROPILENO BIORIENTADO P/MOTORES CMRW CANECA PLASTICA 30UF 250V 50;1,0;0,0;0,0;0,0;0,0;0,0;2,0;2,0;2,0;2,0
2008082;CONJ. MOVIMENTADOR TRINO NEW BV CADENA 1/4HP 127V SEM ACIONAMENTO;100802;TRANSMISSOR 433MHZ REMOTE - MODELO: AGL-E2  (DIGITAL KEY 6P20 BLACK);2,0;0,0;0,0;0,0;0,0;0,0;4,0;4,0;4,0;4,0
2008507;ACIONAMENTO MOVIMENTADOR TRINO BV SPEED 1,5M;401164;PARAFUSO MQ UNC SX RI 1/4 X 1/2 ZI;4,0;0,0;0,0;0,0;0,0;0,0;0,0;200,0;1400,0;2600,0
2008507;ACIONAMENTO MOVIMENTADOR TRINO BV SPEED 1,5M;813623;FIM DE CURSO MECANICO DE ALUMÍNIO;2,0;0,0;0,0;0,0;0,0;0,0;0,0;100,0;700,0;1300,0
2008507;ACIONAMENTO MOVIMENTADOR TRINO BV SPEED 1,5M;813017;FUSO P 7.5MM DE 1,5M E 5 ENTRADAS;1,0;0,0;0,0;0,0;0,0;0,0;0,0;50,0;350,0;650,0
2008507;ACIONAMENTO MOVIMENTADOR TRINO BV SPEED 1,5M;501084;GRAXA BRANCA SACHE 15G;1,0;0,0;0,0;0,0;0,0;0,0;0,0;50,0;350,0;650,0
2008507;ACIONAMENTO MOVIMENTADOR TRINO BV SPEED 1,5M;208004;IMÃ DE FERRITE - B20X13X5MM;2,0;0,0;0,0;0,0;0,0;0,0;0,0;100,0;700,0;1300,0
2008507;ACIONAMENTO MOVIMENTADOR TRINO BV SPEED 1,5M;813048;MANCAL PERFIL SUPERIOR BV;1,0;0,0;0,0;0,0;0,0;0,0;0,0;50,0;350,0;650,0
2008507;ACIONAMENTO MOVIMENTADOR TRINO BV SPEED 1,5M;813399;PERFIL AL 1,5M SOL 7 STLF-0864 6063;1,0;0,0;0,0;0,0;0,0;0,0;0,0;50,0;350,0;650,0
2008507;ACIONAMENTO MOVIMENTADOR TRINO BV SPEED 1,5M;804554;CARTUCHO DA PORCA DE 5 ENTRADAS;1,0;0,0;0,0;0,0;0,0;0,0;0,0;50,0;350,0;650,0
2008507;ACIONAMENTO MOVIMENTADOR TRINO BV SPEED 1,5M;813277;ROLAMENTO PLÁSTICO DO FUSO BV;1,0;0,0;0,0;0,0;0,0;0,0;0,0;50,0;350,0;650,0
2008507;ACIONAMENTO MOVIMENTADOR TRINO BV SPEED 1,5M;401163;PARAFUSO PLASTIC PAN PHS 5 X 12MM ZI;5,0;0,0;0,0;0,0;0,0;0,0;0,0;250,0;1750,0;3250,0
2008507;ACIONAMENTO MOVIMENTADOR TRINO BV SPEED 1,5M;813262;ACOPLAMENTO DO NEW BV/BV/PIVO;1,0;0,0;0,0;0,0;0,0;0,0;0,0;50,0;350,0;650,0
2008507;ACIONAMENTO MOVIMENTADOR TRINO BV SPEED 1,5M;813054;MANCAL PERFIL INFERIOR;1,0;0,0;0,0;0,0;0,0;0,0;0,0;50,0;350,0;650,0
2008507;ACIONAMENTO MOVIMENTADOR TRINO BV SPEED 1,5M;402012;ANEL ELÁSTICO E-20;2,0;0,0;0,0;0,0;0,0;0,0;0,0;100,0;700,0;1300,0
2008507;ACIONAMENTO MOVIMENTADOR TRINO BV SPEED 1,5M;804508;COROA DO MOVIMENTADOR BV/PIVO NYLON Ø 20MM;1,0;0,0;0,0;0,0;0,0;0,0;0,0;50,0;350,0;650,0
2008507;ACIONAMENTO MOVIMENTADOR TRINO BV SPEED 1,5M;401157;PARAFUSO PAN ZBR P/ CHAVE TORX M5 X 30MM T25;2,0;0,0;0,0;0,0;0,0;0,0;0,0;100,0;700,0;1300,0
2008507;ACIONAMENTO MOVIMENTADOR TRINO BV SPEED 1,5M;813280;CRUZETA DO MANCAL;1,0;0,0;0,0;0,0;0,0;0,0;0,0;50,0;350,0;650,0
2008507;ACIONAMENTO MOVIMENTADOR TRINO BV SPEED 1,5M;811541;SACO PLASTICO TRANSPARENTE 30CM X 15CM;1,0;0,0;0,0;0,0;0,0;0,0;0,0;50,0;350,0;650,0
2008507;ACIONAMENTO MOVIMENTADOR TRINO BV SPEED 1,5M;813281;SUPORTE ORELHA DO BV/PIVÔ;1,0;0,0;0,0;0,0;0,0;0,0;0,0;50,0;350,0;650,0
2008507;ACIONAMENTO MOVIMENTADOR TRINO BV SPEED 1,5M;813521;SUPORTE DA BUCHA MANCAL MODELO NOVO (P/ EIXO 20MM);1,0;0,0;0,0;0,0;0,0;0,0;0,0;50,0;350,0;650,0
2008507;ACIONAMENTO MOVIMENTADOR TRINO BV SPEED 1,5M;411039;TARUGO PE CINZA 10 mm;1,5;0,0;0,0;0,0;0,0;0,0;0,0;75,0;525,0;975,0
2008507;ACIONAMENTO MOVIMENTADOR TRINO BV SPEED 1,5M;813292;BRACINHO ARTICULADO BV E NEW BV;1,0;0,0;0,0;0,0;0,0;0,0;0,0;50,0;350,0;650,0
2008507;ACIONAMENTO MOVIMENTADOR TRINO BV SPEED 1,5M;813511;PINO DESTRAVAMENTO LINHA BV/ PORTA CADEADO HZ/ ESTICAD. CANCELA;1,0;0,0;0,0;0,0;0,0;0,0;0,0;50,0;350,0;650,0
2008507;ACIONAMENTO MOVIMENTADOR TRINO BV SPEED 1,5M;402017;CP DE FERRO ZINCADO 3/16 X 1. 1/4;1,0;0,0;0,0;0,0;0,0;0,0;0,0;50,0;350,0;650,0
2008507;ACIONAMENTO MOVIMENTADOR TRINO BV SPEED 1,5M;811761;SACO PLASTICO TRANSPARENTE 14CM X 40CM;1,0;0,0;0,0;0,0;0,0;0,0;0,0;50,0;350,0;650,0
2008507;ACIONAMENTO MOVIMENTADOR TRINO BV SPEED 1,5M;401115;PARAFUSO MQ UNC SXT RI 1/4 X 1.1/4 - ZI;6,0;0,0;0,0;0,0;0,0;0,0;0,0;300,0;2100,0;3900,0
2008507;ACIONAMENTO MOVIMENTADOR TRINO BV SPEED 1,5M;401085;PORCA F MQ UNC SEXT. 1/4 (CH7/16) ZI (NSC);10,0;0,0;0,0;0,0;0,0;0,0;0,0;500,0;3500,0;6500,0
2008507;ACIONAMENTO MOVIMENTADOR TRINO BV SPEED 1,5M;401068;ARRUELA LISA 1/4 FE ZI;6,0;0,0;0,0;0,0;0,0;0,0;0,0;300,0;2100,0;3900,0
2008507;ACIONAMENTO MOVIMENTADOR TRINO BV SPEED 1,5M;811505;SACO PLASTICO TRANSPARENTE 14CM X 9CM;1,0;0,0;0,0;0,0;0,0;0,0;0,0;50,0;350,0;650,0
2008507;ACIONAMENTO MOVIMENTADOR TRINO BV SPEED 1,5M;102573;BOBINA TUBULAR PEBD LEITOSA IMPRESA P/ ACIONAMENTO DE MOTORES;0,12342857142857137;0,0;0,0;0,0;0,0;0,0;0,0;6,17;43,2;80,23
2008507;ACIONAMENTO MOVIMENTADOR TRINO BV SPEED 1,5M;811328;ETIQUETA ADES. COUCHE 100MM X 80MM X 01 CAR VERDE;1,0;0,0;0,0;0,0;0,0;0,0;0,0;50,0;350,0;650,0
2008507;ACIONAMENTO MOVIMENTADOR TRINO BV SPEED 1,5M;811276;ETIQUETA ADES. COUCHE 40MM X 25MM X 02 CAR;1,0;0,0;0,0;0,0;0,0;0,0;0,0;50,0;350,0;650,0
2008507;ACIONAMENTO MOVIMENTADOR TRINO BV SPEED 1,5M;401069;PARAFUSO 2 9X13MM A/A PAN PHS ZI;2,0;0,0;0,0;0,0;0,0;0,0;0,0;100,0;700,0;1300,0
2008507;ACIONAMENTO MOVIMENTADOR TRINO BV SPEED 1,5M;813477;EIXO DE TRAÇÃO DA PORCA ACIONADORA - ZINCADO;1,0;0,0;0,0;0,0;0,0;0,0;0,0;50,0;350,0;650,0
2008507;ACIONAMENTO MOVIMENTADOR TRINO BV SPEED 1,5M;813517;SUPORTE UNIVERSAL PORCA DO FUSO;1,0;0,0;0,0;0,0;0,0;0,0;0,0;50,0;350,0;650,0
2008507;ACIONAMENTO MOVIMENTADOR TRINO BV SPEED 1,5M;813601;SENSOR DE FIM DE CURSO REED BV/NEW BV/PIVO 1,5M;1,0;0,0;0,0;0,0;0,0;0,0;0,0;50,0;350,0;650,0
2008507;ACIONAMENTO MOVIMENTADOR TRINO BV SPEED 1,5M;401303;ABRAÇADEIRA UV PRETA 300X3,6;1,0;0,0;0,0;0,0;0,0;0,0;0,0;50,0;350,0;650,0
2008507;ACIONAMENTO MOVIMENTADOR TRINO BV SPEED 1,5M;813522;CHAVETA QUADRADA 8MMX33,4MM;1,0;0,0;0,0;0,0;0,0;0,0;0,0;50,0;350,0;650,0
2008507;ACIONAMENTO MOVIMENTADOR TRINO BV SPEED 1,5M;813618;EIXO ESTAMPADO PARA ACIONAMENTO BV - ZINCADO;1,0;0,0;0,0;0,0;0,0;0,0;0,0;50,0;350,0;650,0
2008002;CONJ. MOVIMENTADOR TRINO BV3 220V SEM ACIONAMENTO;100802;TRANSMISSOR 433MHZ REMOTE - MODELO: AGL-E2  (DIGITAL KEY 6P20 BLACK);2,0;0,0;0,0;0,0;0,0;0,0;0,0;100,0;100,0;100,0
2008002;CONJ. MOVIMENTADOR TRINO BV3 220V SEM ACIONAMENTO;103064;CONECTOR FÊMEA EC601V-5.08-3P GREEN BAG/BULK (EC601V-5.08-3P);1,0;0,0;0,0;0,0;0,0;0,0;0,0;50,0;50,0;50,0
2008002;CONJ. MOVIMENTADOR TRINO BV3 220V SEM ACIONAMENTO;105068;BOBINA LAMINADA 2,00MM PRETA 23 (EVA PARA MOTORES);0,025;0,0;0,0;0,0;0,0;0,0;0,0;1,25;1,25;1,25
2008002;CONJ. MOVIMENTADOR TRINO BV3 220V SEM ACIONAMENTO;401007;PARAFUSO 4.8 X 13 A/A PN. PH - ZI;4,0;0,0;0,0;0,0;0,0;0,0;0,0;200,0;200,0;200,0
2008002;CONJ. MOVIMENTADOR TRINO BV3 220V SEM ACIONAMENTO;401014;PARAFUSO 2.9 X 6.5 A/A PAN PHS ZI;2,0;0,0;0,0;0,0;0,0;0,0;0,0;100,0;100,0;100,0
2008002;CONJ. MOVIMENTADOR TRINO BV3 220V SEM ACIONAMENTO;401160;PARAFUSO MQ HXL M5 X 16MM RI T25 ZBR;6,0;0,0;0,0;0,0;0,0;0,0;0,0;300,0;300,0;300,0
2008002;CONJ. MOVIMENTADOR TRINO BV3 220V SEM ACIONAMENTO;401169;PF JMP PAN PHS 3,5X14MM ZI;4,0;0,0;0,0;0,0;0,0;0,0;0,0;200,0;200,0;200,0
2008002;CONJ. MOVIMENTADOR TRINO BV3 220V SEM ACIONAMENTO;401169;PF JMP PAN PHS 3,5X14MM ZI;2,0;0,0;0,0;0,0;0,0;0,0;0,0;100,0;100,0;100,0
2008002;CONJ. MOVIMENTADOR TRINO BV3 220V SEM ACIONAMENTO;402015;ANEL ELÁSTICO E12;4,0;0,0;0,0;0,0;0,0;0,0;0,0;200,0;200,0;200,0
2008002;CONJ. MOVIMENTADOR TRINO BV3 220V SEM ACIONAMENTO;402018;ESPAGUETE LISO 10MMX150MM;0,15;0,0;0,0;0,0;0,0;0,0;0,0;7,5;7,5;7,5
2008002;CONJ. MOVIMENTADOR TRINO BV3 220V SEM ACIONAMENTO;402019;PINO ELÁSTICO 4 X 24MM;2,0;0,0;0,0;0,0;0,0;0,0;0,0;100,0;100,0;100,0
2008002;CONJ. MOVIMENTADOR TRINO BV3 220V SEM ACIONAMENTO;411017;ROLAMENTOS 6201-08 ZZ C3;2,0;0,0;0,0;0,0;0,0;0,0;0,0;100,0;100,0;100,0
2008002;CONJ. MOVIMENTADOR TRINO BV3 220V SEM ACIONAMENTO;412150;ESTATOR BOBINADO AGL BV/NEW BV/PIVO P33 1/4 cv 04 42z 220V 60Hz;1,0;0,0;0,0;0,0;0,0;0,0;0,0;50,0;50,0;50,0
2008002;CONJ. MOVIMENTADOR TRINO BV3 220V SEM ACIONAMENTO;412161;ROTOR AGL BV/PIVO P33 1/4 cv 04;1,0;0,0;0,0;0,0;0,0;0,0;0,0;50,0;50,0;50,0
2008002;CONJ. MOVIMENTADOR TRINO BV3 220V SEM ACIONAMENTO;510027;INLUB GRAX MP 2/TI;0,012;0,0;0,0;0,0;0,0;0,0;0,0;0,6;0,6;0,6
2008002;CONJ. MOVIMENTADOR TRINO BV3 220V SEM ACIONAMENTO;811122;MANUAL P / AUTOMATIZADOR DZ/BV/NEW BV CENTRAL FLEX/LIGHT EM PORTUGUÊS;1,0;0,0;0,0;0,0;0,0;0,0;0,0;50,0;50,0;50,0
2008002;CONJ. MOVIMENTADOR TRINO BV3 220V SEM ACIONAMENTO;811306;ETIQUETA ADES. COUCHE 100MM X 80MM X 01 CAR;1,0;0,0;0,0;0,0;0,0;0,0;0,0;50,0;50,0;50,0
2008002;CONJ. MOVIMENTADOR TRINO BV3 220V SEM ACIONAMENTO;811311;ETIQUETA ADES. BOPP FOSCO C/DFAM 50MM X 25MM X 02 CAR;1,0;0,0;0,0;0,0;0,0;0,0;0,0;50,0;50,0;50,0
2008002;CONJ. MOVIMENTADOR TRINO BV3 220V SEM ACIONAMENTO;811505;SACO PLASTICO TRANSPARENTE 14CM X 9CM;1,0;0,0;0,0;0,0;0,0;0,0;0,0;50,0;50,0;50,0
2008002;CONJ. MOVIMENTADOR TRINO BV3 220V SEM ACIONAMENTO;811729;CAIXA MOTOR BASCULANTE AGL 18,9 X 14,1 X 23,4;1,0;0,0;0,0;0,0;0,0;0,0;0,0;50,0;50,0;50,0
2008002;CONJ. MOVIMENTADOR TRINO BV3 220V SEM ACIONAMENTO;813025;VENTOINHA DOS MOTORES;1,0;0,0;0,0;0,0;0,0;0,0;0,0;50,0;50,0;50,0
2008002;CONJ. MOVIMENTADOR TRINO BV3 220V SEM ACIONAMENTO;813033;TAMPA DE PROTEÇÃO DA VENTOINHA;1,0;0,0;0,0;0,0;0,0;0,0;0,0;50,0;50,0;50,0
2008002;CONJ. MOVIMENTADOR TRINO BV3 220V SEM ACIONAMENTO;813034;TAMPA LISA DO REDUTOR DA CARCAÇA DO BASCULANTE;2,0;0,0;0,0;0,0;0,0;0,0;0,0;100,0;100,0;100,0
2008002;CONJ. MOVIMENTADOR TRINO BV3 220V SEM ACIONAMENTO;813038;BASE CENTRAL DO BV;1,0;0,0;0,0;0,0;0,0;0,0;0,0;50,0;50,0;50,0
2008002;CONJ. MOVIMENTADOR TRINO BV3 220V SEM ACIONAMENTO;813043;BUCHA DE CENTRAGEM DO SEM FIM DO BASCULANTE;1,0;0,0;0,0;0,0;0,0;0,0;0,0;50,0;50,0;50,0
2008002;CONJ. MOVIMENTADOR TRINO BV3 220V SEM ACIONAMENTO;813047;PASSA FIO DO BV;1,0;0,0;0,0;0,0;0,0;0,0;0,0;50,0;50,0;50,0
2008002;CONJ. MOVIMENTADOR TRINO BV3 220V SEM ACIONAMENTO;813108;SEM FIM DE DUAS ENTRADAS AÇO BV ANTIGO/ BV3/ BV4;1,0;0,0;0,0;0,0;0,0;0,0;0,0;50,0;50,0;50,0
2008002;CONJ. MOVIMENTADOR TRINO BV3 220V SEM ACIONAMENTO;813179;TAMPA DA CENTRAL DO BV;1,0;0,0;0,0;0,0;0,0;0,0;0,0;50,0;50,0;50,0
2008002;CONJ. MOVIMENTADOR TRINO BV3 220V SEM ACIONAMENTO;813270;CARCAÇA DE MOTOR BV/PIVO SUPERIOR;1,0;0,0;0,0;0,0;0,0;0,0;0,0;50,0;50,0;50,0
2008002;CONJ. MOVIMENTADOR TRINO BV3 220V SEM ACIONAMENTO;813271;CARCAÇA DE MOTOR BV/PIVO INFERIOR;1,0;0,0;0,0;0,0;0,0;0,0;0,0;50,0;50,0;50,0
2008002;CONJ. MOVIMENTADOR TRINO BV3 220V SEM ACIONAMENTO;911080;PLACA REVISADA CENTRAL FLEX;1,0;0,0;0,0;0,0;0,0;0,0;0,0;50,0;50,0;50,0
2008002;CONJ. MOVIMENTADOR TRINO BV3 220V SEM ACIONAMENTO;101306;CAPAC. FIXO C/DIEL. DE POLIP. BIOR. P/MOTORES CMRW CANECA PLASTICA 15uf 250V 50;1,0;0,0;0,0;0,0;0,0;0,0;0,0;50,0;50,0;50,0
2008528;ACIONAMENTO MOVIMENTADOR TRINO NEW BV 2,0M;401164;PARAFUSO MQ UNC SX RI 1/4 X 1/2 ZI;4,0;0,0;0,0;0,0;0,0;0,0;0,0;32,0;92,0;92,0
2008528;ACIONAMENTO MOVIMENTADOR TRINO NEW BV 2,0M;813623;FIM DE CURSO MECANICO DE ALUMÍNIO;2,0;0,0;0,0;0,0;0,0;0,0;0,0;16,0;46,0;46,0
2008528;ACIONAMENTO MOVIMENTADOR TRINO NEW BV 2,0M;813366;FUSO P.60 Ø 1/2'' DE 2,0M;1,0;0,0;0,0;0,0;0,0;0,0;0,0;8,0;23,0;23,0
2008528;ACIONAMENTO MOVIMENTADOR TRINO NEW BV 2,0M;501084;GRAXA BRANCA SACHE 15G;1,0;0,0;0,0;0,0;0,0;0,0;0,0;8,0;23,0;23,0
2008528;ACIONAMENTO MOVIMENTADOR TRINO NEW BV 2,0M;208004;IMÃ DE FERRITE - B20X13X5MM;2,0;0,0;0,0;0,0;0,0;0,0;0,0;16,0;46,0;46,0
2008528;ACIONAMENTO MOVIMENTADOR TRINO NEW BV 2,0M;813048;MANCAL PERFIL SUPERIOR BV;1,0;0,0;0,0;0,0;0,0;0,0;0,0;8,0;23,0;23,0
2008528;ACIONAMENTO MOVIMENTADOR TRINO NEW BV 2,0M;813400;PERFIL AL 2,0M SOL 7 STLF-0864 6063;1,0;0,0;0,0;0,0;0,0;0,0;0,0;8,0;23,0;23,0
2008528;ACIONAMENTO MOVIMENTADOR TRINO NEW BV 2,0M;813540;CARTUCHO DA PORCA DE 6 ENTRADAS P.60 1/2;1,0;0,0;0,0;0,0;0,0;0,0;0,0;8,0;23,0;23,0
2008528;ACIONAMENTO MOVIMENTADOR TRINO NEW BV 2,0M;813277;ROLAMENTO PLÁSTICO DO FUSO BV;1,0;0,0;0,0;0,0;0,0;0,0;0,0;8,0;23,0;23,0
2008528;ACIONAMENTO MOVIMENTADOR TRINO NEW BV 2,0M;401163;PARAFUSO PLASTIC PAN PHS 5 X 12MM ZI;2,0;0,0;0,0;0,0;0,0;0,0;0,0;16,0;46,0;46,0
2008528;ACIONAMENTO MOVIMENTADOR TRINO NEW BV 2,0M;811541;SACO PLASTICO TRANSPARENTE 30CM X 15CM;1,0;0,0;0,0;0,0;0,0;0,0;0,0;8,0;23,0;23,0
2008528;ACIONAMENTO MOVIMENTADOR TRINO NEW BV 2,0M;813306;SUPORTE ORELHA DO NEW BV;1,0;0,0;0,0;0,0;0,0;0,0;0,0;8,0;23,0;23,0
2008528;ACIONAMENTO MOVIMENTADOR TRINO NEW BV 2,0M;411039;TARUGO PE CINZA 10 mm;2,0;0,0;0,0;0,0;0,0;0,0;0,0;16,0;46,0;46,0
2008528;ACIONAMENTO MOVIMENTADOR TRINO NEW BV 2,0M;813292;BRACINHO ARTICULADO BV E NEW BV;1,0;0,0;0,0;0,0;0,0;0,0;0,0;8,0;23,0;23,0
2008528;ACIONAMENTO MOVIMENTADOR TRINO NEW BV 2,0M;813511;PINO DESTRAVAMENTO LINHA BV/ PORTA CADEADO HZ/ ESTICAD. CANCELA;1,0;0,0;0,0;0,0;0,0;0,0;0,0;8,0;23,0;23,0
2008528;ACIONAMENTO MOVIMENTADOR TRINO NEW BV 2,0M;402017;CP DE FERRO ZINCADO 3/16 X 1. 1/4;1,0;0,0;0,0;0,0;0,0;0,0;0,0;8,0;23,0;23,0
2008528;ACIONAMENTO MOVIMENTADOR TRINO NEW BV 2,0M;811761;SACO PLASTICO TRANSPARENTE 14CM X 40CM;1,0;0,0;0,0;0,0;0,0;0,0;0,0;8,0;23,0;23,0
2008528;ACIONAMENTO MOVIMENTADOR TRINO NEW BV 2,0M;401115;PARAFUSO MQ UNC SXT RI 1/4 X 1.1/4 - ZI;6,0;0,0;0,0;0,0;0,0;0,0;0,0;48,0;138,0;138,0
2008528;ACIONAMENTO MOVIMENTADOR TRINO NEW BV 2,0M;401085;PORCA F MQ UNC SEXT. 1/4 (CH7/16) ZI (NSC);10,0;0,0;0,0;0,0;0,0;0,0;0,0;80,0;230,0;230,0
2008528;ACIONAMENTO MOVIMENTADOR TRINO NEW BV 2,0M;401068;ARRUELA LISA 1/4 FE ZI;6,0;0,0;0,0;0,0;0,0;0,0;0,0;48,0;138,0;138,0
2008528;ACIONAMENTO MOVIMENTADOR TRINO NEW BV 2,0M;102573;BOBINA TUBULAR PEBD LEITOSA IMPRESA P/ ACIONAMENTO DE MOTORES;0,1577142857142856;0,0;0,0;0,0;0,0;0,0;0,0;1,26;3,63;3,63
2008528;ACIONAMENTO MOVIMENTADOR TRINO NEW BV 2,0M;811329;ETIQUETA ADES. COUCHE 100MM X 80MM X 01 CAR AZUL;1,0;0,0;0,0;0,0;0,0;0,0;0,0;8,0;23,0;23,0
2008528;ACIONAMENTO MOVIMENTADOR TRINO NEW BV 2,0M;401069;PARAFUSO 2 9X13MM A/A PAN PHS ZI;2,0;0,0;0,0;0,0;0,0;0,0;0,0;16,0;46,0;46,0
2008528;ACIONAMENTO MOVIMENTADOR TRINO NEW BV 2,0M;813477;EIXO DE TRAÇÃO DA PORCA ACIONADORA - ZINCADO;1,0;0,0;0,0;0,0;0,0;0,0;0,0;8,0;23,0;23,0
2008528;ACIONAMENTO MOVIMENTADOR TRINO NEW BV 2,0M;813517;SUPORTE UNIVERSAL PORCA DO FUSO;1,0;0,0;0,0;0,0;0,0;0,0;0,0;8,0;23,0;23,0
2008528;ACIONAMENTO MOVIMENTADOR TRINO NEW BV 2,0M;401157;PARAFUSO PAN ZBR P/ CHAVE TORX M5 X 30MM T25;2,0;0,0;0,0;0,0;0,0;0,0;0,0;16,0;46,0;46,0
2008528;ACIONAMENTO MOVIMENTADOR TRINO NEW BV 2,0M;813589;SENSOR DE FIM DE CURSO REED BV/NEW BV 2,0M;1,0;0,0;0,0;0,0;0,0;0,0;0,0;8,0;23,0;23,0
2008528;ACIONAMENTO MOVIMENTADOR TRINO NEW BV 2,0M;401303;ABRAÇADEIRA UV PRETA 300X3,6;1,0;0,0;0,0;0,0;0,0;0,0;0,0;8,0;23,0;23,0
2010156;SENSOR DE FIM DE CURSO REED DESLIZANTE;100817;SENSOR REED SWITCH (MODELO FLEX-14 1315);2,0;0,0;0,0;0,0;0,0;0,0;0,0;2,0;2,0;2,0
2010156;SENSOR DE FIM DE CURSO REED DESLIZANTE;103144;CABO CONECTOR TERMINAL WHITE WIRE BLK-4P 1800/650 BOX (BLK-4P 1800/650);1,0;0,0;0,0;0,0;0,0;0,0;0,0;1,0;1,0;1,0
2010156;SENSOR DE FIM DE CURSO REED DESLIZANTE;804482;SUPORTE FIM DE CURSO DESLIZANTE (LADO ESQUERDO);1,0;0,0;0,0;0,0;0,0;0,0;0,0;1,0;1,0;1,0
2010156;SENSOR DE FIM DE CURSO REED DESLIZANTE;804483;SUPORTE FIM DE CURSO DESLIZANTE (LADO DIREITO);1,0;0,0;0,0;0,0;0,0;0,0;0,0;1,0;1,0;1,0
2010156;SENSOR DE FIM DE CURSO REED DESLIZANTE;811276;ETIQUETA ADES. COUCHE 40MM X 25MM X 02 CAR;1,0;0,0;0,0;0,0;0,0;0,0;0,0;1,0;1,0;1,0
2010156;SENSOR DE FIM DE CURSO REED DESLIZANTE;811541;SACO PLASTICO TRANSPARENTE 30CM X 15CM;1,0;0,0;0,0;0,0;0,0;0,0;0,0;1,0;1,0;1,0
2010156;SENSOR DE FIM DE CURSO REED DESLIZANTE;813051;SUPORTE FIM DE CURSO BASCULANTE;2,0;0,0;0,0;0,0;0,0;0,0;0,0;2,0;2,0;2,0
2010155;ENGRENAGEM 24Z DO BASCULANTE ZAMAC;811276;ETIQUETA ADES. COUCHE 40MM X 25MM X 02 CAR;1,0;0,0;0,0;0,0;0,0;0,0;0,0;1,0;1,0;1,0
2010155;ENGRENAGEM 24Z DO BASCULANTE ZAMAC;811505;SACO PLASTICO TRANSPARENTE 14CM X 9CM;1,0;0,0;0,0;0,0;0,0;0,0;0,0;1,0;1,0;1,0
2010155;ENGRENAGEM 24Z DO BASCULANTE ZAMAC;813278;COROA DO MOVIMENTADOR BV/PIVO ZAMAC;1,0;0,0;0,0;0,0;0,0;0,0;0,0;1,0;1,0;1,0
1015009;CANCELA AGUSTA BRUSHLESS P/ BARREIRA SEM LOGO DC 1,2S - ATÉ 4,0M CINZA;801219;GABINETE DA CANCELA - CINZA;1,0;31,0;31,0;31,0;31,0;61,0;61,0;71,0;71,0;71,0
1015009;CANCELA AGUSTA BRUSHLESS P/ BARREIRA SEM LOGO DC 1,2S - ATÉ 4,0M CINZA;813274;TAMPÃO P/ EIXO MOTOR DZ E GABINETE CANCELA;2,0;62,0;62,0;62,0;62,0;122,0;122,0;142,0;142,0;142,0
1015009;CANCELA AGUSTA BRUSHLESS P/ BARREIRA SEM LOGO DC 1,2S - ATÉ 4,0M CINZA;804118;BORRACHA PASSANTE;2,0;62,0;62,0;62,0;62,0;122,0;122,0;142,0;142,0;142,0
1015009;CANCELA AGUSTA BRUSHLESS P/ BARREIRA SEM LOGO DC 1,2S - ATÉ 4,0M CINZA;103795;FIO PARALELO 1,5MM N14BC MEGA 100M;3,51;108,81;108,81;108,81;108,81;214,11;214,11;249,21;249,21;249,21
1015009;CANCELA AGUSTA BRUSHLESS P/ BARREIRA SEM LOGO DC 1,2S - ATÉ 4,0M CINZA;603517;ACESSORIOS PARA AUTOMATIZADOR BRUSHLESS DC MOTOR - RECEPTOR PARA CENTRAL BRUSHLESS;1,0;31,0;31,0;31,0;31,0;61,0;61,0;71,0;71,0;71,0
1015009;CANCELA AGUSTA BRUSHLESS P/ BARREIRA SEM LOGO DC 1,2S - ATÉ 4,0M CINZA;603518;ACESSORIOS PARA AUTOMATIZADOR BRUSHLESS DC MOTOR - MOLA DE CONTRA-PESO PARA CANCELA 1.2;1,0;31,0;31,0;31,0;31,0;61,0;61,0;71,0;71,0;71,0
1015009;CANCELA AGUSTA BRUSHLESS P/ BARREIRA SEM LOGO DC 1,2S - ATÉ 4,0M CINZA;603516;ACESSORIOS PARA AUTOMATIZADOR BRUSHLESS DC MOTOR - FONTE DE ALIMENTAÇAO 24V / 10A;1,0;31,0;31,0;31,0;31,0;61,0;61,0;71,0;71,0;71,0
1015009;CANCELA AGUSTA BRUSHLESS P/ BARREIRA SEM LOGO DC 1,2S - ATÉ 4,0M CINZA;603515;ACESSORIOS PARA AUTOMATIZADOR BRUSHLESS DC MOTOR - PAINEL CONTROLADOR;1,0;31,0;31,0;31,0;31,0;61,0;61,0;71,0;71,0;71,0
1015009;CANCELA AGUSTA BRUSHLESS P/ BARREIRA SEM LOGO DC 1,2S - ATÉ 4,0M CINZA;401109;PF A/A PAN PHS 3,9 X 13MM ZI;10,0;310,0;310,0;310,0;310,0;610,0;610,0;710,0;710,0;710,0
1015009;CANCELA AGUSTA BRUSHLESS P/ BARREIRA SEM LOGO DC 1,2S - ATÉ 4,0M CINZA;916126;AUTOMATIZADOR PARA CANCELA - BRUSHLESS DC MOTOR - MODELO: 18B-1.2S;1,0;31,0;31,0;31,0;31,0;61,0;61,0;71,0;71,0;71,0
1015009;CANCELA AGUSTA BRUSHLESS P/ BARREIRA SEM LOGO DC 1,2S - ATÉ 4,0M CINZA;401182;PARAFUSO AÇO MET CIL SX INT M10X40MM OX;6,0;186,0;186,0;186,0;186,0;366,0;366,0;426,0;426,0;426,0
1015009;CANCELA AGUSTA BRUSHLESS P/ BARREIRA SEM LOGO DC 1,2S - ATÉ 4,0M CINZA;813440;BRAÇO ESTICADOR DA MOLA DA CANCELA;1,0;31,0;31,0;31,0;31,0;61,0;61,0;71,0;71,0;71,0
1015009;CANCELA AGUSTA BRUSHLESS P/ BARREIRA SEM LOGO DC 1,2S - ATÉ 4,0M CINZA;813511;PINO DESTRAVAMENTO LINHA BV/ PORTA CADEADO HZ/ ESTICAD. CANCELA;1,0;31,0;31,0;31,0;31,0;61,0;61,0;71,0;71,0;71,0
1015009;CANCELA AGUSTA BRUSHLESS P/ BARREIRA SEM LOGO DC 1,2S - ATÉ 4,0M CINZA;402017;CP DE FERRO ZINCADO 3/16 X 1. 1/4;2,0;62,0;62,0;62,0;62,0;122,0;122,0;142,0;142,0;142,0
1015009;CANCELA AGUSTA BRUSHLESS P/ BARREIRA SEM LOGO DC 1,2S - ATÉ 4,0M CINZA;811505;SACO PLASTICO TRANSPARENTE 14CM X 9CM;1,0;31,0;31,0;31,0;31,0;61,0;61,0;71,0;71,0;71,0
1015009;CANCELA AGUSTA BRUSHLESS P/ BARREIRA SEM LOGO DC 1,2S - ATÉ 4,0M CINZA;102560;CONECTOR ELÉTRICO DE TORÇÃO MODELO P-1;1,0;31,0;31,0;31,0;31,0;61,0;61,0;71,0;71,0;71,0
1015009;CANCELA AGUSTA BRUSHLESS P/ BARREIRA SEM LOGO DC 1,2S - ATÉ 4,0M CINZA;402042;CHUMBADOR PBJ PARABOLT MQ UNC 3/8X3 ZI;4,0;124,0;124,0;124,0;124,0;244,0;244,0;284,0;284,0;284,0
1015009;CANCELA AGUSTA BRUSHLESS P/ BARREIRA SEM LOGO DC 1,2S - ATÉ 4,0M CINZA;401218;ABRAC UV PRETA 400X4,8 - 100 PCS;3,0;93,0;93,0;93,0;93,0;183,0;183,0;213,0;213,0;213,0
1015009;CANCELA AGUSTA BRUSHLESS P/ BARREIRA SEM LOGO DC 1,2S - ATÉ 4,0M CINZA;802036;PARTE DE FECHADURAS - CILINDRO COM CHAVE PARA MOTOR - CYLINDER;1,0;31,0;31,0;31,0;31,0;61,0;61,0;71,0;71,0;71,0
1015009;CANCELA AGUSTA BRUSHLESS P/ BARREIRA SEM LOGO DC 1,2S - ATÉ 4,0M CINZA;811306;ETIQUETA ADES. COUCHE 100MM X 80MM X 01 CAR;2,0;62,0;62,0;62,0;62,0;122,0;122,0;142,0;142,0;142,0
1015009;CANCELA AGUSTA BRUSHLESS P/ BARREIRA SEM LOGO DC 1,2S - ATÉ 4,0M CINZA;811753;CAIXA MASTER 11 - CAIXA PARA CANCELA SEM LOGO;1,0;31,0;31,0;31,0;31,0;61,0;61,0;71,0;71,0;71,0
1015009;CANCELA AGUSTA BRUSHLESS P/ BARREIRA SEM LOGO DC 1,2S - ATÉ 4,0M CINZA;804461;TAMPA CANCELA;1,0;31,0;31,0;31,0;31,0;61,0;61,0;71,0;71,0;71,0
1015009;CANCELA AGUSTA BRUSHLESS P/ BARREIRA SEM LOGO DC 1,2S - ATÉ 4,0M CINZA;811043;MANUAL CANCELA BILINGUE SEM LOGO;1,0;31,0;31,0;31,0;31,0;61,0;61,0;71,0;71,0;71,0
1015009;CANCELA AGUSTA BRUSHLESS P/ BARREIRA SEM LOGO DC 1,2S - ATÉ 4,0M CINZA;811276;ETIQUETA ADES. COUCHE 40MM X 25MM X 02 CAR;1,0;31,0;31,0;31,0;31,0;61,0;61,0;71,0;71,0;71,0
1015009;CANCELA AGUSTA BRUSHLESS P/ BARREIRA SEM LOGO DC 1,2S - ATÉ 4,0M CINZA;102815;FONTE DE ALIMENTAÇÃO 12V - 5A POWER SUPPLIER;1,0;31,0;31,0;31,0;31,0;61,0;61,0;71,0;71,0;71,0
1015009;CANCELA AGUSTA BRUSHLESS P/ BARREIRA SEM LOGO DC 1,2S - ATÉ 4,0M CINZA;801242;SUPORTE DAS FONTES CANCELA AGUSTA - CINZA;1,0;31,0;31,0;31,0;31,0;61,0;61,0;71,0;71,0;71,0
1015009;CANCELA AGUSTA BRUSHLESS P/ BARREIRA SEM LOGO DC 1,2S - ATÉ 4,0M CINZA;401077;PORCA F MET SEXTAVADA M10 (CH17) ZI;1,0;31,0;31,0;31,0;31,0;61,0;61,0;71,0;71,0;71,0
1015009;CANCELA AGUSTA BRUSHLESS P/ BARREIRA SEM LOGO DC 1,2S - ATÉ 4,0M CINZA;401190;PARAFUSO MET SX RI M10 X 100MM ZI;1,0;31,0;31,0;31,0;31,0;61,0;61,0;71,0;71,0;71,0
1015009;CANCELA AGUSTA BRUSHLESS P/ BARREIRA SEM LOGO DC 1,2S - ATÉ 4,0M CINZA;401172;P ACO MET S/CAB SX INT PTA CONCOVA M8X20MM OX;1,0;31,0;31,0;31,0;31,0;61,0;61,0;71,0;71,0;71,0
1015009;CANCELA AGUSTA BRUSHLESS P/ BARREIRA SEM LOGO DC 1,2S - ATÉ 4,0M CINZA;813512;MANCAL DE JUNÇÃO DO SUPORTE DA BARREIRA (MACHO);1,0;31,0;31,0;31,0;31,0;61,0;61,0;71,0;71,0;71,0
1015009;CANCELA AGUSTA BRUSHLESS P/ BARREIRA SEM LOGO DC 1,2S - ATÉ 4,0M CINZA;804458;TRAVA DE APOIO DA BARREIRA CANCELA AGUSTA;2,0;62,0;62,0;62,0;62,0;122,0;122,0;142,0;142,0;142,0
1015009;CANCELA AGUSTA BRUSHLESS P/ BARREIRA SEM LOGO DC 1,2S - ATÉ 4,0M CINZA;801243;PORTA DO GABINETE CANCELA - CINZA;1,0;31,0;31,0;31,0;31,0;61,0;61,0;71,0;71,0;71,0
1015009;CANCELA AGUSTA BRUSHLESS P/ BARREIRA SEM LOGO DC 1,2S - ATÉ 4,0M CINZA;201125;GRAMPO 35/18 UNIDADE;20,0;620,0;620,0;620,0;620,0;1220,0;1220,0;1420,0;1420,0;1420,0
1015009;CANCELA AGUSTA BRUSHLESS P/ BARREIRA SEM LOGO DC 1,2S - ATÉ 4,0M CINZA;811541;SACO PLASTICO TRANSPARENTE 30CM X 15CM;1,0;31,0;31,0;31,0;31,0;61,0;61,0;71,0;71,0;71,0
1015009;CANCELA AGUSTA BRUSHLESS P/ BARREIRA SEM LOGO DC 1,2S - ATÉ 4,0M CINZA;401207;PF A/A JMC DRILL FL PHS C/ SERRILHA PTA BROCA 4,2X13MM ZI;2,0;62,0;62,0;62,0;62,0;122,0;122,0;142,0;142,0;142,0
1015009;CANCELA AGUSTA BRUSHLESS P/ BARREIRA SEM LOGO DC 1,2S - ATÉ 4,0M CINZA;401199;PORCA PARLOCK MA 6MM ZB;16,0;496,0;496,0;496,0;496,0;976,0;976,0;1136,0;1136,0;1136,0
1015009;CANCELA AGUSTA BRUSHLESS P/ BARREIRA SEM LOGO DC 1,2S - ATÉ 4,0M CINZA;813513;MANCAL DE JUNÇÃO DO SUPORTE DA BARREIRA (FÊMEA);1,0;31,0;31,0;31,0;31,0;61,0;61,0;71,0;71,0;71,0
1015009;CANCELA AGUSTA BRUSHLESS P/ BARREIRA SEM LOGO DC 1,2S - ATÉ 4,0M CINZA;801265;CHAPA EM U DO SUPORTE DA BARREIRA (MODELO FIX. MACHO E FÊMEA) - CINZA;1,0;31,0;31,0;31,0;31,0;61,0;61,0;71,0;71,0;71,0
1015009;CANCELA AGUSTA BRUSHLESS P/ BARREIRA SEM LOGO DC 1,2S - ATÉ 4,0M CINZA;401051;PARAFUSO PA ALLEN M6 x 20;4,0;124,0;124,0;124,0;124,0;244,0;244,0;284,0;284,0;284,0
1015009;CANCELA AGUSTA BRUSHLESS P/ BARREIRA SEM LOGO DC 1,2S - ATÉ 4,0M CINZA;401254;PARAFUSO PA ALLEN  M6 x 12;8,0;248,0;248,0;248,0;248,0;488,0;488,0;568,0;568,0;568,0
1015009;CANCELA AGUSTA BRUSHLESS P/ BARREIRA SEM LOGO DC 1,2S - ATÉ 4,0M CINZA;401141;PARAFUSO AÇO MET CIL SX INT M6X30MM OX;4,0;124,0;124,0;124,0;124,0;244,0;244,0;284,0;284,0;284,0
1015009;CANCELA AGUSTA BRUSHLESS P/ BARREIRA SEM LOGO DC 1,2S - ATÉ 4,0M CINZA;801249;BASE SUPERIOR DE FIXAÇÃO DA CENTRAL NO GABINETE - CINZA;1,0;31,0;31,0;31,0;31,0;61,0;61,0;71,0;71,0;71,0
1015009;CANCELA AGUSTA BRUSHLESS P/ BARREIRA SEM LOGO DC 1,2S - ATÉ 4,0M CINZA;801272;SUPORTE DAS BATERIAS CANCELA AGUSTA - CINZA;1,0;31,0;31,0;31,0;31,0;61,0;61,0;71,0;71,0;71,0
1015009;CANCELA AGUSTA BRUSHLESS P/ BARREIRA SEM LOGO DC 1,2S - ATÉ 4,0M CINZA;401173;REBITE C/ROSCA SEXT. M5 CAB. PLANA ZB;10,0;310,0;310,0;310,0;310,0;610,0;610,0;710,0;710,0;710,0
1015009;CANCELA AGUSTA BRUSHLESS P/ BARREIRA SEM LOGO DC 1,2S - ATÉ 4,0M CINZA;401208;PA MQ PN HXL T25 TMA 5X12 RI ZB;10,0;310,0;310,0;310,0;310,0;610,0;610,0;710,0;710,0;710,0
1015009;CANCELA AGUSTA BRUSHLESS P/ BARREIRA SEM LOGO DC 1,2S - ATÉ 4,0M CINZA;105071;FITA GOMADA 80 MM COM REFORÇO;0,039;1,21;1,21;1,21;1,21;2,38;2,38;2,77;2,77;2,77
1015009;CANCELA AGUSTA BRUSHLESS P/ BARREIRA SEM LOGO DC 1,2S - ATÉ 4,0M CINZA;100802;TRANSMISSOR 433MHZ REMOTE - MODELO: AGL-E2  (DIGITAL KEY 6P20 BLACK);2,0;62,0;62,0;62,0;62,0;122,0;122,0;142,0;142,0;142,0
1015025;CANCELA i10 BRUSHLESS P/ BARREIRA INOVE CERTO DC 1,2S - ATÉ 4,0M CINZA;801219;GABINETE DA CANCELA - CINZA;1,0;10,0;10,0;10,0;10,0;10,0;10,0;20,0;20,0;20,0
1015025;CANCELA i10 BRUSHLESS P/ BARREIRA INOVE CERTO DC 1,2S - ATÉ 4,0M CINZA;813274;TAMPÃO P/ EIXO MOTOR DZ E GABINETE CANCELA;2,0;20,0;20,0;20,0;20,0;20,0;20,0;40,0;40,0;40,0
1015025;CANCELA i10 BRUSHLESS P/ BARREIRA INOVE CERTO DC 1,2S - ATÉ 4,0M CINZA;804118;BORRACHA PASSANTE;2,0;20,0;20,0;20,0;20,0;20,0;20,0;40,0;40,0;40,0
1015025;CANCELA i10 BRUSHLESS P/ BARREIRA INOVE CERTO DC 1,2S - ATÉ 4,0M CINZA;103795;FIO PARALELO 1,5MM N14BC MEGA 100M;3,51;35,1;35,1;35,1;35,1;35,1;35,1;70,2;70,2;70,2
1015025;CANCELA i10 BRUSHLESS P/ BARREIRA INOVE CERTO DC 1,2S - ATÉ 4,0M CINZA;603517;ACESSORIOS PARA AUTOMATIZADOR BRUSHLESS DC MOTOR - RECEPTOR PARA CENTRAL BRUSHLESS;1,0;10,0;10,0;10,0;10,0;10,0;10,0;20,0;20,0;20,0
1015025;CANCELA i10 BRUSHLESS P/ BARREIRA INOVE CERTO DC 1,2S - ATÉ 4,0M CINZA;603518;ACESSORIOS PARA AUTOMATIZADOR BRUSHLESS DC MOTOR - MOLA DE CONTRA-PESO PARA CANCELA 1.2;1,0;10,0;10,0;10,0;10,0;10,0;10,0;20,0;20,0;20,0
1015025;CANCELA i10 BRUSHLESS P/ BARREIRA INOVE CERTO DC 1,2S - ATÉ 4,0M CINZA;603516;ACESSORIOS PARA AUTOMATIZADOR BRUSHLESS DC MOTOR - FONTE DE ALIMENTAÇAO 24V / 10A;1,0;10,0;10,0;10,0;10,0;10,0;10,0;20,0;20,0;20,0
1015025;CANCELA i10 BRUSHLESS P/ BARREIRA INOVE CERTO DC 1,2S - ATÉ 4,0M CINZA;603515;ACESSORIOS PARA AUTOMATIZADOR BRUSHLESS DC MOTOR - PAINEL CONTROLADOR;1,0;10,0;10,0;10,0;10,0;10,0;10,0;20,0;20,0;20,0
1015025;CANCELA i10 BRUSHLESS P/ BARREIRA INOVE CERTO DC 1,2S - ATÉ 4,0M CINZA;401109;PF A/A PAN PHS 3,9 X 13MM ZI;10,0;100,0;100,0;100,0;100,0;100,0;100,0;200,0;200,0;200,0
1015025;CANCELA i10 BRUSHLESS P/ BARREIRA INOVE CERTO DC 1,2S - ATÉ 4,0M CINZA;916126;AUTOMATIZADOR PARA CANCELA - BRUSHLESS DC MOTOR - MODELO: 18B-1.2S;1,0;10,0;10,0;10,0;10,0;10,0;10,0;20,0;20,0;20,0
1015025;CANCELA i10 BRUSHLESS P/ BARREIRA INOVE CERTO DC 1,2S - ATÉ 4,0M CINZA;401182;PARAFUSO AÇO MET CIL SX INT M10X40MM OX;6,0;60,0;60,0;60,0;60,0;60,0;60,0;120,0;120,0;120,0
1015025;CANCELA i10 BRUSHLESS P/ BARREIRA INOVE CERTO DC 1,2S - ATÉ 4,0M CINZA;813440;BRAÇO ESTICADOR DA MOLA DA CANCELA;1,0;10,0;10,0;10,0;10,0;10,0;10,0;20,0;20,0;20,0
1015025;CANCELA i10 BRUSHLESS P/ BARREIRA INOVE CERTO DC 1,2S - ATÉ 4,0M CINZA;813511;PINO DESTRAVAMENTO LINHA BV/ PORTA CADEADO HZ/ ESTICAD. CANCELA;1,0;10,0;10,0;10,0;10,0;10,0;10,0;20,0;20,0;20,0
1015025;CANCELA i10 BRUSHLESS P/ BARREIRA INOVE CERTO DC 1,2S - ATÉ 4,0M CINZA;402017;CP DE FERRO ZINCADO 3/16 X 1. 1/4;2,0;20,0;20,0;20,0;20,0;20,0;20,0;40,0;40,0;40,0
1015025;CANCELA i10 BRUSHLESS P/ BARREIRA INOVE CERTO DC 1,2S - ATÉ 4,0M CINZA;811505;SACO PLASTICO TRANSPARENTE 14CM X 9CM;1,0;10,0;10,0;10,0;10,0;10,0;10,0;20,0;20,0;20,0
1015025;CANCELA i10 BRUSHLESS P/ BARREIRA INOVE CERTO DC 1,2S - ATÉ 4,0M CINZA;102560;CONECTOR ELÉTRICO DE TORÇÃO MODELO P-1;1,0;10,0;10,0;10,0;10,0;10,0;10,0;20,0;20,0;20,0
1015025;CANCELA i10 BRUSHLESS P/ BARREIRA INOVE CERTO DC 1,2S - ATÉ 4,0M CINZA;402042;CHUMBADOR PBJ PARABOLT MQ UNC 3/8X3 ZI;4,0;40,0;40,0;40,0;40,0;40,0;40,0;80,0;80,0;80,0
1015025;CANCELA i10 BRUSHLESS P/ BARREIRA INOVE CERTO DC 1,2S - ATÉ 4,0M CINZA;401218;ABRAC UV PRETA 400X4,8 - 100 PCS;3,0;30,0;30,0;30,0;30,0;30,0;30,0;60,0;60,0;60,0
1015025;CANCELA i10 BRUSHLESS P/ BARREIRA INOVE CERTO DC 1,2S - ATÉ 4,0M CINZA;802036;PARTE DE FECHADURAS - CILINDRO COM CHAVE PARA MOTOR - CYLINDER;1,0;10,0;10,0;10,0;10,0;10,0;10,0;20,0;20,0;20,0
1015025;CANCELA i10 BRUSHLESS P/ BARREIRA INOVE CERTO DC 1,2S - ATÉ 4,0M CINZA;811306;ETIQUETA ADES. COUCHE 100MM X 80MM X 01 CAR;2,0;20,0;20,0;20,0;20,0;20,0;20,0;40,0;40,0;40,0
1015025;CANCELA i10 BRUSHLESS P/ BARREIRA INOVE CERTO DC 1,2S - ATÉ 4,0M CINZA;811742;CAIXA MASTER 11 - CAIXA PARA CANCELA COM LOGO AGL;1,0;10,0;10,0;10,0;10,0;10,0;10,0;20,0;20,0;20,0
1015025;CANCELA i10 BRUSHLESS P/ BARREIRA INOVE CERTO DC 1,2S - ATÉ 4,0M CINZA;804461;TAMPA CANCELA;1,0;10,0;10,0;10,0;10,0;10,0;10,0;20,0;20,0;20,0
1015025;CANCELA i10 BRUSHLESS P/ BARREIRA INOVE CERTO DC 1,2S - ATÉ 4,0M CINZA;811043;MANUAL CANCELA BILINGUE SEM LOGO;1,0;10,0;10,0;10,0;10,0;10,0;10,0;20,0;20,0;20,0
1015025;CANCELA i10 BRUSHLESS P/ BARREIRA INOVE CERTO DC 1,2S - ATÉ 4,0M CINZA;811276;ETIQUETA ADES. COUCHE 40MM X 25MM X 02 CAR;1,0;10,0;10,0;10,0;10,0;10,0;10,0;20,0;20,0;20,0
1015025;CANCELA i10 BRUSHLESS P/ BARREIRA INOVE CERTO DC 1,2S - ATÉ 4,0M CINZA;102815;FONTE DE ALIMENTAÇÃO 12V - 5A POWER SUPPLIER;1,0;10,0;10,0;10,0;10,0;10,0;10,0;20,0;20,0;20,0
1015025;CANCELA i10 BRUSHLESS P/ BARREIRA INOVE CERTO DC 1,2S - ATÉ 4,0M CINZA;801242;SUPORTE DAS FONTES CANCELA AGUSTA - CINZA;1,0;10,0;10,0;10,0;10,0;10,0;10,0;20,0;20,0;20,0
1015025;CANCELA i10 BRUSHLESS P/ BARREIRA INOVE CERTO DC 1,2S - ATÉ 4,0M CINZA;401077;PORCA F MET SEXTAVADA M10 (CH17) ZI;1,0;10,0;10,0;10,0;10,0;10,0;10,0;20,0;20,0;20,0
1015025;CANCELA i10 BRUSHLESS P/ BARREIRA INOVE CERTO DC 1,2S - ATÉ 4,0M CINZA;401190;PARAFUSO MET SX RI M10 X 100MM ZI;1,0;10,0;10,0;10,0;10,0;10,0;10,0;20,0;20,0;20,0
1015025;CANCELA i10 BRUSHLESS P/ BARREIRA INOVE CERTO DC 1,2S - ATÉ 4,0M CINZA;401172;P ACO MET S/CAB SX INT PTA CONCOVA M8X20MM OX;1,0;10,0;10,0;10,0;10,0;10,0;10,0;20,0;20,0;20,0
1015025;CANCELA i10 BRUSHLESS P/ BARREIRA INOVE CERTO DC 1,2S - ATÉ 4,0M CINZA;813512;MANCAL DE JUNÇÃO DO SUPORTE DA BARREIRA (MACHO);1,0;10,0;10,0;10,0;10,0;10,0;10,0;20,0;20,0;20,0
1015025;CANCELA i10 BRUSHLESS P/ BARREIRA INOVE CERTO DC 1,2S - ATÉ 4,0M CINZA;804458;TRAVA DE APOIO DA BARREIRA CANCELA AGUSTA;2,0;20,0;20,0;20,0;20,0;20,0;20,0;40,0;40,0;40,0
1015025;CANCELA i10 BRUSHLESS P/ BARREIRA INOVE CERTO DC 1,2S - ATÉ 4,0M CINZA;801243;PORTA DO GABINETE CANCELA - CINZA;1,0;10,0;10,0;10,0;10,0;10,0;10,0;20,0;20,0;20,0
1015025;CANCELA i10 BRUSHLESS P/ BARREIRA INOVE CERTO DC 1,2S - ATÉ 4,0M CINZA;201125;GRAMPO 35/18 UNIDADE;20,0;200,0;200,0;200,0;200,0;200,0;200,0;400,0;400,0;400,0
1015025;CANCELA i10 BRUSHLESS P/ BARREIRA INOVE CERTO DC 1,2S - ATÉ 4,0M CINZA;811541;SACO PLASTICO TRANSPARENTE 30CM X 15CM;1,0;10,0;10,0;10,0;10,0;10,0;10,0;20,0;20,0;20,0
1015025;CANCELA i10 BRUSHLESS P/ BARREIRA INOVE CERTO DC 1,2S - ATÉ 4,0M CINZA;401207;PF A/A JMC DRILL FL PHS C/ SERRILHA PTA BROCA 4,2X13MM ZI;2,0;20,0;20,0;20,0;20,0;20,0;20,0;40,0;40,0;40,0
1015025;CANCELA i10 BRUSHLESS P/ BARREIRA INOVE CERTO DC 1,2S - ATÉ 4,0M CINZA;401199;PORCA PARLOCK MA 6MM ZB;16,0;160,0;160,0;160,0;160,0;160,0;160,0;320,0;320,0;320,0
1015025;CANCELA i10 BRUSHLESS P/ BARREIRA INOVE CERTO DC 1,2S - ATÉ 4,0M CINZA;813513;MANCAL DE JUNÇÃO DO SUPORTE DA BARREIRA (FÊMEA);1,0;10,0;10,0;10,0;10,0;10,0;10,0;20,0;20,0;20,0
1015025;CANCELA i10 BRUSHLESS P/ BARREIRA INOVE CERTO DC 1,2S - ATÉ 4,0M CINZA;801265;CHAPA EM U DO SUPORTE DA BARREIRA (MODELO FIX. MACHO E FÊMEA) - CINZA;1,0;10,0;10,0;10,0;10,0;10,0;10,0;20,0;20,0;20,0
1015025;CANCELA i10 BRUSHLESS P/ BARREIRA INOVE CERTO DC 1,2S - ATÉ 4,0M CINZA;401051;PARAFUSO PA ALLEN M6 x 20;4,0;40,0;40,0;40,0;40,0;40,0;40,0;80,0;80,0;80,0
1015025;CANCELA i10 BRUSHLESS P/ BARREIRA INOVE CERTO DC 1,2S - ATÉ 4,0M CINZA;401254;PARAFUSO PA ALLEN  M6 x 12;8,0;80,0;80,0;80,0;80,0;80,0;80,0;160,0;160,0;160,0
1015025;CANCELA i10 BRUSHLESS P/ BARREIRA INOVE CERTO DC 1,2S - ATÉ 4,0M CINZA;401141;PARAFUSO AÇO MET CIL SX INT M6X30MM OX;4,0;40,0;40,0;40,0;40,0;40,0;40,0;80,0;80,0;80,0
1015025;CANCELA i10 BRUSHLESS P/ BARREIRA INOVE CERTO DC 1,2S - ATÉ 4,0M CINZA;801249;BASE SUPERIOR DE FIXAÇÃO DA CENTRAL NO GABINETE - CINZA;1,0;10,0;10,0;10,0;10,0;10,0;10,0;20,0;20,0;20,0
1015025;CANCELA i10 BRUSHLESS P/ BARREIRA INOVE CERTO DC 1,2S - ATÉ 4,0M CINZA;801272;SUPORTE DAS BATERIAS CANCELA AGUSTA - CINZA;1,0;10,0;10,0;10,0;10,0;10,0;10,0;20,0;20,0;20,0
1015025;CANCELA i10 BRUSHLESS P/ BARREIRA INOVE CERTO DC 1,2S - ATÉ 4,0M CINZA;401173;REBITE C/ROSCA SEXT. M5 CAB. PLANA ZB;10,0;100,0;100,0;100,0;100,0;100,0;100,0;200,0;200,0;200,0
1015025;CANCELA i10 BRUSHLESS P/ BARREIRA INOVE CERTO DC 1,2S - ATÉ 4,0M CINZA;401208;PA MQ PN HXL T25 TMA 5X12 RI ZB;10,0;100,0;100,0;100,0;100,0;100,0;100,0;200,0;200,0;200,0
1015025;CANCELA i10 BRUSHLESS P/ BARREIRA INOVE CERTO DC 1,2S - ATÉ 4,0M CINZA;105070;FITA GOMADA APK 80 C/REFORCO IMP;0,039;0,39;0,39;0,39;0,39;0,39;0,39;0,78;0,78;0,78
1015025;CANCELA i10 BRUSHLESS P/ BARREIRA INOVE CERTO DC 1,2S - ATÉ 4,0M CINZA;100802;TRANSMISSOR 433MHZ REMOTE - MODELO: AGL-E2  (DIGITAL KEY 6P20 BLACK);2,0;20,0;20,0;20,0;20,0;20,0;20,0;40,0;40,0;40,0
1015527;BARREIRA CANCELA AGUSTA BRUSHLESS SEM LOGO DC COM LED - 3,0m;813614;PERFIL AL 3,0M STL 1851 CANCELAS;1,0;0,0;0,0;0,0;40,0;40,0;40,0;54,0;60,0;60,0
1015527;BARREIRA CANCELA AGUSTA BRUSHLESS SEM LOGO DC COM LED - 3,0m;916325;CANALETA FLEXÍVEL PARA LED DA BARREIRA;3,0;0,0;0,0;0,0;120,0;120,0;120,0;162,0;180,0;180,0
1015527;BARREIRA CANCELA AGUSTA BRUSHLESS SEM LOGO DC COM LED - 3,0m;916117;FITA LED 5050 RGB 60 LED S/M IP65 12 V 5M;1,2;0,0;0,0;0,0;48,0;48,0;48,0;64,8;72,0;72,0
1015527;BARREIRA CANCELA AGUSTA BRUSHLESS SEM LOGO DC COM LED - 3,0m;804118;BORRACHA PASSANTE;1,0;0,0;0,0;0,0;40,0;40,0;40,0;54,0;60,0;60,0
1015527;BARREIRA CANCELA AGUSTA BRUSHLESS SEM LOGO DC COM LED - 3,0m;103132;CABO CONECTOR TERMINAL WHITE WIRE BLK-PH-3P L1000 BOX (BLK-PH-3P L1000);1,0;0,0;0,0;0,0;40,0;40,0;40,0;54,0;60,0;60,0
1015527;BARREIRA CANCELA AGUSTA BRUSHLESS SEM LOGO DC COM LED - 3,0m;401109;PF A/A PAN PHS 3,9 X 13MM ZI;4,0;0,0;0,0;0,0;160,0;160,0;160,0;216,0;240,0;240,0
1015527;BARREIRA CANCELA AGUSTA BRUSHLESS SEM LOGO DC COM LED - 3,0m;804256;ACABAMENTO PERFIL BARREIRA S/ FURO;2,0;0,0;0,0;0,0;80,0;80,0;80,0;108,0;120,0;120,0
1015527;BARREIRA CANCELA AGUSTA BRUSHLESS SEM LOGO DC COM LED - 3,0m;811306;ETIQUETA ADES. COUCHE 100MM X 80MM X 01 CAR;1,0;0,0;0,0;0,0;40,0;40,0;40,0;54,0;60,0;60,0
1015527;BARREIRA CANCELA AGUSTA BRUSHLESS SEM LOGO DC COM LED - 3,0m;102574;BOBINA TUBULAR PEBD LEITOSA LISA P/ ACIONAMENTO DE MOTORES;0,24137142857142843;0,0;0,0;0,0;9,65;9,65;9,65;13,03;14,48;14,48
1015527;BARREIRA CANCELA AGUSTA BRUSHLESS SEM LOGO DC COM LED - 3,0m;811320;RL PELICULA ADESIVA REFLETIVA GRAU COMERCIAL VERMELHO (62CMX20M);0,099996;0,0;0,0;0,0;4,0;4,0;4,0;5,4;6,0;6,0
1015008;CANCELA AGUSTA BRUSHLESS P/ BARREIRA SEM LOGO DC 2,5S - 4,5M A 6M CINZA;801219;GABINETE DA CANCELA - CINZA;1,0;0,0;0,0;0,0;25,0;27,0;27,0;47,0;77,0;77,0
1015008;CANCELA AGUSTA BRUSHLESS P/ BARREIRA SEM LOGO DC 2,5S - 4,5M A 6M CINZA;813274;TAMPÃO P/ EIXO MOTOR DZ E GABINETE CANCELA;2,0;0,0;0,0;0,0;50,0;54,0;54,0;94,0;154,0;154,0
1015008;CANCELA AGUSTA BRUSHLESS P/ BARREIRA SEM LOGO DC 2,5S - 4,5M A 6M CINZA;804118;BORRACHA PASSANTE;2,0;0,0;0,0;0,0;50,0;54,0;54,0;94,0;154,0;154,0
1015008;CANCELA AGUSTA BRUSHLESS P/ BARREIRA SEM LOGO DC 2,5S - 4,5M A 6M CINZA;103795;FIO PARALELO 1,5MM N14BC MEGA 100M;3,51;0,0;0,0;0,0;87,75;94,77;94,77;164,97;270,27;270,27
1015008;CANCELA AGUSTA BRUSHLESS P/ BARREIRA SEM LOGO DC 2,5S - 4,5M A 6M CINZA;603517;ACESSORIOS PARA AUTOMATIZADOR BRUSHLESS DC MOTOR - RECEPTOR PARA CENTRAL BRUSHLESS;1,0;0,0;0,0;0,0;25,0;27,0;27,0;47,0;77,0;77,0
1015008;CANCELA AGUSTA BRUSHLESS P/ BARREIRA SEM LOGO DC 2,5S - 4,5M A 6M CINZA;603519;ACESSORIOS PARA AUTOMATIZADOR BRUSHLESS DC MOTOR - MOLA DE CONTRA-PESO PARA CANCELA 2.5;1,0;0,0;0,0;0,0;25,0;27,0;27,0;47,0;77,0;77,0
1015008;CANCELA AGUSTA BRUSHLESS P/ BARREIRA SEM LOGO DC 2,5S - 4,5M A 6M CINZA;603516;ACESSORIOS PARA AUTOMATIZADOR BRUSHLESS DC MOTOR - FONTE DE ALIMENTAÇAO 24V / 10A;1,0;0,0;0,0;0,0;25,0;27,0;27,0;47,0;77,0;77,0
1015008;CANCELA AGUSTA BRUSHLESS P/ BARREIRA SEM LOGO DC 2,5S - 4,5M A 6M CINZA;603515;ACESSORIOS PARA AUTOMATIZADOR BRUSHLESS DC MOTOR - PAINEL CONTROLADOR;1,0;0,0;0,0;0,0;25,0;27,0;27,0;47,0;77,0;77,0
1015008;CANCELA AGUSTA BRUSHLESS P/ BARREIRA SEM LOGO DC 2,5S - 4,5M A 6M CINZA;401109;PF A/A PAN PHS 3,9 X 13MM ZI;10,0;0,0;0,0;0,0;250,0;270,0;270,0;470,0;770,0;770,0
1015008;CANCELA AGUSTA BRUSHLESS P/ BARREIRA SEM LOGO DC 2,5S - 4,5M A 6M CINZA;916127;AUTOMATIZADOR PARA CANCELA - BRUSHLESS DC MOTOR - MODELO: 18B-2.5S;1,0;0,0;0,0;0,0;25,0;27,0;27,0;47,0;77,0;77,0
1015008;CANCELA AGUSTA BRUSHLESS P/ BARREIRA SEM LOGO DC 2,5S - 4,5M A 6M CINZA;401182;PARAFUSO AÇO MET CIL SX INT M10X40MM OX;6,0;0,0;0,0;0,0;150,0;162,0;162,0;282,0;462,0;462,0
1015008;CANCELA AGUSTA BRUSHLESS P/ BARREIRA SEM LOGO DC 2,5S - 4,5M A 6M CINZA;813440;BRAÇO ESTICADOR DA MOLA DA CANCELA;1,0;0,0;0,0;0,0;25,0;27,0;27,0;47,0;77,0;77,0
1015008;CANCELA AGUSTA BRUSHLESS P/ BARREIRA SEM LOGO DC 2,5S - 4,5M A 6M CINZA;813511;PINO DESTRAVAMENTO LINHA BV/ PORTA CADEADO HZ/ ESTICAD. CANCELA;1,0;0,0;0,0;0,0;25,0;27,0;27,0;47,0;77,0;77,0
1015008;CANCELA AGUSTA BRUSHLESS P/ BARREIRA SEM LOGO DC 2,5S - 4,5M A 6M CINZA;402017;CP DE FERRO ZINCADO 3/16 X 1. 1/4;2,0;0,0;0,0;0,0;50,0;54,0;54,0;94,0;154,0;154,0
1015008;CANCELA AGUSTA BRUSHLESS P/ BARREIRA SEM LOGO DC 2,5S - 4,5M A 6M CINZA;811505;SACO PLASTICO TRANSPARENTE 14CM X 9CM;1,0;0,0;0,0;0,0;25,0;27,0;27,0;47,0;77,0;77,0
1015008;CANCELA AGUSTA BRUSHLESS P/ BARREIRA SEM LOGO DC 2,5S - 4,5M A 6M CINZA;102560;CONECTOR ELÉTRICO DE TORÇÃO MODELO P-1;1,0;0,0;0,0;0,0;25,0;27,0;27,0;47,0;77,0;77,0
1015008;CANCELA AGUSTA BRUSHLESS P/ BARREIRA SEM LOGO DC 2,5S - 4,5M A 6M CINZA;402042;CHUMBADOR PBJ PARABOLT MQ UNC 3/8X3 ZI;4,0;0,0;0,0;0,0;100,0;108,0;108,0;188,0;308,0;308,0
1015008;CANCELA AGUSTA BRUSHLESS P/ BARREIRA SEM LOGO DC 2,5S - 4,5M A 6M CINZA;401218;ABRAC UV PRETA 400X4,8 - 100 PCS;3,0;0,0;0,0;0,0;75,0;81,0;81,0;141,0;231,0;231,0
1015008;CANCELA AGUSTA BRUSHLESS P/ BARREIRA SEM LOGO DC 2,5S - 4,5M A 6M CINZA;802036;PARTE DE FECHADURAS - CILINDRO COM CHAVE PARA MOTOR - CYLINDER;1,0;0,0;0,0;0,0;25,0;27,0;27,0;47,0;77,0;77,0
1015008;CANCELA AGUSTA BRUSHLESS P/ BARREIRA SEM LOGO DC 2,5S - 4,5M A 6M CINZA;811306;ETIQUETA ADES. COUCHE 100MM X 80MM X 01 CAR;2,0;0,0;0,0;0,0;50,0;54,0;54,0;94,0;154,0;154,0
1015008;CANCELA AGUSTA BRUSHLESS P/ BARREIRA SEM LOGO DC 2,5S - 4,5M A 6M CINZA;811753;CAIXA MASTER 11 - CAIXA PARA CANCELA SEM LOGO;1,0;0,0;0,0;0,0;25,0;27,0;27,0;47,0;77,0;77,0
1015008;CANCELA AGUSTA BRUSHLESS P/ BARREIRA SEM LOGO DC 2,5S - 4,5M A 6M CINZA;804461;TAMPA CANCELA;1,0;0,0;0,0;0,0;25,0;27,0;27,0;47,0;77,0;77,0
1015008;CANCELA AGUSTA BRUSHLESS P/ BARREIRA SEM LOGO DC 2,5S - 4,5M A 6M CINZA;811043;MANUAL CANCELA BILINGUE SEM LOGO;1,0;0,0;0,0;0,0;25,0;27,0;27,0;47,0;77,0;77,0
1015008;CANCELA AGUSTA BRUSHLESS P/ BARREIRA SEM LOGO DC 2,5S - 4,5M A 6M CINZA;811276;ETIQUETA ADES. COUCHE 40MM X 25MM X 02 CAR;1,0;0,0;0,0;0,0;25,0;27,0;27,0;47,0;77,0;77,0
1015008;CANCELA AGUSTA BRUSHLESS P/ BARREIRA SEM LOGO DC 2,5S - 4,5M A 6M CINZA;102815;FONTE DE ALIMENTAÇÃO 12V - 5A POWER SUPPLIER;1,0;0,0;0,0;0,0;25,0;27,0;27,0;47,0;77,0;77,0
1015008;CANCELA AGUSTA BRUSHLESS P/ BARREIRA SEM LOGO DC 2,5S - 4,5M A 6M CINZA;801242;SUPORTE DAS FONTES CANCELA AGUSTA - CINZA;1,0;0,0;0,0;0,0;25,0;27,0;27,0;47,0;77,0;77,0
1015008;CANCELA AGUSTA BRUSHLESS P/ BARREIRA SEM LOGO DC 2,5S - 4,5M A 6M CINZA;401077;PORCA F MET SEXTAVADA M10 (CH17) ZI;1,0;0,0;0,0;0,0;25,0;27,0;27,0;47,0;77,0;77,0
1015008;CANCELA AGUSTA BRUSHLESS P/ BARREIRA SEM LOGO DC 2,5S - 4,5M A 6M CINZA;401190;PARAFUSO MET SX RI M10 X 100MM ZI;1,0;0,0;0,0;0,0;25,0;27,0;27,0;47,0;77,0;77,0
1015008;CANCELA AGUSTA BRUSHLESS P/ BARREIRA SEM LOGO DC 2,5S - 4,5M A 6M CINZA;401172;P ACO MET S/CAB SX INT PTA CONCOVA M8X20MM OX;1,0;0,0;0,0;0,0;25,0;27,0;27,0;47,0;77,0;77,0
1015008;CANCELA AGUSTA BRUSHLESS P/ BARREIRA SEM LOGO DC 2,5S - 4,5M A 6M CINZA;813512;MANCAL DE JUNÇÃO DO SUPORTE DA BARREIRA (MACHO);1,0;0,0;0,0;0,0;25,0;27,0;27,0;47,0;77,0;77,0
1015008;CANCELA AGUSTA BRUSHLESS P/ BARREIRA SEM LOGO DC 2,5S - 4,5M A 6M CINZA;804458;TRAVA DE APOIO DA BARREIRA CANCELA AGUSTA;2,0;0,0;0,0;0,0;50,0;54,0;54,0;94,0;154,0;154,0
1015008;CANCELA AGUSTA BRUSHLESS P/ BARREIRA SEM LOGO DC 2,5S - 4,5M A 6M CINZA;801243;PORTA DO GABINETE CANCELA - CINZA;1,0;0,0;0,0;0,0;25,0;27,0;27,0;47,0;77,0;77,0
1015008;CANCELA AGUSTA BRUSHLESS P/ BARREIRA SEM LOGO DC 2,5S - 4,5M A 6M CINZA;201125;GRAMPO 35/18 UNIDADE;20,0;0,0;0,0;0,0;500,0;540,0;540,0;940,0;1540,0;1540,0
1015008;CANCELA AGUSTA BRUSHLESS P/ BARREIRA SEM LOGO DC 2,5S - 4,5M A 6M CINZA;811541;SACO PLASTICO TRANSPARENTE 30CM X 15CM;1,0;0,0;0,0;0,0;25,0;27,0;27,0;47,0;77,0;77,0
1015008;CANCELA AGUSTA BRUSHLESS P/ BARREIRA SEM LOGO DC 2,5S - 4,5M A 6M CINZA;401207;PF A/A JMC DRILL FL PHS C/ SERRILHA PTA BROCA 4,2X13MM ZI;2,0;0,0;0,0;0,0;50,0;54,0;54,0;94,0;154,0;154,0
1015008;CANCELA AGUSTA BRUSHLESS P/ BARREIRA SEM LOGO DC 2,5S - 4,5M A 6M CINZA;401199;PORCA PARLOCK MA 6MM ZB;16,0;0,0;0,0;0,0;400,0;432,0;432,0;752,0;1232,0;1232,0
1015008;CANCELA AGUSTA BRUSHLESS P/ BARREIRA SEM LOGO DC 2,5S - 4,5M A 6M CINZA;813513;MANCAL DE JUNÇÃO DO SUPORTE DA BARREIRA (FÊMEA);1,0;0,0;0,0;0,0;25,0;27,0;27,0;47,0;77,0;77,0
1015008;CANCELA AGUSTA BRUSHLESS P/ BARREIRA SEM LOGO DC 2,5S - 4,5M A 6M CINZA;801265;CHAPA EM U DO SUPORTE DA BARREIRA (MODELO FIX. MACHO E FÊMEA) - CINZA;1,0;0,0;0,0;0,0;25,0;27,0;27,0;47,0;77,0;77,0
1015008;CANCELA AGUSTA BRUSHLESS P/ BARREIRA SEM LOGO DC 2,5S - 4,5M A 6M CINZA;401051;PARAFUSO PA ALLEN M6 x 20;4,0;0,0;0,0;0,0;100,0;108,0;108,0;188,0;308,0;308,0
1015008;CANCELA AGUSTA BRUSHLESS P/ BARREIRA SEM LOGO DC 2,5S - 4,5M A 6M CINZA;401254;PARAFUSO PA ALLEN  M6 x 12;8,0;0,0;0,0;0,0;200,0;216,0;216,0;376,0;616,0;616,0
1015008;CANCELA AGUSTA BRUSHLESS P/ BARREIRA SEM LOGO DC 2,5S - 4,5M A 6M CINZA;401141;PARAFUSO AÇO MET CIL SX INT M6X30MM OX;4,0;0,0;0,0;0,0;100,0;108,0;108,0;188,0;308,0;308,0
1015008;CANCELA AGUSTA BRUSHLESS P/ BARREIRA SEM LOGO DC 2,5S - 4,5M A 6M CINZA;801249;BASE SUPERIOR DE FIXAÇÃO DA CENTRAL NO GABINETE - CINZA;1,0;0,0;0,0;0,0;25,0;27,0;27,0;47,0;77,0;77,0
1015008;CANCELA AGUSTA BRUSHLESS P/ BARREIRA SEM LOGO DC 2,5S - 4,5M A 6M CINZA;801272;SUPORTE DAS BATERIAS CANCELA AGUSTA - CINZA;1,0;0,0;0,0;0,0;25,0;27,0;27,0;47,0;77,0;77,0
1015008;CANCELA AGUSTA BRUSHLESS P/ BARREIRA SEM LOGO DC 2,5S - 4,5M A 6M CINZA;401173;REBITE C/ROSCA SEXT. M5 CAB. PLANA ZB;10,0;0,0;0,0;0,0;250,0;270,0;270,0;470,0;770,0;770,0
1015008;CANCELA AGUSTA BRUSHLESS P/ BARREIRA SEM LOGO DC 2,5S - 4,5M A 6M CINZA;401208;PA MQ PN HXL T25 TMA 5X12 RI ZB;10,0;0,0;0,0;0,0;250,0;270,0;270,0;470,0;770,0;770,0
1015008;CANCELA AGUSTA BRUSHLESS P/ BARREIRA SEM LOGO DC 2,5S - 4,5M A 6M CINZA;105071;FITA GOMADA 80 MM COM REFORÇO;0,039;0,0;0,0;0,0;0,98;1,05;1,05;1,83;3,0;3,0
1015008;CANCELA AGUSTA BRUSHLESS P/ BARREIRA SEM LOGO DC 2,5S - 4,5M A 6M CINZA;100802;TRANSMISSOR 433MHZ REMOTE - MODELO: AGL-E2  (DIGITAL KEY 6P20 BLACK);2,0;0,0;0,0;0,0;50,0;54,0;54,0;94,0;154,0;154,0
1015513;BARREIRA CANCELA AGUSTA BRUSHLESS AGL DC COM LED - 6,0m;916325;CANALETA FLEXÍVEL PARA LED DA BARREIRA;6,0;0,0;0,0;0,0;36,0;36,0;36,0;36,0;36,0;36,0
1015513;BARREIRA CANCELA AGUSTA BRUSHLESS AGL DC COM LED - 6,0m;916117;FITA LED 5050 RGB 60 LED S/M IP65 12 V 5M;2,4;0,0;0,0;0,0;14,4;14,4;14,4;14,4;14,4;14,4
1015513;BARREIRA CANCELA AGUSTA BRUSHLESS AGL DC COM LED - 6,0m;804118;BORRACHA PASSANTE;1,0;0,0;0,0;0,0;6,0;6,0;6,0;6,0;6,0;6,0
1015513;BARREIRA CANCELA AGUSTA BRUSHLESS AGL DC COM LED - 6,0m;103132;CABO CONECTOR TERMINAL WHITE WIRE BLK-PH-3P L1000 BOX (BLK-PH-3P L1000);1,0;0,0;0,0;0,0;6,0;6,0;6,0;6,0;6,0;6,0
1015513;BARREIRA CANCELA AGUSTA BRUSHLESS AGL DC COM LED - 6,0m;401109;PF A/A PAN PHS 3,9 X 13MM ZI;4,0;0,0;0,0;0,0;24,0;24,0;24,0;24,0;24,0;24,0
1015513;BARREIRA CANCELA AGUSTA BRUSHLESS AGL DC COM LED - 6,0m;804256;ACABAMENTO PERFIL BARREIRA S/ FURO;2,0;0,0;0,0;0,0;12,0;12,0;12,0;12,0;12,0;12,0
1015513;BARREIRA CANCELA AGUSTA BRUSHLESS AGL DC COM LED - 6,0m;811306;ETIQUETA ADES. COUCHE 100MM X 80MM X 01 CAR;1,0;0,0;0,0;0,0;6,0;6,0;6,0;6,0;6,0;6,0
1015513;BARREIRA CANCELA AGUSTA BRUSHLESS AGL DC COM LED - 6,0m;102573;BOBINA TUBULAR PEBD LEITOSA IMPRESA P/ ACIONAMENTO DE MOTORES;0,46079999999999977;0,0;0,0;0,0;2,76;2,76;2,76;2,76;2,76;2,76
1015513;BARREIRA CANCELA AGUSTA BRUSHLESS AGL DC COM LED - 6,0m;813572;PERFIL AL 6,0M STL 1851 CANCELAS;1,0;0,0;0,0;0,0;6,0;6,0;6,0;6,0;6,0;6,0
1015513;BARREIRA CANCELA AGUSTA BRUSHLESS AGL DC COM LED - 6,0m;811320;RL PELICULA ADESIVA REFLETIVA GRAU COMERCIAL VERMELHO (62CMX20M);0,199992;0,0;0,0;0,0;1,2;1,2;1,2;1,2;1,2;1,2
1015002;CANCELA AGUSTA BRUSHLESS P/ BARREIRA AGL DC 2,5S - 4,5M a 6M CINZA;801219;GABINETE DA CANCELA - CINZA;1,0;0,0;0,0;0,0;4,0;16,0;16,0;16,0;16,0;16,0
1015002;CANCELA AGUSTA BRUSHLESS P/ BARREIRA AGL DC 2,5S - 4,5M a 6M CINZA;813274;TAMPÃO P/ EIXO MOTOR DZ E GABINETE CANCELA;2,0;0,0;0,0;0,0;8,0;32,0;32,0;32,0;32,0;32,0
1015002;CANCELA AGUSTA BRUSHLESS P/ BARREIRA AGL DC 2,5S - 4,5M a 6M CINZA;804118;BORRACHA PASSANTE;2,0;0,0;0,0;0,0;8,0;32,0;32,0;32,0;32,0;32,0
1015002;CANCELA AGUSTA BRUSHLESS P/ BARREIRA AGL DC 2,5S - 4,5M a 6M CINZA;103795;FIO PARALELO 1,5MM N14BC MEGA 100M;3,51;0,0;0,0;0,0;14,04;56,16;56,16;56,16;56,16;56,16
1015002;CANCELA AGUSTA BRUSHLESS P/ BARREIRA AGL DC 2,5S - 4,5M a 6M CINZA;603517;ACESSORIOS PARA AUTOMATIZADOR BRUSHLESS DC MOTOR - RECEPTOR PARA CENTRAL BRUSHLESS;1,0;0,0;0,0;0,0;4,0;16,0;16,0;16,0;16,0;16,0
1015002;CANCELA AGUSTA BRUSHLESS P/ BARREIRA AGL DC 2,5S - 4,5M a 6M CINZA;603519;ACESSORIOS PARA AUTOMATIZADOR BRUSHLESS DC MOTOR - MOLA DE CONTRA-PESO PARA CANCELA 2.5;1,0;0,0;0,0;0,0;4,0;16,0;16,0;16,0;16,0;16,0
1015002;CANCELA AGUSTA BRUSHLESS P/ BARREIRA AGL DC 2,5S - 4,5M a 6M CINZA;603516;ACESSORIOS PARA AUTOMATIZADOR BRUSHLESS DC MOTOR - FONTE DE ALIMENTAÇAO 24V / 10A;1,0;0,0;0,0;0,0;4,0;16,0;16,0;16,0;16,0;16,0
1015002;CANCELA AGUSTA BRUSHLESS P/ BARREIRA AGL DC 2,5S - 4,5M a 6M CINZA;603515;ACESSORIOS PARA AUTOMATIZADOR BRUSHLESS DC MOTOR - PAINEL CONTROLADOR;1,0;0,0;0,0;0,0;4,0;16,0;16,0;16,0;16,0;16,0
1015002;CANCELA AGUSTA BRUSHLESS P/ BARREIRA AGL DC 2,5S - 4,5M a 6M CINZA;401109;PF A/A PAN PHS 3,9 X 13MM ZI;10,0;0,0;0,0;0,0;40,0;160,0;160,0;160,0;160,0;160,0
1015002;CANCELA AGUSTA BRUSHLESS P/ BARREIRA AGL DC 2,5S - 4,5M a 6M CINZA;916127;AUTOMATIZADOR PARA CANCELA - BRUSHLESS DC MOTOR - MODELO: 18B-2.5S;1,0;0,0;0,0;0,0;4,0;16,0;16,0;16,0;16,0;16,0
1015002;CANCELA AGUSTA BRUSHLESS P/ BARREIRA AGL DC 2,5S - 4,5M a 6M CINZA;401182;PARAFUSO AÇO MET CIL SX INT M10X40MM OX;6,0;0,0;0,0;0,0;24,0;96,0;96,0;96,0;96,0;96,0
1015002;CANCELA AGUSTA BRUSHLESS P/ BARREIRA AGL DC 2,5S - 4,5M a 6M CINZA;813440;BRAÇO ESTICADOR DA MOLA DA CANCELA;1,0;0,0;0,0;0,0;4,0;16,0;16,0;16,0;16,0;16,0
1015002;CANCELA AGUSTA BRUSHLESS P/ BARREIRA AGL DC 2,5S - 4,5M a 6M CINZA;813511;PINO DESTRAVAMENTO LINHA BV/ PORTA CADEADO HZ/ ESTICAD. CANCELA;1,0;0,0;0,0;0,0;4,0;16,0;16,0;16,0;16,0;16,0
1015002;CANCELA AGUSTA BRUSHLESS P/ BARREIRA AGL DC 2,5S - 4,5M a 6M CINZA;402017;CP DE FERRO ZINCADO 3/16 X 1. 1/4;2,0;0,0;0,0;0,0;8,0;32,0;32,0;32,0;32,0;32,0
1015002;CANCELA AGUSTA BRUSHLESS P/ BARREIRA AGL DC 2,5S - 4,5M a 6M CINZA;811505;SACO PLASTICO TRANSPARENTE 14CM X 9CM;1,0;0,0;0,0;0,0;4,0;16,0;16,0;16,0;16,0;16,0
1015002;CANCELA AGUSTA BRUSHLESS P/ BARREIRA AGL DC 2,5S - 4,5M a 6M CINZA;102560;CONECTOR ELÉTRICO DE TORÇÃO MODELO P-1;1,0;0,0;0,0;0,0;4,0;16,0;16,0;16,0;16,0;16,0
1015002;CANCELA AGUSTA BRUSHLESS P/ BARREIRA AGL DC 2,5S - 4,5M a 6M CINZA;402042;CHUMBADOR PBJ PARABOLT MQ UNC 3/8X3 ZI;4,0;0,0;0,0;0,0;16,0;64,0;64,0;64,0;64,0;64,0
1015002;CANCELA AGUSTA BRUSHLESS P/ BARREIRA AGL DC 2,5S - 4,5M a 6M CINZA;401218;ABRAC UV PRETA 400X4,8 - 100 PCS;3,0;0,0;0,0;0,0;12,0;48,0;48,0;48,0;48,0;48,0
1015002;CANCELA AGUSTA BRUSHLESS P/ BARREIRA AGL DC 2,5S - 4,5M a 6M CINZA;802036;PARTE DE FECHADURAS - CILINDRO COM CHAVE PARA MOTOR - CYLINDER;1,0;0,0;0,0;0,0;4,0;16,0;16,0;16,0;16,0;16,0
1015002;CANCELA AGUSTA BRUSHLESS P/ BARREIRA AGL DC 2,5S - 4,5M a 6M CINZA;811306;ETIQUETA ADES. COUCHE 100MM X 80MM X 01 CAR;2,0;0,0;0,0;0,0;8,0;32,0;32,0;32,0;32,0;32,0
1015002;CANCELA AGUSTA BRUSHLESS P/ BARREIRA AGL DC 2,5S - 4,5M a 6M CINZA;811742;CAIXA MASTER 11 - CAIXA PARA CANCELA COM LOGO AGL;1,0;0,0;0,0;0,0;4,0;16,0;16,0;16,0;16,0;16,0
1015002;CANCELA AGUSTA BRUSHLESS P/ BARREIRA AGL DC 2,5S - 4,5M a 6M CINZA;804461;TAMPA CANCELA;1,0;0,0;0,0;0,0;4,0;16,0;16,0;16,0;16,0;16,0
1015002;CANCELA AGUSTA BRUSHLESS P/ BARREIRA AGL DC 2,5S - 4,5M a 6M CINZA;811043;MANUAL CANCELA BILINGUE SEM LOGO;1,0;0,0;0,0;0,0;4,0;16,0;16,0;16,0;16,0;16,0
1015002;CANCELA AGUSTA BRUSHLESS P/ BARREIRA AGL DC 2,5S - 4,5M a 6M CINZA;811276;ETIQUETA ADES. COUCHE 40MM X 25MM X 02 CAR;1,0;0,0;0,0;0,0;4,0;16,0;16,0;16,0;16,0;16,0
1015002;CANCELA AGUSTA BRUSHLESS P/ BARREIRA AGL DC 2,5S - 4,5M a 6M CINZA;102815;FONTE DE ALIMENTAÇÃO 12V - 5A POWER SUPPLIER;1,0;0,0;0,0;0,0;4,0;16,0;16,0;16,0;16,0;16,0
1015002;CANCELA AGUSTA BRUSHLESS P/ BARREIRA AGL DC 2,5S - 4,5M a 6M CINZA;801242;SUPORTE DAS FONTES CANCELA AGUSTA - CINZA;1,0;0,0;0,0;0,0;4,0;16,0;16,0;16,0;16,0;16,0
1015002;CANCELA AGUSTA BRUSHLESS P/ BARREIRA AGL DC 2,5S - 4,5M a 6M CINZA;401077;PORCA F MET SEXTAVADA M10 (CH17) ZI;1,0;0,0;0,0;0,0;4,0;16,0;16,0;16,0;16,0;16,0
1015002;CANCELA AGUSTA BRUSHLESS P/ BARREIRA AGL DC 2,5S - 4,5M a 6M CINZA;401190;PARAFUSO MET SX RI M10 X 100MM ZI;1,0;0,0;0,0;0,0;4,0;16,0;16,0;16,0;16,0;16,0
1015002;CANCELA AGUSTA BRUSHLESS P/ BARREIRA AGL DC 2,5S - 4,5M a 6M CINZA;401172;P ACO MET S/CAB SX INT PTA CONCOVA M8X20MM OX;1,0;0,0;0,0;0,0;4,0;16,0;16,0;16,0;16,0;16,0
1015002;CANCELA AGUSTA BRUSHLESS P/ BARREIRA AGL DC 2,5S - 4,5M a 6M CINZA;813512;MANCAL DE JUNÇÃO DO SUPORTE DA BARREIRA (MACHO);1,0;0,0;0,0;0,0;4,0;16,0;16,0;16,0;16,0;16,0
1015002;CANCELA AGUSTA BRUSHLESS P/ BARREIRA AGL DC 2,5S - 4,5M a 6M CINZA;804458;TRAVA DE APOIO DA BARREIRA CANCELA AGUSTA;2,0;0,0;0,0;0,0;8,0;32,0;32,0;32,0;32,0;32,0
1015002;CANCELA AGUSTA BRUSHLESS P/ BARREIRA AGL DC 2,5S - 4,5M a 6M CINZA;801243;PORTA DO GABINETE CANCELA - CINZA;1,0;0,0;0,0;0,0;4,0;16,0;16,0;16,0;16,0;16,0
1015002;CANCELA AGUSTA BRUSHLESS P/ BARREIRA AGL DC 2,5S - 4,5M a 6M CINZA;201125;GRAMPO 35/18 UNIDADE;20,0;0,0;0,0;0,0;80,0;320,0;320,0;320,0;320,0;320,0
1015002;CANCELA AGUSTA BRUSHLESS P/ BARREIRA AGL DC 2,5S - 4,5M a 6M CINZA;811541;SACO PLASTICO TRANSPARENTE 30CM X 15CM;1,0;0,0;0,0;0,0;4,0;16,0;16,0;16,0;16,0;16,0
1015002;CANCELA AGUSTA BRUSHLESS P/ BARREIRA AGL DC 2,5S - 4,5M a 6M CINZA;401207;PF A/A JMC DRILL FL PHS C/ SERRILHA PTA BROCA 4,2X13MM ZI;2,0;0,0;0,0;0,0;8,0;32,0;32,0;32,0;32,0;32,0
1015002;CANCELA AGUSTA BRUSHLESS P/ BARREIRA AGL DC 2,5S - 4,5M a 6M CINZA;401199;PORCA PARLOCK MA 6MM ZB;16,0;0,0;0,0;0,0;64,0;256,0;256,0;256,0;256,0;256,0
1015002;CANCELA AGUSTA BRUSHLESS P/ BARREIRA AGL DC 2,5S - 4,5M a 6M CINZA;813513;MANCAL DE JUNÇÃO DO SUPORTE DA BARREIRA (FÊMEA);1,0;0,0;0,0;0,0;4,0;16,0;16,0;16,0;16,0;16,0
1015002;CANCELA AGUSTA BRUSHLESS P/ BARREIRA AGL DC 2,5S - 4,5M a 6M CINZA;801265;CHAPA EM U DO SUPORTE DA BARREIRA (MODELO FIX. MACHO E FÊMEA) - CINZA;1,0;0,0;0,0;0,0;4,0;16,0;16,0;16,0;16,0;16,0
1015002;CANCELA AGUSTA BRUSHLESS P/ BARREIRA AGL DC 2,5S - 4,5M a 6M CINZA;401051;PARAFUSO PA ALLEN M6 x 20;4,0;0,0;0,0;0,0;16,0;64,0;64,0;64,0;64,0;64,0
1015002;CANCELA AGUSTA BRUSHLESS P/ BARREIRA AGL DC 2,5S - 4,5M a 6M CINZA;401254;PARAFUSO PA ALLEN  M6 x 12;8,0;0,0;0,0;0,0;32,0;128,0;128,0;128,0;128,0;128,0
1015002;CANCELA AGUSTA BRUSHLESS P/ BARREIRA AGL DC 2,5S - 4,5M a 6M CINZA;401141;PARAFUSO AÇO MET CIL SX INT M6X30MM OX;4,0;0,0;0,0;0,0;16,0;64,0;64,0;64,0;64,0;64,0
1015002;CANCELA AGUSTA BRUSHLESS P/ BARREIRA AGL DC 2,5S - 4,5M a 6M CINZA;801249;BASE SUPERIOR DE FIXAÇÃO DA CENTRAL NO GABINETE - CINZA;1,0;0,0;0,0;0,0;4,0;16,0;16,0;16,0;16,0;16,0
1015002;CANCELA AGUSTA BRUSHLESS P/ BARREIRA AGL DC 2,5S - 4,5M a 6M CINZA;801272;SUPORTE DAS BATERIAS CANCELA AGUSTA - CINZA;1,0;0,0;0,0;0,0;4,0;16,0;16,0;16,0;16,0;16,0
1015002;CANCELA AGUSTA BRUSHLESS P/ BARREIRA AGL DC 2,5S - 4,5M a 6M CINZA;401173;REBITE C/ROSCA SEXT. M5 CAB. PLANA ZB;10,0;0,0;0,0;0,0;40,0;160,0;160,0;160,0;160,0;160,0
1015002;CANCELA AGUSTA BRUSHLESS P/ BARREIRA AGL DC 2,5S - 4,5M a 6M CINZA;401208;PA MQ PN HXL T25 TMA 5X12 RI ZB;10,0;0,0;0,0;0,0;40,0;160,0;160,0;160,0;160,0;160,0
1015002;CANCELA AGUSTA BRUSHLESS P/ BARREIRA AGL DC 2,5S - 4,5M a 6M CINZA;105070;FITA GOMADA APK 80 C/REFORCO IMP;0,039;0,0;0,0;0,0;0,16;0,62;0,62;0,62;0,62;0,62
1015002;CANCELA AGUSTA BRUSHLESS P/ BARREIRA AGL DC 2,5S - 4,5M a 6M CINZA;100802;TRANSMISSOR 433MHZ REMOTE - MODELO: AGL-E2  (DIGITAL KEY 6P20 BLACK);2,0;0,0;0,0;0,0;8,0;32,0;32,0;32,0;32,0;32,0
1015504;BARREIRA CANCELA AGUSTA BRUSHLESS AGL DC COM LED - 4,0m;916325;CANALETA FLEXÍVEL PARA LED DA BARREIRA;4,0;0,0;0,0;0,0;16,0;56,0;56,0;96,0;96,0;96,0
1015504;BARREIRA CANCELA AGUSTA BRUSHLESS AGL DC COM LED - 4,0m;916117;FITA LED 5050 RGB 60 LED S/M IP65 12 V 5M;1,6;0,0;0,0;0,0;6,4;22,4;22,4;38,4;38,4;38,4
1015504;BARREIRA CANCELA AGUSTA BRUSHLESS AGL DC COM LED - 4,0m;804118;BORRACHA PASSANTE;1,0;0,0;0,0;0,0;4,0;14,0;14,0;24,0;24,0;24,0
1015504;BARREIRA CANCELA AGUSTA BRUSHLESS AGL DC COM LED - 4,0m;103132;CABO CONECTOR TERMINAL WHITE WIRE BLK-PH-3P L1000 BOX (BLK-PH-3P L1000);1,0;0,0;0,0;0,0;4,0;14,0;14,0;24,0;24,0;24,0
1015504;BARREIRA CANCELA AGUSTA BRUSHLESS AGL DC COM LED - 4,0m;401109;PF A/A PAN PHS 3,9 X 13MM ZI;4,0;0,0;0,0;0,0;16,0;56,0;56,0;96,0;96,0;96,0
1015504;BARREIRA CANCELA AGUSTA BRUSHLESS AGL DC COM LED - 4,0m;804256;ACABAMENTO PERFIL BARREIRA S/ FURO;2,0;0,0;0,0;0,0;8,0;28,0;28,0;48,0;48,0;48,0
1015504;BARREIRA CANCELA AGUSTA BRUSHLESS AGL DC COM LED - 4,0m;811306;ETIQUETA ADES. COUCHE 100MM X 80MM X 01 CAR;1,0;0,0;0,0;0,0;4,0;14,0;14,0;24,0;24,0;24,0
1015504;BARREIRA CANCELA AGUSTA BRUSHLESS AGL DC COM LED - 4,0m;102573;BOBINA TUBULAR PEBD LEITOSA IMPRESA P/ ACIONAMENTO DE MOTORES;0,3145142857142855;0,0;0,0;0,0;1,26;4,4;4,4;7,55;7,55;7,55
1015504;BARREIRA CANCELA AGUSTA BRUSHLESS AGL DC COM LED - 4,0m;813568;PERFIL AL 4,0M STL 1851 CANCELAS;1,0;0,0;0,0;0,0;4,0;14,0;14,0;24,0;24,0;24,0
1015504;BARREIRA CANCELA AGUSTA BRUSHLESS AGL DC COM LED - 4,0m;811320;RL PELICULA ADESIVA REFLETIVA GRAU COMERCIAL VERMELHO (62CMX20M);0,133328;0,0;0,0;0,0;0,53;1,87;1,87;3,2;3,2;3,2
1015001;CANCELA AGUSTA BRUSHLESS P/ BARREIRA AGL DC 1,2S - ATÉ 4,0M CINZA;801219;GABINETE DA CANCELA - CINZA;1,0;0,0;0,0;0,0;0,0;4,0;4,0;4,0;4,0;4,0
1015001;CANCELA AGUSTA BRUSHLESS P/ BARREIRA AGL DC 1,2S - ATÉ 4,0M CINZA;813274;TAMPÃO P/ EIXO MOTOR DZ E GABINETE CANCELA;2,0;0,0;0,0;0,0;0,0;8,0;8,0;8,0;8,0;8,0
1015001;CANCELA AGUSTA BRUSHLESS P/ BARREIRA AGL DC 1,2S - ATÉ 4,0M CINZA;804118;BORRACHA PASSANTE;2,0;0,0;0,0;0,0;0,0;8,0;8,0;8,0;8,0;8,0
1015001;CANCELA AGUSTA BRUSHLESS P/ BARREIRA AGL DC 1,2S - ATÉ 4,0M CINZA;103795;FIO PARALELO 1,5MM N14BC MEGA 100M;3,51;0,0;0,0;0,0;0,0;14,04;14,04;14,04;14,04;14,04
1015001;CANCELA AGUSTA BRUSHLESS P/ BARREIRA AGL DC 1,2S - ATÉ 4,0M CINZA;603517;ACESSORIOS PARA AUTOMATIZADOR BRUSHLESS DC MOTOR - RECEPTOR PARA CENTRAL BRUSHLESS;1,0;0,0;0,0;0,0;0,0;4,0;4,0;4,0;4,0;4,0
1015001;CANCELA AGUSTA BRUSHLESS P/ BARREIRA AGL DC 1,2S - ATÉ 4,0M CINZA;603518;ACESSORIOS PARA AUTOMATIZADOR BRUSHLESS DC MOTOR - MOLA DE CONTRA-PESO PARA CANCELA 1.2;1,0;0,0;0,0;0,0;0,0;4,0;4,0;4,0;4,0;4,0
1015001;CANCELA AGUSTA BRUSHLESS P/ BARREIRA AGL DC 1,2S - ATÉ 4,0M CINZA;603516;ACESSORIOS PARA AUTOMATIZADOR BRUSHLESS DC MOTOR - FONTE DE ALIMENTAÇAO 24V / 10A;1,0;0,0;0,0;0,0;0,0;4,0;4,0;4,0;4,0;4,0
1015001;CANCELA AGUSTA BRUSHLESS P/ BARREIRA AGL DC 1,2S - ATÉ 4,0M CINZA;603515;ACESSORIOS PARA AUTOMATIZADOR BRUSHLESS DC MOTOR - PAINEL CONTROLADOR;1,0;0,0;0,0;0,0;0,0;4,0;4,0;4,0;4,0;4,0
1015001;CANCELA AGUSTA BRUSHLESS P/ BARREIRA AGL DC 1,2S - ATÉ 4,0M CINZA;401109;PF A/A PAN PHS 3,9 X 13MM ZI;10,0;0,0;0,0;0,0;0,0;40,0;40,0;40,0;40,0;40,0
1015001;CANCELA AGUSTA BRUSHLESS P/ BARREIRA AGL DC 1,2S - ATÉ 4,0M CINZA;916126;AUTOMATIZADOR PARA CANCELA - BRUSHLESS DC MOTOR - MODELO: 18B-1.2S;1,0;0,0;0,0;0,0;0,0;4,0;4,0;4,0;4,0;4,0
1015001;CANCELA AGUSTA BRUSHLESS P/ BARREIRA AGL DC 1,2S - ATÉ 4,0M CINZA;401182;PARAFUSO AÇO MET CIL SX INT M10X40MM OX;6,0;0,0;0,0;0,0;0,0;24,0;24,0;24,0;24,0;24,0
1015001;CANCELA AGUSTA BRUSHLESS P/ BARREIRA AGL DC 1,2S - ATÉ 4,0M CINZA;813440;BRAÇO ESTICADOR DA MOLA DA CANCELA;1,0;0,0;0,0;0,0;0,0;4,0;4,0;4,0;4,0;4,0
1015001;CANCELA AGUSTA BRUSHLESS P/ BARREIRA AGL DC 1,2S - ATÉ 4,0M CINZA;813511;PINO DESTRAVAMENTO LINHA BV/ PORTA CADEADO HZ/ ESTICAD. CANCELA;1,0;0,0;0,0;0,0;0,0;4,0;4,0;4,0;4,0;4,0
1015001;CANCELA AGUSTA BRUSHLESS P/ BARREIRA AGL DC 1,2S - ATÉ 4,0M CINZA;402017;CP DE FERRO ZINCADO 3/16 X 1. 1/4;2,0;0,0;0,0;0,0;0,0;8,0;8,0;8,0;8,0;8,0
1015001;CANCELA AGUSTA BRUSHLESS P/ BARREIRA AGL DC 1,2S - ATÉ 4,0M CINZA;811505;SACO PLASTICO TRANSPARENTE 14CM X 9CM;1,0;0,0;0,0;0,0;0,0;4,0;4,0;4,0;4,0;4,0
1015001;CANCELA AGUSTA BRUSHLESS P/ BARREIRA AGL DC 1,2S - ATÉ 4,0M CINZA;102560;CONECTOR ELÉTRICO DE TORÇÃO MODELO P-1;1,0;0,0;0,0;0,0;0,0;4,0;4,0;4,0;4,0;4,0
1015001;CANCELA AGUSTA BRUSHLESS P/ BARREIRA AGL DC 1,2S - ATÉ 4,0M CINZA;402042;CHUMBADOR PBJ PARABOLT MQ UNC 3/8X3 ZI;4,0;0,0;0,0;0,0;0,0;16,0;16,0;16,0;16,0;16,0
1015001;CANCELA AGUSTA BRUSHLESS P/ BARREIRA AGL DC 1,2S - ATÉ 4,0M CINZA;401218;ABRAC UV PRETA 400X4,8 - 100 PCS;3,0;0,0;0,0;0,0;0,0;12,0;12,0;12,0;12,0;12,0
1015001;CANCELA AGUSTA BRUSHLESS P/ BARREIRA AGL DC 1,2S - ATÉ 4,0M CINZA;802036;PARTE DE FECHADURAS - CILINDRO COM CHAVE PARA MOTOR - CYLINDER;1,0;0,0;0,0;0,0;0,0;4,0;4,0;4,0;4,0;4,0
1015001;CANCELA AGUSTA BRUSHLESS P/ BARREIRA AGL DC 1,2S - ATÉ 4,0M CINZA;811306;ETIQUETA ADES. COUCHE 100MM X 80MM X 01 CAR;2,0;0,0;0,0;0,0;0,0;8,0;8,0;8,0;8,0;8,0
1015001;CANCELA AGUSTA BRUSHLESS P/ BARREIRA AGL DC 1,2S - ATÉ 4,0M CINZA;811742;CAIXA MASTER 11 - CAIXA PARA CANCELA COM LOGO AGL;1,0;0,0;0,0;0,0;0,0;4,0;4,0;4,0;4,0;4,0
1015001;CANCELA AGUSTA BRUSHLESS P/ BARREIRA AGL DC 1,2S - ATÉ 4,0M CINZA;804461;TAMPA CANCELA;1,0;0,0;0,0;0,0;0,0;4,0;4,0;4,0;4,0;4,0
1015001;CANCELA AGUSTA BRUSHLESS P/ BARREIRA AGL DC 1,2S - ATÉ 4,0M CINZA;811043;MANUAL CANCELA BILINGUE SEM LOGO;1,0;0,0;0,0;0,0;0,0;4,0;4,0;4,0;4,0;4,0
1015001;CANCELA AGUSTA BRUSHLESS P/ BARREIRA AGL DC 1,2S - ATÉ 4,0M CINZA;811276;ETIQUETA ADES. COUCHE 40MM X 25MM X 02 CAR;1,0;0,0;0,0;0,0;0,0;4,0;4,0;4,0;4,0;4,0
1015001;CANCELA AGUSTA BRUSHLESS P/ BARREIRA AGL DC 1,2S - ATÉ 4,0M CINZA;102815;FONTE DE ALIMENTAÇÃO 12V - 5A POWER SUPPLIER;1,0;0,0;0,0;0,0;0,0;4,0;4,0;4,0;4,0;4,0
1015001;CANCELA AGUSTA BRUSHLESS P/ BARREIRA AGL DC 1,2S - ATÉ 4,0M CINZA;801242;SUPORTE DAS FONTES CANCELA AGUSTA - CINZA;1,0;0,0;0,0;0,0;0,0;4,0;4,0;4,0;4,0;4,0
1015001;CANCELA AGUSTA BRUSHLESS P/ BARREIRA AGL DC 1,2S - ATÉ 4,0M CINZA;401077;PORCA F MET SEXTAVADA M10 (CH17) ZI;1,0;0,0;0,0;0,0;0,0;4,0;4,0;4,0;4,0;4,0
1015001;CANCELA AGUSTA BRUSHLESS P/ BARREIRA AGL DC 1,2S - ATÉ 4,0M CINZA;401190;PARAFUSO MET SX RI M10 X 100MM ZI;1,0;0,0;0,0;0,0;0,0;4,0;4,0;4,0;4,0;4,0
1015001;CANCELA AGUSTA BRUSHLESS P/ BARREIRA AGL DC 1,2S - ATÉ 4,0M CINZA;401172;P ACO MET S/CAB SX INT PTA CONCOVA M8X20MM OX;1,0;0,0;0,0;0,0;0,0;4,0;4,0;4,0;4,0;4,0
1015001;CANCELA AGUSTA BRUSHLESS P/ BARREIRA AGL DC 1,2S - ATÉ 4,0M CINZA;813512;MANCAL DE JUNÇÃO DO SUPORTE DA BARREIRA (MACHO);1,0;0,0;0,0;0,0;0,0;4,0;4,0;4,0;4,0;4,0
1015001;CANCELA AGUSTA BRUSHLESS P/ BARREIRA AGL DC 1,2S - ATÉ 4,0M CINZA;804458;TRAVA DE APOIO DA BARREIRA CANCELA AGUSTA;2,0;0,0;0,0;0,0;0,0;8,0;8,0;8,0;8,0;8,0
1015001;CANCELA AGUSTA BRUSHLESS P/ BARREIRA AGL DC 1,2S - ATÉ 4,0M CINZA;801243;PORTA DO GABINETE CANCELA - CINZA;1,0;0,0;0,0;0,0;0,0;4,0;4,0;4,0;4,0;4,0
1015001;CANCELA AGUSTA BRUSHLESS P/ BARREIRA AGL DC 1,2S - ATÉ 4,0M CINZA;201125;GRAMPO 35/18 UNIDADE;20,0;0,0;0,0;0,0;0,0;80,0;80,0;80,0;80,0;80,0
1015001;CANCELA AGUSTA BRUSHLESS P/ BARREIRA AGL DC 1,2S - ATÉ 4,0M CINZA;811541;SACO PLASTICO TRANSPARENTE 30CM X 15CM;1,0;0,0;0,0;0,0;0,0;4,0;4,0;4,0;4,0;4,0
1015001;CANCELA AGUSTA BRUSHLESS P/ BARREIRA AGL DC 1,2S - ATÉ 4,0M CINZA;401207;PF A/A JMC DRILL FL PHS C/ SERRILHA PTA BROCA 4,2X13MM ZI;2,0;0,0;0,0;0,0;0,0;8,0;8,0;8,0;8,0;8,0
1015001;CANCELA AGUSTA BRUSHLESS P/ BARREIRA AGL DC 1,2S - ATÉ 4,0M CINZA;401199;PORCA PARLOCK MA 6MM ZB;16,0;0,0;0,0;0,0;0,0;64,0;64,0;64,0;64,0;64,0
1015001;CANCELA AGUSTA BRUSHLESS P/ BARREIRA AGL DC 1,2S - ATÉ 4,0M CINZA;813513;MANCAL DE JUNÇÃO DO SUPORTE DA BARREIRA (FÊMEA);1,0;0,0;0,0;0,0;0,0;4,0;4,0;4,0;4,0;4,0
1015001;CANCELA AGUSTA BRUSHLESS P/ BARREIRA AGL DC 1,2S - ATÉ 4,0M CINZA;801265;CHAPA EM U DO SUPORTE DA BARREIRA (MODELO FIX. MACHO E FÊMEA) - CINZA;1,0;0,0;0,0;0,0;0,0;4,0;4,0;4,0;4,0;4,0
1015001;CANCELA AGUSTA BRUSHLESS P/ BARREIRA AGL DC 1,2S - ATÉ 4,0M CINZA;401051;PARAFUSO PA ALLEN M6 x 20;4,0;0,0;0,0;0,0;0,0;16,0;16,0;16,0;16,0;16,0
1015001;CANCELA AGUSTA BRUSHLESS P/ BARREIRA AGL DC 1,2S - ATÉ 4,0M CINZA;401254;PARAFUSO PA ALLEN  M6 x 12;8,0;0,0;0,0;0,0;0,0;32,0;32,0;32,0;32,0;32,0
1015001;CANCELA AGUSTA BRUSHLESS P/ BARREIRA AGL DC 1,2S - ATÉ 4,0M CINZA;401141;PARAFUSO AÇO MET CIL SX INT M6X30MM OX;4,0;0,0;0,0;0,0;0,0;16,0;16,0;16,0;16,0;16,0
1015001;CANCELA AGUSTA BRUSHLESS P/ BARREIRA AGL DC 1,2S - ATÉ 4,0M CINZA;801249;BASE SUPERIOR DE FIXAÇÃO DA CENTRAL NO GABINETE - CINZA;1,0;0,0;0,0;0,0;0,0;4,0;4,0;4,0;4,0;4,0
1015001;CANCELA AGUSTA BRUSHLESS P/ BARREIRA AGL DC 1,2S - ATÉ 4,0M CINZA;801272;SUPORTE DAS BATERIAS CANCELA AGUSTA - CINZA;1,0;0,0;0,0;0,0;0,0;4,0;4,0;4,0;4,0;4,0
1015001;CANCELA AGUSTA BRUSHLESS P/ BARREIRA AGL DC 1,2S - ATÉ 4,0M CINZA;401173;REBITE C/ROSCA SEXT. M5 CAB. PLANA ZB;10,0;0,0;0,0;0,0;0,0;40,0;40,0;40,0;40,0;40,0
1015001;CANCELA AGUSTA BRUSHLESS P/ BARREIRA AGL DC 1,2S - ATÉ 4,0M CINZA;401208;PA MQ PN HXL T25 TMA 5X12 RI ZB;10,0;0,0;0,0;0,0;0,0;40,0;40,0;40,0;40,0;40,0
1015001;CANCELA AGUSTA BRUSHLESS P/ BARREIRA AGL DC 1,2S - ATÉ 4,0M CINZA;105070;FITA GOMADA APK 80 C/REFORCO IMP;0,039;0,0;0,0;0,0;0,0;0,16;0,16;0,16;0,16;0,16
1015001;CANCELA AGUSTA BRUSHLESS P/ BARREIRA AGL DC 1,2S - ATÉ 4,0M CINZA;100802;TRANSMISSOR 433MHZ REMOTE - MODELO: AGL-E2  (DIGITAL KEY 6P20 BLACK);2,0;0,0;0,0;0,0;0,0;8,0;8,0;8,0;8,0;8,0
1015515;BARREIRA CANCELA AGUSTA BRUSHLESS AGL DC SEM LED - 5,0m;804256;ACABAMENTO PERFIL BARREIRA S/ FURO;2,0;0,0;0,0;0,0;0,0;4,0;4,0;4,0;4,0;4,0
1015515;BARREIRA CANCELA AGUSTA BRUSHLESS AGL DC SEM LED - 5,0m;804118;BORRACHA PASSANTE;1,0;0,0;0,0;0,0;0,0;2,0;2,0;2,0;2,0;2,0
1015515;BARREIRA CANCELA AGUSTA BRUSHLESS AGL DC SEM LED - 5,0m;401109;PF A/A PAN PHS 3,9 X 13MM ZI;4,0;0,0;0,0;0,0;0,0;8,0;8,0;8,0;8,0;8,0
1015515;BARREIRA CANCELA AGUSTA BRUSHLESS AGL DC SEM LED - 5,0m;811306;ETIQUETA ADES. COUCHE 100MM X 80MM X 01 CAR;1,0;0,0;0,0;0,0;0,0;2,0;2,0;2,0;2,0;2,0
1015515;BARREIRA CANCELA AGUSTA BRUSHLESS AGL DC SEM LED - 5,0m;102573;BOBINA TUBULAR PEBD LEITOSA IMPRESA P/ ACIONAMENTO DE MOTORES;0,38765714285714264;0,0;0,0;0,0;0,0;0,78;0,78;0,78;0,78;0,78
1015515;BARREIRA CANCELA AGUSTA BRUSHLESS AGL DC SEM LED - 5,0m;811320;RL PELICULA ADESIVA REFLETIVA GRAU COMERCIAL VERMELHO (62CMX20M);0,16666;0,0;0,0;0,0;0,0;0,33;0,33;0,33;0,33;0,33
1015515;BARREIRA CANCELA AGUSTA BRUSHLESS AGL DC SEM LED - 5,0m;813570;PERFIL AL 5,0M STL 1851 CANCELAS;1,0;0,0;0,0;0,0;0,0;2,0;2,0;2,0;2,0;2,0
1015502;BARREIRA CANCELA AGUSTA BRUSHLESS AGL DC COM LED - 3,0m;916325;CANALETA FLEXÍVEL PARA LED DA BARREIRA;3,0;0,0;0,0;0,0;0,0;6,0;6,0;6,0;6,0;6,0
1015502;BARREIRA CANCELA AGUSTA BRUSHLESS AGL DC COM LED - 3,0m;916117;FITA LED 5050 RGB 60 LED S/M IP65 12 V 5M;1,2;0,0;0,0;0,0;0,0;2,4;2,4;2,4;2,4;2,4
1015502;BARREIRA CANCELA AGUSTA BRUSHLESS AGL DC COM LED - 3,0m;804118;BORRACHA PASSANTE;1,0;0,0;0,0;0,0;0,0;2,0;2,0;2,0;2,0;2,0
1015502;BARREIRA CANCELA AGUSTA BRUSHLESS AGL DC COM LED - 3,0m;103132;CABO CONECTOR TERMINAL WHITE WIRE BLK-PH-3P L1000 BOX (BLK-PH-3P L1000);1,0;0,0;0,0;0,0;0,0;2,0;2,0;2,0;2,0;2,0
1015502;BARREIRA CANCELA AGUSTA BRUSHLESS AGL DC COM LED - 3,0m;401109;PF A/A PAN PHS 3,9 X 13MM ZI;4,0;0,0;0,0;0,0;0,0;8,0;8,0;8,0;8,0;8,0
1015502;BARREIRA CANCELA AGUSTA BRUSHLESS AGL DC COM LED - 3,0m;804256;ACABAMENTO PERFIL BARREIRA S/ FURO;2,0;0,0;0,0;0,0;0,0;4,0;4,0;4,0;4,0;4,0
1015502;BARREIRA CANCELA AGUSTA BRUSHLESS AGL DC COM LED - 3,0m;811306;ETIQUETA ADES. COUCHE 100MM X 80MM X 01 CAR;1,0;0,0;0,0;0,0;0,0;2,0;2,0;2,0;2,0;2,0
1015502;BARREIRA CANCELA AGUSTA BRUSHLESS AGL DC COM LED - 3,0m;102573;BOBINA TUBULAR PEBD LEITOSA IMPRESA P/ ACIONAMENTO DE MOTORES;0,24137142857142843;0,0;0,0;0,0;0,0;0,48;0,48;0,48;0,48;0,48
1015502;BARREIRA CANCELA AGUSTA BRUSHLESS AGL DC COM LED - 3,0m;813614;PERFIL AL 3,0M STL 1851 CANCELAS;1,0;0,0;0,0;0,0;0,0;2,0;2,0;2,0;2,0;2,0
1015502;BARREIRA CANCELA AGUSTA BRUSHLESS AGL DC COM LED - 3,0m;811320;RL PELICULA ADESIVA REFLETIVA GRAU COMERCIAL VERMELHO (62CMX20M);0,099996;0,0;0,0;0,0;0,0;0,2;0,2;0,2;0,2;0,2
1015503;BARREIRA CANCELA AGUSTA BRUSHLESS AGL DC COM LED - 3,5m;916325;CANALETA FLEXÍVEL PARA LED DA BARREIRA;3,5;0,0;0,0;0,0;0,0;3,5;3,5;3,5;3,5;3,5
1015503;BARREIRA CANCELA AGUSTA BRUSHLESS AGL DC COM LED - 3,5m;916117;FITA LED 5050 RGB 60 LED S/M IP65 12 V 5M;1,4;0,0;0,0;0,0;0,0;1,4;1,4;1,4;1,4;1,4
1015503;BARREIRA CANCELA AGUSTA BRUSHLESS AGL DC COM LED - 3,5m;804118;BORRACHA PASSANTE;1,0;0,0;0,0;0,0;0,0;1,0;1,0;1,0;1,0;1,0
1015503;BARREIRA CANCELA AGUSTA BRUSHLESS AGL DC COM LED - 3,5m;103132;CABO CONECTOR TERMINAL WHITE WIRE BLK-PH-3P L1000 BOX (BLK-PH-3P L1000);1,0;0,0;0,0;0,0;0,0;1,0;1,0;1,0;1,0;1,0
1015503;BARREIRA CANCELA AGUSTA BRUSHLESS AGL DC COM LED - 3,5m;401109;PF A/A PAN PHS 3,9 X 13MM ZI;4,0;0,0;0,0;0,0;0,0;4,0;4,0;4,0;4,0;4,0
1015503;BARREIRA CANCELA AGUSTA BRUSHLESS AGL DC COM LED - 3,5m;804256;ACABAMENTO PERFIL BARREIRA S/ FURO;2,0;0,0;0,0;0,0;0,0;2,0;2,0;2,0;2,0;2,0
1015503;BARREIRA CANCELA AGUSTA BRUSHLESS AGL DC COM LED - 3,5m;811306;ETIQUETA ADES. COUCHE 100MM X 80MM X 01 CAR;1,0;0,0;0,0;0,0;0,0;1,0;1,0;1,0;1,0;1,0
1015503;BARREIRA CANCELA AGUSTA BRUSHLESS AGL DC COM LED - 3,5m;102573;BOBINA TUBULAR PEBD LEITOSA IMPRESA P/ ACIONAMENTO DE MOTORES;0,277942857142857;0,0;0,0;0,0;0,0;0,28;0,28;0,28;0,28;0,28
1015503;BARREIRA CANCELA AGUSTA BRUSHLESS AGL DC COM LED - 3,5m;813616;PERFIL AL 3,5M STL 1851 CANCELAS;1,0;0,0;0,0;0,0;0,0;1,0;1,0;1,0;1,0;1,0
1015503;BARREIRA CANCELA AGUSTA BRUSHLESS AGL DC COM LED - 3,5m;811320;RL PELICULA ADESIVA REFLETIVA GRAU COMERCIAL VERMELHO (62CMX20M);0,116662;0,0;0,0;0,0;0,0;0,12;0,12;0,12;0,12;0,12
1015547;BARREIRA CANCELA AGUSTA BRUSHLESS SEM LOGO DC COM LED - 4,0m;916325;CANALETA FLEXÍVEL PARA LED DA BARREIRA;4,0;0,0;0,0;0,0;0,0;0,0;0,0;16,0;40,0;40,0
1015547;BARREIRA CANCELA AGUSTA BRUSHLESS SEM LOGO DC COM LED - 4,0m;916117;FITA LED 5050 RGB 60 LED S/M IP65 12 V 5M;1,6;0,0;0,0;0,0;0,0;0,0;0,0;6,4;16,0;16,0
1015547;BARREIRA CANCELA AGUSTA BRUSHLESS SEM LOGO DC COM LED - 4,0m;804118;BORRACHA PASSANTE;1,0;0,0;0,0;0,0;0,0;0,0;0,0;4,0;10,0;10,0
1015547;BARREIRA CANCELA AGUSTA BRUSHLESS SEM LOGO DC COM LED - 4,0m;103132;CABO CONECTOR TERMINAL WHITE WIRE BLK-PH-3P L1000 BOX (BLK-PH-3P L1000);1,0;0,0;0,0;0,0;0,0;0,0;0,0;4,0;10,0;10,0
1015547;BARREIRA CANCELA AGUSTA BRUSHLESS SEM LOGO DC COM LED - 4,0m;401109;PF A/A PAN PHS 3,9 X 13MM ZI;4,0;0,0;0,0;0,0;0,0;0,0;0,0;16,0;40,0;40,0
1015547;BARREIRA CANCELA AGUSTA BRUSHLESS SEM LOGO DC COM LED - 4,0m;804256;ACABAMENTO PERFIL BARREIRA S/ FURO;2,0;0,0;0,0;0,0;0,0;0,0;0,0;8,0;20,0;20,0
1015547;BARREIRA CANCELA AGUSTA BRUSHLESS SEM LOGO DC COM LED - 4,0m;811306;ETIQUETA ADES. COUCHE 100MM X 80MM X 01 CAR;1,0;0,0;0,0;0,0;0,0;0,0;0,0;4,0;10,0;10,0
1015547;BARREIRA CANCELA AGUSTA BRUSHLESS SEM LOGO DC COM LED - 4,0m;102574;BOBINA TUBULAR PEBD LEITOSA LISA P/ ACIONAMENTO DE MOTORES;0,3145142857142855;0,0;0,0;0,0;0,0;0,0;0,0;1,26;3,15;3,15
1015547;BARREIRA CANCELA AGUSTA BRUSHLESS SEM LOGO DC COM LED - 4,0m;813568;PERFIL AL 4,0M STL 1851 CANCELAS;1,0;0,0;0,0;0,0;0,0;0,0;0,0;4,0;10,0;10,0
1015547;BARREIRA CANCELA AGUSTA BRUSHLESS SEM LOGO DC COM LED - 4,0m;811320;RL PELICULA ADESIVA REFLETIVA GRAU COMERCIAL VERMELHO (62CMX20M);0,133328;0,0;0,0;0,0;0,0;0,0;0,0;0,53;1,33;1,33
1015026;CANCELA i10 BRUSHLESS P/ BARREIRA INOVE CERTO DC 2,5S - 4,5M a 6M CINZA;801219;GABINETE DA CANCELA - CINZA;1,0;0,0;0,0;0,0;0,0;0,0;0,0;1,0;1,0;1,0
1015026;CANCELA i10 BRUSHLESS P/ BARREIRA INOVE CERTO DC 2,5S - 4,5M a 6M CINZA;813274;TAMPÃO P/ EIXO MOTOR DZ E GABINETE CANCELA;2,0;0,0;0,0;0,0;0,0;0,0;0,0;2,0;2,0;2,0
1015026;CANCELA i10 BRUSHLESS P/ BARREIRA INOVE CERTO DC 2,5S - 4,5M a 6M CINZA;804118;BORRACHA PASSANTE;2,0;0,0;0,0;0,0;0,0;0,0;0,0;2,0;2,0;2,0
1015026;CANCELA i10 BRUSHLESS P/ BARREIRA INOVE CERTO DC 2,5S - 4,5M a 6M CINZA;103795;FIO PARALELO 1,5MM N14BC MEGA 100M;3,51;0,0;0,0;0,0;0,0;0,0;0,0;3,51;3,51;3,51
1015026;CANCELA i10 BRUSHLESS P/ BARREIRA INOVE CERTO DC 2,5S - 4,5M a 6M CINZA;603517;ACESSORIOS PARA AUTOMATIZADOR BRUSHLESS DC MOTOR - RECEPTOR PARA CENTRAL BRUSHLESS;1,0;0,0;0,0;0,0;0,0;0,0;0,0;1,0;1,0;1,0
1015026;CANCELA i10 BRUSHLESS P/ BARREIRA INOVE CERTO DC 2,5S - 4,5M a 6M CINZA;603519;ACESSORIOS PARA AUTOMATIZADOR BRUSHLESS DC MOTOR - MOLA DE CONTRA-PESO PARA CANCELA 2.5;1,0;0,0;0,0;0,0;0,0;0,0;0,0;1,0;1,0;1,0
1015026;CANCELA i10 BRUSHLESS P/ BARREIRA INOVE CERTO DC 2,5S - 4,5M a 6M CINZA;603516;ACESSORIOS PARA AUTOMATIZADOR BRUSHLESS DC MOTOR - FONTE DE ALIMENTAÇAO 24V / 10A;1,0;0,0;0,0;0,0;0,0;0,0;0,0;1,0;1,0;1,0
1015026;CANCELA i10 BRUSHLESS P/ BARREIRA INOVE CERTO DC 2,5S - 4,5M a 6M CINZA;603515;ACESSORIOS PARA AUTOMATIZADOR BRUSHLESS DC MOTOR - PAINEL CONTROLADOR;1,0;0,0;0,0;0,0;0,0;0,0;0,0;1,0;1,0;1,0
1015026;CANCELA i10 BRUSHLESS P/ BARREIRA INOVE CERTO DC 2,5S - 4,5M a 6M CINZA;401109;PF A/A PAN PHS 3,9 X 13MM ZI;10,0;0,0;0,0;0,0;0,0;0,0;0,0;10,0;10,0;10,0
1015026;CANCELA i10 BRUSHLESS P/ BARREIRA INOVE CERTO DC 2,5S - 4,5M a 6M CINZA;916127;AUTOMATIZADOR PARA CANCELA - BRUSHLESS DC MOTOR - MODELO: 18B-2.5S;1,0;0,0;0,0;0,0;0,0;0,0;0,0;1,0;1,0;1,0
1015026;CANCELA i10 BRUSHLESS P/ BARREIRA INOVE CERTO DC 2,5S - 4,5M a 6M CINZA;401182;PARAFUSO AÇO MET CIL SX INT M10X40MM OX;6,0;0,0;0,0;0,0;0,0;0,0;0,0;6,0;6,0;6,0
1015026;CANCELA i10 BRUSHLESS P/ BARREIRA INOVE CERTO DC 2,5S - 4,5M a 6M CINZA;813440;BRAÇO ESTICADOR DA MOLA DA CANCELA;1,0;0,0;0,0;0,0;0,0;0,0;0,0;1,0;1,0;1,0
1015026;CANCELA i10 BRUSHLESS P/ BARREIRA INOVE CERTO DC 2,5S - 4,5M a 6M CINZA;813511;PINO DESTRAVAMENTO LINHA BV/ PORTA CADEADO HZ/ ESTICAD. CANCELA;1,0;0,0;0,0;0,0;0,0;0,0;0,0;1,0;1,0;1,0
1015026;CANCELA i10 BRUSHLESS P/ BARREIRA INOVE CERTO DC 2,5S - 4,5M a 6M CINZA;402017;CP DE FERRO ZINCADO 3/16 X 1. 1/4;2,0;0,0;0,0;0,0;0,0;0,0;0,0;2,0;2,0;2,0
1015026;CANCELA i10 BRUSHLESS P/ BARREIRA INOVE CERTO DC 2,5S - 4,5M a 6M CINZA;811505;SACO PLASTICO TRANSPARENTE 14CM X 9CM;1,0;0,0;0,0;0,0;0,0;0,0;0,0;1,0;1,0;1,0
1015026;CANCELA i10 BRUSHLESS P/ BARREIRA INOVE CERTO DC 2,5S - 4,5M a 6M CINZA;102560;CONECTOR ELÉTRICO DE TORÇÃO MODELO P-1;1,0;0,0;0,0;0,0;0,0;0,0;0,0;1,0;1,0;1,0
1015026;CANCELA i10 BRUSHLESS P/ BARREIRA INOVE CERTO DC 2,5S - 4,5M a 6M CINZA;402042;CHUMBADOR PBJ PARABOLT MQ UNC 3/8X3 ZI;4,0;0,0;0,0;0,0;0,0;0,0;0,0;4,0;4,0;4,0
1015026;CANCELA i10 BRUSHLESS P/ BARREIRA INOVE CERTO DC 2,5S - 4,5M a 6M CINZA;401218;ABRAC UV PRETA 400X4,8 - 100 PCS;3,0;0,0;0,0;0,0;0,0;0,0;0,0;3,0;3,0;3,0
1015026;CANCELA i10 BRUSHLESS P/ BARREIRA INOVE CERTO DC 2,5S - 4,5M a 6M CINZA;802036;PARTE DE FECHADURAS - CILINDRO COM CHAVE PARA MOTOR - CYLINDER;1,0;0,0;0,0;0,0;0,0;0,0;0,0;1,0;1,0;1,0
1015026;CANCELA i10 BRUSHLESS P/ BARREIRA INOVE CERTO DC 2,5S - 4,5M a 6M CINZA;811306;ETIQUETA ADES. COUCHE 100MM X 80MM X 01 CAR;2,0;0,0;0,0;0,0;0,0;0,0;0,0;2,0;2,0;2,0
1015026;CANCELA i10 BRUSHLESS P/ BARREIRA INOVE CERTO DC 2,5S - 4,5M a 6M CINZA;811753;CAIXA MASTER 11 - CAIXA PARA CANCELA SEM LOGO;1,0;0,0;0,0;0,0;0,0;0,0;0,0;1,0;1,0;1,0
1015026;CANCELA i10 BRUSHLESS P/ BARREIRA INOVE CERTO DC 2,5S - 4,5M a 6M CINZA;804461;TAMPA CANCELA;1,0;0,0;0,0;0,0;0,0;0,0;0,0;1,0;1,0;1,0
1015026;CANCELA i10 BRUSHLESS P/ BARREIRA INOVE CERTO DC 2,5S - 4,5M a 6M CINZA;811043;MANUAL CANCELA BILINGUE SEM LOGO;1,0;0,0;0,0;0,0;0,0;0,0;0,0;1,0;1,0;1,0
1015026;CANCELA i10 BRUSHLESS P/ BARREIRA INOVE CERTO DC 2,5S - 4,5M a 6M CINZA;811276;ETIQUETA ADES. COUCHE 40MM X 25MM X 02 CAR;1,0;0,0;0,0;0,0;0,0;0,0;0,0;1,0;1,0;1,0
1015026;CANCELA i10 BRUSHLESS P/ BARREIRA INOVE CERTO DC 2,5S - 4,5M a 6M CINZA;102815;FONTE DE ALIMENTAÇÃO 12V - 5A POWER SUPPLIER;1,0;0,0;0,0;0,0;0,0;0,0;0,0;1,0;1,0;1,0
1015026;CANCELA i10 BRUSHLESS P/ BARREIRA INOVE CERTO DC 2,5S - 4,5M a 6M CINZA;801242;SUPORTE DAS FONTES CANCELA AGUSTA - CINZA;1,0;0,0;0,0;0,0;0,0;0,0;0,0;1,0;1,0;1,0
1015026;CANCELA i10 BRUSHLESS P/ BARREIRA INOVE CERTO DC 2,5S - 4,5M a 6M CINZA;401077;PORCA F MET SEXTAVADA M10 (CH17) ZI;1,0;0,0;0,0;0,0;0,0;0,0;0,0;1,0;1,0;1,0
1015026;CANCELA i10 BRUSHLESS P/ BARREIRA INOVE CERTO DC 2,5S - 4,5M a 6M CINZA;401190;PARAFUSO MET SX RI M10 X 100MM ZI;1,0;0,0;0,0;0,0;0,0;0,0;0,0;1,0;1,0;1,0
1015026;CANCELA i10 BRUSHLESS P/ BARREIRA INOVE CERTO DC 2,5S - 4,5M a 6M CINZA;401172;P ACO MET S/CAB SX INT PTA CONCOVA M8X20MM OX;1,0;0,0;0,0;0,0;0,0;0,0;0,0;1,0;1,0;1,0
1015026;CANCELA i10 BRUSHLESS P/ BARREIRA INOVE CERTO DC 2,5S - 4,5M a 6M CINZA;813512;MANCAL DE JUNÇÃO DO SUPORTE DA BARREIRA (MACHO);1,0;0,0;0,0;0,0;0,0;0,0;0,0;1,0;1,0;1,0
1015026;CANCELA i10 BRUSHLESS P/ BARREIRA INOVE CERTO DC 2,5S - 4,5M a 6M CINZA;804458;TRAVA DE APOIO DA BARREIRA CANCELA AGUSTA;2,0;0,0;0,0;0,0;0,0;0,0;0,0;2,0;2,0;2,0
1015026;CANCELA i10 BRUSHLESS P/ BARREIRA INOVE CERTO DC 2,5S - 4,5M a 6M CINZA;801243;PORTA DO GABINETE CANCELA - CINZA;1,0;0,0;0,0;0,0;0,0;0,0;0,0;1,0;1,0;1,0
1015026;CANCELA i10 BRUSHLESS P/ BARREIRA INOVE CERTO DC 2,5S - 4,5M a 6M CINZA;201125;GRAMPO 35/18 UNIDADE;20,0;0,0;0,0;0,0;0,0;0,0;0,0;20,0;20,0;20,0
1015026;CANCELA i10 BRUSHLESS P/ BARREIRA INOVE CERTO DC 2,5S - 4,5M a 6M CINZA;811541;SACO PLASTICO TRANSPARENTE 30CM X 15CM;1,0;0,0;0,0;0,0;0,0;0,0;0,0;1,0;1,0;1,0
1015026;CANCELA i10 BRUSHLESS P/ BARREIRA INOVE CERTO DC 2,5S - 4,5M a 6M CINZA;401207;PF A/A JMC DRILL FL PHS C/ SERRILHA PTA BROCA 4,2X13MM ZI;2,0;0,0;0,0;0,0;0,0;0,0;0,0;2,0;2,0;2,0
1015026;CANCELA i10 BRUSHLESS P/ BARREIRA INOVE CERTO DC 2,5S - 4,5M a 6M CINZA;401199;PORCA PARLOCK MA 6MM ZB;16,0;0,0;0,0;0,0;0,0;0,0;0,0;16,0;16,0;16,0
1015026;CANCELA i10 BRUSHLESS P/ BARREIRA INOVE CERTO DC 2,5S - 4,5M a 6M CINZA;813513;MANCAL DE JUNÇÃO DO SUPORTE DA BARREIRA (FÊMEA);1,0;0,0;0,0;0,0;0,0;0,0;0,0;1,0;1,0;1,0
1015026;CANCELA i10 BRUSHLESS P/ BARREIRA INOVE CERTO DC 2,5S - 4,5M a 6M CINZA;801265;CHAPA EM U DO SUPORTE DA BARREIRA (MODELO FIX. MACHO E FÊMEA) - CINZA;1,0;0,0;0,0;0,0;0,0;0,0;0,0;1,0;1,0;1,0
1015026;CANCELA i10 BRUSHLESS P/ BARREIRA INOVE CERTO DC 2,5S - 4,5M a 6M CINZA;401051;PARAFUSO PA ALLEN M6 x 20;4,0;0,0;0,0;0,0;0,0;0,0;0,0;4,0;4,0;4,0
1015026;CANCELA i10 BRUSHLESS P/ BARREIRA INOVE CERTO DC 2,5S - 4,5M a 6M CINZA;401254;PARAFUSO PA ALLEN  M6 x 12;8,0;0,0;0,0;0,0;0,0;0,0;0,0;8,0;8,0;8,0
1015026;CANCELA i10 BRUSHLESS P/ BARREIRA INOVE CERTO DC 2,5S - 4,5M a 6M CINZA;401141;PARAFUSO AÇO MET CIL SX INT M6X30MM OX;4,0;0,0;0,0;0,0;0,0;0,0;0,0;4,0;4,0;4,0
1015026;CANCELA i10 BRUSHLESS P/ BARREIRA INOVE CERTO DC 2,5S - 4,5M a 6M CINZA;801249;BASE SUPERIOR DE FIXAÇÃO DA CENTRAL NO GABINETE - CINZA;1,0;0,0;0,0;0,0;0,0;0,0;0,0;1,0;1,0;1,0
1015026;CANCELA i10 BRUSHLESS P/ BARREIRA INOVE CERTO DC 2,5S - 4,5M a 6M CINZA;801272;SUPORTE DAS BATERIAS CANCELA AGUSTA - CINZA;1,0;0,0;0,0;0,0;0,0;0,0;0,0;1,0;1,0;1,0
1015026;CANCELA i10 BRUSHLESS P/ BARREIRA INOVE CERTO DC 2,5S - 4,5M a 6M CINZA;401173;REBITE C/ROSCA SEXT. M5 CAB. PLANA ZB;10,0;0,0;0,0;0,0;0,0;0,0;0,0;10,0;10,0;10,0
1015026;CANCELA i10 BRUSHLESS P/ BARREIRA INOVE CERTO DC 2,5S - 4,5M a 6M CINZA;401208;PA MQ PN HXL T25 TMA 5X12 RI ZB;10,0;0,0;0,0;0,0;0,0;0,0;0,0;10,0;10,0;10,0
1015026;CANCELA i10 BRUSHLESS P/ BARREIRA INOVE CERTO DC 2,5S - 4,5M a 6M CINZA;105071;FITA GOMADA 80 MM COM REFORÇO;0,039;0,0;0,0;0,0;0,0;0,0;0,0;0,04;0,04;0,04
1015026;CANCELA i10 BRUSHLESS P/ BARREIRA INOVE CERTO DC 2,5S - 4,5M a 6M CINZA;100802;TRANSMISSOR 433MHZ REMOTE - MODELO: AGL-E2  (DIGITAL KEY 6P20 BLACK);2,0;0,0;0,0;0,0;0,0;0,0;0,0;2,0;2,0;2,0
